Player,Team,Team within selected timeframe,Position,Age,Market value,Contract expires,Matches played,Minutes played,Goals,Expected goals,Assists,Expected assists,Duels/90,"Duels won, %",Birth country,Passport country,Foot,Height,Weight,On loan,Successful defensive actions/90,Defensive duels/90,"Defensive duels won, %",Aerial duels/90,"Aerial duels won, %",Sliding tackles/90,PAdj Sliding tackles,Shots blocked/90,Interceptions/90,PAdj Interceptions,Fouls/90,Yellow cards,Yellow cards/90,Red cards,Red cards/90,Successful attacking actions/90,Goals/90,Non-penalty goals,Non-penalty goals/90,Expected goals/90,Head goals,Head goals/90,Shots,Shots/90,"Shots on target, %","Goal conversion, %",Assists/90,Crosses/90,"Accurate crosses, %",Crosses from left flank/90,"Accurate crosses from left flank, %",Crosses from right flank/90,"Accurate crosses from right flank, %",Crosses to goalie box/90,Dribbles/90,"Successful dribbles, %",Offensive duels/90,"Offensive duels won, %",Touches in box/90,Progressive runs/90,Accelerations/90,Received passes/90,Received long passes/90,Fouls suffered/90,Passes/90,"Accurate passes, %",Forward passes/90,"Accurate forward passes, %",Back passes/90,"Accurate back passes, %",Lateral passes/90,"Accurate lateral passes, %",Short / medium passes/90,"Accurate short / medium passes, %",Long passes/90,"Accurate long passes, %","Average pass length, m","Average long pass length, m",Expected assists/90,Shot assists/90,Second assists/90,Third assists/90,Smart passes/90,"Accurate smart passes, %",Key passes/90,Passes to final third/90,"Accurate passes to final third, %",Passes to penalty area/90,"Accurate passes to penalty area, %",Through passes/90,"Accurate through passes, %",Deep completions/90,Deep completed crosses/90,Progressive passes/90,"Accurate progressive passes, %",Conceded goals,Conceded goals/90,Shots against,Shots against/90,Clean sheets,"Save rate, %",Expected goals conceded,Expected goals conceded/90,Prevented goals,Prevented goals/90,Back passes received by GK/90,Exits/90,Aerial duels/90 (GK),Free kicks/90,Direct free kicks/90,"Direct free kicks on target, %",Corners/90,Penalties taken,"Penalty conversion, %"
Caleb Davenport,Team 22,Team 22,"AMF, RW, RWF",32,1200000,2026-11-30,10,414,0,0.19,2,0.58,17.17,43.04,Ghana,Ghana,right,168,66,yes,2.39,2.83,46.15,2.39,27.27,0.22,0.33,0.0,0.87,1.33,0.87,0,0.0,0,0.0,1.96,0.0,0,0.0,0.04,0,0.0,4,0.87,25.0,0.0,0.43,1.52,42.86,0.65,66.67,0.87,25.0,0.22,1.96,55.56,11.3,46.15,2.39,1.96,0.22,18.91,0.87,3.26,26.3,82.64,6.3,75.86,6.3,89.66,8.48,87.18,24.13,85.59,0.65,66.67,15.05,12.71,0.13,1.09,0.22,0.0,0.0,0.0,0.43,2.39,90.91,2.39,54.55,0.0,0.0,0.87,0.65,3.48,93.75,0,,0,,0,0.0,0.0,0.0,,,0.0,,,0.0,0.0,0.0,0.0,0,0.0
Fabian Northfield,Team 22,Team 22,"RCMF, LCMF",29,800000,2028-06-30,2,45,0,0.01,0,0.0,22.0,27.27,Belgium,"Belgium, France",right,171,74,yes,10.0,10.0,20.0,4.0,50.0,0.0,0.0,0.0,8.0,13.33,4.0,0,0.0,0,0.0,2.0,0.0,0,0.0,0.03,0,0.0,1,2.0,0.0,0.0,0.0,6.0,33.33,2.0,100.0,4.0,0.0,0.0,0.0,0.0,8.0,25.0,2.0,2.0,0.0,12.0,0.0,2.0,26.0,53.85,12.0,33.33,2.0,100.0,8.0,50.0,14.0,85.71,6.0,0.0,21.0,34.61,0.0,0.0,0.0,0.0,0.0,0.0,0.0,8.0,25.0,8.0,25.0,0.0,0.0,0.0,4.0,6.0,33.33,0,,0,,0,0.0,0.0,0.0,,,0.0,,,0.0,0.0,0.0,0.0,0,0.0
Xavier Vanderveer,Team 22,Team 22,CF,23,800000,2028-08-30,7,176,1,0.79,0,0.32,28.13,25.45,Germany,"Germany, France",right,184,78,yes,2.56,4.09,50.0,10.74,19.05,0.0,0.0,0.0,0.51,0.83,3.07,0,0.0,0,0.0,1.02,0.51,1,0.51,0.4,1,0.51,6,3.07,16.67,16.667,0.0,0.0,0.0,0.0,0.0,0.0,0.0,0.0,0.51,100.0,8.18,25.0,4.6,1.02,0.0,11.25,1.53,1.53,18.41,83.33,4.09,75.0,3.07,100.0,5.63,81.82,17.39,82.35,1.02,100.0,18.12,11.11,0.16,2.05,0.0,0.0,0.0,0.0,1.02,1.53,66.67,0.51,100.0,0.0,0.0,1.53,0.0,2.05,100.0,0,,0,,0,0.0,0.0,0.0,,,0.0,,,0.0,0.0,0.0,0.0,0,0.0
Tobias Vance,Team 22,Team 22,"AMF, RWF, RW",33,800000,2026-12-31,17,1009,3,2.29,2,4.0,17.75,43.22,Serbia,Serbia,right,166,70,yes,3.66,3.92,59.09,2.23,44.0,0.27,0.46,0.0,1.07,1.83,1.07,2,0.18,0,0.0,2.59,0.27,2,0.18,0.2,0,0.0,29,2.59,37.93,10.345,0.18,1.52,47.06,0.09,0.0,1.43,50.0,0.09,2.59,34.48,10.7,38.33,1.25,0.62,0.09,18.64,0.98,2.94,22.83,80.47,7.67,69.77,5.26,96.61,5.53,82.26,19.18,85.12,2.32,65.38,17.62,33.4,0.36,2.68,0.0,0.18,0.09,0.0,0.62,3.39,71.05,1.96,63.64,0.27,66.67,0.8,0.62,4.64,84.62,0,,0,,0,0.0,0.0,0.0,,,0.0,,,3.48,1.25,50.0,4.91,1,100.0
Soren Ravensdale,Team 22,Team 22,"RCB, CB, LCB",33,750000,2026-11-30,13,1241,1,1.71,1,0.23,11.24,52.9,Scotland,Scotland,right,191,88,yes,8.05,3.92,55.56,4.86,58.21,0.07,0.12,0.87,5.8,9.49,0.94,3,0.22,0,0.0,0.29,0.07,1,0.07,0.12,0,0.0,13,0.94,30.77,7.692,0.07,0.07,0.0,0.0,0.0,0.07,0.0,0.0,0.29,0.0,1.16,25.0,1.38,0.29,0.0,27.85,0.94,0.36,44.17,83.91,20.6,78.17,3.12,93.02,17.48,91.7,37.2,88.69,6.89,58.95,23.42,40.73,0.02,0.07,0.0,0.0,0.0,0.0,0.07,6.82,67.02,1.02,42.86,0.44,0.0,0.36,0.0,10.44,75.0,0,,0,,0,0.0,0.0,0.0,,,2.32,,,0.0,0.0,0.0,0.0,0,0.0
Bastien Chamberlain,Team 22,Team 22,"RCB, CB, LCB",35,600000,2027-12-31,11,834,2,0.94,0,0.0,16.29,65.56,Turkey,"Turkey, Germany",right,185,81,yes,9.28,7.99,55.41,6.04,80.36,0.54,0.78,0.97,4.32,6.22,1.94,3,0.32,0,0.0,0.43,0.22,2,0.22,0.1,1,0.11,4,0.43,75.0,50.0,0.0,0.22,50.0,0.0,0.0,0.22,50.0,0.0,0.0,0.0,0.65,66.67,0.54,0.43,0.11,22.77,0.32,0.43,33.45,83.55,15.22,72.34,1.94,94.44,13.06,96.69,26.55,90.24,6.69,58.06,22.95,37.98,0.0,0.0,0.0,0.0,0.0,0.0,0.0,5.29,65.31,0.54,40.0,0.22,0.0,0.0,0.11,8.2,76.32,0,,0,,0,0.0,0.0,0.0,,,1.19,,,0.0,0.0,0.0,0.0,0,0.0
Finnegan Ellington,Team 22,Team 22,"RWB, RB",30,450000,2027-12-31,11,634,0,0.32,0,0.77,14.62,45.63,Croatia,"Croatia, Spain",right,178,76,yes,7.1,5.25,54.05,1.42,50.0,0.14,0.21,0.28,4.12,6.0,1.56,0,0.0,0,0.0,3.26,0.0,0,0.0,0.05,0,0.0,9,1.28,11.11,0.0,0.0,3.26,56.52,0.0,0.0,3.26,56.52,0.14,2.41,52.94,6.25,40.91,1.85,1.7,0.0,27.68,1.7,0.57,37.05,81.99,11.92,66.67,7.81,98.18,9.94,90.0,29.95,89.1,4.12,48.28,19.06,33.36,0.11,0.85,0.0,0.0,0.0,0.0,0.57,4.26,63.33,2.84,60.0,0.43,66.67,0.28,1.56,6.53,82.61,0,,0,,0,0.0,0.0,0.0,,,0.85,,,0.0,0.0,0.0,0.28,0,0.0
Dylan Stratford,Team 22,Team 22,"LWB, LB",31,450000,2026-12-31,18,1816,2,1.83,1,1.4,11.55,52.36,Netherlands,Netherlands,left,177,72,yes,6.74,5.1,63.11,2.53,41.18,0.1,0.15,0.05,3.42,5.34,0.79,2,0.1,0,0.0,1.98,0.1,2,0.1,0.09,0,0.0,29,1.44,24.14,6.897,0.05,2.87,31.03,2.87,31.03,0.0,0.0,0.55,1.19,62.5,3.02,45.9,1.69,1.39,0.1,23.44,2.53,0.74,31.82,74.45,12.89,66.15,5.9,97.48,8.72,72.73,25.23,83.89,3.82,45.45,20.22,39.29,0.07,0.55,0.05,0.0,0.0,0.0,0.2,4.16,65.48,2.82,36.84,0.25,40.0,0.35,0.94,7.14,69.44,0,,0,,0,0.0,0.0,0.0,,,0.2,,,0.0,0.0,0.0,0.2,0,0.0
Fabian Kessler,Team 22,Team 22,RWB,29,450000,2027-12-31,15,1074,1,0.83,1,1.23,21.45,46.48,Wales,"Wales, Spain",right,180,78,yes,9.72,6.45,70.13,3.77,44.44,0.17,0.28,0.25,5.03,8.37,0.67,2,0.17,1,0.08,4.27,0.08,1,0.08,0.07,1,0.08,7,0.59,42.86,14.286,0.08,5.45,30.77,0.17,0.0,5.28,31.75,0.84,3.94,59.57,9.55,35.96,2.51,1.68,0.08,28.74,3.6,0.59,38.88,73.28,15.25,70.33,8.13,97.94,8.04,61.46,30.25,84.76,3.44,36.59,19.78,34.99,0.1,0.84,0.17,0.0,0.08,0.0,0.5,4.61,63.64,4.11,36.73,0.42,20.0,0.59,1.68,8.97,72.9,0,,0,,0,0.0,0.0,0.0,,,0.0,,,0.0,0.0,0.0,0.17,0,0.0
Matthias Holbrook,Team 22,Team 22,"RCMF, LCMF",31,400000,2026-12-31,9,357,0,0.2,0,0.0,15.38,54.1,Cameroon,Cameroon,right,183,80,yes,9.83,9.33,56.76,3.03,50.0,1.01,1.32,0.25,3.53,4.62,2.77,2,0.5,0,0.0,0.76,0.0,0,0.0,0.05,0,0.0,4,1.01,50.0,0.0,0.0,0.5,0.0,0.0,0.0,0.5,0.0,0.0,0.25,100.0,1.26,40.0,0.5,0.5,0.0,12.61,1.01,0.25,22.44,71.91,7.06,64.29,2.27,88.89,9.08,80.56,17.9,77.46,4.03,56.25,23.41,33.22,0.0,0.0,0.0,0.0,0.0,0.0,0.0,5.29,61.9,0.5,0.0,0.0,0.0,0.0,0.0,4.29,52.94,0,,0,,0,0.0,0.0,0.0,,,0.25,,,0.0,0.0,0.0,0.0,0,0.0
Sean Dunmore,Team 22,Team 22,"RCMF, LCMF",29,400000,2026-11-30,10,734,0,0.16,0,0.14,14.1,45.22,Portugal,Portugal,right,178,76,yes,5.89,7.11,41.38,1.23,60.0,0.25,0.41,0.12,2.7,4.52,2.45,3,0.37,0,0.0,0.49,0.0,0,0.0,0.02,0,0.0,2,0.25,50.0,0.0,0.0,0.25,50.0,0.12,0.0,0.12,100.0,0.0,0.86,28.57,4.41,44.44,0.12,0.37,0.12,22.81,0.37,1.1,35.93,88.74,10.79,78.41,6.38,94.23,12.51,91.18,32.98,91.82,2.7,54.55,17.57,30.25,0.02,0.61,0.0,0.0,0.0,0.0,0.0,4.66,81.58,0.61,60.0,0.12,100.0,0.37,0.12,5.15,64.29,0,,0,,0,0.0,0.0,0.0,,,0.74,,,0.0,0.0,0.0,0.0,0,0.0
Ethan Vance,Team 22,Team 22,"LCMF, LWF, AMF",35,350000,2026-12-31,18,1471,3,1.74,0,1.53,14.13,51.08,Paraguay,"Paraguay, France",left,178,75,yes,4.77,3.24,67.92,3.49,36.84,0.18,0.3,0.06,2.39,3.86,0.37,2,0.12,0,0.0,1.22,0.18,3,0.18,0.11,1,0.06,20,1.22,25.0,15.0,0.0,1.22,30.0,0.73,41.67,0.43,14.29,0.24,0.86,64.29,5.63,54.35,1.47,0.37,0.06,19.39,0.73,2.2,27.72,78.81,7.22,66.1,7.34,90.83,8.81,79.86,23.98,84.18,2.63,51.16,17.44,28.32,0.09,0.73,0.0,0.06,0.06,0.0,0.12,3.79,66.13,1.77,51.72,0.12,0.0,0.49,0.31,3.98,60.0,0,,0,,0,0.0,0.0,0.0,,,0.43,,,1.16,0.06,0.0,2.39,0,0.0
Jonas Fletcher,Team 22,Team 22,LCB,36,300000,2026-12-31,15,1443,0,0.32,1,0.36,11.29,61.33,Colombia,Colombia,left,187,80,yes,8.05,4.93,56.96,4.18,70.15,0.31,0.47,0.19,4.93,7.38,1.37,4,0.25,0,0.0,0.87,0.0,0,0.0,0.02,0,0.0,3,0.19,33.33,0.0,0.06,0.62,80.0,0.62,80.0,0.0,0.0,0.0,0.5,62.5,1.43,39.13,0.69,0.87,0.0,27.19,1.37,0.37,42.22,83.75,22.08,78.25,2.56,87.8,13.35,92.06,34.93,89.29,6.8,55.96,21.32,38.93,0.02,0.25,0.0,0.0,0.0,0.0,0.06,5.93,69.47,1.31,52.38,0.06,0.0,0.25,0.37,9.67,75.48,0,,0,,0,0.0,0.0,0.0,,,1.37,,,0.0,0.0,0.0,0.0,0,0.0
Soren Blackwood,Team 22,Team 22,CF,36,250000,2026-12-31,11,537,2,0.94,1,0.42,18.44,28.18,France,"France, Germany",right,180,77,yes,2.01,1.51,33.33,7.54,22.22,0.17,0.28,0.0,1.34,2.26,0.67,1,0.17,0,0.0,1.17,0.34,2,0.34,0.16,1,0.17,9,1.51,44.44,22.222,0.17,0.34,50.0,0.17,0.0,0.17,100.0,0.17,0.5,66.67,6.37,36.84,2.51,0.17,0.0,8.38,1.51,1.68,11.9,76.06,2.18,69.23,3.52,80.95,4.02,75.0,11.56,76.81,0.0,0.0,13.66,0.0,0.07,0.34,0.0,0.0,0.0,0.0,0.34,1.34,62.5,0.67,75.0,0.0,0.0,0.34,0.17,1.51,55.56,0,,0,,0,0.0,0.0,0.0,,,0.0,,,0.0,0.0,0.0,0.0,0,0.0
Simon Brecken,Team 22,Team 22,"RWF, RWB, RW",25,250000,2026-12-31,5,131,0,0.58,0,0.01,21.3,48.39,Germany,Germany,right,168,74,yes,4.81,6.87,30.0,3.44,40.0,1.37,2.61,0.0,1.37,2.61,2.75,1,0.69,0,0.0,6.18,0.0,0,0.0,0.4,0,0.0,5,3.44,0.0,0.0,0.0,4.12,33.33,0.69,100.0,3.44,20.0,0.0,6.18,77.78,10.99,62.5,4.12,4.12,0.69,19.24,0.0,0.69,31.6,69.57,14.43,61.9,2.75,100.0,5.5,75.0,24.73,80.56,2.75,25.0,19.94,16.6,0.0,0.69,0.0,0.69,0.0,0.0,0.0,4.12,33.33,4.81,71.43,0.0,0.0,2.06,1.37,4.81,71.43,0,,0,,0,0.0,0.0,0.0,,,0.0,,,0.0,0.0,0.0,0.69,0,0.0
Emil Waverley,Team 22,Team 22,GK,32,250000,2026-11-30,11,1100,0,0.0,0,0.0,0.57,100.0,Portugal,"Portugal, France",right,188,85,yes,1.39,0.0,0.0,0.41,100.0,0.0,0.0,0.0,1.39,1.99,0.0,0,0.0,0,0.0,0.0,0.0,0,0.0,0.0,0,0.0,0,0.0,0.0,0.0,0.0,0.0,0.0,0.0,0.0,0.0,0.0,0.0,0.0,0.0,0.16,100.0,0.0,0.0,0.0,9.74,0.25,0.33,16.77,86.34,9.82,77.5,0.0,0.0,6.55,100.0,9.49,97.41,7.28,71.91,37.04,49.79,0.0,0.0,0.0,0.0,0.0,0.0,0.0,1.31,43.75,0.08,0.0,0.0,0.0,0.0,0.0,5.65,82.61,8,0.65,45,3.68,5,82.22,9.36,0.77,1.36,0.111,0.0,1.47,0.41,,,,0.0,0,0.0
Stefan Pemberton,Team 22,Team 22,CF,36,250000,2026-11-30,18,1292,3,2.87,1,0.6,19.85,38.6,Czech Republic,"Czech Republic, Italy",right,177,75,yes,2.51,2.65,31.58,7.04,34.65,0.14,0.23,0.07,1.53,2.48,2.23,3,0.21,0,0.0,1.53,0.21,3,0.21,0.2,2,0.14,21,1.46,33.33,14.286,0.07,1.67,33.33,0.7,20.0,0.91,46.15,0.21,1.04,46.67,6.83,47.96,2.16,1.25,0.21,11.01,1.46,2.86,15.33,74.09,2.65,57.89,3.41,89.8,4.95,64.79,12.96,80.11,0.77,63.64,16.02,18.11,0.04,0.56,0.07,0.0,0.0,0.0,0.42,1.11,50.0,1.39,40.0,0.0,0.0,0.56,0.49,1.81,69.23,0,,0,,0,0.0,0.0,0.0,,,0.07,,,0.0,0.0,0.0,0.0,0,0.0
Theo Thorne,Team 22,Team 22,CB,39,150000,2027-12-31,11,1119,0,1.46,0,0.43,13.75,66.08,Turkey,Turkey,right,187,80,yes,9.09,4.02,70.0,6.43,66.25,0.0,0.0,0.8,6.27,10.31,0.64,0,0.0,0,0.0,0.32,0.0,0,0.0,0.12,0,0.0,7,0.56,0.0,0.0,0.0,0.0,0.0,0.0,0.0,0.0,0.0,0.0,0.4,80.0,1.37,41.18,1.37,0.32,0.0,21.88,0.0,0.56,35.47,89.12,11.5,77.62,2.01,100.0,19.14,95.38,30.08,92.78,5.39,68.66,23.12,39.11,0.03,0.16,0.08,0.0,0.0,0.0,0.16,4.1,64.71,0.4,60.0,0.24,33.33,0.32,0.0,5.39,79.1,0,,0,,0,0.0,0.0,0.0,,,1.45,,,0.0,0.0,0.0,0.0,0,0.0
Oliver Calder,Team 22,Team 22,GK,31,100000,2026-12-31,2,208,0,0.0,0,0.0,0.0,0.0,Senegal,Senegal,right,188,88,yes,0.87,0.0,0.0,0.0,0.0,0.0,0.0,0.0,0.87,1.62,0.0,0,0.0,0,0.0,0.0,0.0,0,0.0,0.0,0,0.0,0,0.0,0.0,0.0,0.0,0.0,0.0,0.0,0.0,0.0,0.0,0.0,0.0,0.0,0.0,0.0,0.0,0.0,0.0,5.63,0.43,0.0,10.38,79.17,6.06,64.29,0.0,0.0,3.89,100.0,5.63,100.0,4.76,54.55,27.37,23.4,0.0,0.0,0.0,0.0,0.0,0.0,0.0,1.3,33.33,0.43,0.0,0.0,0.0,0.0,0.0,3.03,57.14,1,0.43,3,1.3,1,66.67,0.9,0.39,-0.1,-0.043,0.0,1.73,0.0,,,,0.0,0,0.0
Finnegan Fairfax,Team 22,Team 22,"RCB, RB",22,700000,2029-12-31,2,45,0,0.0,0,0.0,16.0,75.0,United States,"United States, Portugal",right,175,66,yes,16.0,10.0,80.0,6.0,66.67,0.0,0.0,2.0,8.0,15.0,0.0,0,0.0,0,0.0,0.0,0.0,0,0.0,0.0,0,0.0,0,0.0,0.0,0.0,0.0,0.0,0.0,0.0,0.0,0.0,0.0,0.0,0.0,0.0,0.0,0.0,0.0,2.0,0.0,38.0,6.0,0.0,50.0,76.0,20.0,80.0,2.0,100.0,18.0,77.78,46.0,78.26,4.0,50.0,26.95,22.74,0.0,0.0,0.0,0.0,0.0,0.0,0.0,6.0,0.0,2.0,0.0,0.0,0.0,0.0,0.0,6.0,66.67,0,,0,,0,0.0,0.0,0.0,,,0.0,,,0.0,0.0,0.0,0.0,0,0.0
Dylan Fairfax,Team 22,Team 22,LW,18,700000,,1,14,0,0.0,0,0.0,,,Germany,Germany,right,174,75,yes,,,,,,,0.0,,,0.0,,0,,0,,,,0,,,0,,0,,,0.0,,,,,,,,,,,,,,,,,,,,,,,,,,,,,,,12.33,0.0,,,,,,,,,,,,,,,,,,0,,0,,0,0.0,0.0,,,,,,,,,,,0,0.0
Aaron Crestwood,Team 22,Team 22,"LCMF, RCMF",20,500000,2028-07-30,12,479,0,0.15,0,0.13,13.15,51.43,Chile,Chile,right,182,73,yes,8.64,5.45,65.52,1.13,66.67,1.69,2.7,0.0,3.38,5.4,0.94,2,0.38,0,0.0,0.56,0.0,0,0.0,0.03,0,0.0,3,0.56,0.0,0.0,0.0,0.56,0.0,0.0,0.0,0.56,0.0,0.19,1.13,50.0,4.32,34.78,0.38,0.56,0.19,23.3,0.38,0.94,34.38,84.15,9.21,69.39,5.07,96.3,13.72,94.52,31.19,88.55,2.63,50.0,17.66,18.0,0.02,0.75,0.0,0.0,0.0,0.0,0.19,3.95,76.19,1.32,28.57,0.0,0.0,0.75,0.38,4.13,54.55,0,,0,,0,0.0,0.0,0.0,,,0.0,,,0.0,0.0,0.0,0.0,0,0.0
Finn Calder,Team 22,Team 22,GK,21,500000,2027-12-31,5,508,0,0.0,0,0.0,0.71,75.0,Poland,Poland,right,189,80,yes,1.06,0.0,0.0,0.35,100.0,0.0,0.0,0.0,1.06,1.89,0.0,0,0.0,0,0.0,0.0,0.0,0,0.0,0.0,0,0.0,0,0.0,0.0,0.0,0.0,0.0,0.0,0.0,0.0,0.0,0.0,0.0,0.0,0.0,0.35,50.0,0.0,0.0,0.0,12.58,0.53,0.35,19.67,80.18,8.33,63.83,0.0,0.0,10.45,91.53,12.4,97.14,7.26,51.22,29.64,46.86,0.0,0.0,0.0,0.0,0.0,0.0,0.0,1.24,42.86,0.0,0.0,0.0,0.0,0.0,0.0,6.02,52.94,2,0.35,16,2.83,3,87.5,3.88,0.69,1.88,0.333,0.0,1.95,0.35,,,,0.0,0,0.0
Oliver Pemberton,Team 22,Team 22,"LWB, RB, LW",20,500000,2028-12-31,7,247,0,0.92,0,0.42,15.67,34.88,Finland,Finland,left,178,75,yes,3.64,6.56,38.89,2.55,14.29,0.0,0.0,0.0,1.09,1.88,1.82,1,0.36,0,0.0,4.37,0.0,0,0.0,0.33,0,0.0,9,3.28,11.11,0.0,0.0,4.01,63.64,3.64,60.0,0.36,100.0,0.36,3.28,44.44,4.74,46.15,2.55,3.64,0.0,31.7,2.19,0.73,36.8,81.19,13.12,80.56,8.74,87.5,9.47,76.92,31.34,83.72,1.46,75.0,15.93,13.05,0.15,1.46,0.0,0.0,0.0,0.0,0.73,2.19,83.33,6.19,58.82,0.0,0.0,1.09,2.55,7.29,80.0,0,,0,,0,0.0,0.0,0.0,,,0.0,,,0.0,0.0,0.0,0.0,0,0.0
Owen Somerset,Team 22,Team 22,RCB,19,400000,2028-12-31,6,565,0,0.25,1,0.46,14.97,44.68,South Korea,"South Korea, Italy",right,187,81,yes,9.88,8.28,48.08,3.66,39.13,0.16,0.24,0.8,5.73,8.5,2.39,2,0.32,0,0.0,0.96,0.0,0,0.0,0.04,0,0.0,3,0.48,0.0,0.0,0.16,1.12,42.86,0.0,0.0,1.12,42.86,0.0,0.64,75.0,2.07,53.85,0.96,0.48,0.0,25.65,0.16,0.16,37.75,83.12,22.3,74.29,1.75,90.91,10.04,98.41,30.74,91.19,6.05,50.0,21.95,37.5,0.07,0.48,0.0,0.16,0.16,0.0,0.32,5.73,66.67,1.12,57.14,0.32,50.0,0.32,0.48,9.72,80.33,0,,0,,0,0.0,0.0,0.0,,,1.27,,,0.0,0.0,0.0,0.0,0,0.0
Simon Beaumont,Team 22,Team 22,"RCMF, LCMF",26,350000,2027-12-31,16,1454,0,1.47,1,0.28,8.98,44.14,Ireland,Ireland,right,183,73,yes,4.77,3.84,41.94,1.55,52.0,0.19,0.29,0.19,2.97,4.59,1.11,1,0.06,0,0.0,0.31,0.0,0,0.0,0.09,0,0.0,16,0.99,18.75,0.0,0.06,0.19,0.0,0.06,0.0,0.12,0.0,0.06,0.31,40.0,2.79,42.22,0.68,0.37,0.12,31.32,0.5,1.05,44.57,85.97,12.87,70.19,7.12,94.78,18.82,93.09,40.79,88.47,3.65,61.02,19.37,35.6,0.02,0.43,0.0,0.0,0.12,0.0,0.12,7.92,74.22,0.87,28.57,0.25,25.0,0.31,0.06,7.55,73.77,0,,0,,0,0.0,0.0,0.0,,,0.68,,,0.0,0.0,0.0,0.0,0,0.0
Elias Fletcher,Team 22,Team 22,"AMF, RWF",26,350000,2027-12-31,13,557,1,1.53,0,1.37,18.9,51.28,Cameroon,"Cameroon, Germany",right,179,73,yes,4.52,5.01,61.29,2.59,37.5,0.0,0.0,0.0,1.45,2.33,1.29,1,0.16,0,0.0,3.88,0.16,0,0.0,0.25,0,0.0,14,2.26,28.57,7.143,0.0,2.59,56.25,0.16,100.0,2.42,53.33,0.65,2.75,58.82,10.18,49.21,2.1,2.1,0.48,24.56,1.62,3.23,31.35,75.77,9.05,66.07,6.3,92.31,10.02,74.19,26.01,79.5,2.75,58.82,17.67,23.48,0.22,2.1,0.0,0.0,0.48,33.33,1.29,5.98,67.57,4.36,55.56,0.97,33.33,1.29,1.45,6.3,79.49,0,,0,,0,0.0,0.0,0.0,,,0.16,,,1.45,0.16,0.0,2.42,1,100.0
Kasper Holbrook,Team 22,Team 22,"AMF, LWF, CF",31,450000,,12,436,1,1.95,0,0.0,21.06,51.96,Uruguay,Uruguay,right,182,79,yes,6.81,5.16,52.0,4.33,47.62,0.21,0.32,0.21,3.92,6.13,2.06,1,0.21,0,0.0,5.37,0.21,1,0.21,0.4,0,0.0,12,2.48,33.33,8.333,0.0,3.3,25.0,2.06,30.0,1.24,16.67,0.62,5.37,69.23,10.53,52.94,4.95,2.27,0.21,18.37,2.27,1.24,23.33,65.49,5.57,59.26,4.95,91.67,8.67,61.9,18.37,75.28,1.65,37.5,19.68,15.07,0.0,0.0,0.0,0.0,0.0,0.0,0.0,2.27,45.45,3.3,62.5,0.21,100.0,1.44,1.03,4.75,60.87,0,,0,,0,0.0,0.0,0.0,,,0.0,,,0.0,0.0,0.0,0.21,0,0.0
Dominic Kitteridge,Team 39,Team 39,"AMF, LW, CF",25,2000000,2026-12-31,16,1179,3,3.05,0,0.83,13.97,43.17,Turkey,Turkey,right,185,76,yes,3.97,3.82,58.0,1.37,33.33,0.15,0.26,0.0,1.6,2.74,0.53,0,0.0,0,0.0,1.83,0.23,3,0.23,0.23,0,0.0,21,1.6,71.43,14.286,0.0,0.76,0.0,0.46,0.0,0.31,0.0,0.08,1.45,47.37,7.71,37.62,2.6,0.46,0.15,14.73,2.21,1.53,20.69,74.91,6.87,63.33,4.81,95.24,5.34,72.86,18.55,79.01,1.37,61.11,17.24,16.93,0.06,0.61,0.15,0.0,0.08,0.0,0.38,2.75,58.33,1.45,42.11,0.15,0.0,0.99,0.0,2.75,77.78,0,,0,,0,0.0,0.0,0.0,,,0.31,,,0.92,0.0,0.0,1.22,0,0.0
Oliver Radcliffe,Team 39,Team 39,"LW, LCMF, RCMF",26,1000000,2028-12-31,2,112,1,0.16,0,0.08,21.7,55.56,Sweden,Sweden,right,183,79,yes,7.23,4.82,66.67,1.61,0.0,0.8,1.67,0.0,3.21,6.67,1.61,0,0.0,0,0.0,3.21,0.8,1,0.8,0.13,0,0.0,3,2.41,33.33,33.333,0.0,1.61,50.0,1.61,50.0,0.0,0.0,0.0,3.21,50.0,12.86,50.0,0.8,4.82,0.0,40.18,0.8,3.21,44.2,83.64,11.25,78.57,4.82,83.33,20.89,84.62,40.18,88.0,3.21,50.0,18.51,43.5,0.07,0.8,0.0,0.0,0.0,0.0,0.8,7.23,88.89,2.41,66.67,0.0,0.0,1.61,0.8,9.64,75.0,0,,0,,0,0.0,0.0,0.0,,,0.0,,,0.8,0.8,0.0,0.0,0,0.0
Xavier Waverley,Team 39,Team 39,CB,31,600000,2027-12-31,19,1645,1,2.37,0,0.0,8.21,65.33,Paraguay,Paraguay,right,192,92,yes,6.46,2.74,68.0,3.61,68.18,0.27,0.42,0.55,4.32,6.62,1.09,3,0.16,0,0.0,0.22,0.05,1,0.05,0.13,1,0.05,13,0.71,23.08,7.692,0.0,0.0,0.0,0.0,0.0,0.0,0.0,0.0,0.05,100.0,0.55,50.0,0.93,0.05,0.0,17.29,0.16,0.33,24.35,89.21,5.58,66.67,2.35,97.67,13.84,97.23,22.71,92.05,1.64,50.0,19.89,32.93,0.0,0.0,0.0,0.0,0.0,0.0,0.0,0.98,55.56,0.11,50.0,0.0,0.0,0.11,0.0,2.84,48.08,0,,0,,0,0.0,0.0,0.0,,,2.02,,,0.0,0.0,0.0,0.0,0,0.0
Roman Talbot,Team 39,Team 39,"LB, LWB",33,600000,2026-11-30,13,939,0,0.67,0,0.8,11.69,55.74,Serbia,"Serbia, France",left,179,70,yes,6.81,5.75,68.33,1.25,38.46,0.1,0.13,0.0,2.78,3.82,0.58,2,0.19,0,0.0,1.92,0.0,0,0.0,0.06,0,0.0,6,0.58,0.0,0.0,0.0,3.26,38.24,3.16,39.39,0.0,0.0,0.58,1.53,43.75,3.45,52.78,0.96,2.59,0.19,22.72,2.68,1.15,30.19,79.68,9.49,70.71,5.75,96.67,10.16,74.53,24.92,87.31,2.2,52.17,19.63,28.5,0.08,0.58,0.1,0.0,0.0,0.0,0.19,3.26,79.41,3.74,46.15,0.29,33.33,0.67,1.34,6.61,72.46,0,,0,,0,0.0,0.0,0.0,,,0.67,,,0.0,0.0,0.0,0.19,0,0.0
Noah Mercer,Team 39,Team 39,"RWB, RB",32,500000,2027-12-31,9,665,0,0.28,0,0.23,9.74,44.44,Spain,Spain,right,179,78,yes,5.95,5.95,59.09,0.81,16.67,0.0,0.0,0.27,2.44,3.53,1.22,1,0.14,0,0.0,1.22,0.0,0,0.0,0.04,0,0.0,6,0.81,50.0,0.0,0.0,2.57,21.05,0.0,0.0,2.57,21.05,0.27,0.95,28.57,2.44,22.22,0.54,0.95,0.27,19.08,1.89,0.14,24.77,75.96,9.74,69.44,3.92,96.55,7.44,74.55,18.68,87.68,3.65,55.56,21.27,36.29,0.03,0.27,0.0,0.0,0.0,0.0,0.0,2.84,71.43,2.03,26.67,0.0,0.0,0.0,0.54,5.55,73.17,0,,0,,0,0.0,0.0,0.0,,,0.41,,,0.54,0.14,100.0,0.41,0,0.0
Nikolai Monroe,Team 39,Team 39,"AMF, RW",29,500000,2026-11-30,18,1125,1,2.36,1,1.18,13.84,42.77,Austria,Austria,left,176,61,yes,2.72,3.04,39.47,2.32,34.48,0.08,0.12,0.16,1.44,2.13,0.8,0,0.0,0,0.0,2.4,0.08,1,0.08,0.19,0,0.0,22,1.76,40.91,4.545,0.08,2.72,23.53,0.48,33.33,2.24,21.43,0.24,2.48,41.94,7.28,46.15,2.64,1.04,0.16,13.52,1.76,2.0,18.56,71.55,2.88,63.89,5.28,93.94,6.4,61.25,14.56,82.42,1.36,52.94,20.7,27.97,0.09,1.76,0.08,0.0,0.0,0.0,0.64,1.12,64.29,2.64,36.36,0.08,100.0,1.04,0.48,2.88,55.56,0,,0,,0,0.0,0.0,0.0,,,0.16,,,0.16,0.08,0.0,1.6,0,0.0
Stefan Ravensdale,Team 39,Team 39,"RWB, RB",35,500000,2026-11-30,8,448,0,0.08,1,1.05,13.06,46.15,Ireland,Ireland,right,180,69,yes,7.83,7.43,54.05,1.61,50.0,0.0,0.0,0.2,3.82,6.13,1.81,1,0.2,0,0.0,2.21,0.0,0,0.0,0.02,0,0.0,5,1.0,20.0,0.0,0.2,3.62,44.44,0.0,0.0,3.21,37.5,0.6,0.8,50.0,2.21,36.36,0.8,1.21,0.6,18.88,2.01,0.4,29.93,66.44,11.45,61.4,4.42,95.45,9.64,62.5,22.9,74.56,3.82,31.58,19.33,31.32,0.21,1.21,0.0,0.0,0.0,0.0,1.0,3.62,55.56,5.42,44.44,0.0,0.0,0.8,1.81,7.43,56.76,0,,0,,0,0.0,0.0,0.0,,,0.2,,,0.2,0.0,0.0,1.0,0,0.0
Dylan Pemberton,Team 39,Team 39,GK,33,400000,2026-12-31,20,1995,0,0.0,0,0.0,0.86,89.47,Colombia,Colombia,right,186,88,yes,1.53,0.09,50.0,0.63,92.86,0.05,0.07,0.0,1.44,2.19,0.05,1,0.05,0,0.0,0.0,0.0,0,0.0,0.0,0,0.0,0,0.0,0.0,0.0,0.0,0.0,0.0,0.0,0.0,0.0,0.0,0.0,0.0,0.0,0.14,100.0,0.0,0.0,0.0,13.31,0.18,0.36,25.89,80.49,13.49,67.56,0.0,0.0,12.09,95.15,15.92,95.75,9.92,56.36,37.96,54.53,0.0,0.0,0.05,0.0,0.0,0.0,0.0,3.74,48.19,0.41,22.22,0.23,20.0,0.05,0.0,7.04,69.87,12,0.54,65,2.93,14,81.54,15.25,0.69,3.25,0.147,0.0,2.26,0.63,,,,0.0,0,0.0
Finnegan Sterling,Team 39,Team 39,CF,31,400000,2027-12-31,19,1007,4,3.25,0,0.54,20.47,45.41,Albania,Albania,right,185,75,yes,3.4,4.02,33.33,7.33,48.78,0.45,0.72,0.18,1.61,2.6,3.31,1,0.09,0,0.0,1.25,0.36,4,0.36,0.29,2,0.18,23,2.06,43.48,17.391,0.0,0.98,9.09,0.36,0.0,0.63,14.29,0.18,0.45,40.0,5.72,53.13,3.57,0.27,0.18,8.31,0.98,3.57,10.99,67.48,2.06,56.52,3.04,97.06,3.57,52.5,9.83,73.64,0.18,50.0,13.86,2.15,0.05,0.71,0.0,0.0,0.27,33.33,0.54,1.16,76.92,1.16,23.08,0.27,33.33,0.54,0.18,1.25,64.29,0,,0,,0,0.0,0.0,0.0,,,0.0,,,0.09,0.09,0.0,0.0,1,0.0
Jonas Kitteridge,Team 39,Team 39,CF,37,300000,2026-11-30,15,946,2,2.6,1,0.65,14.56,45.75,Serbia,Serbia,right,190,80,yes,2.38,1.71,33.33,5.23,49.09,0.0,0.0,0.1,1.81,2.66,1.05,0,0.0,0,0.0,2.0,0.19,2,0.19,0.25,2,0.19,16,1.52,62.5,12.5,0.1,0.29,33.33,0.1,0.0,0.19,50.0,0.0,1.14,66.67,5.23,41.82,2.66,0.1,0.1,7.8,1.62,1.62,10.66,66.07,2.57,55.56,2.57,81.48,2.38,64.0,10.27,66.67,0.1,100.0,13.61,3.18,0.06,0.67,0.0,0.0,0.29,66.67,0.29,1.52,50.0,0.95,50.0,0.29,66.67,0.38,0.1,1.52,56.25,0,,0,,0,0.0,0.0,0.0,,,0.0,,,0.0,0.0,0.0,0.0,0,0.0
Theo Sterling,Team 39,Team 39,"LW, AMF",26,250000,2027-12-31,9,303,1,0.81,0,0.44,19.9,40.3,Denmark,"Denmark, Germany",right,175,66,yes,2.97,5.05,35.29,2.08,0.0,0.0,0.0,0.3,1.19,1.64,2.08,1,0.3,0,0.0,5.35,0.3,1,0.3,0.24,0,0.0,6,1.78,50.0,16.667,0.0,2.38,50.0,2.08,42.86,0.3,100.0,0.89,5.05,64.71,10.99,48.65,3.27,4.75,0.0,15.74,1.19,2.08,16.93,77.19,3.56,75.0,4.46,86.67,5.35,83.33,14.55,81.63,0.0,0.0,16.27,0.0,0.13,2.08,0.3,0.0,0.0,0.0,0.89,1.78,83.33,1.78,66.67,0.0,0.0,0.59,1.19,3.56,75.0,0,,0,,0,0.0,0.0,0.0,,,0.0,,,0.0,0.0,0.0,0.0,0,0.0
Isaac Harrington,Team 39,Team 39,LCB,38,200000,2026-11-30,2,54,0,0.0,0,0.0,10.0,33.33,Czech Republic,Czech Republic,left,188,83,yes,6.67,6.67,25.0,1.67,0.0,1.67,2.5,0.0,3.33,5.0,3.33,0,0.0,0,0.0,0.0,0.0,0,0.0,0.0,0,0.0,0,0.0,0.0,0.0,0.0,1.67,0.0,1.67,0.0,0.0,0.0,0.0,0.0,0.0,1.67,100.0,0.0,3.33,0.0,30.0,1.67,1.67,38.33,86.96,11.67,100.0,0.0,0.0,23.33,78.57,31.67,100.0,5.0,33.33,24.97,19.33,0.0,0.0,0.0,0.0,0.0,0.0,0.0,13.33,87.5,1.67,0.0,0.0,0.0,0.0,0.0,10.0,83.33,0,,0,,0,0.0,0.0,0.0,,,0.0,,,0.0,0.0,0.0,0.0,0,0.0
Declan Crestwood,Team 39,Team 39,"RCB, CB",31,50000,2027-12-31,17,1672,0,0.19,1,0.28,13.35,62.1,Albania,Albania,right,187,86,yes,8.77,6.3,59.83,3.28,62.3,0.16,0.26,0.59,4.84,7.76,1.78,3,0.16,0,0.0,0.11,0.0,0,0.0,0.01,0,0.0,4,0.22,0.0,0.0,0.05,0.27,20.0,0.0,0.0,0.27,20.0,0.0,0.11,50.0,1.99,62.16,0.81,0.92,0.16,28.74,0.22,1.29,43.28,87.44,18.3,79.71,3.66,98.53,16.53,93.81,39.56,92.65,3.44,32.81,20.02,39.71,0.01,0.11,0.0,0.0,0.05,0.0,0.05,5.01,62.37,0.81,13.33,0.22,0.0,0.27,0.05,7.27,65.93,0,,0,,0,0.0,0.0,0.0,,,2.05,,,0.0,0.0,0.0,0.0,0,0.0
Alexander Linwood,Team 39,Team 39,"AMF, LCMF",24,550000,2028-12-31,1,19,1,0.56,0,0.0,,,Netherlands,"Netherlands, Portugal",right,174,72,yes,,,,,,,0.0,,,0.0,,0,,0,,,,1,,,0,,1,,,100.0,,,,,,,,,,,,,,,,,,,,,,,,,,,,,,,21.77,0.0,,,,,,,,,,,,,,,,,,0,,0,,0,0.0,0.0,,,,,,,,,,,0,0.0
Liam Crestwood,Team 39,Team 39,"RB, RWB",24,450000,2026-12-31,12,696,0,0.1,1,1.12,20.56,50.31,Portugal,Portugal,right,183,75,yes,5.95,5.56,69.77,2.07,62.5,0.26,0.42,0.0,1.81,2.96,1.16,1,0.13,0,0.0,3.49,0.0,0,0.0,0.01,0,0.0,2,0.26,0.0,0.0,0.13,2.97,34.78,0.0,0.0,2.84,36.36,0.26,4.66,52.78,11.64,38.89,1.29,3.23,0.13,25.47,2.46,0.52,35.17,78.68,8.15,60.32,10.6,93.9,8.92,73.91,30.13,84.98,2.33,50.0,17.54,39.79,0.14,1.29,0.0,0.0,0.0,0.0,0.91,2.97,69.57,3.62,46.43,0.39,66.67,1.16,1.03,5.82,57.78,0,,0,,0,0.0,0.0,0.0,,,0.91,,,0.0,0.0,0.0,0.0,0,0.0
Isaac Clairmont,Team 39,Team 39,"RCMF, RW",23,650000,2027-12-31,6,97,0,0.05,0,0.0,25.05,55.56,Brazil,Brazil,right,175,67,yes,13.92,14.85,43.75,0.93,100.0,2.78,4.74,0.0,4.64,7.89,6.49,0,0.0,0,0.0,1.86,0.0,0,0.0,0.05,0,0.0,1,0.93,0.0,0.0,0.0,0.0,0.0,0.0,0.0,0.0,0.0,0.0,1.86,100.0,4.64,100.0,0.0,0.93,0.0,21.34,0.0,2.78,34.33,86.49,1.86,100.0,8.35,88.89,19.48,85.71,32.47,88.57,1.86,50.0,19.27,16.02,0.0,0.0,0.0,0.0,0.0,0.0,0.0,1.86,100.0,0.0,0.0,0.0,0.0,0.0,0.0,1.86,100.0,0,,0,,0,0.0,0.0,0.0,,,1.86,,,0.0,0.0,0.0,0.0,0,0.0
Rowan Whitmore,Team 39,Team 39,"AMF, LAMF",21,550000,2028-12-31,2,26,0,0.0,0,0.21,,,Netherlands,Netherlands,right,178,71,yes,,,,,,,0.0,,,0.0,,0,,0,,,,0,,,0,,0,,,0.0,,,,,,,,,,,,,,,,,,,,,,,,,,,,,,,14.52,0.0,,,,,,,,,,,,,,,,,,0,,0,,0,0.0,0.0,,,,,,,,,,,0,0.0
Stefan Winslow,Team 39,Team 39,"LB, LW",25,450000,2026-11-30,13,516,1,0.7,1,0.62,16.22,53.76,Georgia,"Georgia, Italy",left,176,76,yes,8.2,6.8,58.97,1.92,81.82,0.17,0.29,0.0,4.01,6.63,1.4,1,0.17,0,0.0,3.31,0.17,1,0.17,0.12,0,0.0,5,0.87,80.0,20.0,0.17,3.31,42.11,2.97,41.18,0.35,50.0,0.17,2.27,53.85,5.76,39.39,1.57,2.27,1.05,23.37,2.27,1.92,34.01,76.92,13.08,72.0,5.76,93.94,8.9,78.43,26.34,88.08,4.36,36.0,22.51,26.99,0.11,0.87,0.0,0.0,0.0,0.0,0.7,3.84,63.64,2.79,50.0,0.0,0.0,0.35,1.74,8.9,68.63,0,,0,,0,0.0,0.0,0.0,,,0.52,,,0.0,0.0,0.0,0.17,0,0.0
Leon Brecken,Team 39,Team 39,"RCMF, RW, AMF",24,500000,2026-12-31,19,1643,4,1.45,3,2.57,14.79,57.78,Georgia,"Georgia, Spain",right,175,70,yes,5.86,4.98,52.75,1.04,47.37,0.71,1.07,0.16,2.52,3.77,1.21,3,0.16,0,0.0,2.14,0.22,4,0.22,0.08,0,0.0,32,1.75,37.5,12.5,0.16,1.53,35.71,0.82,53.33,0.71,15.38,0.16,1.21,77.27,7.67,63.57,0.66,0.99,0.11,20.82,0.49,3.23,30.07,83.61,8.38,75.82,5.15,93.62,11.78,85.12,25.42,88.36,3.18,67.24,19.46,38.1,0.14,1.15,0.11,0.05,0.05,0.0,0.11,4.71,80.23,1.86,52.94,0.22,25.0,0.55,0.66,5.53,77.23,0,,0,,0,0.0,0.0,0.0,,,0.27,,,1.48,0.27,20.0,1.59,0,0.0
Dominic Sinclair,Team 39,Team 39,LCB,23,500000,2028-12-31,18,1747,0,1.19,2,0.63,13.65,60.38,United States,"United States, Spain",left,184,78,yes,8.6,6.49,61.11,3.92,65.79,0.41,0.61,0.52,4.22,6.29,1.65,5,0.26,0,0.0,0.67,0.0,0,0.0,0.06,0,0.0,13,0.67,15.38,0.0,0.1,1.13,27.27,1.13,27.27,0.0,0.0,0.21,0.36,71.43,1.96,60.53,1.13,1.39,0.1,27.87,1.08,0.88,42.3,81.61,19.52,72.82,3.92,92.11,15.51,90.37,35.34,88.78,5.82,48.67,22.36,42.21,0.03,0.36,0.0,0.0,0.0,0.0,0.26,7.52,65.75,2.06,35.0,0.41,37.5,0.36,0.41,8.86,75.0,0,,0,,0,0.0,0.0,0.0,,,1.91,,,0.05,0.0,0.0,0.0,0,0.0
Quinn Halloway,Team 39,Team 39,"LWB, LB",23,500000,2027-06-30,6,447,1,0.32,0,0.25,9.87,53.06,Hungary,Hungary,left,184,72,yes,4.23,3.62,33.33,2.21,72.73,0.4,0.71,0.0,2.62,4.64,1.01,1,0.2,0,0.0,2.62,0.2,1,0.2,0.07,0,0.0,7,1.41,42.86,14.286,0.0,2.62,30.77,2.62,30.77,0.0,0.0,0.4,1.81,66.67,2.82,57.14,1.01,1.01,0.0,16.91,2.42,0.6,22.75,61.95,6.64,54.55,3.62,94.44,9.06,55.56,18.12,68.89,2.01,40.0,20.7,33.1,0.05,0.4,0.0,0.0,0.0,0.0,0.2,2.01,40.0,3.02,33.33,0.0,0.0,0.4,0.81,3.83,68.42,0,,0,,0,0.0,0.0,0.0,,,0.81,,,0.2,0.0,0.0,0.2,0,0.0
Declan Mercer,Team 39,Team 39,"RCMF, LCMF",26,500000,2026-12-31,16,969,0,0.61,2,1.02,12.63,51.47,France,France,right,188,70,yes,6.04,6.41,53.62,1.3,64.29,0.19,0.29,0.65,2.41,3.8,2.32,3,0.28,0,0.0,0.84,0.0,0,0.0,0.06,0,0.0,10,0.93,20.0,0.0,0.19,0.37,0.0,0.09,0.0,0.28,0.0,0.09,0.84,44.44,3.99,44.19,0.56,0.65,0.19,20.71,0.09,1.58,28.98,81.09,10.77,69.83,3.99,95.35,10.03,90.74,25.17,86.72,3.44,48.65,22.31,35.65,0.09,0.65,0.0,0.0,0.28,100.0,0.46,6.04,70.77,2.23,54.17,0.46,80.0,1.21,0.0,6.5,78.57,0,,0,,0,0.0,0.0,0.0,,,0.65,,,0.46,0.09,0.0,0.37,0,0.0
Caleb Mercer,Team 39,Team 39,"LCMF, RCMF",24,450000,2026-12-31,10,688,0,0.94,1,0.23,16.61,44.88,Iceland,"Iceland, France",right,178,74,yes,7.59,5.76,50.0,2.22,64.71,0.52,0.78,0.92,4.19,6.23,2.49,3,0.39,0,0.0,1.31,0.0,0,0.0,0.12,0,0.0,10,1.31,10.0,0.0,0.13,0.39,33.33,0.13,0.0,0.26,50.0,0.0,1.7,53.85,6.67,33.33,1.96,2.62,1.05,21.85,0.26,1.31,29.56,81.86,9.29,69.01,4.45,97.06,10.2,89.74,26.29,85.07,2.88,59.09,19.86,26.42,0.03,0.78,0.0,0.13,0.39,33.33,0.26,5.23,67.5,1.96,46.67,1.05,50.0,1.05,0.13,5.49,76.19,0,,0,,0,0.0,0.0,0.0,,,0.13,,,0.0,0.0,0.0,0.0,0,0.0
Colin Northfield,Team 39,Team 39,"RCB, LCB, CB",29,450000,2026-12-31,13,935,1,0.26,0,0.09,12.22,59.84,Norway,Norway,right,187,83,yes,9.24,5.78,55.0,3.47,69.44,0.0,0.0,0.77,6.06,8.79,1.54,4,0.39,0,0.0,0.29,0.1,1,0.1,0.03,1,0.1,4,0.39,50.0,25.0,0.0,0.1,100.0,0.0,0.0,0.1,100.0,0.0,0.0,0.0,1.83,57.89,0.58,0.87,0.1,22.72,0.1,0.96,33.79,87.18,13.48,77.14,2.7,96.43,14.73,94.77,26.95,91.07,6.74,71.43,21.28,35.5,0.01,0.1,0.0,0.0,0.0,0.0,0.0,3.56,67.57,0.67,28.57,0.29,100.0,0.1,0.1,7.12,71.62,0,,0,,0,0.0,0.0,0.0,,,1.54,,,0.1,0.0,0.0,0.0,0,0.0
Callum Blackwood,Team 39,Team 39,"LW, RW, AMF",30,550000,2026-12-31,16,796,0,0.32,1,0.91,12.44,38.18,Cameroon,Cameroon,right,175,73,yes,3.17,3.62,43.75,3.28,27.59,0.34,0.48,0.0,1.24,1.75,1.47,0,0.0,0,0.0,1.92,0.0,0,0.0,0.04,0,0.0,6,0.68,33.33,0.0,0.11,2.15,36.84,0.68,66.67,1.24,27.27,0.34,1.47,53.85,4.18,45.95,1.36,1.36,0.23,15.72,1.47,1.13,20.46,77.35,4.64,60.98,5.2,95.65,7.01,74.19,16.96,84.0,1.36,58.33,17.53,14.61,0.1,0.68,0.0,0.11,0.23,50.0,0.23,1.92,76.47,2.15,36.84,0.34,66.67,0.11,0.68,4.18,62.16,0,,0,,0,0.0,0.0,0.0,,,0.0,,,1.24,0.0,0.0,0.79,0,0.0
Nathan Lansbury,Team 39,Team 39,"LCMF, RCMF",30,400000,2026-12-31,15,1153,0,0.24,0,0.26,14.75,54.5,Belgium,Belgium,left,188,80,yes,7.34,5.7,53.42,2.89,56.76,0.31,0.48,0.47,3.98,6.1,1.72,4,0.31,0,0.0,0.62,0.0,0,0.0,0.02,0,0.0,4,0.31,0.0,0.0,0.0,0.23,33.33,0.16,50.0,0.08,0.0,0.0,0.94,50.0,4.68,56.67,0.47,0.31,0.0,19.51,0.16,1.64,28.41,84.62,9.05,71.55,3.98,96.08,12.02,92.21,25.84,88.22,2.34,50.0,19.13,36.69,0.02,0.23,0.0,0.0,0.08,100.0,0.08,5.23,67.16,0.7,22.22,0.08,100.0,0.08,0.08,4.22,62.96,0,,0,,0,0.0,0.0,0.0,,,0.39,,,0.08,0.0,0.0,0.0,0,0.0
Dorian Monroe,Team 45,Team 45,CF,34,800000,2026-11-30,17,1418,5,4.15,1,1.73,14.79,33.48,Brazil,Brazil,right,185,79,yes,2.48,3.74,27.12,2.54,35.0,0.06,0.09,0.13,1.4,2.04,1.84,3,0.19,0,0.0,1.78,0.32,5,0.32,0.26,0,0.0,29,1.84,51.72,17.241,0.06,0.32,60.0,0.13,50.0,0.19,66.67,0.06,1.4,45.45,7.05,37.84,2.16,0.57,0.0,18.66,1.65,2.09,24.5,80.83,4.7,60.81,7.87,93.55,7.49,86.44,22.98,81.77,1.21,68.42,16.41,25.21,0.11,1.02,0.0,0.0,0.06,0.0,0.44,2.22,62.86,1.02,43.75,0.13,0.0,0.57,0.19,2.28,63.89,0,,0,,0,0.0,0.0,0.0,,,0.0,,,0.06,0.06,100.0,0.0,0,0.0
Liam Kitteridge,Team 45,Team 45,"LW, LAMF, LCMF",24,600000,2026-11-30,10,270,0,0.43,0,0.16,18.33,58.18,Portugal,Portugal,right,175,61,yes,8.67,5.33,68.75,2.0,33.33,0.67,1.3,0.0,4.33,8.48,0.67,0,0.0,0,0.0,5.0,0.0,0,0.0,0.14,0,0.0,2,0.67,100.0,0.0,0.0,2.67,25.0,2.33,14.29,0.33,100.0,0.33,4.0,83.33,10.67,59.38,1.33,3.67,0.33,23.67,1.33,3.33,34.0,89.22,10.33,87.1,7.33,100.0,8.33,76.0,28.33,95.29,3.33,80.0,17.13,22.92,0.05,0.67,0.33,0.0,0.33,100.0,0.33,5.33,87.5,5.0,53.33,0.67,100.0,2.33,1.0,6.0,77.78,0,,0,,0,0.0,0.0,0.0,,,0.0,,,0.0,0.0,0.0,0.0,0,0.0
Caleb Crestwood,Team 45,Team 45,LCB,26,600000,2026-11-30,16,1595,0,0.62,0,0.03,8.52,58.94,Chile,Chile,right,181,73,yes,5.7,3.89,62.32,2.48,54.55,0.0,0.0,0.68,3.27,4.89,0.45,4,0.23,0,0.0,0.11,0.0,0,0.0,0.04,0,0.0,2,0.11,50.0,0.0,0.0,0.11,50.0,0.0,0.0,0.11,50.0,0.0,0.06,0.0,0.79,64.29,0.23,0.56,0.06,30.7,0.34,0.68,42.66,87.43,15.46,72.99,1.18,85.71,22.8,96.78,36.06,94.21,6.55,50.86,23.56,42.74,0.0,0.11,0.0,0.0,0.0,0.0,0.0,4.12,58.9,0.34,16.67,0.23,25.0,0.06,0.06,7.56,62.69,0,,0,,0,0.0,0.0,0.0,,,0.68,,,0.0,0.0,0.0,0.0,0,0.0
Oliver Ellwood,Team 45,Team 45,"RWF, CF",26,600000,2026-12-31,3,77,0,0.21,0,0.04,17.53,40.0,Slovakia,Slovakia,right,190,76,yes,5.84,5.84,60.0,3.51,33.33,0.0,0.0,0.0,2.34,4.29,2.34,0,0.0,0,0.0,1.17,0.0,0,0.0,0.24,0,0.0,2,2.34,50.0,0.0,0.0,0.0,0.0,0.0,0.0,0.0,0.0,0.0,1.17,0.0,5.84,40.0,4.68,0.0,0.0,15.19,1.17,1.17,17.53,86.67,7.01,83.33,7.01,83.33,1.17,100.0,17.53,86.67,0.0,0.0,5.49,0.0,0.04,1.17,0.0,0.0,0.0,0.0,1.17,0.0,0.0,0.0,0.0,0.0,0.0,1.17,0.0,0.0,0.0,0,,0,,0,0.0,0.0,0.0,,,0.0,,,0.0,0.0,0.0,0.0,0,0.0
Xavier Harrington,Team 45,Team 45,"RCB, LCB",32,500000,2027-11-30,10,841,0,1.7,0,0.0,7.71,56.94,Ghana,Ghana,right,187,79,yes,6.42,2.46,60.87,4.28,57.5,0.11,0.17,1.07,4.82,7.54,0.96,3,0.32,0,0.0,0.11,0.0,0,0.0,0.18,0,0.0,6,0.64,0.0,0.0,0.0,0.11,0.0,0.0,0.0,0.11,0.0,0.0,0.11,100.0,0.32,66.67,0.96,0.32,0.0,22.69,0.21,0.11,35.32,85.15,15.73,72.79,1.39,100.0,15.73,95.24,31.03,91.72,4.17,38.46,19.42,30.18,0.0,0.0,0.0,0.0,0.0,0.0,0.0,2.14,50.0,0.43,0.0,0.0,0.0,0.11,0.0,5.14,66.67,0,,0,,0,0.0,0.0,0.0,,,1.28,,,0.0,0.0,0.0,0.0,0,0.0
Noah Stratford,Team 45,Team 45,"RWF, RW, RAMF",30,450000,2026-11-30,18,1075,3,1.74,1,1.41,16.91,37.62,Mexico,Mexico,right,177,70,yes,4.27,3.1,48.65,2.93,28.57,0.08,0.13,0.33,2.68,4.02,0.84,3,0.25,1,0.08,3.27,0.25,3,0.25,0.15,0,0.0,14,1.17,50.0,21.429,0.08,2.09,32.0,0.42,0.0,1.67,40.0,0.25,3.35,57.5,9.21,39.09,2.09,2.43,0.5,19.17,2.76,1.17,25.7,76.55,5.02,61.67,7.79,89.25,6.78,77.78,23.11,81.16,0.67,62.5,15.45,19.3,0.12,1.26,0.0,0.0,0.08,100.0,0.75,2.18,76.92,1.84,27.27,0.08,100.0,0.75,0.67,3.1,59.46,0,,0,,0,0.0,0.0,0.0,,,0.25,,,0.0,0.0,0.0,0.0,0,0.0
Noah Kingsbury,Team 45,Team 45,RB,26,400000,2027-12-31,18,1644,0,0.27,3,2.7,14.62,62.92,Ukraine,Ukraine,right,170,62,yes,7.94,6.62,66.12,1.64,43.33,0.38,0.55,0.0,3.18,4.58,1.04,3,0.16,0,0.0,2.57,0.0,0,0.0,0.01,0,0.0,12,0.66,8.33,0.0,0.16,2.19,45.0,0.0,0.0,2.19,45.0,0.22,2.08,73.68,5.47,67.0,0.38,2.3,0.6,30.05,1.7,1.81,40.62,86.66,13.58,81.05,6.79,95.97,14.07,88.33,35.64,91.55,2.85,57.69,18.94,38.73,0.15,1.26,0.05,0.0,0.0,0.0,0.6,4.05,75.68,2.46,48.89,0.11,0.0,0.44,0.99,6.79,79.03,0,,0,,0,0.0,0.0,0.0,,,0.33,,,0.77,0.11,0.0,1.42,0,0.0
Noah Kren,Team 45,Team 45,RCB,31,400000,2026-11-30,13,1279,0,0.74,0,0.03,6.9,59.18,Ecuador,Ecuador,right,192,86,yes,8.23,2.67,63.16,2.96,64.29,0.21,0.3,0.84,6.33,9.06,0.99,5,0.35,1,0.07,0.14,0.0,0,0.0,0.05,0,0.0,3,0.21,66.67,0.0,0.0,0.07,0.0,0.0,0.0,0.07,0.0,0.0,0.0,0.0,0.7,20.0,0.21,0.14,0.0,29.2,0.7,0.28,38.63,84.88,20.9,74.75,2.04,100.0,13.37,96.84,31.95,92.73,6.61,47.87,23.82,43.67,0.0,0.21,0.0,0.0,0.0,0.0,0.0,5.28,57.33,0.21,0.0,0.21,0.0,0.0,0.0,7.6,73.15,0,,0,,0,0.0,0.0,0.0,,,1.83,,,0.0,0.0,0.0,0.0,0,0.0
Julian Stansfield,Team 45,Team 45,"LWF, LAMF, RW",34,350000,2026-11-30,17,1193,2,1.95,1,1.27,14.86,44.16,Poland,Poland,right,180,75,yes,4.53,4.83,50.0,2.64,37.14,0.3,0.44,0.23,1.81,2.67,1.81,3,0.23,0,0.0,1.28,0.15,2,0.15,0.15,0,0.0,16,1.21,31.25,12.5,0.08,0.98,30.77,0.53,28.57,0.38,40.0,0.3,0.68,88.89,5.73,46.05,1.58,0.83,0.08,15.31,1.81,1.28,21.35,79.86,5.21,69.57,6.19,89.02,5.66,80.0,19.24,83.14,1.21,62.5,15.12,23.55,0.1,0.91,0.0,0.08,0.23,0.0,0.38,1.51,75.0,1.21,37.5,0.3,0.0,0.38,0.45,3.32,56.82,0,,0,,0,0.0,0.0,0.0,,,0.08,,,0.0,0.0,0.0,0.0,0,0.0
Adrian Prescott,Team 45,Team 45,RB,34,300000,2027-11-30,9,392,0,0.14,0,0.03,14.01,45.9,Finland,Finland,right,175,70,yes,7.12,5.05,45.45,2.98,46.15,0.69,1.36,0.46,4.13,8.18,2.76,1,0.23,0,0.0,3.44,0.0,0,0.0,0.03,0,0.0,4,0.92,50.0,0.0,0.0,2.76,58.33,0.0,0.0,2.76,58.33,0.0,1.38,100.0,4.36,52.63,0.69,1.38,0.23,30.54,1.38,1.15,38.34,86.83,15.38,82.09,6.89,90.0,10.1,90.91,32.14,92.14,3.67,62.5,14.35,23.64,0.01,0.46,0.0,0.0,0.0,0.0,0.23,5.74,80.0,2.98,61.54,0.0,0.0,0.46,1.61,8.49,89.19,0,,0,,0,0.0,0.0,0.0,,,0.69,,,0.0,0.0,0.0,0.23,0,0.0
Soren Northfield,Team 45,Team 45,CF,33,300000,2026-11-30,16,449,1,0.95,0,0.01,15.43,37.66,England,England,right,177,72,yes,2.0,2.0,60.0,2.41,16.67,0.0,0.0,0.2,0.8,1.35,0.4,0,0.0,0,0.0,0.6,0.2,1,0.2,0.19,0,0.0,6,1.2,50.0,16.667,0.0,0.0,0.0,0.0,0.0,0.0,0.0,0.0,0.2,0.0,9.02,37.78,2.0,0.2,0.0,6.01,1.0,2.2,9.42,87.23,1.0,80.0,3.21,87.5,3.01,93.33,9.42,87.23,0.0,0.0,11.18,0.0,0.0,0.4,0.0,0.0,0.0,0.0,0.0,0.2,100.0,0.2,100.0,0.0,0.0,0.4,0.0,0.4,50.0,0,,0,,0,0.0,0.0,0.0,,,0.0,,,0.0,0.0,0.0,0.0,0,0.0
Theo Oakley,Team 45,Team 45,"LB, LW",28,250000,2026-11-30,15,1253,1,1.41,0,0.48,13.43,45.99,France,France,left,170,65,yes,7.83,4.67,61.54,2.23,41.94,0.43,0.62,0.43,4.53,6.47,0.5,0,0.0,0,0.0,1.8,0.07,1,0.07,0.1,1,0.07,15,1.08,46.67,6.667,0.0,1.36,21.05,1.22,23.53,0.14,0.0,0.22,1.51,66.67,5.03,40.0,1.8,1.51,0.29,22.41,2.44,1.08,29.45,81.46,9.77,76.47,5.75,91.25,9.91,83.33,26.5,86.99,1.58,40.91,16.96,21.74,0.03,0.29,0.0,0.0,0.0,0.0,0.07,2.44,67.65,1.15,25.0,0.07,0.0,0.07,0.22,3.88,57.41,0,,0,,0,0.0,0.0,0.0,,,0.57,,,0.0,0.0,0.0,0.0,0,0.0
Dylan Grantham,Team 45,Team 45,"DMF, RCMF",30,200000,2026-11-30,18,1349,0,0.03,0,0.01,12.74,56.54,Greece,Greece,right,175,80,yes,9.54,6.6,61.62,1.87,35.71,0.6,0.87,0.4,4.87,7.09,1.27,1,0.07,0,0.0,0.47,0.0,0,0.0,0.0,0,0.0,3,0.2,0.0,0.0,0.0,0.13,0.0,0.0,0.0,0.13,0.0,0.0,0.73,63.64,3.47,57.69,0.0,0.4,0.07,22.62,0.0,1.33,31.82,88.68,7.67,73.91,4.67,95.71,13.81,93.72,29.89,91.29,1.8,51.85,16.94,24.58,0.0,0.07,0.07,0.0,0.0,0.0,0.0,2.47,70.27,0.33,40.0,0.07,0.0,0.07,0.0,2.6,53.85,0,,0,,0,0.0,0.0,0.0,,,0.4,,,0.0,0.0,0.0,0.0,0,0.0
Sebastian Monroe,Team 45,Team 45,"LCMF, RCMF, RDMF",27,100000,2027-12-31,17,1578,3,2.48,0,0.16,12.95,52.86,Turkey,"Turkey, France",right,190,82,yes,7.19,4.9,51.16,2.28,50.0,0.4,0.59,0.46,4.28,6.34,1.88,6,0.34,0,0.0,0.86,0.17,3,0.17,0.14,3,0.17,28,1.6,21.43,10.714,0.0,0.63,18.18,0.11,0.0,0.51,22.22,0.06,0.8,50.0,4.68,60.98,1.03,0.74,0.11,26.69,0.68,1.94,34.56,87.29,9.98,78.29,5.87,94.17,13.8,92.15,31.6,90.43,2.34,63.41,18.01,30.95,0.01,0.29,0.06,0.0,0.06,0.0,0.11,5.76,79.21,1.03,33.33,0.06,0.0,0.23,0.11,4.79,77.38,0,,0,,0,0.0,0.0,0.0,,,0.06,,,0.0,0.0,0.0,0.0,0,0.0
Milo Kessler,Team 45,Team 45,"DMF, LDMF, LCMF",33,100000,2026-11-30,11,507,0,0.2,0,0.0,10.12,43.86,Slovakia,Slovakia,left,185,82,yes,6.04,5.15,44.83,1.24,42.86,1.07,1.54,0.53,2.66,3.85,1.07,3,0.53,0,0.0,0.18,0.0,0,0.0,0.04,0,0.0,2,0.36,0.0,0.0,0.0,0.0,0.0,0.0,0.0,0.0,0.0,0.0,0.53,33.33,2.31,46.15,0.53,0.89,0.0,27.51,0.18,0.89,36.57,91.26,8.7,75.51,4.79,96.3,17.4,96.94,32.84,92.97,3.73,76.19,16.13,22.92,0.0,0.0,0.0,0.0,0.0,0.0,0.0,4.26,83.33,0.36,100.0,0.18,100.0,0.36,0.0,3.02,64.71,0,,0,,0,0.0,0.0,0.0,,,0.18,,,0.0,0.0,0.0,0.0,0,0.0
Cillian Vance,Team 45,Team 45,GK,31,100000,2026-11-30,2,203,0,0.0,0,0.0,0.44,100.0,Portugal,"Portugal, France",right,186,74,yes,0.44,0.0,0.0,0.0,0.0,0.0,0.0,0.0,0.44,0.81,0.0,0,0.0,0,0.0,0.0,0.0,0,0.0,0.0,0,0.0,0,0.0,0.0,0.0,0.0,0.0,0.0,0.0,0.0,0.0,0.0,0.0,0.0,0.0,0.44,100.0,0.0,0.0,0.0,11.53,0.0,0.0,16.85,81.58,10.2,69.57,0.0,0.0,6.21,100.0,9.75,100.0,7.09,56.25,36.31,54.72,0.0,0.0,0.0,0.0,0.0,0.0,0.0,3.55,62.5,0.0,0.0,0.44,0.0,0.0,0.0,4.43,70.0,2,0.89,6,2.66,1,66.67,1.48,0.66,-0.52,-0.231,0.0,0.89,0.0,,,,0.0,0,0.0
Emil Arden,Team 45,Team 45,LWF,31,100000,,2,45,0,0.0,0,0.05,16.0,50.0,Turkey,"Turkey, Italy",right,180,68,yes,2.0,2.0,0.0,2.0,0.0,0.0,0.0,0.0,2.0,3.75,0.0,0,0.0,0,0.0,0.0,0.0,0,0.0,0.0,0,0.0,0,0.0,0.0,0.0,0.0,2.0,0.0,2.0,0.0,0.0,0.0,0.0,4.0,0.0,12.0,66.67,2.0,2.0,0.0,26.0,2.0,4.0,32.0,81.25,4.0,50.0,8.0,100.0,8.0,75.0,30.0,86.67,0.0,0.0,10.17,0.0,0.09,2.0,0.0,0.0,0.0,0.0,2.0,0.0,0.0,2.0,0.0,0.0,0.0,2.0,0.0,0.0,0.0,0,,0,,0,0.0,0.0,0.0,,,0.0,,,0.0,0.0,0.0,0.0,0,0.0
Hugo Winterbottom,Team 45,Team 45,GK,40,50000,2026-11-30,17,1715,0,0.0,0,0.0,0.16,66.67,Netherlands,Netherlands,right,186,80,yes,0.89,0.05,0.0,0.1,100.0,0.0,0.0,0.0,0.89,1.29,0.05,2,0.1,0,0.0,0.0,0.0,0,0.0,0.0,0,0.0,0,0.0,0.0,0.0,0.0,0.0,0.0,0.0,0.0,0.0,0.0,0.0,0.0,0.0,0.0,0.0,0.0,0.0,0.0,10.6,0.21,0.0,18.21,87.61,7.4,73.76,0.05,100.0,10.34,97.97,12.7,98.35,5.46,63.46,29.05,43.0,0.0,0.0,0.0,0.0,0.0,0.0,0.0,0.94,44.44,0.05,0.0,0.05,0.0,0.0,0.0,3.99,63.16,22,1.15,83,4.36,7,73.49,21.91,1.15,-0.09,-0.005,0.0,1.15,0.1,,,,0.0,0,0.0
Julian Linwood,Team 45,Team 45,"LCMF, LW, RCMF",34,50000,2026-11-30,18,713,0,0.59,0,0.93,17.17,61.03,Brazil,Brazil,right,179,74,yes,4.8,3.66,44.83,1.77,78.57,0.0,0.0,0.38,3.16,5.56,0.76,1,0.13,0,0.0,2.65,0.0,0,0.0,0.07,0,0.0,13,1.64,30.77,0.0,0.0,0.88,28.57,0.76,33.33,0.13,0.0,0.13,2.52,65.0,10.1,63.75,0.76,1.89,0.38,22.22,0.25,3.53,28.4,77.33,9.72,63.64,4.17,93.94,9.09,83.33,26.0,80.1,1.64,53.85,17.83,19.64,0.12,0.88,0.0,0.0,0.63,40.0,0.63,4.67,62.16,2.4,42.11,0.76,33.33,0.5,0.38,4.29,70.59,0,,0,,0,0.0,0.0,0.0,,,0.25,,,0.0,0.0,0.0,0.0,0,0.0
Dylan Chamberlain,Team 45,Team 45,LB,25,350000,2026-12-31,14,1094,1,0.23,3,1.02,13.0,51.9,Serbia,Serbia,left,181,76,yes,6.25,5.43,54.55,1.65,50.0,0.0,0.0,0.08,3.29,5.06,0.99,1,0.08,0,0.0,2.88,0.08,1,0.08,0.02,0,0.0,12,0.99,25.0,8.333,0.25,3.21,35.9,3.04,37.84,0.16,0.0,0.16,2.14,69.23,4.85,54.24,0.33,1.81,0.58,28.71,1.56,0.49,43.44,77.08,15.96,63.4,7.16,88.51,15.14,86.41,34.06,83.09,6.42,65.38,20.99,32.64,0.08,0.74,0.0,0.0,0.08,0.0,0.49,4.85,61.02,2.88,40.0,0.41,0.0,0.41,0.99,10.86,59.85,0,,0,,0,0.0,0.0,0.0,,,1.48,,,0.0,0.0,0.0,0.16,0,0.0
Callum Kessler,Team 45,Team 45,"AMF, RCMF",30,600000,2027-11-30,18,1787,10,6.0,1,2.46,12.59,46.8,Norway,Norway,left,173,73,yes,2.82,4.73,43.62,0.76,13.33,0.0,0.0,0.1,0.76,1.11,1.41,5,0.25,0,0.0,2.47,0.5,6,0.3,0.3,0,0.0,54,2.72,37.04,18.519,0.05,1.31,19.23,0.55,27.27,0.76,13.33,0.2,2.12,57.14,6.19,56.1,0.86,1.96,0.6,33.54,0.71,1.96,39.84,85.59,11.38,76.11,7.2,96.5,13.95,90.25,35.76,90.28,2.82,55.36,17.84,37.61,0.12,1.01,0.0,0.05,0.05,0.0,0.25,6.19,76.42,1.91,36.84,0.4,37.5,0.5,0.35,4.94,78.57,0,,0,,0,0.0,0.0,0.0,,,0.45,,,2.42,0.65,53.85,3.07,4,100.0
Nikolai Dunmore,Team 45,Team 45,LCB,31,450000,2026-11-30,1,8,0,0.0,0,0.0,,,Ghana,Ghana,right,184,86,yes,,,,,,,0.0,,,40.0,,0,,0,,,,0,,,0,,0,,,0.0,,,,,,,,,,,,,,,,,,,,,,,,,,,,,,,0.0,0.0,,,,,,,,,,,,,,,,,,0,,0,,0,0.0,0.0,,,,,,,,,,,0,0.0
Noah Redmond,Team 30,Team 30,"LB, LWB",29,1800000,2028-08-31,13,1093,0,0.01,0,1.46,11.69,67.61,Ukraine,Ukraine,left,180,74,yes,6.75,5.19,66.67,2.55,77.42,0.0,0.0,0.25,3.29,4.78,1.15,3,0.25,0,0.0,1.98,0.0,0,0.0,0.0,0,0.0,2,0.16,0.0,0.0,0.0,3.38,36.59,3.38,36.59,0.0,0.0,0.49,1.07,61.54,2.8,61.76,0.74,0.82,0.0,33.68,1.73,0.82,42.32,81.32,13.83,72.62,7.58,97.83,14.08,82.46,35.0,87.29,4.03,67.35,19.58,35.83,0.12,1.48,0.08,0.0,0.16,50.0,0.58,5.43,77.27,4.86,47.46,0.58,57.14,1.32,1.24,8.73,79.25,0,,0,,0,0.0,0.0,0.0,,,0.41,,,0.41,0.08,0.0,1.32,0,0.0
Marcus Kingsbury,Team 30,Team 30,LCB,30,1800000,2026-12-31,1,6,0,0.0,0,0.0,,,Austria,Austria,left,185,79,yes,,,,,,,0.0,,,0.0,,0,,0,,,,0,,,0,,0,,,0.0,,,,,,,,,,,,,,,,,,,,,,,,,,,,,,,37.65,37.65,,,,,,,,,,,,,,,,,,0,,0,,0,0.0,0.0,,,,,,,,,,,0,0.0
Declan Kingsbury,Team 30,Team 30,GK,27,1700000,2027-12-31,3,307,0,0.0,0,0.0,0.29,100.0,Ukraine,Ukraine,right,190,75,yes,1.17,0.0,0.0,0.29,100.0,0.0,0.0,0.0,1.17,1.69,0.0,0,0.0,0,0.0,0.0,0.0,0,0.0,0.0,0,0.0,0,0.0,0.0,0.0,0.0,0.0,0.0,0.0,0.0,0.0,0.0,0.0,0.0,0.0,0.0,0.0,0.0,0.0,0.0,4.4,0.0,0.0,8.21,85.71,4.4,80.0,0.0,0.0,3.52,91.67,4.98,100.0,3.22,63.64,33.65,48.58,0.0,0.0,0.0,0.0,0.0,0.0,0.0,0.88,33.33,0.0,0.0,0.0,0.0,0.0,0.0,1.47,80.0,5,1.47,12,3.52,1,58.33,3.38,0.99,-1.62,-0.475,0.0,1.17,0.29,,,,0.0,0,0.0
Magnus Halston,Team 30,Team 30,RCMF,30,1500000,2027-12-31,1,48,0,0.0,1,0.12,9.38,20.0,Georgia,Georgia,right,180,75,yes,5.63,5.63,33.33,0.0,0.0,0.0,0.0,0.0,3.75,5.45,0.0,1,1.88,0,0.0,0.0,0.0,0,0.0,0.0,0,0.0,0,0.0,0.0,0.0,1.88,0.0,0.0,0.0,0.0,0.0,0.0,0.0,0.0,0.0,3.75,0.0,0.0,1.88,0.0,56.25,0.0,0.0,65.63,97.14,5.63,66.67,9.38,100.0,37.5,100.0,65.63,97.14,0.0,0.0,16.66,0.0,0.23,3.75,0.0,0.0,0.0,0.0,1.88,9.38,100.0,1.88,100.0,0.0,0.0,1.88,0.0,1.88,100.0,0,,0,,0,0.0,0.0,0.0,,,1.88,,,0.0,0.0,0.0,0.0,0,0.0
Sean Talbot,Team 30,Team 30,GK,32,1200000,2026-12-31,6,613,0,0.0,0,0.0,1.32,100.0,Czech Republic,Czech Republic,right,194,90,yes,2.06,0.15,100.0,0.73,100.0,0.0,0.0,0.0,1.91,2.48,0.0,0,0.0,0,0.0,0.0,0.0,0,0.0,0.0,0,0.0,0,0.0,0.0,0.0,0.0,0.0,0.0,0.0,0.0,0.0,0.0,0.0,0.0,0.0,0.29,100.0,0.0,0.0,0.0,6.02,0.0,0.59,12.04,78.05,6.75,69.57,0.15,100.0,4.26,86.21,6.31,100.0,5.73,53.85,31.9,45.74,0.0,0.0,0.0,0.0,0.0,0.0,0.0,0.59,50.0,0.0,0.0,0.0,0.0,0.0,0.0,4.4,66.67,5,0.73,26,3.82,3,80.77,6.69,0.98,1.69,0.248,0.0,2.5,0.73,,,,0.0,0,0.0
Colin Faulkner,Team 30,Team 30,"LAMF, RAMF, RW",36,800000,2027-12-31,8,484,1,2.16,0,0.62,10.41,37.5,Greece,Greece,right,180,72,yes,2.05,1.86,30.0,3.72,30.0,0.37,0.58,0.0,1.12,1.75,1.67,0,0.0,0,0.0,2.05,0.19,1,0.19,0.4,0,0.0,11,2.05,36.36,9.091,0.0,2.79,33.33,2.42,30.77,0.37,50.0,0.56,1.3,28.57,3.53,42.11,2.98,1.3,0.0,14.32,1.86,1.3,15.25,67.07,3.35,38.89,3.72,95.0,5.58,53.33,11.9,76.56,0.74,50.0,16.8,15.73,0.12,0.93,0.0,0.0,0.0,0.0,0.19,0.56,33.33,3.16,35.29,0.0,0.0,0.19,0.74,2.05,72.73,0,,0,,0,0.0,0.0,0.0,,,0.19,,,0.93,0.37,50.0,0.37,0,0.0
Leo Linwood,Team 30,Team 30,RCB,34,600000,2026-12-31,3,277,0,0.02,0,0.0,6.5,35.0,Serbia,"Serbia, Italy",right,192,88,yes,4.87,2.27,28.57,3.25,50.0,0.0,0.0,0.32,4.22,5.82,1.3,1,0.32,0,0.0,0.0,0.0,0,0.0,0.01,0,0.0,1,0.32,0.0,0.0,0.0,0.0,0.0,0.0,0.0,0.0,0.0,0.0,0.0,0.0,0.32,0.0,0.32,0.32,0.32,27.94,0.32,0.0,43.21,86.47,18.19,76.79,1.62,100.0,20.47,95.24,36.71,92.92,6.5,50.0,24.02,41.05,0.0,0.0,0.0,0.0,0.0,0.0,0.0,1.95,50.0,0.0,0.0,0.0,0.0,0.0,0.0,7.8,58.33,0,,0,,0,0.0,0.0,0.0,,,1.3,,,0.0,0.0,0.0,0.0,0,0.0
Nils Winterbottom,Team 30,Team 30,"RCMF, LCMF, RDMF",36,400000,2026-12-31,18,1293,0,0.76,1,0.67,12.46,48.6,Ireland,Ireland,right,177,67,yes,8.42,6.82,51.02,1.6,30.43,0.9,1.22,0.28,4.04,5.45,1.81,2,0.14,0,0.0,0.7,0.0,0,0.0,0.05,0,0.0,9,0.63,33.33,0.0,0.07,0.42,16.67,0.07,0.0,0.35,20.0,0.07,0.56,75.0,2.78,55.0,1.04,0.63,0.0,30.42,0.28,1.18,41.42,88.57,12.67,82.42,5.71,90.24,15.52,92.83,38.63,90.81,2.37,64.71,16.97,26.01,0.05,0.56,0.0,0.0,0.0,0.0,0.35,7.66,86.36,0.84,33.33,0.28,50.0,0.42,0.07,4.87,72.86,0,,0,,0,0.0,0.0,0.0,,,0.49,,,0.0,0.0,0.0,0.0,0,0.0
Leo Calder,Team 30,Team 30,CF,27,400000,2027-12-31,2,77,0,0.12,0,0.24,24.55,28.57,Wales,Wales,right,178,70,yes,4.68,7.01,33.33,7.01,0.0,1.17,2.14,0.0,1.17,2.14,4.68,1,1.17,0,0.0,2.34,0.0,0,0.0,0.15,0,0.0,1,1.17,0.0,0.0,0.0,1.17,100.0,0.0,0.0,1.17,100.0,0.0,1.17,100.0,10.52,44.44,2.34,0.0,0.0,12.86,2.34,1.17,14.03,58.33,3.51,66.67,1.17,0.0,3.51,33.33,11.69,60.0,1.17,0.0,13.98,18.77,0.28,1.17,0.0,0.0,0.0,0.0,1.17,1.17,100.0,2.34,50.0,0.0,0.0,0.0,1.17,1.17,100.0,0,,0,,0,0.0,0.0,0.0,,,0.0,,,0.0,0.0,0.0,0.0,0,0.0
Callum Somerset,Team 30,Team 30,"RW, RAMF, AMF",26,350000,2026-11-30,15,571,1,0.77,0,0.4,26.95,45.61,South Korea,South Korea,left,180,73,yes,5.36,4.1,61.54,1.73,18.18,0.0,0.0,0.16,2.84,4.82,0.63,0,0.0,0,0.0,5.67,0.16,1,0.16,0.12,0,0.0,13,2.05,46.15,7.692,0.0,2.05,30.77,0.0,0.0,2.05,30.77,0.47,6.62,61.9,19.86,45.24,4.26,4.1,0.0,17.18,0.63,2.21,22.22,76.6,3.94,68.0,5.99,97.37,6.62,83.33,20.02,81.89,0.47,0.0,14.86,8.32,0.06,0.95,0.32,0.0,0.0,0.0,0.47,0.79,100.0,1.26,87.5,0.0,0.0,1.26,0.63,2.99,89.47,0,,0,,0,0.0,0.0,0.0,,,0.0,,,0.0,0.0,0.0,0.0,0,0.0
Milo Zimmerman,Team 30,Team 30,GK,37,350000,2027-12-31,11,1115,0,0.0,0,0.0,0.4,40.0,England,England,right,186,78,yes,0.81,0.16,50.0,0.16,0.0,0.0,0.0,0.0,0.73,1.02,0.0,1,0.08,0,0.0,0.0,0.0,0,0.0,0.0,0,0.0,0,0.0,0.0,0.0,0.0,0.0,0.0,0.0,0.0,0.0,0.0,0.0,0.0,0.0,0.08,100.0,0.0,0.0,0.0,7.51,0.48,0.08,12.35,82.35,6.86,70.59,0.0,0.0,5.17,96.88,7.99,100.0,4.36,50.0,33.52,49.67,0.0,0.0,0.0,0.0,0.0,0.0,0.0,1.29,18.75,0.32,25.0,0.24,0.0,0.0,0.0,2.42,76.67,9,0.73,51,4.12,5,82.35,15.42,1.24,6.42,0.518,0.0,1.13,0.16,,,,0.0,0,0.0
Rowan Fairfax,Team 30,Team 30,"LW, LAMF, AMF",27,250000,2026-12-31,10,273,0,0.45,1,0.6,13.19,45.0,United States,"United States, Spain",right,185,77,yes,2.97,1.65,60.0,2.64,25.0,0.0,0.0,0.0,1.98,3.0,0.0,1,0.33,0,0.0,5.6,0.0,0,0.0,0.15,0,0.0,14,4.62,21.43,0.0,0.33,4.29,38.46,2.64,62.5,1.65,0.0,0.99,5.27,56.25,8.24,48.0,2.97,1.98,0.66,21.43,3.3,1.65,24.4,72.97,3.96,58.33,7.91,91.67,10.22,64.52,19.12,84.48,0.99,0.0,16.63,13.98,0.2,1.65,0.0,0.0,0.0,0.0,1.32,1.98,66.67,3.96,41.67,0.0,0.0,0.33,2.31,4.29,69.23,0,,0,,0,0.0,0.0,0.0,,,0.33,,,1.65,0.66,0.0,2.31,0,0.0
Julian Harrington,Team 30,Team 30,"CB, RCB, LCB",25,100000,2027-12-31,13,1177,0,0.45,1,0.18,7.19,64.89,Ghana,"Ghana, France",right,184,75,yes,5.96,3.67,70.83,2.14,53.57,0.31,0.43,0.54,3.06,4.29,0.46,0,0.0,0,0.0,0.08,0.0,0,0.0,0.03,0,0.0,3,0.23,0.0,0.0,0.08,0.0,0.0,0.0,0.0,0.0,0.0,0.0,0.08,100.0,0.46,66.67,0.23,0.84,0.0,27.99,0.38,0.46,38.92,91.75,12.92,79.88,0.69,100.0,22.48,97.96,33.57,96.13,5.35,64.29,21.58,30.59,0.01,0.23,0.0,0.0,0.0,0.0,0.15,3.9,80.39,0.23,33.33,0.31,25.0,0.15,0.0,5.89,74.03,0,,0,,0,0.0,0.0,0.0,,,0.46,,,0.0,0.0,0.0,0.0,0,0.0
Henry Ingram,Team 30,Team 30,"RCMF, DMF",24,75000,2029-12-31,11,722,0,0.0,1,0.41,11.97,57.29,Austria,Austria,left,181,70,yes,8.85,6.61,49.06,1.25,90.0,1.87,2.51,0.12,3.74,5.03,2.49,3,0.37,0,0.0,0.25,0.0,0,0.0,0.0,0,0.0,0,0.0,0.0,0.0,0.12,0.5,0.0,0.5,0.0,0.0,0.0,0.0,0.25,100.0,3.37,59.26,0.12,0.37,0.0,30.17,0.0,1.37,43.13,90.17,12.96,80.77,7.35,94.92,17.45,95.0,39.76,92.48,2.87,73.91,18.39,31.49,0.05,0.5,0.0,0.12,0.0,0.0,0.25,6.73,83.33,1.0,25.0,0.5,50.0,0.25,0.12,6.98,76.79,0,,0,,0,0.0,0.0,0.0,,,0.5,,,0.0,0.0,0.0,0.0,0,0.0
Arthur Whitmore,Team 30,Team 30,"CB, LCB",19,500000,,7,503,0,0.0,0,0.0,7.87,59.09,Cameroon,Cameroon,right,189,78,yes,5.55,3.76,57.14,3.58,60.0,0.36,0.47,0.18,3.04,4.02,0.54,1,0.18,0,0.0,0.0,0.0,0,0.0,0.0,0,0.0,0,0.0,0.0,0.0,0.0,0.0,0.0,0.0,0.0,0.0,0.0,0.0,0.0,0.0,0.18,0.0,0.0,0.36,0.0,34.17,0.18,0.0,47.42,89.06,18.43,76.7,3.04,100.0,23.26,96.15,40.44,95.58,6.98,51.28,22.98,35.5,0.0,0.0,0.0,0.0,0.0,0.0,0.18,5.19,68.97,1.07,33.33,0.89,40.0,0.18,0.0,7.16,67.5,0,,0,,0,0.0,0.0,0.0,,,1.43,,,0.0,0.0,0.0,0.0,0,0.0
Lucas Prescott,Team 30,Team 30,"LWB, RB, LB",25,450000,2028-11-30,17,1306,0,0.59,1,0.7,16.26,55.51,Iceland,Iceland,right,170,70,yes,6.06,5.65,56.1,1.58,56.52,0.14,0.18,0.21,2.76,3.69,1.52,3,0.21,0,0.0,2.41,0.0,0,0.0,0.04,0,0.0,11,0.76,9.09,0.0,0.07,2.0,41.38,0.69,30.0,1.31,47.37,0.14,2.14,67.74,7.3,56.6,0.83,1.93,0.14,25.64,1.58,1.45,36.32,82.16,13.23,72.4,6.27,97.8,10.96,83.02,31.63,88.02,2.69,43.59,18.46,25.74,0.05,0.69,0.0,0.07,0.07,100.0,0.34,5.24,73.68,2.62,57.89,0.21,66.67,0.48,0.76,7.58,80.0,0,,0,,0,0.0,0.0,0.0,,,0.28,,,0.0,0.0,0.0,0.0,0,0.0
Malcolm Westlake,Team 30,Team 30,CF,20,700000,,6,318,0,0.46,0,0.0,18.68,36.36,Scotland,Scotland,right,187,77,yes,2.83,3.11,18.18,3.96,50.0,0.0,0.0,0.0,2.26,3.75,2.83,3,0.85,0,0.0,0.85,0.0,0,0.0,0.13,0,0.0,5,1.42,20.0,0.0,0.0,0.57,0.0,0.57,0.0,0.0,0.0,0.28,1.42,40.0,9.62,38.24,1.98,0.28,0.0,6.51,1.13,2.26,13.02,71.74,3.4,50.0,3.11,81.82,2.83,70.0,12.17,74.42,0.28,100.0,13.06,5.62,0.0,0.0,0.0,0.0,0.0,0.0,0.0,2.26,62.5,0.28,0.0,0.0,0.0,0.57,0.0,0.85,100.0,0,,0,,0,0.0,0.0,0.0,,,0.0,,,0.0,0.0,0.0,0.0,0,0.0
Owen Holbrook,Team 30,Team 30,"LCMF, RCMF",23,550000,2028-12-31,13,638,1,0.27,0,0.0,15.09,57.01,Austria,Austria,left,170,64,yes,8.75,7.76,58.18,0.42,66.67,0.42,0.55,0.42,3.81,4.94,2.26,3,0.42,0,0.0,0.99,0.14,1,0.14,0.04,0,0.0,4,0.56,50.0,25.0,0.0,0.42,0.0,0.28,0.0,0.14,0.0,0.28,0.99,71.43,4.66,57.58,1.13,0.56,0.0,26.8,0.14,1.69,36.82,90.8,10.44,83.78,6.63,100.0,12.7,94.44,34.7,93.09,1.69,66.67,16.31,12.9,0.0,0.0,0.0,0.0,0.0,0.0,0.0,5.08,80.56,0.71,60.0,0.0,0.0,0.14,0.14,5.64,77.5,0,,0,,0,0.0,0.0,0.0,,,0.0,,,0.0,0.0,0.0,0.0,0,0.0
Fabian Sinclair,Team 30,Team 30,"CB, LDMF, LCMF",23,500000,2027-12-31,7,465,1,0.82,0,0.0,10.06,61.54,Norway,Norway,right,188,78,yes,5.23,4.06,76.19,4.84,52.0,0.0,0.0,0.19,2.13,3.14,0.77,0,0.0,0,0.0,0.39,0.19,1,0.19,0.16,1,0.19,5,0.97,40.0,20.0,0.0,0.0,0.0,0.0,0.0,0.0,0.0,0.0,0.0,0.0,0.77,50.0,0.77,0.39,0.0,25.94,0.39,0.0,35.61,90.22,9.68,74.0,2.13,100.0,21.68,97.32,32.32,93.41,3.29,58.82,17.22,25.56,0.0,0.0,0.0,0.0,0.0,0.0,0.0,2.52,84.62,0.0,0.0,0.0,0.0,0.0,0.0,4.65,62.5,0,,0,,0,0.0,0.0,0.0,,,0.0,,,0.0,0.0,0.0,0.0,0,0.0
Christian Linwood,Team 30,Team 30,"AMF, RWF, RCMF",22,550000,2027-12-31,10,249,1,0.81,0,0.1,22.77,44.44,Brazil,Brazil,right,169,61,yes,3.98,7.95,40.91,2.89,25.0,0.0,0.0,0.0,0.72,1.22,3.98,1,0.36,0,0.0,1.45,0.36,1,0.36,0.29,0,0.0,5,1.81,20.0,20.0,0.0,1.08,0.0,0.36,0.0,0.72,0.0,0.0,2.89,37.5,9.76,44.44,3.25,1.45,0.36,27.11,0.36,2.53,33.25,76.09,9.04,56.0,6.14,100.0,8.67,87.5,27.83,84.42,4.34,41.67,22.14,26.79,0.04,1.08,0.0,0.0,0.0,0.0,0.36,5.42,46.67,1.81,60.0,0.36,0.0,2.17,0.0,5.06,64.29,0,,0,,0,0.0,0.0,0.0,,,0.0,,,1.08,0.0,0.0,1.45,0,0.0
Lars Chamberlain,Team 30,Team 30,"RWB, RCMF, RB",23,550000,2027-12-31,13,813,0,1.03,0,0.75,14.5,44.27,Serbia,Serbia,right,170,65,yes,6.31,6.09,50.91,1.77,37.5,0.0,0.0,0.22,3.21,4.7,1.99,4,0.44,1,0.11,1.99,0.0,0,0.0,0.11,0,0.0,11,1.22,18.18,0.0,0.0,2.99,25.93,0.44,25.0,2.55,26.09,0.66,1.77,50.0,5.42,46.94,1.33,2.21,0.0,33.1,1.66,1.22,42.07,77.89,14.06,66.14,6.42,96.55,13.95,75.4,35.98,85.85,3.21,34.48,18.43,34.33,0.08,1.33,0.0,0.11,0.11,100.0,0.22,5.54,68.0,4.1,37.84,0.33,33.33,0.55,0.89,7.2,76.92,0,,0,,0,0.0,0.0,0.0,,,0.11,,,0.77,0.0,0.0,1.77,0,0.0
Isaac Arden,Team 30,Team 30,CF,27,650000,2026-12-31,17,1313,5,6.42,1,0.41,14.6,29.58,Ghana,"Ghana, Portugal",right,182,78,yes,1.03,1.44,23.81,5.0,30.14,0.0,0.0,0.0,0.69,0.93,1.58,2,0.14,1,0.07,1.37,0.34,5,0.34,0.44,2,0.14,33,2.26,54.55,15.152,0.07,0.07,100.0,0.07,100.0,0.0,0.0,0.0,0.21,33.33,5.69,31.33,3.63,0.07,0.0,9.53,1.3,1.44,13.09,84.82,1.1,62.5,5.35,89.74,3.5,90.2,12.82,84.49,0.21,100.0,12.27,6.3,0.03,0.62,0.0,0.0,0.0,0.0,0.14,0.69,60.0,0.14,100.0,0.0,0.0,0.55,0.07,0.41,83.33,0,,0,,0,0.0,0.0,0.0,,,0.0,,,0.0,0.0,0.0,0.0,0,0.0
Elias Arden,Team 30,Team 30,"LCMF, LDMF",25,550000,2028-12-31,18,1039,1,0.93,0,0.21,15.51,53.07,Ireland,"Ireland, Italy",right,182,74,yes,8.14,5.8,58.21,3.64,61.9,0.61,0.85,0.43,4.16,5.85,1.91,1,0.09,0,0.0,0.69,0.09,1,0.09,0.08,0,0.0,15,1.3,20.0,6.667,0.0,0.26,0.0,0.26,0.0,0.0,0.0,0.09,0.78,55.56,4.94,45.61,1.13,0.95,0.0,28.15,0.69,1.65,39.67,87.77,12.3,80.28,5.54,89.06,16.11,94.62,37.33,89.56,2.08,66.67,17.74,21.58,0.02,0.43,0.0,0.09,0.0,0.0,0.17,5.8,83.58,1.3,46.67,0.09,0.0,0.52,0.09,6.24,73.61,0,,0,,0,0.0,0.0,0.0,,,0.26,,,0.0,0.0,0.0,0.0,0,0.0
Malcolm Ingram,Team 30,Team 30,"AMF, CF, RWF",25,600000,2026-12-31,16,1015,4,2.29,0,0.72,13.03,40.82,Chile,Chile,left,169,62,yes,3.9,4.52,47.06,1.24,21.43,0.09,0.11,0.0,1.68,2.12,1.6,3,0.27,0,0.0,2.57,0.35,4,0.35,0.2,0,0.0,25,2.22,60.0,16.0,0.0,1.15,30.77,0.18,50.0,0.89,20.0,0.09,1.15,69.23,5.85,37.88,2.39,2.84,0.18,22.52,2.04,0.89,25.09,81.27,7.09,63.75,5.85,98.48,7.54,82.35,22.34,86.11,1.68,47.37,16.8,28.69,0.06,0.89,0.0,0.0,0.09,100.0,0.44,2.22,72.0,2.04,43.48,0.35,50.0,1.06,0.44,3.19,83.33,0,,0,,0,0.0,0.0,0.0,,,0.0,,,0.0,0.0,0.0,0.98,0,0.0
Oliver Bradford,Team 30,Team 30,LCB,26,400000,2028-12-31,17,1630,0,0.53,0,0.06,9.77,60.45,Turkey,Turkey,right,187,86,yes,5.3,3.64,46.97,4.53,75.61,0.11,0.15,0.28,3.48,4.82,1.38,7,0.39,0,0.0,0.06,0.0,0,0.0,0.03,0,0.0,10,0.55,0.0,0.0,0.0,0.11,50.0,0.11,50.0,0.0,0.0,0.0,0.06,0.0,0.55,50.0,0.77,0.44,0.0,34.18,0.39,0.33,45.88,91.34,18.11,82.93,1.77,100.0,22.14,97.26,41.8,94.45,3.98,59.72,22.01,42.52,0.0,0.22,0.0,0.0,0.0,0.0,0.0,5.74,78.85,0.61,27.27,0.11,0.0,0.17,0.06,8.06,78.77,0,,0,,0,0.0,0.0,0.0,,,1.16,,,0.0,0.0,0.0,0.0,0,0.0
Alastair Aldridge,Team 30,Team 30,"RB, RWB",28,500000,2027-12-31,15,1137,3,2.13,0,3.31,13.54,53.8,Wales,Wales,right,169,71,yes,7.44,4.2,60.38,1.42,22.22,0.24,0.33,0.08,4.67,6.56,1.03,4,0.32,1,0.08,4.43,0.24,1,0.08,0.17,0,0.0,27,2.14,37.04,11.111,0.0,4.67,22.03,0.24,33.33,4.43,21.43,0.4,4.04,64.71,6.57,60.24,1.42,2.22,0.47,28.5,2.14,1.58,36.81,67.96,14.49,61.2,6.65,86.9,10.21,66.67,27.39,80.64,4.99,38.1,23.19,45.47,0.26,2.14,0.08,0.0,0.0,0.0,0.55,6.81,55.81,4.59,36.21,0.47,33.33,0.79,1.11,9.02,73.68,0,,0,,0,0.0,0.0,0.0,,,0.24,,,2.3,0.4,20.0,3.8,2,100.0
Damian Ellwood,Team 30,Team 30,"AMF, RB, RDMF",32,550000,2026-12-31,9,323,0,0.48,0,0.15,13.37,43.75,Romania,Romania,right,178,72,yes,4.74,4.46,37.5,1.95,100.0,0.28,0.45,0.0,2.79,4.48,1.95,1,0.28,0,0.0,1.39,0.0,0,0.0,0.13,0,0.0,6,1.67,50.0,0.0,0.0,1.11,25.0,0.84,33.33,0.28,0.0,0.0,1.39,20.0,5.57,35.0,2.51,1.67,0.28,27.31,1.67,1.95,33.99,91.8,6.97,80.0,7.8,96.43,14.21,94.12,30.09,97.22,2.79,60.0,18.52,37.62,0.04,0.56,0.0,0.0,0.0,0.0,0.0,6.97,84.0,0.84,33.33,0.0,0.0,0.0,0.28,2.51,100.0,0,,0,,0,0.0,0.0,0.0,,,0.28,,,0.56,0.0,0.0,0.56,0,0.0
Hugo Garrison,Team 30,Team 30,"AMF, CF, LW",29,600000,2027-12-31,18,1509,2,3.51,1,1.18,9.54,44.38,Italy,Italy,right,178,65,yes,3.22,1.79,50.0,2.09,40.0,0.0,0.0,0.24,2.33,3.22,0.54,5,0.3,0,0.0,2.39,0.12,1,0.06,0.21,0,0.0,37,2.21,29.73,5.405,0.06,1.13,36.84,0.89,40.0,0.18,33.33,0.12,2.39,55.0,4.83,46.91,3.34,1.19,0.18,16.04,1.85,0.89,18.67,81.15,2.98,74.0,5.73,91.67,5.55,78.49,16.22,85.66,1.31,63.64,15.82,25.5,0.07,0.72,0.06,0.06,0.0,0.0,0.24,0.95,56.25,1.97,54.55,0.0,0.0,0.72,0.42,1.85,70.97,0,,0,,0,0.0,0.0,0.0,,,0.06,,,0.0,0.0,0.0,0.0,1,100.0
Tristan Faulkner,Team 56,Team 56,RCB,22,2000000,2028-11-30,2,195,1,0.22,0,0.0,6.0,46.15,Turkey,Turkey,right,189,78,yes,4.15,3.69,25.0,0.92,50.0,0.0,0.0,0.0,3.23,5.25,0.0,0,0.0,0,0.0,1.38,0.46,1,0.46,0.1,1,0.46,1,0.46,100.0,100.0,0.0,0.46,0.0,0.0,0.0,0.46,0.0,0.0,0.92,100.0,0.92,100.0,0.92,0.92,0.0,36.46,0.46,0.0,49.85,82.41,15.23,54.55,4.15,88.89,24.0,96.15,40.15,90.8,9.23,50.0,22.35,46.15,0.0,0.0,0.0,0.0,0.0,0.0,0.0,8.77,52.63,1.85,0.0,0.92,0.0,0.0,0.46,9.69,52.38,0,,0,,0,0.0,0.0,0.0,,,2.77,,,0.0,0.0,0.0,0.0,0,0.0
Jonas Waverley,Team 56,Team 56,LDMF,32,1300000,2027-12-31,3,184,0,0.24,0,0.0,15.16,41.94,France,"France, Italy",left,186,85,yes,7.83,6.85,42.86,3.42,42.86,0.49,0.86,0.0,4.4,7.71,2.93,0,0.0,0,0.0,0.49,0.0,0,0.0,0.12,0,0.0,2,0.98,0.0,0.0,0.0,0.49,0.0,0.49,0.0,0.0,0.0,0.0,0.98,50.0,3.42,28.57,1.96,0.0,0.0,38.15,0.49,0.49,50.38,87.38,14.67,80.0,5.87,100.0,19.57,87.5,46.96,90.63,2.93,50.0,15.56,37.85,0.0,0.0,0.0,0.0,0.0,0.0,0.0,6.85,78.57,0.49,0.0,0.0,0.0,0.49,0.0,2.93,83.33,0,,0,,0,0.0,0.0,0.0,,,0.98,,,0.0,0.0,0.0,0.0,0,0.0
Nathan Kren,Team 56,Team 56,GK,35,1000000,2026-11-30,18,1828,0,0.0,0,0.0,0.64,76.92,Romania,Romania,right,196,93,yes,1.82,0.05,0.0,0.3,100.0,0.0,0.0,0.0,1.82,2.99,0.0,0,0.0,0,0.0,0.0,0.0,0,0.0,0.0,0,0.0,0,0.0,0.0,0.0,0.0,0.0,0.0,0.0,0.0,0.0,0.0,0.0,0.0,0.0,0.1,50.0,0.0,0.0,0.0,8.32,0.2,0.2,17.08,78.96,10.63,68.52,0.05,100.0,5.81,95.76,10.09,96.1,6.99,54.23,32.46,47.04,0.0,0.0,0.0,0.0,0.0,0.0,0.0,1.48,43.33,0.05,0.0,0.0,0.0,0.0,0.0,5.37,60.55,21,1.03,94,4.63,4,77.66,25.63,1.26,4.63,0.228,0.0,1.18,0.3,,,,0.0,0,0.0
Jasper Ellwood,Team 56,Team 56,LAMF,27,900000,2027-11-30,18,1599,5,2.96,3,2.33,18.91,47.32,Argentina,"Argentina, Portugal",right,161,58,yes,4.56,5.07,51.11,0.68,25.0,0.17,0.28,0.06,1.8,2.95,1.35,3,0.17,0,0.0,5.18,0.28,5,0.28,0.17,0,0.0,33,1.86,42.42,15.152,0.17,4.67,27.71,4.22,29.33,0.45,12.5,0.45,5.4,57.29,12.1,46.05,2.36,2.48,0.23,21.33,2.25,2.2,28.76,73.19,5.07,66.67,6.81,90.91,11.31,68.66,22.51,83.25,1.91,55.88,19.27,36.75,0.13,1.41,0.0,0.0,0.0,0.0,0.62,1.63,55.17,3.88,46.38,0.0,0.0,0.84,1.63,4.84,80.23,0,,0,,0,0.0,0.0,0.0,,,0.0,,,0.0,0.0,0.0,0.06,0,0.0
Magnus Fenwick,Team 56,Team 56,"CF, RAMF",29,800000,2026-11-30,11,687,3,1.47,1,0.38,16.24,41.94,Serbia,Serbia,left,179,70,yes,3.93,2.62,75.0,3.8,37.93,0.39,0.63,0.52,1.57,2.54,1.05,3,0.39,0,0.0,1.18,0.39,3,0.39,0.19,0,0.0,15,1.97,40.0,20.0,0.13,0.52,0.0,0.13,0.0,0.39,0.0,0.0,1.44,27.27,6.81,40.38,3.28,0.39,0.26,9.83,1.05,2.1,13.76,67.62,4.45,50.0,3.54,85.19,2.49,63.16,13.1,71.0,0.13,0.0,13.42,3.28,0.05,0.26,0.0,0.0,0.0,0.0,0.13,1.57,33.33,0.79,16.67,0.0,0.0,0.52,0.0,1.44,54.55,0,,0,,0,0.0,0.0,0.0,,,0.0,,,0.0,0.0,0.0,0.0,0,0.0
Tobias Beaumont,Team 56,Team 56,RB,30,800000,2026-12-31,18,665,0,0.05,0,0.45,13.8,38.24,England,England,right,178,71,yes,3.79,4.2,35.48,1.49,27.27,0.0,0.0,0.14,2.3,3.75,1.62,2,0.27,0,0.0,1.76,0.0,0,0.0,0.01,0,0.0,2,0.27,0.0,0.0,0.0,2.3,35.29,0.14,0.0,2.17,37.5,0.54,2.57,36.84,6.5,41.67,0.54,1.62,0.0,18.41,0.95,1.49,26.12,82.38,8.39,77.42,4.47,93.94,8.8,80.0,22.2,88.41,1.89,71.43,15.34,18.02,0.06,0.68,0.0,0.0,0.0,0.0,0.54,2.71,95.0,2.57,52.63,0.27,50.0,0.54,0.68,4.87,69.44,0,,0,,0,0.0,0.0,0.0,,,0.68,,,0.0,0.0,0.0,0.14,0,0.0
Lars Blackwood,Team 56,Team 56,"AMF, CF, LWF",31,750000,2026-12-31,10,454,0,0.36,0,0.23,8.92,44.44,Czech Republic,Czech Republic,right,176,64,yes,4.76,3.17,50.0,0.99,20.0,0.0,0.0,0.2,3.17,5.58,1.39,0,0.0,0,0.0,0.59,0.0,0,0.0,0.07,0,0.0,8,1.59,12.5,0.0,0.0,1.19,0.0,0.79,0.0,0.4,0.0,0.4,0.79,50.0,3.57,50.0,1.59,0.79,0.0,20.81,1.19,1.59,28.94,77.4,9.52,62.5,3.77,100.0,8.52,81.4,25.97,80.92,1.78,77.78,16.21,15.33,0.04,0.99,0.0,0.0,0.2,0.0,0.2,4.76,79.17,1.98,60.0,0.2,0.0,1.19,0.0,5.55,71.43,0,,0,,0,0.0,0.0,0.0,,,0.0,,,0.79,0.2,0.0,1.98,0,0.0
Hugo Kensington,Team 56,Team 56,LCB,31,600000,2026-11-30,11,946,0,0.22,0,0.05,11.23,55.08,Ecuador,"Ecuador, Italy",right,186,77,yes,6.37,4.57,64.58,4.19,54.55,0.1,0.16,0.48,3.33,5.5,1.33,3,0.29,0,0.0,0.1,0.0,0,0.0,0.02,0,0.0,1,0.1,100.0,0.0,0.0,0.0,0.0,0.0,0.0,0.0,0.0,0.0,0.0,0.0,0.95,20.0,0.29,0.57,0.1,29.59,0.38,0.38,43.29,91.65,18.55,84.62,1.62,100.0,18.17,97.38,40.72,93.93,2.57,55.56,19.26,27.26,0.01,0.19,0.0,0.0,0.0,0.0,0.1,5.9,85.48,0.1,0.0,0.19,50.0,0.0,0.0,7.04,81.08,0,,0,,0,0.0,0.0,0.0,,,1.43,,,0.0,0.0,0.0,0.0,0,0.0
Damian Faulkner,Team 56,Team 56,CF,34,450000,2027-11-30,12,737,2,2.95,0,0.02,11.36,37.63,Finland,Finland,right,181,79,yes,1.47,0.98,62.5,4.76,38.46,0.0,0.0,0.12,0.85,1.44,0.12,1,0.12,1,0.12,1.34,0.24,2,0.24,0.36,1,0.12,17,2.08,29.41,11.765,0.0,0.24,50.0,0.24,50.0,0.0,0.0,0.0,1.1,55.56,3.79,41.94,2.81,0.37,0.0,9.53,1.34,1.22,12.09,72.73,1.95,31.25,3.54,86.21,3.79,70.97,11.6,74.74,0.24,0.0,13.01,7.15,0.0,0.24,0.0,0.0,0.0,0.0,0.0,0.85,57.14,0.61,20.0,0.0,0.0,0.12,0.12,0.49,50.0,0,,0,,0,0.0,0.0,0.0,,,0.0,,,0.0,0.0,0.0,0.0,0,0.0
Leo Halston,Team 56,Team 56,CF,34,400000,2026-11-30,5,432,3,2.45,0,0.04,16.04,31.17,Romania,Romania,right,179,73,yes,2.29,2.08,60.0,5.21,24.0,0.42,0.68,0.0,0.63,1.02,0.42,2,0.42,0,0.0,1.46,0.63,3,0.63,0.51,1,0.21,12,2.5,50.0,25.0,0.0,0.0,0.0,0.0,0.0,0.0,0.0,0.0,0.83,25.0,7.08,26.47,3.13,0.0,0.0,6.88,0.63,1.46,9.17,79.55,1.67,50.0,3.54,94.12,1.67,75.0,9.17,79.55,0.0,0.0,12.75,0.0,0.01,0.42,0.0,0.0,0.0,0.0,0.0,0.42,50.0,0.21,0.0,0.0,0.0,0.21,0.0,0.42,50.0,0,,0,,0,0.0,0.0,0.0,,,0.0,,,0.0,0.0,0.0,0.0,0,0.0
Bastien Faulkner,Team 56,Team 56,AMF,36,400000,2027-11-30,16,1448,2,2.48,4,3.61,10.81,38.51,Czech Republic,Czech Republic,left,174,70,yes,2.3,1.62,57.69,0.93,26.67,0.0,0.0,0.0,1.37,2.29,0.37,0,0.0,0,0.0,2.67,0.12,1,0.06,0.15,0,0.0,27,1.68,37.04,7.407,0.25,1.99,31.25,1.62,26.92,0.25,25.0,0.56,2.05,66.67,6.77,38.53,2.05,1.55,0.06,21.13,0.99,0.68,28.65,84.38,7.4,80.67,7.65,96.75,7.46,79.17,25.79,89.16,0.99,56.25,16.5,24.63,0.22,1.86,0.06,0.0,0.12,50.0,0.37,3.67,86.44,2.86,56.52,0.12,50.0,1.18,0.68,3.98,81.25,0,,0,,0,0.0,0.0,0.0,,,0.44,,,1.24,0.06,0.0,2.24,1,100.0
Tristan Valen,Team 56,Team 56,RB,33,400000,2026-12-31,2,142,0,0.1,0,0.0,12.04,57.89,South Korea,South Korea,left,184,79,yes,7.61,6.34,60.0,1.9,66.67,0.0,0.0,0.0,3.8,6.21,0.0,0,0.0,0,0.0,1.27,0.0,0,0.0,0.07,0,0.0,1,0.63,100.0,0.0,0.0,0.63,0.0,0.0,0.0,0.63,0.0,0.0,1.9,33.33,3.17,40.0,0.63,0.0,0.0,22.18,1.27,1.27,32.96,84.62,9.51,60.0,4.44,100.0,12.68,95.0,31.06,87.76,1.27,50.0,15.9,28.11,0.0,0.0,0.0,0.0,0.0,0.0,0.0,3.17,80.0,0.0,0.0,0.0,0.0,0.0,0.0,3.8,66.67,0,,0,,0,0.0,0.0,0.0,,,0.0,,,0.0,0.0,0.0,0.0,0,0.0
Aaron Calder,Team 56,Team 56,GK,29,300000,2026-12-31,2,121,0,0.0,0,0.0,0.0,0.0,Morocco,Morocco,left,191,85,yes,0.74,0.0,0.0,0.0,0.0,0.0,0.0,0.0,0.74,1.0,0.0,0,0.0,0,0.0,0.0,0.0,0,0.0,0.0,0,0.0,0,0.0,0.0,0.0,0.0,0.0,0.0,0.0,0.0,0.0,0.0,0.0,0.0,0.0,0.0,0.0,0.0,0.0,0.0,5.21,0.74,0.0,13.39,94.44,11.16,93.33,0.0,0.0,2.23,100.0,5.95,100.0,7.44,90.0,45.28,52.4,0.0,0.0,0.0,0.0,0.0,0.0,0.0,2.98,75.0,0.0,0.0,0.74,100.0,0.0,0.0,5.95,100.0,1,0.74,4,2.98,0,75.0,1.2,0.89,0.2,0.149,0.0,0.0,0.0,,,,0.0,0,0.0
Ethan Grantham,Team 56,Team 56,"LW, LAMF, RAMF",25,250000,2027-12-31,6,121,0,0.2,0,0.0,29.75,37.5,Argentina,Argentina,right,169,67,yes,14.13,11.16,46.67,2.23,66.67,0.0,0.0,0.0,8.93,16.36,2.98,2,1.49,0,0.0,1.49,0.0,0,0.0,0.15,0,0.0,3,2.23,33.33,0.0,0.0,3.72,0.0,1.49,0.0,2.23,0.0,0.74,3.72,20.0,16.36,27.27,1.49,0.74,0.0,20.83,2.98,3.72,29.75,67.5,5.95,50.0,7.44,80.0,8.18,63.64,24.55,81.82,1.49,0.0,18.98,13.73,0.0,0.0,0.0,0.0,0.0,0.0,0.0,2.98,50.0,2.23,33.33,0.0,0.0,0.74,0.0,3.72,60.0,0,,0,,0,0.0,0.0,0.0,,,0.0,,,0.0,0.0,0.0,0.0,0,0.0
Declan Sinclair,Team 56,Team 56,RCB,36,250000,2026-12-31,15,1293,0,0.19,0,0.05,10.23,66.67,South Korea,South Korea,right,191,88,yes,7.38,3.55,64.71,5.01,72.22,0.14,0.23,0.35,4.94,8.19,0.97,2,0.14,0,0.0,0.0,0.0,0,0.0,0.01,0,0.0,2,0.14,0.0,0.0,0.0,0.14,0.0,0.0,0.0,0.07,0.0,0.07,0.0,0.0,0.35,80.0,0.56,0.84,0.0,30.97,0.14,0.21,45.94,84.7,20.32,74.32,2.78,92.5,18.1,93.85,40.23,90.83,5.57,42.5,19.26,35.23,0.0,0.14,0.0,0.0,0.0,0.0,0.07,8.07,68.1,0.84,16.67,0.21,66.67,0.28,0.0,8.07,76.72,0,,0,,0,0.0,0.0,0.0,,,1.88,,,0.0,0.0,0.0,0.0,0,0.0
Noah Montague,Team 56,Team 56,"LB, LCB",31,200000,2026-12-31,13,609,0,0.11,0,0.0,13.45,46.15,Norway,Norway,left,185,86,yes,6.21,5.62,50.0,3.69,52.0,0.3,0.52,0.0,3.1,5.43,2.22,3,0.44,0,0.0,0.0,0.0,0,0.0,0.02,0,0.0,1,0.15,0.0,0.0,0.0,0.44,0.0,0.44,0.0,0.0,0.0,0.0,0.0,0.0,1.63,36.36,0.3,0.89,0.0,26.6,0.44,0.74,34.14,82.25,14.93,73.27,3.1,100.0,11.53,89.74,31.48,85.92,2.22,46.67,17.32,25.21,0.0,0.0,0.0,0.0,0.15,0.0,0.0,5.47,75.68,0.74,20.0,0.74,20.0,0.15,0.15,6.5,63.64,0,,0,,0,0.0,0.0,0.0,,,1.33,,,0.0,0.0,0.0,0.0,0,0.0
Emil Kitteridge,Team 56,Team 56,LCB,28,150000,2026-11-30,10,738,0,0.41,0,0.0,10.24,59.52,Denmark,Denmark,left,191,88,yes,8.41,4.76,58.97,3.29,62.96,0.61,0.93,0.98,5.0,7.64,1.22,3,0.37,0,0.0,0.12,0.0,0,0.0,0.05,0,0.0,1,0.12,0.0,0.0,0.0,0.0,0.0,0.0,0.0,0.0,0.0,0.0,0.24,50.0,0.61,80.0,0.37,0.85,0.0,25.61,0.37,0.37,39.27,88.51,13.54,79.28,1.71,85.71,19.27,94.94,36.34,91.61,2.93,50.0,19.31,27.94,0.0,0.0,0.0,0.0,0.0,0.0,0.0,4.51,70.27,0.12,0.0,0.12,0.0,0.0,0.0,6.1,72.0,0,,0,,0,0.0,0.0,0.0,,,1.34,,,0.0,0.0,0.0,0.0,0,0.0
Callum Clairmont,Team 56,Team 56,"RDMF, LDMF",28,100000,2027-12-31,16,1502,2,2.99,1,1.72,10.49,50.29,Hungary,Hungary,right,173,68,yes,4.13,4.49,54.67,0.84,28.57,0.06,0.1,0.0,1.62,2.64,1.92,4,0.24,0,0.0,0.66,0.12,1,0.06,0.18,0,0.0,13,0.78,30.77,15.385,0.06,0.54,0.0,0.18,0.0,0.3,0.0,0.0,0.6,70.0,3.66,49.18,0.96,0.54,0.0,30.14,0.3,1.44,38.29,89.67,9.59,81.25,6.59,93.64,15.94,92.11,35.11,93.52,2.7,55.56,17.87,27.23,0.1,1.14,0.18,0.0,0.0,0.0,0.12,5.99,84.0,1.38,52.17,0.3,20.0,0.78,0.06,4.73,81.01,0,,0,,0,0.0,0.0,0.0,,,0.3,,,0.36,0.0,0.0,1.98,1,100.0
Declan Holbrook,Team 56,Team 56,"RAMF, LAMF, RW",29,50000,2026-11-30,7,265,1,0.72,0,0.07,12.23,30.56,Croatia,Croatia,right,178,71,yes,3.4,3.06,55.56,1.02,33.33,0.0,0.0,0.34,1.7,2.42,0.0,0,0.0,0,0.0,1.02,0.34,1,0.34,0.24,0,0.0,5,1.7,20.0,20.0,0.0,1.7,0.0,1.02,0.0,0.68,0.0,0.68,1.7,40.0,5.43,31.25,2.38,2.04,0.68,12.91,2.38,0.68,15.28,77.78,1.7,60.0,5.09,86.67,4.42,69.23,12.57,89.19,1.02,66.67,17.54,7.53,0.02,0.34,0.0,0.0,0.34,0.0,0.0,0.34,100.0,1.36,25.0,0.34,0.0,0.68,0.0,1.36,100.0,0,,0,,0,0.0,0.0,0.0,,,0.34,,,0.0,0.0,0.0,0.0,0,0.0
Anton Vanderveer,Team 56,Team 56,LAMF,22,450000,2027-06-30,1,16,0,0.0,0,0.0,,,Scotland,Scotland,right,178,71,yes,,,,,,,0.0,,,0.0,,0,,0,,,,0,,,0,,0,,,0.0,,,,,,,,,,,,,,,,,,,,,,,,,,,,,,,11.87,0.0,,,,,,,,,,,,,,,,,,0,,0,,0,0.0,0.0,,,,,,,,,,,0,0.0
Jasper Kessler,Team 56,Team 56,"LDMF, RDMF, DMF",30,400000,2027-11-30,11,817,0,0.11,0,0.04,9.91,52.22,Chile,Chile,left,179,80,yes,5.95,3.97,52.78,1.76,68.75,0.22,0.33,0.22,3.64,5.44,1.43,3,0.33,0,0.0,0.33,0.0,0,0.0,0.01,0,0.0,5,0.55,0.0,0.0,0.0,0.11,0.0,0.0,0.0,0.11,0.0,0.0,0.44,75.0,3.19,44.83,0.33,0.44,0.22,21.7,0.22,0.77,33.93,81.17,12.89,63.25,5.73,98.08,10.8,93.88,30.18,87.23,3.64,33.33,16.72,28.83,0.0,0.33,0.0,0.0,0.11,0.0,0.0,5.84,75.47,0.77,28.57,0.44,25.0,0.22,0.0,5.84,67.92,0,,0,,0,0.0,0.0,0.0,,,0.44,,,0.0,0.0,0.0,0.0,0,0.0
Gabriel Crestwood,Team 56,Team 56,LB,21,300000,2026-11-30,17,1467,0,0.27,0,0.08,13.56,57.47,Cameroon,"Cameroon, Spain",left,178,68,yes,8.9,6.07,66.67,2.09,64.71,0.43,0.69,0.18,4.42,7.08,0.92,2,0.12,0,0.0,1.41,0.0,0,0.0,0.02,0,0.0,16,0.98,6.25,0.0,0.0,1.66,22.22,1.66,22.22,0.0,0.0,0.18,1.53,60.0,3.99,46.15,0.55,2.15,0.25,26.56,0.61,1.04,37.85,76.34,17.73,66.09,4.05,90.91,10.06,83.54,31.1,86.0,5.28,37.21,20.21,36.47,0.0,0.25,0.0,0.06,0.18,33.33,0.06,5.58,64.84,1.84,40.0,0.61,50.0,0.43,0.43,7.12,66.38,0,,0,,0,0.0,0.0,0.0,,,0.37,,,0.0,0.0,0.0,0.06,0,0.0
Florian Montague,Team 56,Team 56,"LDMF, RDMF, RCMF",23,650000,2027-11-30,5,185,0,0.01,1,0.37,9.73,45.0,Hungary,Hungary,right,186,77,yes,2.43,2.92,33.33,1.46,66.67,0.0,0.0,0.0,1.46,3.46,1.46,0,0.0,0,0.0,0.49,0.0,0,0.0,0.0,0,0.0,2,0.97,0.0,0.0,0.49,0.0,0.0,0.0,0.0,0.0,0.0,0.0,0.49,100.0,3.89,50.0,0.49,2.43,0.0,48.16,0.0,0.49,63.24,88.46,13.14,77.78,8.27,88.24,31.62,92.31,60.32,90.32,2.92,50.0,16.49,15.83,0.18,0.97,0.0,0.0,0.0,0.0,0.97,11.19,82.61,0.97,0.0,0.0,0.0,0.97,0.0,7.78,93.75,0,,0,,0,0.0,0.0,0.0,,,0.49,,,0.0,0.0,0.0,0.0,0,0.0
Kasper Oakley,Team 56,Team 56,LCB,24,650000,2027-07-31,2,195,0,0.0,0,0.0,11.54,56.0,Paraguay,Paraguay,right,189,77,yes,8.31,7.38,50.0,1.38,66.67,0.0,0.0,0.46,4.62,7.5,1.38,1,0.46,0,0.0,0.0,0.0,0,0.0,0.0,0,0.0,0,0.0,0.0,0.0,0.0,0.0,0.0,0.0,0.0,0.0,0.0,0.0,0.0,0.0,1.38,66.67,0.46,0.0,0.0,38.77,0.0,0.46,55.38,81.67,21.23,60.87,1.85,100.0,25.38,94.55,43.38,91.49,12.0,46.15,24.47,43.86,0.0,0.0,0.0,0.0,0.0,0.0,0.0,9.23,35.0,1.85,0.0,0.46,0.0,0.46,0.0,7.38,56.25,0,,0,,0,0.0,0.0,0.0,,,1.38,,,0.0,0.0,0.0,0.0,0,0.0
Felix Hensley,Team 56,Team 56,"RDMF, LDMF, RB",24,400000,2026-11-30,17,1179,2,1.07,0,0.27,18.7,47.76,Colombia,"Colombia, Spain",right,180,75,yes,8.24,7.48,52.04,4.58,55.0,0.23,0.37,0.46,4.12,6.64,2.06,5,0.38,0,0.0,1.15,0.15,2,0.15,0.08,2,0.15,14,1.07,28.57,14.286,0.0,1.68,36.36,0.15,0.0,1.53,40.0,0.15,0.92,25.0,4.5,40.68,1.22,0.76,0.08,19.08,0.69,1.91,25.73,77.15,9.54,69.6,3.28,88.37,7.63,83.0,21.53,82.27,2.67,60.0,17.19,30.63,0.02,0.31,0.0,0.0,0.0,0.0,0.15,4.12,70.37,1.37,44.44,0.08,0.0,0.08,0.61,3.89,68.63,0,,0,,0,0.0,0.0,0.0,,,0.15,,,0.15,0.15,0.0,0.0,0,0.0
Emil Yardley,Team 56,Team 56,"RB, LDMF",21,400000,2027-12-31,14,972,1,0.28,0,0.17,12.96,54.29,Paraguay,"Paraguay, Portugal",right,168,64,yes,8.43,6.39,57.97,1.85,50.0,0.37,0.57,0.09,4.35,6.65,1.48,2,0.19,0,0.0,0.46,0.09,1,0.09,0.03,1,0.09,5,0.46,20.0,20.0,0.0,0.28,33.33,0.0,0.0,0.28,33.33,0.0,0.46,60.0,2.59,53.57,0.28,0.56,0.0,18.8,0.65,1.11,28.98,82.75,9.54,72.82,5.0,90.74,9.35,86.14,27.13,85.67,1.67,44.44,15.84,27.11,0.02,0.28,0.0,0.0,0.0,0.0,0.09,2.41,76.92,0.74,75.0,0.0,0.0,0.37,0.0,3.8,48.78,0,,0,,0,0.0,0.0,0.0,,,0.37,,,0.0,0.0,0.0,0.0,0,0.0
Marcus Callow,Team 56,Team 56,RAMF,25,400000,2028-11-30,16,1336,4,2.24,2,1.72,18.19,42.22,Argentina,Argentina,right,176,69,yes,3.91,3.84,47.37,1.41,38.1,0.07,0.11,0.0,2.02,3.42,1.08,3,0.2,0,0.0,4.04,0.27,4,0.27,0.15,1,0.07,40,2.69,30.0,10.0,0.13,1.55,43.48,0.13,50.0,1.41,42.86,0.34,5.05,48.0,10.71,42.77,1.01,2.43,0.2,18.12,1.35,1.95,22.7,78.04,5.86,64.37,6.0,93.26,7.88,82.05,19.6,82.47,1.62,54.17,18.48,30.0,0.12,1.01,0.0,0.0,0.2,66.67,0.4,2.96,63.64,2.16,59.38,0.27,50.0,0.67,0.81,3.91,72.41,0,,0,,0,0.0,0.0,0.0,,,0.2,,,0.0,0.0,0.0,0.13,0,0.0
Finnegan Redmond,Team 56,Team 56,CF,18,450000,,7,220,1,0.8,0,0.2,20.05,28.57,Ukraine,"Ukraine, Germany",right,182,79,yes,5.73,4.09,60.0,6.14,20.0,0.41,0.71,0.0,2.86,5.0,0.82,2,0.82,0,0.0,1.64,0.41,1,0.41,0.33,0,0.0,3,1.23,33.33,33.333,0.0,0.0,0.0,0.0,0.0,0.0,0.0,0.0,2.05,60.0,7.36,22.22,1.64,0.41,0.0,6.14,0.41,0.82,10.64,80.77,2.86,85.71,2.45,100.0,3.27,87.5,10.23,84.0,0.41,0.0,8.48,1.47,0.08,1.23,0.0,0.0,0.0,0.0,0.0,1.23,100.0,0.0,0.0,0.0,0.0,0.41,0.0,1.23,66.67,0,,0,,0,0.0,0.0,0.0,,,0.0,,,0.0,0.0,0.0,0.0,0,0.0
Nikolai Winterbottom,Team 56,Team 56,RCB,18,450000,,1,16,0,0.0,0,0.0,,,Turkey,Turkey,right,189,83,yes,,,,,,,0.0,,,15.0,,0,,0,,,,0,,,0,,0,,,0.0,,,,,,,,,,,,,,,,,,,,,,,,,,,,,,,21.18,0.0,,,,,,,,,,,,,,,,,,0,,0,,0,0.0,0.0,,,,,,,,,,,0,0.0
Tobias Whitmore,Team 33,Team 33,CF,35,900000,2026-12-31,19,1643,11,8.79,4,2.2,17.53,41.88,Croatia,Croatia,right,179,76,yes,4.05,3.56,47.69,5.86,38.32,0.11,0.16,0.16,2.25,3.19,1.7,3,0.16,0,0.0,2.3,0.6,11,0.6,0.48,1,0.05,46,2.52,32.61,23.913,0.22,1.21,50.0,0.66,66.67,0.55,30.0,0.16,1.15,71.43,5.48,48.0,3.89,0.77,0.11,12.38,1.97,1.7,17.75,71.3,4.38,50.0,4.27,88.46,5.37,74.49,15.72,74.22,0.99,55.56,16.23,18.51,0.12,1.26,0.0,0.0,0.11,50.0,0.44,2.41,61.36,1.59,41.38,0.16,33.33,0.66,0.44,2.63,75.0,0,,0,,0,0.0,0.0,0.0,,,0.05,,,0.11,0.11,0.0,0.0,0,0.0
Roman Underwood,Team 33,Team 33,"RCMF, RDMF",28,800000,2026-12-31,15,1098,1,2.12,0,0.01,15.41,60.64,Senegal,"Senegal, Portugal",right,187,80,yes,7.54,6.15,65.33,5.25,67.19,0.08,0.12,0.49,3.44,5.12,1.31,3,0.25,1,0.08,0.98,0.08,1,0.08,0.17,0,0.0,23,1.89,21.74,4.348,0.0,1.23,20.0,0.0,0.0,1.23,20.0,0.08,0.41,80.0,2.3,35.71,2.21,0.57,0.0,19.84,0.66,0.66,30.0,78.69,9.67,61.02,5.0,91.8,11.56,91.49,25.57,86.86,3.36,34.15,19.46,34.27,0.0,0.16,0.08,0.0,0.0,0.0,0.16,5.41,71.21,0.9,36.36,0.16,0.0,0.08,0.25,4.84,76.27,0,,0,,0,0.0,0.0,0.0,,,0.25,,,0.0,0.0,0.0,0.08,0,0.0
Cillian Underwood,Team 33,Team 33,"LAMF, LW, RAMF",25,700000,2026-12-31,19,1315,1,1.71,1,1.87,16.02,48.29,Morocco,Morocco,right,174,65,yes,2.94,2.94,55.81,1.1,31.25,0.14,0.19,0.07,1.16,1.61,0.89,0,0.0,0,0.0,4.52,0.07,1,0.07,0.12,0,0.0,16,1.1,37.5,6.25,0.07,3.63,30.19,2.19,34.38,1.44,23.81,0.27,4.65,64.71,10.95,48.75,2.33,2.33,0.55,15.13,1.44,1.98,21.08,70.78,5.82,64.71,4.31,90.48,6.09,57.3,16.08,82.98,1.51,31.82,17.08,28.95,0.13,0.75,0.07,0.14,0.0,0.0,0.55,2.12,58.06,3.49,50.98,0.14,0.0,1.03,1.23,4.04,77.97,0,,0,,0,0.0,0.0,0.0,,,0.07,,,0.0,0.0,0.0,0.07,0,0.0
Jasper Hensley,Team 33,Team 33,"AMF, CF, LWF",33,700000,2026-11-30,13,329,0,1.05,0,0.59,13.13,41.67,Portugal,Portugal,right,170,68,yes,5.74,4.65,70.59,3.56,23.08,0.55,0.98,0.0,1.91,3.44,1.09,2,0.55,0,0.0,1.37,0.0,0,0.0,0.29,0,0.0,7,1.91,14.29,0.0,0.0,2.74,10.0,0.82,0.0,1.91,14.29,0.0,1.37,40.0,4.1,33.33,2.74,0.27,0.27,21.88,0.82,0.82,26.53,74.23,8.48,64.52,4.65,100.0,8.75,71.88,22.16,80.25,1.64,100.0,20.84,16.05,0.16,1.64,0.0,0.0,0.55,50.0,0.27,3.28,75.0,3.01,36.36,0.27,0.0,1.09,0.55,4.65,94.12,0,,0,,0,0.0,0.0,0.0,,,0.0,,,3.28,0.27,100.0,4.65,0,0.0
Finnegan Thornton,Team 33,Team 33,"RDMF, LCMF, RCMF",29,700000,2027-12-31,16,1199,2,1.64,0,1.14,8.93,47.06,Italy,Italy,right,171,63,yes,5.4,3.38,57.78,0.75,30.0,0.15,0.21,0.45,3.3,4.66,0.9,4,0.3,0,0.0,1.28,0.15,2,0.15,0.12,0,0.0,17,1.28,52.94,11.765,0.0,0.53,28.57,0.08,0.0,0.45,33.33,0.08,0.9,50.0,3.45,43.48,1.13,1.05,0.0,26.8,0.68,0.45,39.03,83.46,11.03,70.75,5.63,89.33,18.47,89.02,34.3,87.53,4.28,57.89,20.27,27.62,0.09,0.6,0.0,0.0,0.0,0.0,0.38,6.38,77.65,1.28,47.06,0.0,0.0,0.83,0.08,6.53,73.56,0,,0,,0,0.0,0.0,0.0,,,0.45,,,0.0,0.0,0.0,0.08,0,0.0
Anton Dunmore,Team 33,Team 33,GK,32,600000,2027-12-31,12,1138,0,0.0,0,0.0,0.63,87.5,Belgium,"Belgium, Spain",right,192,92,yes,0.55,0.16,50.0,0.32,100.0,0.0,0.0,0.0,0.47,0.7,0.08,1,0.08,0,0.0,0.0,0.0,0,0.0,0.0,0,0.0,0,0.0,0.0,0.0,0.0,0.0,0.0,0.0,0.0,0.0,0.0,0.0,0.0,0.0,0.08,100.0,0.0,0.0,0.0,5.54,0.16,0.24,12.18,77.92,6.56,63.86,0.0,0.0,5.14,95.38,7.43,94.68,4.59,53.45,38.04,57.13,0.0,0.0,0.0,0.0,0.0,0.0,0.0,2.14,40.74,0.16,50.0,0.08,0.0,0.08,0.0,3.01,65.79,10,0.79,34,2.69,3,70.59,8.71,0.69,-1.29,-0.102,0.0,2.29,0.32,,,,0.0,0,0.0
Henry Davenport,Team 33,Team 33,"LDMF, LCMF",24,400000,2027-12-31,17,1285,1,2.38,0,0.29,11.56,55.76,Denmark,Denmark,right,176,70,yes,7.42,4.9,60.0,3.64,46.15,0.35,0.49,0.42,4.13,5.78,1.47,2,0.14,0,0.0,0.77,0.07,0,0.0,0.17,0,0.0,17,1.19,17.65,5.882,0.0,0.35,40.0,0.35,40.0,0.0,0.0,0.0,0.49,85.71,2.24,65.63,1.4,0.63,0.07,15.83,0.21,1.26,23.32,83.18,7.42,71.7,3.22,93.48,9.67,89.13,21.01,87.67,1.96,42.86,18.31,28.73,0.02,0.35,0.0,0.0,0.0,0.0,0.14,3.22,67.39,0.7,50.0,0.21,33.33,0.28,0.14,3.08,72.73,0,,0,,0,0.0,0.0,0.0,,,0.14,,,0.0,0.0,0.0,0.0,1,100.0
Bastien Ellwood,Team 33,Team 33,RB,30,400000,2026-11-30,12,1030,0,0.23,1,1.16,11.71,58.96,Ghana,Ghana,right,183,79,yes,7.51,5.16,59.32,2.88,69.7,0.17,0.24,0.35,4.28,5.76,1.4,5,0.44,0,0.0,0.61,0.0,0,0.0,0.02,0,0.0,3,0.26,0.0,0.0,0.09,2.01,26.09,0.0,0.0,1.83,28.57,0.35,0.35,25.0,2.36,51.85,0.52,1.14,0.17,23.33,0.79,1.05,32.42,79.78,14.33,74.39,3.5,97.5,10.4,80.67,26.91,87.34,3.67,52.38,19.04,36.1,0.1,0.61,0.0,0.0,0.0,0.0,0.26,4.89,75.0,1.92,22.73,0.35,0.0,0.09,0.61,7.51,72.09,0,,0,,0,0.0,0.0,0.0,,,0.7,,,0.09,0.0,0.0,0.0,0,0.0
Aaron Somerset,Team 33,Team 33,"RB, RCB",25,350000,2026-12-31,9,611,0,0.05,0,0.31,9.72,54.55,Austria,Austria,right,182,81,yes,7.81,5.16,40.0,2.65,77.78,0.0,0.0,0.44,5.74,8.48,1.47,2,0.29,0,0.0,0.59,0.0,0,0.0,0.01,0,0.0,2,0.29,0.0,0.0,0.0,0.59,0.0,0.0,0.0,0.59,0.0,0.0,0.74,80.0,0.88,83.33,0.15,1.33,0.15,37.71,0.44,0.44,48.02,83.13,23.86,74.07,2.8,100.0,18.12,92.68,39.18,90.6,8.25,53.57,23.14,35.69,0.05,0.44,0.0,0.0,0.0,0.0,0.0,10.61,70.83,1.91,46.15,0.74,60.0,0.74,0.0,11.93,83.95,0,,0,,0,0.0,0.0,0.0,,,0.29,,,0.0,0.0,0.0,0.0,0,0.0
Dara Somerset,Team 33,Team 33,"LW, RDMF, RCMF",36,300000,2026-11-30,3,58,0,0.0,0,0.0,13.97,44.44,Wales,"Wales, France",right,175,76,yes,3.1,7.76,40.0,3.1,0.0,0.0,0.0,0.0,0.0,0.0,1.55,0,0.0,0,0.0,0.0,0.0,0,0.0,0.0,0,0.0,0,0.0,0.0,0.0,0.0,0.0,0.0,0.0,0.0,0.0,0.0,0.0,0.0,0.0,1.55,100.0,0.0,0.0,0.0,1.55,0.0,1.55,12.41,75.0,4.66,66.67,3.1,100.0,1.55,0.0,12.41,75.0,0.0,0.0,16.21,0.0,0.0,0.0,0.0,0.0,0.0,0.0,0.0,3.1,50.0,1.55,0.0,0.0,0.0,0.0,0.0,1.55,100.0,0,,0,,0,0.0,0.0,0.0,,,1.55,,,0.0,0.0,0.0,0.0,0,0.0
Simon Halston,Team 33,Team 33,GK,31,300000,2027-12-31,9,888,0,0.0,0,0.0,0.81,75.0,Colombia,"Colombia, Portugal",right,192,82,yes,2.23,0.2,50.0,0.41,75.0,0.0,0.0,0.0,2.13,2.97,0.0,0,0.0,0,0.0,0.0,0.0,0,0.0,0.0,0,0.0,0,0.0,0.0,0.0,0.0,0.0,0.0,0.0,0.0,0.0,0.0,0.0,0.0,0.0,0.2,100.0,0.0,0.0,0.0,5.68,0.2,0.0,12.77,94.44,6.28,88.71,0.0,0.0,5.47,100.0,10.54,97.12,2.23,81.82,26.44,41.64,0.0,0.0,0.0,0.0,0.0,0.0,0.0,0.3,33.33,0.0,0.0,0.0,0.0,0.0,0.0,2.23,90.91,9,0.91,29,2.94,3,68.97,9.41,0.95,0.41,0.042,0.0,1.72,0.41,,,,0.0,0,0.0
Caleb Brecken,Team 33,Team 33,"LCB, CB",35,250000,2027-12-31,3,289,0,0.14,0,0.01,5.92,63.16,United States,United States,left,186,89,yes,6.23,2.49,87.5,2.49,37.5,0.0,0.0,0.62,4.05,5.49,0.0,0,0.0,0,0.0,0.62,0.0,0,0.0,0.04,0,0.0,1,0.31,0.0,0.0,0.0,0.62,100.0,0.62,100.0,0.0,0.0,0.0,0.0,0.0,0.62,50.0,0.0,0.0,0.31,29.58,0.62,0.31,43.91,84.4,18.37,71.19,1.25,75.0,21.49,94.2,33.63,95.37,9.65,45.16,25.76,43.92,0.0,0.31,0.0,0.0,0.0,0.0,0.0,10.28,63.64,1.25,25.0,0.31,0.0,0.0,0.62,10.28,78.79,0,,0,,0,0.0,0.0,0.0,,,0.62,,,0.31,0.31,0.0,0.0,0,0.0
Lucas Pemberton,Team 33,Team 33,LB,35,250000,2026-11-30,3,300,1,0.63,0,0.31,10.2,79.41,England,"England, France",left,176,74,yes,6.6,4.2,85.71,2.4,75.0,0.3,0.41,0.3,2.7,3.65,0.6,0,0.0,0,0.0,2.7,0.3,1,0.3,0.19,1,0.3,1,0.3,100.0,100.0,0.0,3.9,53.85,3.9,53.85,0.0,0.0,0.6,0.3,100.0,2.1,85.71,1.2,1.2,0.3,35.1,1.2,1.5,45.3,83.44,16.5,74.55,7.8,100.0,14.7,87.76,38.1,90.55,3.3,36.36,18.0,30.99,0.09,1.2,0.0,0.0,0.0,0.0,0.6,5.4,83.33,3.6,58.33,0.0,0.0,0.3,1.8,7.2,83.33,0,,0,,0,0.0,0.0,0.0,,,1.5,,,0.0,0.0,0.0,0.0,0,0.0
Erik Oakley,Team 33,Team 33,"RW, RAMF",26,175000,2027-12-31,7,181,0,0.0,0,0.01,17.9,41.67,Brazil,Brazil,right,175,64,yes,8.45,4.48,44.44,4.48,33.33,0.0,0.0,0.0,6.46,11.47,0.99,1,0.5,0,0.0,2.49,0.0,0,0.0,0.0,0,0.0,1,0.5,100.0,0.0,0.0,2.49,20.0,0.0,0.0,2.49,20.0,0.0,2.98,50.0,8.95,44.44,1.49,2.98,0.5,18.4,2.49,1.49,21.88,68.18,4.97,80.0,4.97,100.0,6.96,42.86,19.39,74.36,0.5,0.0,15.18,9.02,0.0,0.99,0.0,0.0,0.0,0.0,0.5,1.49,33.33,2.98,66.67,0.0,0.0,1.99,0.5,2.98,83.33,0,,0,,0,0.0,0.0,0.0,,,0.0,,,0.5,0.0,0.0,0.0,0,0.0
Damian Monroe,Team 33,Team 33,"RW, LAMF, CF",29,100000,2026-11-30,5,95,0,0.01,1,0.18,18.0,36.84,Brazil,Brazil,right,188,84,yes,7.58,8.53,44.44,2.84,66.67,0.0,0.0,0.95,3.79,5.71,2.84,1,0.95,0,0.0,1.89,0.0,0,0.0,0.01,0,0.0,1,0.95,100.0,0.0,0.95,1.89,50.0,0.95,0.0,0.95,100.0,0.0,0.0,0.0,3.79,25.0,0.0,0.95,0.0,16.11,0.0,0.0,22.74,83.33,0.95,100.0,3.79,100.0,8.53,66.67,18.95,90.0,1.89,50.0,12.37,16.2,0.17,0.95,0.0,0.0,0.0,0.0,0.95,0.95,100.0,2.84,33.33,0.95,0.0,0.0,0.95,2.84,66.67,0,,0,,0,0.0,0.0,0.0,,,0.0,,,0.0,0.0,0.0,0.0,0,0.0
Noah Waverley,Team 33,Team 33,"RW, LW, LB",27,100000,2029-12-31,3,92,0,0.28,0,0.08,18.59,57.89,United States,United States,left,182,73,yes,8.8,4.89,100.0,2.93,33.33,0.0,0.0,0.0,3.91,5.22,0.0,0,0.0,0,0.0,6.85,0.0,0,0.0,0.27,0,0.0,2,1.96,0.0,0.0,0.0,7.83,37.5,5.87,50.0,1.96,0.0,1.96,5.87,66.67,7.83,62.5,2.93,2.93,0.0,19.57,2.93,0.0,34.24,71.43,8.8,77.78,8.8,100.0,11.74,50.0,25.43,84.62,1.96,50.0,15.04,24.14,0.08,0.98,0.0,0.0,0.0,0.0,0.98,2.93,100.0,8.8,44.44,0.0,0.0,2.93,1.96,6.85,100.0,0,,0,,0,0.0,0.0,0.0,,,0.0,,,0.98,0.0,0.0,1.96,0,0.0
Bastien Oakley,Team 33,Team 33,"RCB, LCB",31,50000,2026-12-31,9,758,0,0.0,0,0.0,11.16,60.64,Norway,"Norway, Spain",both,190,79,yes,7.6,4.75,62.5,4.16,54.29,0.12,0.17,0.47,4.51,6.59,1.07,1,0.12,0,0.0,0.0,0.0,0,0.0,0.0,0,0.0,0,0.0,0.0,0.0,0.0,0.0,0.0,0.0,0.0,0.0,0.0,0.0,0.0,0.0,0.47,50.0,0.12,0.47,0.0,23.75,0.0,0.47,36.21,88.2,15.32,82.17,0.95,87.5,18.76,94.3,30.99,91.95,5.22,65.91,23.81,34.74,0.0,0.24,0.0,0.0,0.0,0.0,0.0,4.99,71.43,0.24,50.0,0.12,0.0,0.0,0.0,7.84,75.76,0,,0,,0,0.0,0.0,0.0,,,0.59,,,0.0,0.0,0.0,0.0,0,0.0
Soren Stansfield,Team 33,Team 33,CF,21,400000,2027-02-28,1,16,0,0.57,0,0.0,,,Nigeria,Nigeria,right,185,82,yes,,,,,,,0.0,,,30.0,,0,,0,,,,0,,,0,,2,,,0.0,,,,,,,,,,,,,,,,,,,,,,,,,,,,,,,16.29,0.0,,,,,,,,,,,,,,,,,,0,,0,,0,0.0,0.0,,,,,,,,,,,0,0.0
Elias Hensley,Team 33,Team 33,RAMF,25,350000,2026-12-31,1,53,0,0.0,0,0.0,16.98,50.0,Hungary,Hungary,right,177,72,yes,11.89,11.89,57.14,1.7,0.0,1.7,2.31,0.0,3.4,4.62,6.79,1,1.7,0,0.0,1.7,0.0,0,0.0,0.0,0,0.0,0,0.0,0.0,0.0,0.0,8.49,20.0,0.0,0.0,8.49,20.0,0.0,0.0,0.0,1.7,100.0,5.09,0.0,0.0,30.57,8.49,1.7,39.06,65.22,11.89,71.43,3.4,100.0,18.68,63.64,28.87,82.35,1.7,0.0,23.85,6.65,0.0,1.7,0.0,0.0,0.0,0.0,0.0,1.7,100.0,3.4,0.0,0.0,0.0,0.0,1.7,6.79,75.0,0,,0,,0,0.0,0.0,0.0,,,0.0,,,0.0,0.0,0.0,0.0,0,0.0
Malcolm Huntington,Team 33,Team 33,"LW, LAMF, LB",21,350000,2028-12-31,7,457,1,0.78,0,0.3,13.19,55.22,Chile,Chile,left,177,70,yes,5.32,3.94,75.0,1.97,40.0,0.2,0.26,0.0,2.17,2.89,0.59,2,0.39,0,0.0,3.94,0.2,1,0.2,0.15,0,0.0,8,1.58,62.5,12.5,0.0,3.94,25.0,3.15,31.25,0.79,0.0,0.39,2.95,66.67,6.11,48.39,0.59,1.38,0.0,16.74,0.79,1.58,23.44,72.27,6.11,51.61,5.12,100.0,8.07,70.73,18.51,85.11,0.98,20.0,28.41,12.92,0.06,0.79,0.0,0.0,0.0,0.0,0.59,2.95,60.0,3.74,36.84,0.39,0.0,0.39,0.98,3.35,82.35,0,,0,,0,0.0,0.0,0.0,,,0.0,,,0.59,0.59,33.33,1.38,0,0.0
Damian Drayton,Team 33,Team 33,"RAMF, RWF",24,300000,2026-11-30,5,93,0,0.0,0,0.06,31.94,39.39,Spain,Spain,left,174,68,yes,4.84,4.84,60.0,7.74,25.0,0.0,0.0,0.0,1.94,6.0,0.97,0,0.0,0,0.0,1.94,0.0,0,0.0,0.0,0,0.0,1,0.97,0.0,0.0,0.0,0.0,0.0,0.0,0.0,0.0,0.0,0.0,3.87,50.0,16.45,35.29,0.97,2.9,0.0,15.48,0.0,7.74,16.45,82.35,2.9,66.67,3.87,100.0,7.74,75.0,16.45,82.35,0.0,0.0,11.53,0.0,0.06,1.94,0.0,0.0,0.0,0.0,0.97,0.97,100.0,1.94,0.0,0.0,0.0,0.0,0.0,0.97,100.0,0,,0,,0,0.0,0.0,0.0,,,0.0,,,0.0,0.0,0.0,0.97,0,0.0
Julian Ravensdale,Team 33,Team 33,LB,20,350000,2027-12-31,15,1527,0,0.79,1,1.26,13.08,53.6,Wales,Wales,left,177,76,yes,6.72,5.66,53.13,3.3,55.36,0.24,0.35,0.06,3.48,5.12,1.0,1,0.06,0,0.0,2.12,0.0,0,0.0,0.05,0,0.0,11,0.65,27.27,0.0,0.06,3.77,26.56,3.77,26.56,0.0,0.0,0.35,1.3,68.18,3.18,53.7,1.47,1.47,0.18,22.99,2.0,1.06,30.47,70.02,11.79,62.0,5.3,95.56,9.49,74.53,24.11,78.24,3.06,59.62,20.84,34.33,0.07,0.71,0.12,0.0,0.06,100.0,0.35,2.95,62.0,2.95,34.0,0.12,50.0,0.24,0.88,6.48,63.64,0,,0,,0,0.0,0.0,0.0,,,0.35,,,0.29,0.0,0.0,0.71,0,0.0
Jonas Harrington,Team 33,Team 33,"RW, RAMF, LW",22,250000,2028-12-31,14,675,2,1.24,0,1.13,16.8,41.27,Iceland,Iceland,right,175,69,yes,4.67,5.6,40.48,1.6,16.67,0.27,0.41,0.0,2.13,3.31,2.13,2,0.27,0,0.0,2.8,0.27,2,0.27,0.17,0,0.0,14,1.87,42.86,14.286,0.0,1.47,18.18,0.27,0.0,1.2,22.22,0.27,3.07,56.52,8.27,48.39,2.4,3.07,0.53,20.67,1.33,1.6,24.8,81.18,6.67,76.0,6.4,97.92,8.13,81.97,21.87,87.2,1.6,50.0,18.55,24.49,0.15,1.33,0.13,0.0,0.0,0.0,0.8,1.73,61.54,2.53,52.63,0.13,0.0,1.33,0.27,4.13,83.87,0,,0,,0,0.0,0.0,0.0,,,0.0,,,0.13,0.0,0.0,0.13,0,0.0
Nathan Bradford,Team 33,Team 33,"AMF, CF",24,500000,2028-12-31,20,1678,5,4.52,7,6.91,11.53,43.72,Belgium,Belgium,right,175,64,yes,4.18,3.11,58.62,1.93,22.22,0.05,0.08,0.11,2.31,3.26,0.7,1,0.05,0,0.0,2.47,0.27,3,0.16,0.24,0,0.0,32,1.72,37.5,15.625,0.38,2.15,45.0,0.38,42.86,1.77,45.45,0.21,1.45,55.56,4.99,41.94,1.93,2.31,0.27,20.65,1.5,1.61,27.14,74.31,8.21,61.44,5.2,92.78,9.44,83.52,23.38,78.67,1.88,51.43,18.71,33.8,0.37,2.41,0.05,0.05,0.27,20.0,1.13,3.75,68.57,3.16,59.32,0.38,42.86,1.34,1.02,5.26,77.55,0,,0,,0,0.0,0.0,0.0,,,0.0,,,1.82,0.21,25.0,3.49,2,100.0
Nathan Aldridge,Team 33,Team 33,LCB,27,250000,2027-12-31,19,1750,0,1.28,0,0.09,11.37,61.09,Wales,Wales,left,183,79,yes,7.46,4.58,62.92,4.06,67.09,0.15,0.22,0.87,4.42,6.32,1.59,2,0.1,0,0.0,0.31,0.0,0,0.0,0.07,0,0.0,10,0.51,30.0,0.0,0.0,0.46,22.22,0.46,22.22,0.0,0.0,0.0,0.15,33.33,1.85,41.67,0.57,0.93,0.0,30.5,0.21,0.72,44.33,84.45,18.72,73.35,1.95,92.11,20.67,94.28,38.83,90.46,5.04,43.88,21.5,36.19,0.0,0.21,0.0,0.05,0.0,0.0,0.05,7.61,77.03,0.82,12.5,0.41,12.5,0.05,0.1,9.15,69.66,0,,0,,0,0.0,0.0,0.0,,,1.18,,,0.0,0.0,0.0,0.0,0,0.0
Ethan Ashford,Team 33,Team 33,"LDMF, CF, RCMF",25,400000,2028-12-31,19,924,3,2.21,2,1.33,16.56,48.82,Cameroon,Cameroon,right,174,70,yes,4.68,4.77,63.27,1.07,18.18,0.0,0.0,0.29,1.66,2.58,0.97,3,0.29,0,0.0,3.7,0.29,3,0.29,0.21,0,0.0,30,2.92,33.33,10.0,0.19,1.07,45.45,0.39,50.0,0.68,42.86,0.1,3.02,64.52,10.13,46.15,2.05,3.02,0.39,26.2,0.58,1.56,33.21,88.86,6.92,74.65,6.33,96.92,16.46,93.49,30.49,90.73,1.66,82.35,18.96,23.68,0.13,0.88,0.1,0.0,0.39,75.0,0.49,3.9,87.5,1.75,72.22,0.49,60.0,1.27,0.49,3.7,76.32,0,,0,,0,0.0,0.0,0.0,,,0.49,,,0.29,0.1,0.0,0.29,0,0.0
Ethan Sinclair,Team 33,Team 33,CF,34,350000,2026-11-30,18,502,3,1.97,0,0.3,18.82,39.05,Serbia,Serbia,right,186,72,yes,3.94,4.3,50.0,8.07,31.11,0.0,0.0,0.0,1.79,3.19,1.25,1,0.18,0,0.0,1.25,0.54,3,0.54,0.35,3,0.54,13,2.33,46.15,23.077,0.0,0.36,0.0,0.0,0.0,0.36,0.0,0.18,0.9,20.0,5.02,46.43,3.23,0.18,0.0,9.14,0.72,2.33,12.73,76.06,3.23,66.67,3.59,95.0,3.59,85.0,12.01,77.61,0.36,100.0,15.7,3.48,0.05,0.36,0.0,0.0,0.0,0.0,0.36,0.9,80.0,0.9,60.0,0.18,100.0,0.72,0.0,1.08,50.0,0,,0,,0,0.0,0.0,0.0,,,0.0,,,0.0,0.0,0.0,0.0,0,0.0
Gabriel Halston,Team 33,Team 33,RCB,27,250000,2027-03-31,7,653,0,1.13,0,0.05,8.13,64.41,South Korea,South Korea,right,190,82,yes,8.27,4.0,68.97,3.31,62.5,0.14,0.21,1.52,5.38,8.13,0.96,2,0.28,0,0.0,0.14,0.0,0,0.0,0.16,0,0.0,4,0.55,0.0,0.0,0.0,0.14,100.0,0.0,0.0,0.14,100.0,0.0,0.0,0.0,0.28,100.0,0.83,0.41,0.14,30.18,0.69,0.55,45.62,91.84,12.13,77.27,1.93,100.0,29.63,97.67,41.49,97.01,4.0,37.93,23.63,42.91,0.01,0.28,0.0,0.0,0.0,0.0,0.0,4.69,76.47,0.28,50.0,0.0,0.0,0.0,0.14,4.69,85.29,0,,0,,0,0.0,0.0,0.0,,,1.38,,,0.0,0.0,0.0,0.0,0,0.0
Fabian Lowell,Team 6,Team 6,"AMF, CF, LAMF",27,1000000,2026-12-31,19,1601,3,4.33,2,1.52,17.71,46.35,Albania,Albania,left,181,75,yes,5.17,4.1,56.16,2.7,37.5,0.11,0.15,0.11,2.75,3.79,1.41,3,0.17,0,0.0,1.86,0.17,3,0.17,0.24,1,0.06,34,1.91,35.29,8.824,0.11,1.07,15.79,0.84,6.67,0.22,50.0,0.34,2.19,43.59,8.83,42.68,3.09,2.02,0.28,18.04,1.01,1.97,22.94,79.17,6.69,65.55,4.05,95.83,8.04,79.72,20.35,84.25,1.63,51.72,17.04,27.08,0.09,0.84,0.0,0.0,0.11,50.0,0.51,3.77,68.66,1.8,28.13,0.45,37.5,0.9,0.34,3.09,72.73,0,,0,,0,0.0,0.0,0.0,,,0.06,,,0.0,0.0,0.0,0.06,0,0.0
Jonas Barton,Team 6,Team 6,RDMF,26,800000,2026-11-30,8,387,0,0.19,0,0.05,12.33,52.83,Belgium,Belgium,right,182,80,yes,7.44,6.28,51.85,1.16,60.0,0.23,0.31,0.23,3.95,5.26,2.09,1,0.23,0,0.0,0.47,0.0,0,0.0,0.04,0,0.0,3,0.7,33.33,0.0,0.0,0.47,0.0,0.0,0.0,0.47,0.0,0.23,0.47,50.0,3.26,57.14,0.7,0.0,0.23,18.14,0.93,1.63,27.44,87.29,8.6,78.38,5.35,100.0,8.6,89.19,25.81,90.99,1.16,40.0,16.69,17.56,0.01,0.7,0.0,0.0,0.0,0.0,0.23,2.79,75.0,0.7,33.33,0.0,0.0,0.23,0.0,3.95,76.47,0,,0,,0,0.0,0.0,0.0,,,0.23,,,0.0,0.0,0.0,0.0,0,0.0
Jonas Linwood,Team 6,Team 6,RB,25,750000,2026-12-31,20,1894,1,1.01,1,2.04,9.55,55.72,Slovakia,Slovakia,right,171,69,yes,7.18,4.51,67.37,2.0,61.9,0.14,0.19,0.29,3.99,5.42,0.52,1,0.05,0,0.0,1.47,0.05,1,0.05,0.05,0,0.0,25,1.19,28.0,4.0,0.05,2.61,29.09,0.05,0.0,2.57,29.63,0.14,0.48,70.0,2.38,32.0,0.81,1.14,0.1,29.32,2.19,0.29,38.44,78.86,15.02,72.15,5.42,93.86,11.64,80.82,32.22,86.43,3.85,46.91,18.96,38.87,0.1,1.09,0.05,0.05,0.14,33.33,0.33,5.42,72.81,2.76,34.48,0.57,33.33,0.52,0.76,7.13,68.0,0,,0,,0,0.0,0.0,0.0,,,0.95,,,1.19,0.24,0.0,1.62,0,0.0
Graham Garrison,Team 6,Team 6,"LDMF, LCMF, AMF",22,700000,2027-06-30,2,37,0,0.02,0,0.07,,,Colombia,"Colombia, Portugal",right,172,67,yes,,,,,,,0.0,,,0.0,,0,,0,,,,0,,,0,,2,,,0.0,,,,,,,,,,,,,,,,,,,,,,,,,,,,,,,23.41,0.0,,,,,,,,,,,,,,,,,,0,,0,,0,0.0,0.0,,,,,,,,,,,0,0.0
Owen Zimmerman,Team 6,Team 6,"RAMF, AMF, CF",35,650000,2026-11-30,15,921,2,1.9,2,1.72,13.78,48.23,Austria,"Austria, France",left,174,75,yes,5.18,5.37,54.55,1.47,46.67,0.88,1.32,0.2,1.37,2.06,2.25,4,0.39,0,0.0,2.83,0.2,1,0.1,0.19,0,0.0,17,1.66,41.18,11.765,0.2,2.54,26.92,0.29,0.0,2.25,30.43,0.98,2.05,66.67,5.57,47.37,2.44,1.86,0.1,27.36,1.76,1.27,34.59,78.53,11.82,73.55,6.25,93.75,9.19,72.34,29.8,84.59,2.44,56.0,17.68,31.0,0.17,1.27,0.0,0.0,0.1,100.0,0.29,4.4,75.56,3.32,47.06,0.39,50.0,1.17,0.68,5.67,82.76,0,,0,,0,0.0,0.0,0.0,,,0.1,,,1.66,0.39,25.0,4.59,1,100.0
Dylan Northfield,Team 6,Team 6,LB,24,500000,2027-12-31,19,1781,1,0.74,1,1.16,14.05,48.92,Norway,Norway,left,177,69,yes,8.34,6.97,58.7,1.52,50.0,0.3,0.41,0.3,3.94,5.29,1.41,6,0.3,0,0.0,2.38,0.05,1,0.05,0.04,0,0.0,9,0.45,44.44,11.111,0.05,2.73,37.04,2.63,36.54,0.1,50.0,0.25,2.32,47.83,4.3,38.82,0.56,2.02,0.2,22.59,1.67,0.61,30.72,78.13,10.51,70.19,5.05,95.0,9.96,79.7,25.12,85.11,3.34,56.06,19.25,38.01,0.06,0.51,0.0,0.0,0.1,50.0,0.35,3.54,71.43,2.53,46.0,0.2,25.0,0.45,0.81,6.22,69.11,0,,0,,0,0.0,0.0,0.0,,,0.35,,,0.51,0.05,0.0,0.51,0,0.0
Maxim Harrington,Team 6,Team 6,"LCB, CB",29,500000,2026-12-31,13,1074,0,0.49,0,0.19,8.13,74.23,Spain,Spain,right,193,87,yes,8.46,3.1,81.08,2.68,68.75,0.0,0.0,1.09,5.95,8.22,0.5,1,0.08,0,0.0,0.17,0.0,0,0.0,0.04,0,0.0,5,0.42,0.0,0.0,0.0,0.0,0.0,0.0,0.0,0.0,0.0,0.0,0.17,100.0,1.26,66.67,0.59,0.84,0.08,29.58,1.09,0.67,43.16,91.46,15.17,82.32,1.93,95.65,23.3,97.12,39.39,95.11,3.77,53.33,20.89,29.17,0.02,0.17,0.0,0.0,0.0,0.0,0.08,4.69,71.43,0.34,50.0,0.17,50.0,0.25,0.0,5.95,78.87,0,,0,,0,0.0,0.0,0.0,,,1.51,,,0.0,0.0,0.0,0.0,0,0.0
Hugo Carrington,Team 6,Team 6,"RAMF, RW",28,500000,2026-11-30,15,736,1,1.54,2,1.04,16.39,50.0,Iceland,"Iceland, Germany",right,173,69,yes,5.14,4.4,38.89,2.45,60.0,0.37,0.53,0.24,3.06,4.44,1.22,2,0.24,1,0.12,4.52,0.12,1,0.12,0.19,0,0.0,9,1.1,44.44,11.111,0.24,5.14,30.95,0.12,100.0,5.01,29.27,1.59,3.79,64.52,8.07,57.58,2.2,2.93,0.24,23.11,3.42,1.83,27.27,71.3,5.63,73.91,5.26,86.05,9.66,58.23,20.79,82.94,1.59,46.15,19.79,16.78,0.13,1.22,0.0,0.0,0.0,0.0,0.73,1.83,53.33,4.28,40.0,0.24,0.0,1.1,1.59,4.65,81.58,0,,0,,0,0.0,0.0,0.0,,,0.12,,,0.0,0.0,0.0,0.0,0,0.0
Graham Valen,Team 6,Team 6,"RW, LW, LAMF",27,400000,2026-12-31,9,302,0,0.0,0,0.5,19.37,44.62,Iceland,Iceland,left,178,72,yes,6.56,6.85,56.52,3.28,18.18,0.3,0.38,0.0,2.38,3.04,1.19,1,0.3,0,0.0,0.89,0.0,0,0.0,0.0,0,0.0,1,0.3,0.0,0.0,0.0,1.79,16.67,0.89,0.0,0.89,33.33,0.6,0.6,100.0,6.56,50.0,1.49,1.19,0.0,16.09,1.19,2.09,22.95,71.43,5.66,63.16,3.28,90.91,7.45,68.0,18.48,75.81,2.68,77.78,17.51,22.04,0.15,0.89,0.3,0.0,0.0,0.0,0.6,3.87,76.92,1.19,25.0,0.0,0.0,0.3,0.3,3.87,46.15,0,,0,,0,0.0,0.0,0.0,,,0.0,,,0.0,0.0,0.0,0.0,0,0.0
Maxim Ellington,Team 6,Team 6,"LDMF, DMF, RDMF",31,250000,2026-11-30,14,1019,0,0.73,0,1.03,10.69,52.89,Hungary,Hungary,right,178,77,yes,7.07,5.74,56.92,1.5,47.06,0.0,0.0,0.26,3.8,5.02,1.77,1,0.09,0,0.0,0.44,0.0,0,0.0,0.06,0,0.0,6,0.53,16.67,0.0,0.0,0.26,100.0,0.18,100.0,0.09,100.0,0.0,0.35,25.0,2.3,50.0,0.53,0.62,0.18,20.14,0.18,1.24,31.44,86.52,9.45,69.16,5.3,95.0,10.95,92.74,29.32,88.25,1.85,57.14,16.88,23.54,0.09,0.44,0.09,0.0,0.0,0.0,0.26,3.97,62.22,0.71,87.5,0.0,0.0,0.71,0.26,3.71,71.43,0,,0,,0,0.0,0.0,0.0,,,0.09,,,0.0,0.0,0.0,0.0,0,0.0
Arthur Lowell,Team 6,Team 6,GK,37,200000,2026-11-30,1,98,0,0.0,0,0.0,0.92,0.0,Senegal,Senegal,right,191,93,yes,0.0,0.0,0.0,0.0,0.0,0.0,0.0,0.0,0.0,0.0,0.0,0,0.0,0,0.0,0.0,0.0,0,0.0,0.0,0,0.0,0,0.0,0.0,0.0,0.0,0.0,0.0,0.0,0.0,0.0,0.0,0.0,0.92,0.0,0.92,0.0,0.0,0.0,0.0,6.43,0.0,0.0,8.27,77.78,3.67,50.0,0.0,0.0,4.59,100.0,4.59,100.0,3.67,50.0,40.17,61.41,0.0,0.0,0.0,0.0,0.0,0.0,0.0,2.76,33.33,0.92,0.0,0.0,0.0,0.0,0.0,1.84,100.0,2,1.84,5,4.59,0,60.0,1.97,1.81,-0.03,-0.028,0.0,0.92,0.0,,,,0.0,0,0.0
Sean Linwood,Team 6,Team 6,"RDMF, RCMF, LDMF",34,200000,2026-11-30,12,690,0,2.2,0,0.01,17.22,52.27,Switzerland,Switzerland,right,183,74,yes,8.09,7.04,51.85,1.96,53.33,0.26,0.38,0.26,4.17,6.15,3.0,0,0.0,1,0.13,1.3,0.0,0,0.0,0.29,0,0.0,14,1.83,7.14,0.0,0.0,0.65,40.0,0.13,0.0,0.52,50.0,0.13,1.43,63.64,6.39,51.02,1.43,0.65,0.26,17.87,0.52,2.61,29.61,82.82,8.48,76.92,5.74,90.91,9.91,84.21,26.74,88.29,2.22,29.41,18.21,24.81,0.0,0.13,0.0,0.0,0.13,0.0,0.0,4.17,62.5,1.04,37.5,0.52,0.0,0.13,0.26,4.57,74.29,0,,0,,0,0.0,0.0,0.0,,,0.0,,,0.0,0.0,0.0,0.0,0,0.0
Florian Chamberlain,Team 6,Team 6,GK,37,200000,2026-11-30,18,1807,0,0.0,0,0.0,0.65,84.62,Senegal,Senegal,right,195,89,yes,0.9,0.1,50.0,0.4,100.0,0.0,0.0,0.0,0.85,1.15,0.0,3,0.15,0,0.0,0.0,0.0,0,0.0,0.0,0,0.0,0,0.0,0.0,0.0,0.0,0.0,0.0,0.0,0.0,0.0,0.0,0.0,0.0,0.0,0.1,100.0,0.0,0.0,0.0,9.91,0.25,0.2,16.98,75.37,11.56,66.81,0.0,0.0,4.93,94.95,8.37,95.24,8.57,56.4,41.14,57.31,0.0,0.0,0.0,0.0,0.0,0.0,0.0,4.53,50.55,0.2,50.0,0.4,50.0,0.05,0.0,6.33,73.23,17,0.85,75,3.74,6,77.33,17.17,0.86,0.17,0.008,0.0,2.19,0.4,,,,0.0,0,0.0
Caleb Huntington,Team 6,Team 6,AMF,19,650000,2026-11-30,1,25,0,0.0,0,0.04,,,Netherlands,"Netherlands, France",right,179,73,yes,,,,,,,0.0,,,0.0,,0,,0,,,,0,,,0,,0,,,0.0,,,,,,,,,,,,,,,,,,,,,,,,,,,,,,,14.59,33.66,,,,,,,,,,,,,,,,,,0,,0,,0,0.0,0.0,,,,,,,,,,,0,0.0
Malcolm Sinclair,Team 6,Team 6,RAMF,25,550000,2026-11-30,1,19,0,0.07,0,0.0,,,Ghana,"Ghana, Spain",right,182,75,yes,,,,,,,0.0,,,0.0,,0,,0,,,,0,,,0,,1,,,0.0,,,,,,,,,,,,,,,,,,,,,,,,,,,,,,,19.61,0.0,,,,,,,,,,,,,,,,,,0,,0,,0,0.0,0.0,,,,,,,,,,,0,0.0
Matthias Sinclair,Team 6,Team 6,LB,21,550000,2026-11-30,3,162,0,0.01,0,0.01,30.0,53.7,Slovenia,Slovenia,left,185,78,yes,11.67,12.78,65.22,5.0,44.44,0.0,0.0,0.0,3.33,4.86,1.11,0,0.0,0,0.0,2.22,0.0,0,0.0,0.01,0,0.0,2,1.11,0.0,0.0,0.0,3.89,14.29,3.89,14.29,0.0,0.0,1.11,2.78,60.0,9.44,35.29,0.56,1.11,0.0,26.11,2.78,1.11,38.33,73.91,15.0,74.07,4.44,100.0,10.56,68.42,30.56,87.27,3.89,28.57,18.13,36.12,0.0,0.56,0.0,0.0,0.0,0.0,0.0,2.78,80.0,3.33,33.33,0.0,0.0,1.11,0.56,7.22,61.54,0,,0,,0,0.0,0.0,0.0,,,0.0,,,0.0,0.0,0.0,2.78,0,0.0
Caleb Vance,Team 6,Team 6,"LCB, RCB",28,500000,2026-12-31,13,1275,0,0.12,0,0.04,10.45,58.78,Ghana,Ghana,right,189,81,yes,8.19,4.16,61.02,4.94,58.57,0.21,0.27,0.56,5.44,7.02,0.99,1,0.07,0,0.0,0.28,0.0,0,0.0,0.01,0,0.0,2,0.14,0.0,0.0,0.0,0.14,50.0,0.14,50.0,0.0,0.0,0.0,0.28,75.0,0.56,75.0,0.64,1.13,0.07,28.52,0.71,0.28,40.45,85.86,18.07,73.44,1.06,100.0,18.49,96.18,36.0,91.57,4.31,39.34,22.79,38.25,0.0,0.28,0.0,0.0,0.0,0.0,0.07,5.36,64.47,0.71,60.0,0.21,33.33,0.35,0.07,6.85,67.01,0,,0,,0,0.0,0.0,0.0,,,0.71,,,0.0,0.0,0.0,0.0,0,0.0
Arthur Drayton,Team 6,Team 6,CF,21,600000,2029-12-31,17,566,4,2.95,0,0.23,22.42,36.17,Senegal,Senegal,right,186,82,yes,3.82,3.82,45.83,6.36,40.0,0.48,0.66,0.0,1.59,2.21,2.7,2,0.32,0,0.0,1.91,0.64,4,0.64,0.47,2,0.32,10,1.59,50.0,40.0,0.0,0.8,0.0,0.48,0.0,0.32,0.0,0.0,2.07,53.85,8.75,34.55,2.07,0.64,0.0,6.2,2.23,2.23,10.02,77.78,1.91,83.33,3.02,84.21,2.86,55.56,9.22,84.48,0.0,0.0,12.65,0.0,0.04,0.32,0.0,0.0,0.0,0.0,0.16,0.64,75.0,1.11,14.29,0.0,0.0,0.48,0.0,1.11,85.71,0,,0,,0,0.0,0.0,0.0,,,0.16,,,0.0,0.0,0.0,0.0,0,0.0
Elias Grantham,Team 6,Team 6,"RB, RCB",22,350000,2027-12-31,7,138,0,0.0,0,0.23,15.0,47.83,United States,United States,right,177,71,yes,7.17,9.13,42.86,1.3,100.0,0.0,0.0,0.0,3.26,5.17,1.96,1,0.65,0,0.0,1.96,0.0,0,0.0,0.0,0,0.0,0,0.0,0.0,0.0,0.0,1.96,66.67,0.0,0.0,1.96,66.67,0.65,0.65,100.0,0.65,100.0,1.3,0.65,0.0,13.7,1.3,0.65,16.96,80.77,7.83,75.0,1.3,100.0,5.22,87.5,13.7,90.48,1.3,0.0,9.01,7.53,0.15,1.3,0.0,0.0,0.0,0.0,1.3,3.91,66.67,1.3,50.0,0.0,0.0,0.0,1.3,3.26,80.0,0,,0,,0,0.0,0.0,0.0,,,0.0,,,0.0,0.0,0.0,0.0,0,0.0
Dorian Grantham,Team 6,Team 6,"AMF, RAMF, RDMF",24,450000,2029-03-14,11,550,0,0.45,0,0.3,21.44,36.64,Poland,Poland,right,179,74,yes,5.4,8.67,37.74,1.8,27.27,0.33,0.46,0.0,1.8,2.52,3.6,2,0.33,0,0.0,2.13,0.0,0,0.0,0.07,0,0.0,8,1.31,12.5,0.0,0.0,0.65,50.0,0.16,100.0,0.49,33.33,0.0,2.62,50.0,9.49,36.21,2.62,1.47,0.33,16.2,0.98,0.98,24.05,80.27,7.85,68.75,3.76,95.65,7.53,80.43,22.42,82.48,0.98,50.0,15.25,20.95,0.05,0.49,0.0,0.0,0.82,40.0,0.16,3.93,75.0,1.8,54.55,0.82,40.0,1.15,0.49,3.93,66.67,0,,0,,0,0.0,0.0,0.0,,,0.16,,,0.0,0.0,0.0,0.0,0,0.0
Sebastian Pendleton,Team 6,Team 6,"RB, LCB",25,500000,2027-12-31,9,364,0,0.03,0,0.0,10.88,50.0,Denmark,Denmark,right,182,76,yes,7.66,5.69,60.87,3.46,42.86,0.25,0.33,0.49,3.96,5.27,1.48,2,0.49,0,0.0,0.25,0.0,0,0.0,0.01,0,0.0,1,0.25,100.0,0.0,0.0,0.49,0.0,0.25,0.0,0.25,0.0,0.0,0.25,0.0,0.99,25.0,0.25,0.74,0.0,13.35,0.49,0.49,22.5,79.12,9.4,65.79,2.97,100.0,8.9,86.11,18.79,86.84,3.21,46.15,19.3,31.54,0.0,0.0,0.0,0.0,0.0,0.0,0.0,1.98,50.0,0.25,0.0,0.0,0.0,0.0,0.0,4.95,65.0,0,,0,,0,0.0,0.0,0.0,,,1.24,,,0.0,0.0,0.0,0.0,0,0.0
Alexander Grantham,Team 6,Team 6,RCB,26,350000,2028-11-30,19,1663,0,0.67,0,0.0,11.64,61.86,Ukraine,Ukraine,right,184,76,yes,7.52,5.25,62.89,3.9,66.67,0.11,0.15,0.6,4.11,5.64,1.46,1,0.05,0,0.0,0.16,0.0,0,0.0,0.04,0,0.0,7,0.38,14.29,0.0,0.0,0.05,0.0,0.0,0.0,0.05,0.0,0.0,0.22,50.0,1.08,35.0,0.38,0.43,0.0,24.73,0.27,0.38,36.96,85.94,13.48,69.48,2.65,97.96,17.81,96.66,31.55,92.45,5.36,48.48,23.23,39.23,0.0,0.0,0.0,0.0,0.0,0.0,0.0,4.65,54.65,0.81,33.33,0.32,33.33,0.27,0.0,5.74,69.81,0,,0,,0,0.0,0.0,0.0,,,2.22,,,0.05,0.0,0.0,0.0,0,0.0
Casper Valen,Team 6,Team 6,"LAMF, LW",26,550000,2029-08-25,19,1467,1,2.83,4,3.84,11.04,50.56,Austria,"Austria, Spain",right,168,63,yes,1.66,1.35,50.0,0.37,33.33,0.06,0.09,0.0,0.92,1.32,0.18,0,0.0,0,0.0,4.66,0.06,1,0.06,0.17,0,0.0,33,2.02,42.42,3.03,0.25,2.76,37.78,2.64,39.53,0.12,0.0,0.55,4.85,55.7,8.59,51.43,2.58,3.31,0.67,19.14,1.47,1.47,24.6,80.8,4.66,68.42,5.89,91.67,9.94,82.72,19.2,87.54,2.82,73.91,19.37,34.31,0.24,1.53,0.0,0.06,0.12,50.0,0.86,2.21,66.67,2.88,51.06,0.12,0.0,0.92,1.1,3.37,78.18,0,,0,,0,0.0,0.0,0.0,,,0.06,,,0.12,0.0,0.0,0.31,0,0.0
Viktor Whitmore,Team 6,Team 6,"LDMF, RDMF, LCMF",26,500000,2028-12-23,18,1445,0,0.42,0,0.55,12.46,46.5,Cameroon,"Cameroon, Italy",right,175,70,yes,5.61,4.98,48.75,0.81,46.15,0.12,0.17,0.12,3.05,4.19,1.37,6,0.37,0,0.0,1.18,0.0,0,0.0,0.03,0,0.0,14,0.87,14.29,0.0,0.0,0.62,20.0,0.12,0.0,0.5,25.0,0.12,1.25,70.0,5.29,48.24,0.31,0.56,0.0,29.27,0.12,1.25,41.17,90.02,12.71,80.88,6.66,97.2,15.76,94.47,35.81,94.61,4.73,64.47,19.07,35.54,0.03,0.56,0.0,0.06,0.12,50.0,0.25,6.48,77.88,1.68,55.56,0.93,60.0,0.75,0.06,5.23,88.1,0,,0,,0,0.0,0.0,0.0,,,0.5,,,0.0,0.0,0.0,0.06,0,0.0
Tobias Brecken,Team 6,Team 6,GK,32,500000,2026-11-30,1,100,0,0.0,0,0.0,0.0,0.0,Nigeria,Nigeria,right,184,76,yes,0.9,0.0,0.0,0.0,0.0,0.0,0.0,0.0,0.9,1.2,0.0,0,0.0,0,0.0,0.0,0.0,0,0.0,0.0,0,0.0,0,0.0,0.0,0.0,0.0,0.0,0.0,0.0,0.0,0.0,0.0,0.0,0.0,0.0,0.0,0.0,0.0,0.0,0.0,7.2,0.0,0.0,10.8,91.67,2.7,66.67,0.0,0.0,7.2,100.0,6.3,100.0,4.5,80.0,32.58,50.65,0.0,0.0,0.0,0.0,0.0,0.0,0.0,0.9,100.0,0.0,0.0,0.0,0.0,0.0,0.0,1.8,100.0,1,0.9,2,1.8,0,50.0,0.99,0.89,-0.01,-0.009,0.0,0.0,0.0,,,,0.0,0,0.0
Declan Stansfield,Team 6,Team 6,CF,27,1000000,2027-12-31,16,1288,9,9.11,0,0.74,17.89,26.95,Spain,Spain,right,186,78,yes,2.86,3.07,34.09,6.43,25.0,0.21,0.29,0.07,1.61,2.23,1.47,5,0.35,1,0.07,1.68,0.63,4,0.28,0.64,1,0.07,39,2.73,48.72,23.077,0.0,0.35,40.0,0.14,100.0,0.21,0.0,0.0,0.91,23.08,5.38,28.57,3.28,0.42,0.07,8.52,1.4,1.26,12.93,76.76,2.52,61.11,3.7,90.57,3.56,80.39,11.74,79.17,0.84,58.33,15.13,24.65,0.05,0.56,0.07,0.0,0.0,0.0,0.28,1.19,58.82,0.35,80.0,0.07,0.0,0.49,0.14,1.19,64.71,0,,0,,0,0.0,0.0,0.0,,,0.07,,,0.0,0.0,0.0,0.0,6,83.333
Owen Sterling,Team 6,Team 6,"RCMF, RDMF, LCMF",18,600000,,5,226,1,0.24,0,0.06,10.75,33.33,United States,United States,right,180,71,yes,6.37,5.97,46.67,0.4,100.0,0.0,0.0,0.0,3.58,4.43,0.8,0,0.0,0,0.0,0.4,0.4,1,0.4,0.1,0,0.0,2,0.8,50.0,50.0,0.0,0.0,0.0,0.0,0.0,0.0,0.0,0.0,1.19,0.0,3.58,11.11,0.0,0.8,0.4,13.94,0.4,0.8,17.12,90.7,4.38,81.82,5.18,92.31,5.58,92.86,16.73,92.86,0.4,0.0,16.72,8.61,0.02,0.4,0.0,0.0,0.0,0.0,0.4,1.19,66.67,0.4,0.0,0.0,0.0,0.4,0.0,0.8,100.0,0,,0,,0,0.0,0.0,0.0,,,0.4,,,1.59,0.4,100.0,1.99,0,0.0
Dylan Fenwick,Team 15,Team 15,RCB,24,1500000,2027-12-31,14,1300,0,0.44,0,0.19,10.38,56.67,Romania,"Romania, Portugal",right,187,73,yes,5.75,4.02,53.45,4.15,63.33,0.07,0.09,0.48,3.53,4.72,0.83,3,0.21,0,0.0,0.9,0.0,0,0.0,0.03,0,0.0,8,0.55,50.0,0.0,0.0,0.9,46.15,0.0,0.0,0.9,46.15,0.21,0.28,75.0,0.76,63.64,0.55,1.45,0.0,38.84,0.76,0.28,53.93,86.39,19.04,72.36,2.42,97.14,27.35,94.94,45.62,94.54,7.41,41.12,23.77,45.51,0.01,0.14,0.0,0.07,0.0,0.0,0.07,8.65,67.2,1.8,34.62,0.48,14.29,0.21,0.48,7.75,70.54,0,,0,,0,0.0,0.0,0.0,,,1.59,,,0.0,0.0,0.0,0.0,0,0.0
Florian Ellington,Team 15,Team 15,"CF, AMF",32,1000000,2026-11-30,14,433,2,2.29,0,0.09,18.08,32.18,Morocco,Morocco,right,188,83,yes,2.7,3.95,42.11,6.44,22.58,0.0,0.0,0.0,1.04,1.52,1.87,0,0.0,0,0.0,2.08,0.42,2,0.42,0.48,1,0.21,14,2.91,57.14,14.286,0.0,0.0,0.0,0.0,0.0,0.0,0.0,0.0,0.62,66.67,5.82,32.14,2.7,0.21,0.0,7.69,0.21,1.25,9.98,79.17,2.08,60.0,3.12,86.67,2.49,83.33,9.77,80.85,0.21,0.0,15.35,3.71,0.02,0.42,0.0,0.0,0.0,0.0,0.21,0.62,66.67,0.62,33.33,0.0,0.0,0.42,0.0,1.25,50.0,0,,0,,0,0.0,0.0,0.0,,,0.0,,,0.21,0.21,100.0,0.0,0,0.0
Jasper Mercer,Team 15,Team 15,LB,29,900000,2026-12-31,19,1724,0,0.56,2,1.72,10.75,48.06,Germany,Germany,left,183,83,yes,6.79,5.59,56.07,0.73,42.86,0.31,0.42,0.26,3.34,4.43,1.15,5,0.26,0,0.0,2.45,0.0,0,0.0,0.03,0,0.0,16,0.84,31.25,0.0,0.1,2.98,49.12,2.98,49.12,0.0,0.0,0.31,1.62,45.16,3.55,35.29,0.47,0.89,0.1,27.35,1.1,0.42,35.6,79.18,16.29,72.44,4.39,94.05,11.02,82.94,28.45,87.34,4.54,47.13,20.79,44.85,0.09,0.68,0.05,0.0,0.05,0.0,0.31,5.59,70.09,2.87,38.18,0.42,0.0,0.16,1.2,7.52,67.36,0,,0,,0,0.0,0.0,0.0,,,0.31,,,0.84,0.16,66.67,0.52,0,0.0
Erik Pemberton,Team 15,Team 15,"RW, RAMF, CF",31,750000,2026-11-30,16,773,1,1.75,1,0.67,21.77,41.71,Belgium,Belgium,right,172,71,yes,4.77,5.71,57.14,4.42,21.05,0.23,0.33,0.0,1.28,1.81,1.86,3,0.35,0,0.0,2.33,0.12,0,0.0,0.2,0,0.0,16,1.86,56.25,6.25,0.12,1.05,33.33,0.23,100.0,0.82,14.29,0.12,1.63,57.14,8.62,45.95,1.98,0.82,0.12,16.53,0.82,2.33,21.07,82.32,4.77,75.61,5.71,95.92,5.01,79.07,19.91,85.38,0.23,50.0,14.02,5.7,0.08,0.58,0.12,0.0,0.0,0.0,0.35,1.51,69.23,1.28,27.27,0.0,0.0,0.47,0.23,1.63,64.29,0,,0,,0,0.0,0.0,0.0,,,0.0,,,0.0,0.0,0.0,0.0,1,100.0
Aaron Sinclair,Team 15,Team 15,"RW, RWF, RAMF",25,700000,2027-12-31,13,1012,1,2.45,2,0.87,14.14,47.8,Ukraine,Ukraine,left,170,64,yes,3.11,3.29,43.24,2.31,30.77,0.18,0.22,0.27,1.51,1.91,0.98,2,0.18,0,0.0,2.49,0.09,1,0.09,0.22,0,0.0,34,3.02,23.53,2.941,0.18,1.07,41.67,0.18,50.0,0.89,40.0,0.18,2.05,60.87,6.67,54.67,3.74,2.22,0.27,22.14,2.05,1.96,26.86,82.78,5.78,73.85,8.09,93.41,6.76,88.16,24.19,85.29,1.6,72.22,16.53,33.45,0.08,1.07,0.18,0.0,0.09,100.0,0.44,1.69,78.95,2.05,56.52,0.18,50.0,0.98,0.44,3.29,75.68,0,,0,,0,0.0,0.0,0.0,,,0.27,,,0.18,0.09,0.0,1.6,0,0.0
Lars Crestwood,Team 15,Team 15,RB,28,600000,2026-11-30,9,598,0,0.06,0,0.77,9.78,40.0,Slovenia,Slovenia,right,175,72,yes,5.87,5.72,39.47,1.96,53.85,0.0,0.0,0.15,3.61,5.03,1.51,2,0.3,0,0.0,1.05,0.0,0,0.0,0.01,0,0.0,2,0.3,50.0,0.0,0.0,2.41,37.5,0.0,0.0,2.26,40.0,0.3,0.3,0.0,1.35,33.33,0.45,1.05,0.0,33.86,2.11,0.6,43.65,86.55,17.61,82.91,6.62,100.0,11.74,87.18,36.42,93.39,5.12,55.88,18.76,36.75,0.12,1.35,0.0,0.0,0.0,0.0,0.6,4.36,68.97,2.41,68.75,0.15,100.0,0.9,0.9,6.92,84.78,0,,0,,0,0.0,0.0,0.0,,,0.75,,,0.3,0.0,0.0,1.05,0,0.0
Adrian Stafford,Team 15,Team 15,"RCB, CB",33,400000,2027-11-30,12,801,1,0.41,0,0.01,7.75,49.28,Scotland,Scotland,right,185,79,yes,5.51,3.15,39.29,3.26,65.52,0.11,0.16,0.67,4.16,6.03,1.12,2,0.22,0,0.0,0.34,0.11,1,0.11,0.05,0,0.0,5,0.56,40.0,20.0,0.0,0.22,50.0,0.0,0.0,0.22,50.0,0.0,0.11,0.0,0.22,0.0,0.45,1.12,0.0,33.26,0.45,0.11,46.4,84.99,18.54,72.73,1.35,91.67,22.25,93.94,37.98,92.31,8.31,52.7,19.2,34.19,0.0,0.11,0.0,0.11,0.0,0.0,0.0,5.96,64.15,1.01,33.33,0.34,0.0,0.11,0.11,9.78,64.37,0,,0,,0,0.0,0.0,0.0,,,0.9,,,0.0,0.0,0.0,0.0,0,0.0
Alexander Stansfield,Team 15,Team 15,"RCMF, DMF",33,400000,2026-11-30,19,1551,3,1.32,0,0.81,10.27,54.8,Italy,Italy,right,180,79,yes,5.74,3.54,57.38,1.91,51.52,0.0,0.0,0.12,3.71,4.84,0.58,0,0.0,0,0.0,1.39,0.17,3,0.17,0.08,1,0.06,21,1.22,38.1,14.286,0.0,0.52,44.44,0.06,0.0,0.46,50.0,0.06,1.28,54.55,4.12,53.52,1.04,0.75,0.06,22.4,0.41,1.62,32.26,84.35,10.33,73.03,5.34,95.65,11.49,87.88,29.48,87.8,2.26,48.72,17.95,33.34,0.05,0.64,0.0,0.0,0.0,0.0,0.17,5.05,75.86,1.39,50.0,0.17,0.0,0.46,0.23,5.74,71.72,0,,0,,0,0.0,0.0,0.0,,,0.52,,,0.23,0.06,0.0,0.81,0,0.0
Soren Ellwood,Team 15,Team 15,DMF,28,400000,2026-11-30,6,318,0,0.02,0,0.1,13.58,66.67,Scotland,"Scotland, Spain",right,184,66,yes,6.79,6.79,62.5,2.26,75.0,0.0,0.0,0.28,2.55,3.25,1.42,1,0.28,0,0.0,0.85,0.0,0,0.0,0.01,0,0.0,2,0.57,0.0,0.0,0.0,0.57,50.0,0.28,0.0,0.28,100.0,0.0,0.85,66.67,4.25,66.67,0.28,0.57,0.0,26.89,0.28,1.7,37.92,84.33,11.32,67.5,5.09,100.0,16.42,93.1,33.11,90.6,4.25,40.0,17.95,25.76,0.03,0.28,0.0,0.0,0.0,0.0,0.28,4.53,68.75,0.85,33.33,0.0,0.0,0.0,0.28,5.38,57.89,0,,0,,0,0.0,0.0,0.0,,,0.85,,,0.0,0.0,0.0,0.0,0,0.0
Damian Westlake,Team 15,Team 15,CF,27,300000,2027-11-30,19,1616,14,10.62,2,1.73,14.03,44.84,Ecuador,Ecuador,left,184,77,yes,2.9,2.0,58.33,3.56,43.75,0.22,0.3,0.11,1.5,2.03,0.67,1,0.06,0,0.0,3.56,0.78,11,0.61,0.59,4,0.22,64,3.56,50.0,21.875,0.11,0.84,33.33,0.22,100.0,0.61,9.09,0.06,2.45,59.09,6.91,41.13,4.34,1.5,0.28,8.19,1.45,1.17,9.41,75.15,1.67,63.33,2.62,91.49,3.17,71.93,7.96,81.82,0.61,45.45,17.47,23.71,0.1,0.72,0.0,0.11,0.17,33.33,0.45,0.89,68.75,0.89,68.75,0.22,25.0,0.72,0.28,1.34,79.17,0,,0,,0,0.0,0.0,0.0,,,0.0,,,0.5,0.39,28.57,0.0,3,100.0
Arthur Grantham,Team 15,Team 15,LCB,29,300000,2026-11-30,15,1492,0,0.29,0,0.0,10.13,56.55,Portugal,Portugal,right,184,87,yes,8.02,4.22,70.0,2.77,41.3,0.12,0.17,0.97,4.95,6.78,1.09,5,0.3,0,0.0,0.48,0.0,0,0.0,0.02,0,0.0,4,0.24,50.0,0.0,0.0,0.24,50.0,0.18,66.67,0.06,0.0,0.0,0.36,66.67,1.09,50.0,0.54,0.54,0.0,36.86,0.18,0.3,48.8,89.74,18.58,79.55,3.32,98.18,21.72,96.94,42.23,95.57,6.33,52.38,21.57,42.18,0.0,0.0,0.0,0.0,0.0,0.0,0.0,6.88,72.81,1.33,40.91,0.42,42.86,0.6,0.12,7.78,79.07,0,,0,,0,0.0,0.0,0.0,,,2.77,,,0.0,0.0,0.0,0.0,0,0.0
Felix Fenwick,Team 15,Team 15,RB,27,250000,2026-12-31,15,1258,0,0.13,2,1.45,18.53,51.74,Portugal,Portugal,right,177,65,yes,6.3,6.87,51.04,3.0,50.0,0.07,0.1,0.14,2.72,3.8,2.22,2,0.14,1,0.07,3.29,0.0,0,0.0,0.01,0,0.0,7,0.5,28.57,0.0,0.14,3.93,41.82,0.0,0.0,3.93,41.82,0.36,2.29,65.63,7.01,55.1,0.79,2.15,0.29,27.62,2.43,1.65,36.49,80.39,9.3,70.0,7.8,91.74,12.16,82.35,30.62,87.38,1.93,48.15,17.85,42.07,0.1,1.36,0.0,0.0,0.0,0.0,0.64,3.43,72.92,4.08,47.37,0.29,75.0,0.57,1.65,7.15,66.0,0,,0,,0,0.0,0.0,0.0,,,0.29,,,0.07,0.0,0.0,0.14,0,0.0
Finn Monroe,Team 15,Team 15,CF,23,250000,2027-12-31,2,52,1,0.7,0,0.0,15.58,11.11,Iceland,Iceland,left,181,72,yes,5.19,5.19,33.33,1.73,0.0,0.0,0.0,1.73,3.46,10.0,0.0,0,0.0,0,0.0,1.73,1.73,1,1.73,1.22,0,0.0,1,1.73,100.0,100.0,0.0,0.0,0.0,0.0,0.0,0.0,0.0,0.0,0.0,0.0,8.65,0.0,6.92,0.0,0.0,5.19,0.0,0.0,10.38,100.0,1.73,100.0,3.46,100.0,3.46,100.0,10.38,100.0,0.0,0.0,10.26,0.0,0.0,0.0,0.0,0.0,0.0,0.0,0.0,0.0,0.0,0.0,0.0,0.0,0.0,0.0,0.0,0.0,0.0,0,,0,,0,0.0,0.0,0.0,,,0.0,,,0.0,0.0,0.0,0.0,0,0.0
Tobias Calder,Team 15,Team 15,"AMF, LCMF, RDMF",27,200000,2027-06-30,7,192,0,0.0,0,0.0,14.06,50.0,Morocco,"Morocco, Portugal",left,175,71,yes,5.16,7.03,33.33,1.41,66.67,0.47,0.67,0.0,2.34,3.33,1.41,0,0.0,0,0.0,0.47,0.0,0,0.0,0.0,0,0.0,1,0.47,0.0,0.0,0.0,0.47,100.0,0.47,100.0,0.0,0.0,0.0,0.0,0.0,4.22,66.67,0.47,2.34,0.47,40.31,0.94,3.28,50.16,91.59,16.41,85.71,7.97,100.0,15.0,93.75,47.34,93.07,2.34,60.0,15.96,24.85,0.0,0.0,0.0,0.0,0.0,0.0,0.47,9.38,95.0,0.94,50.0,0.0,0.0,0.47,0.47,5.63,75.0,0,,0,,0,0.0,0.0,0.0,,,0.47,,,0.0,0.0,0.0,0.0,0,0.0
Isaac Brecken,Team 15,Team 15,LB,29,200000,2026-11-30,5,178,0,0.14,0,0.15,16.69,33.33,England,"England, Italy",left,175,71,yes,11.63,8.09,50.0,3.54,0.0,0.0,0.0,0.0,7.58,9.57,1.52,0,0.0,0,0.0,2.53,0.0,0,0.0,0.07,0,0.0,4,2.02,0.0,0.0,0.0,4.04,50.0,4.04,50.0,0.0,0.0,0.51,2.02,25.0,3.54,42.86,1.01,1.01,0.0,26.8,2.53,0.51,36.91,89.04,14.66,89.66,5.06,100.0,11.12,86.36,31.35,96.77,1.52,33.33,17.73,12.81,0.07,1.01,0.0,0.0,0.0,0.0,0.51,2.53,80.0,4.55,66.67,0.0,0.0,1.01,2.02,6.57,84.62,0,,0,,0,0.0,0.0,0.0,,,0.0,,,0.0,0.0,0.0,0.51,0,0.0
Jasper Halloway,Team 15,Team 15,GK,31,150000,2028-12-31,8,785,0,0.0,0,0.0,0.57,100.0,Cameroon,"Cameroon, France",left,187,85,yes,1.95,0.23,100.0,0.34,100.0,0.0,0.0,0.11,1.72,2.6,0.0,1,0.11,0,0.0,0.0,0.0,0,0.0,0.0,0,0.0,0,0.0,0.0,0.0,0.0,0.0,0.0,0.0,0.0,0.0,0.0,0.0,0.0,0.0,0.0,0.0,0.0,0.0,0.11,11.46,0.11,0.34,18.92,92.73,9.86,86.05,0.0,0.0,7.57,100.0,15.36,99.25,3.55,64.52,25.43,41.33,0.0,0.0,0.0,0.0,0.0,0.0,0.0,1.38,66.67,0.0,0.0,0.11,0.0,0.0,0.0,2.98,80.77,12,1.38,29,3.32,0,58.62,7.23,0.83,-4.77,-0.547,0.0,2.41,0.34,,,,0.0,0,0.0
Milo Waverley,Team 15,Team 15,GK,27,100000,2027-11-30,13,1239,0,0.0,0,0.0,0.51,71.43,Croatia,Croatia,right,190,82,yes,1.16,0.07,0.0,0.29,75.0,0.0,0.0,0.0,1.16,1.48,0.07,2,0.15,0,0.0,0.0,0.0,0,0.0,0.0,0,0.0,0,0.0,0.0,0.0,0.0,0.0,0.0,0.0,0.0,0.0,0.0,0.0,0.0,0.0,0.15,100.0,0.0,0.0,0.0,10.61,0.22,0.15,19.1,82.89,10.24,72.34,0.0,0.0,8.35,94.78,12.42,98.25,6.68,54.35,31.71,52.67,0.0,0.0,0.0,0.0,0.0,0.0,0.0,1.96,44.44,0.44,0.0,0.0,0.0,0.0,0.0,5.01,63.77,20,1.45,62,4.5,3,67.74,19.1,1.39,-0.9,-0.065,0.0,2.91,0.29,,,,0.0,0,0.0
Finnegan Kessler,Team 15,Team 15,"LCMF, DMF, RCMF",28,50000,2026-12-31,16,1495,1,1.65,2,1.79,9.93,43.64,Croatia,Croatia,right,174,69,yes,4.76,4.27,49.3,0.96,43.75,0.06,0.08,0.12,2.59,3.42,0.84,1,0.06,0,0.0,1.32,0.06,1,0.06,0.1,1,0.06,28,1.69,39.29,3.571,0.12,0.66,36.36,0.18,33.33,0.48,37.5,0.0,0.48,62.5,3.49,36.21,1.14,1.51,0.18,31.79,1.02,0.66,41.78,83.86,15.11,73.31,6.2,96.12,12.7,88.15,37.75,87.24,3.37,55.36,17.71,41.35,0.11,1.2,0.06,0.0,0.12,100.0,0.54,7.16,77.31,2.53,54.76,0.6,40.0,1.32,0.36,6.44,84.11,0,,0,,0,0.0,0.0,0.0,,,0.3,,,0.0,0.0,0.0,0.12,0,0.0
Fabian Huntington,Team 15,Team 15,"RCMF, RDMF, AMF",21,350000,2027-12-31,6,212,0,0.65,0,0.05,14.43,50.0,Greece,"Greece, France",right,180,74,yes,4.67,6.37,60.0,2.97,28.57,0.42,0.97,0.42,0.42,0.97,1.27,2,0.85,0,0.0,2.55,0.0,0,0.0,0.28,0,0.0,5,2.12,40.0,0.0,0.0,1.7,25.0,1.27,33.33,0.0,0.0,0.0,1.7,75.0,3.82,55.56,2.12,2.12,0.85,24.62,0.42,0.85,32.26,80.26,8.07,73.68,7.64,100.0,11.04,76.92,28.87,85.29,1.7,50.0,15.16,14.57,0.02,0.42,0.0,0.0,0.0,0.0,0.0,2.97,71.43,2.97,42.86,0.42,0.0,0.42,0.85,2.12,80.0,0,,0,,0,0.0,0.0,0.0,,,0.42,,,0.0,0.0,0.0,0.0,0,0.0
Rowan Faulkner,Team 15,Team 15,AMF,23,300000,2026-11-30,1,39,0,0.0,0,0.1,,,Japan,Japan,right,182,76,yes,,,,,,,0.0,,,5.0,,0,,0,,,,0,,,0,,0,,,0.0,,,,,,,,,,,,,,,,,,,,,,,,,,,,,,,18.3,35.0,,,,,,,,,,,,,,,,,,0,,0,,0,0.0,0.0,,,,,,,,,,,0,0.0
Florian Harrington,Team 15,Team 15,LB,34,350000,2027-11-30,5,156,0,0.1,1,0.65,14.42,72.0,Chile,"Chile, Germany",left,180,73,yes,3.46,2.88,60.0,5.19,77.78,0.58,1.11,0.0,1.15,2.22,0.0,0,0.0,0,0.0,7.5,0.0,0,0.0,0.06,0,0.0,5,2.88,20.0,0.0,0.58,15.58,25.93,15.0,23.08,0.58,100.0,1.15,2.88,80.0,5.19,66.67,1.15,0.0,0.0,36.92,3.46,2.88,54.23,69.15,12.69,72.73,9.81,94.12,26.54,60.87,35.77,87.1,2.88,80.0,20.7,15.96,0.38,4.04,0.0,0.0,0.58,100.0,1.73,2.88,100.0,13.85,33.33,0.58,100.0,0.58,4.04,13.27,82.61,0,,0,,0,0.0,0.0,0.0,,,0.0,,,1.15,0.58,100.0,6.35,0,0.0
Sebastian Linwood,Team 15,Team 15,"LCB, RCB",21,250000,2026-11-30,4,218,0,0.0,0,0.0,5.78,64.29,Austria,Austria,right,186,80,yes,7.84,3.3,75.0,1.65,50.0,0.0,0.0,0.0,5.37,6.61,0.83,0,0.0,0,0.0,0.0,0.0,0,0.0,0.0,0,0.0,0,0.0,0.0,0.0,0.0,0.0,0.0,0.0,0.0,0.0,0.0,0.0,0.0,0.0,0.41,0.0,0.41,0.41,0.0,24.77,0.0,0.0,37.16,82.22,12.39,70.0,2.48,100.0,19.4,93.62,35.09,87.06,2.06,0.0,21.55,24.64,0.0,0.0,0.0,0.0,0.0,0.0,0.0,1.65,25.0,0.0,0.0,0.0,0.0,0.0,0.0,4.54,27.27,0,,0,,0,0.0,0.0,0.0,,,1.24,,,0.0,0.0,0.0,0.0,0,0.0
Finn Holbrook,Team 15,Team 15,"LAMF, RW, RWF",25,400000,2026-11-30,12,297,1,0.95,0,0.19,22.12,49.32,Hungary,Hungary,right,161,56,yes,7.27,8.48,64.29,3.64,8.33,0.3,0.54,0.0,1.52,2.68,1.82,3,0.91,0,0.0,3.33,0.3,1,0.3,0.29,0,0.0,8,2.42,37.5,12.5,0.0,3.33,18.18,1.82,0.0,1.52,40.0,0.0,3.33,54.55,8.79,55.17,2.12,2.12,0.0,23.33,1.21,3.33,30.3,80.0,5.45,55.56,12.42,95.12,4.55,73.33,25.76,90.59,1.21,25.0,17.44,16.89,0.06,0.91,0.0,0.0,0.0,0.0,0.61,2.12,42.86,2.12,28.57,0.0,0.0,0.3,0.61,2.12,57.14,0,,0,,0,0.0,0.0,0.0,,,0.0,,,0.91,0.0,0.0,1.21,0,0.0
Fabian Clairmont,Team 15,Team 15,"DMF, RB, LDMF",26,400000,2026-11-30,18,909,0,0.7,2,0.25,10.0,53.47,Nigeria,Nigeria,right,180,75,yes,7.13,5.74,60.34,2.18,63.64,0.4,0.51,0.4,3.27,4.19,1.29,1,0.1,0,0.0,0.5,0.0,0,0.0,0.07,0,0.0,4,0.4,25.0,0.0,0.2,0.3,66.67,0.0,0.0,0.3,66.67,0.0,0.1,0.0,1.09,18.18,0.59,0.5,0.0,33.56,0.2,0.4,46.44,88.91,15.15,79.08,6.53,95.45,18.22,94.57,42.77,92.82,3.37,41.18,18.76,27.28,0.02,0.59,0.1,0.0,0.2,100.0,0.5,7.72,79.49,1.78,38.89,0.59,33.33,0.89,0.2,5.35,79.63,0,,0,,0,0.0,0.0,0.0,,,0.4,,,0.0,0.0,0.0,0.0,0,0.0
Dominic Blackwood,Team 15,Team 15,"LCMF, AMF",30,400000,2026-12-31,18,1384,1,2.12,0,1.61,8.52,52.67,United States,"United States, Portugal",right,173,65,yes,3.19,2.93,55.56,0.59,44.44,0.07,0.09,0.0,1.5,2.14,0.39,6,0.39,0,0.0,1.56,0.07,1,0.07,0.14,0,0.0,21,1.37,14.29,4.762,0.0,1.3,50.0,0.46,57.14,0.85,46.15,0.46,0.78,66.67,3.84,49.15,1.5,2.08,0.07,35.38,0.52,1.3,43.76,84.7,14.44,74.32,7.61,94.87,14.5,88.79,39.8,88.07,2.73,50.0,16.6,37.4,0.1,1.63,0.0,0.07,0.26,75.0,0.46,8.0,75.61,3.25,56.0,0.59,33.33,1.17,0.65,6.63,91.18,0,,0,,0,0.0,0.0,0.0,,,0.07,,,0.13,0.07,0.0,0.33,0,0.0
Soren Winslow,Team 15,Team 15,"LW, LWF, LAMF",29,500000,2026-11-30,18,1623,4,3.79,4,3.71,18.13,48.32,Colombia,"Colombia, France",right,166,59,yes,5.16,4.38,58.23,1.44,26.92,0.39,0.52,0.11,2.22,2.99,0.94,3,0.17,0,0.0,4.38,0.22,4,0.22,0.21,0,0.0,44,2.44,43.18,9.091,0.22,2.27,39.02,2.22,40.0,0.06,0.0,0.22,4.1,58.11,10.54,48.42,2.0,2.72,0.11,18.13,1.55,2.66,21.46,78.81,4.1,62.16,5.99,95.37,7.87,74.65,17.19,86.45,2.11,57.89,18.03,37.41,0.21,1.66,0.06,0.06,0.06,100.0,0.83,1.72,67.74,2.83,43.14,0.5,22.22,0.72,0.94,3.27,77.97,0,,0,,0,0.0,0.0,0.0,,,0.06,,,0.44,0.06,0.0,1.5,0,0.0
Declan Dunmore,Team 15,Team 15,"RAMF, RWF, LB",27,350000,2028-11-30,6,148,0,0.02,0,0.2,15.2,36.0,Czech Republic,"Czech Republic, Italy",left,172,68,yes,3.04,2.43,25.0,3.04,20.0,0.0,0.0,0.0,2.43,5.71,1.22,1,0.61,0,0.0,5.47,0.0,0,0.0,0.01,0,0.0,1,0.61,0.0,0.0,0.0,3.65,66.67,0.61,100.0,3.04,60.0,0.0,4.26,71.43,9.73,43.75,1.22,2.43,0.0,24.32,0.61,1.22,30.41,96.0,7.3,83.33,7.3,100.0,9.73,100.0,26.15,100.0,0.61,100.0,12.52,4.23,0.12,1.82,0.0,0.0,0.0,0.0,0.61,3.04,100.0,4.26,71.43,0.0,0.0,2.43,2.43,5.47,100.0,0,,0,,0,0.0,0.0,0.0,,,0.0,,,0.0,0.0,0.0,0.0,0,0.0
Soren Sinclair,Team 31,Team 31,LB,29,1400000,2026-11-30,17,1340,0,0.15,0,1.14,12.16,46.41,Cameroon,Cameroon,left,181,70,yes,5.91,5.1,53.95,1.48,50.0,0.2,0.31,0.07,2.96,4.54,1.61,5,0.34,1,0.07,2.28,0.0,0,0.0,0.01,0,0.0,7,0.47,28.57,0.0,0.0,3.69,29.09,3.63,29.63,0.07,0.0,0.07,2.01,53.33,4.63,39.13,1.21,1.28,0.0,32.17,2.42,0.54,40.37,79.03,13.37,69.35,8.53,96.06,11.15,76.51,33.99,87.15,2.89,46.51,19.33,40.27,0.08,0.87,0.0,0.07,0.0,0.0,0.47,4.37,70.77,3.22,39.58,0.0,0.0,0.2,1.01,7.19,64.49,0,,0,,0,0.0,0.0,0.0,,,0.4,,,0.07,0.07,0.0,0.0,0,0.0
Alexander Winslow,Team 31,Team 31,"DMF, RDMF, LDMF",30,1000000,2027-12-31,14,1193,0,0.16,0,0.12,10.03,56.39,Iceland,Iceland,right,174,61,yes,7.24,4.83,60.94,1.43,57.89,0.53,0.79,0.45,3.77,5.64,1.13,4,0.3,1,0.08,0.38,0.0,0,0.0,0.01,0,0.0,4,0.3,0.0,0.0,0.0,0.15,0.0,0.0,0.0,0.15,0.0,0.0,0.53,57.14,3.02,50.0,0.08,0.6,0.08,36.21,0.15,1.13,48.81,88.87,14.48,77.08,5.36,98.59,21.73,95.14,45.26,91.83,3.47,52.17,19.25,38.87,0.01,0.15,0.15,0.0,0.23,33.33,0.08,9.43,77.6,1.21,43.75,0.38,20.0,0.38,0.0,8.9,79.66,0,,0,,0,0.0,0.0,0.0,,,1.06,,,0.15,0.08,0.0,0.0,0,0.0
Xavier Ellwood,Team 31,Team 31,"LCB, RCB",27,1000000,2026-12-31,14,1064,0,0.06,0,0.05,8.88,62.86,Ireland,Ireland,right,190,80,yes,6.43,4.82,70.18,2.37,57.14,0.0,0.0,0.51,3.05,4.44,1.02,3,0.25,0,0.0,0.59,0.0,0,0.0,0.01,0,0.0,4,0.34,50.0,0.0,0.0,0.17,50.0,0.17,50.0,0.0,0.0,0.0,0.42,80.0,1.18,50.0,0.25,0.85,0.0,37.81,0.68,0.08,51.68,91.82,17.51,82.61,2.88,100.0,27.07,96.56,45.76,94.64,5.84,69.57,21.67,35.99,0.0,0.17,0.0,0.0,0.0,0.0,0.0,4.82,84.21,0.25,66.67,0.08,100.0,0.17,0.08,7.44,67.05,0,,0,,0,0.0,0.0,0.0,,,2.2,,,0.0,0.0,0.0,0.0,0,0.0
Ethan Montague,Team 31,Team 31,RB,33,1000000,2026-11-30,17,1208,0,0.32,1,1.63,9.01,47.93,Poland,Poland,right,176,73,yes,4.54,3.95,60.38,1.49,65.0,0.0,0.0,0.52,2.16,3.09,0.89,2,0.15,1,0.07,2.31,0.0,0,0.0,0.02,0,0.0,10,0.75,20.0,0.0,0.07,2.91,51.28,0.0,0.0,2.91,51.28,0.45,1.49,45.0,2.91,30.77,1.42,1.04,0.0,36.66,2.24,0.0,44.33,86.55,15.79,80.66,7.15,96.88,14.01,87.23,36.36,93.65,5.36,54.17,19.89,36.34,0.12,0.89,0.07,0.07,0.07,0.0,0.37,4.69,80.95,3.13,61.9,0.22,33.33,0.97,1.42,8.57,80.87,0,,0,,0,0.0,0.0,0.0,,,0.82,,,0.15,0.0,0.0,0.6,0,0.0
Jonas Blackwood,Team 31,Team 31,"AMF, RDMF, LDMF",28,1000000,2026-11-30,13,846,0,0.55,0,0.06,9.68,47.25,Finland,Finland,right,169,65,yes,4.36,3.72,57.14,1.49,21.43,0.0,0.0,0.11,2.23,3.6,0.85,1,0.11,0,0.0,0.96,0.0,0,0.0,0.06,0,0.0,15,1.6,20.0,0.0,0.0,1.06,40.0,0.53,40.0,0.53,40.0,0.11,0.32,66.67,3.83,47.22,0.32,0.64,0.21,35.21,0.53,1.38,45.64,86.01,12.77,71.67,5.85,98.18,20.0,89.89,40.43,90.26,4.36,58.54,19.31,34.57,0.01,0.53,0.21,0.0,0.0,0.0,0.11,9.57,78.89,1.49,35.71,0.0,0.0,0.21,0.43,7.23,82.35,0,,0,,0,0.0,0.0,0.0,,,0.21,,,0.96,0.43,0.0,0.85,0,0.0
Roman Waverley,Team 31,Team 31,RCB,32,800000,2026-12-31,14,1264,0,0.87,1,0.01,9.19,62.79,Slovenia,Slovenia,right,187,79,yes,6.69,3.2,55.56,3.99,73.21,0.0,0.0,0.71,4.91,6.99,1.21,3,0.21,0,0.0,0.21,0.0,0,0.0,0.06,0,0.0,5,0.36,40.0,0.0,0.07,0.14,0.0,0.0,0.0,0.14,0.0,0.0,0.07,100.0,0.64,77.78,0.28,0.57,0.0,26.99,0.36,0.57,40.3,89.4,15.17,77.46,2.56,100.0,18.23,97.27,36.1,94.87,4.06,43.86,21.88,30.61,0.0,0.07,0.0,0.0,0.0,0.0,0.07,5.55,75.64,0.43,16.67,0.0,0.0,0.0,0.07,6.19,68.97,0,,0,,0,0.0,0.0,0.0,,,2.35,,,0.07,0.07,0.0,0.0,0,0.0
Casper Holbrook,Team 31,Team 31,"RAMF, CF, RWF",31,650000,2026-12-31,8,236,1,0.34,0,0.19,19.45,31.37,Argentina,"Argentina, France",right,184,70,yes,4.58,4.58,66.67,4.96,30.77,0.0,0.0,0.0,1.53,2.86,1.53,1,0.38,0,0.0,1.53,0.38,1,0.38,0.13,0,0.0,4,1.53,25.0,25.0,0.0,3.05,37.5,1.53,50.0,1.53,25.0,0.0,1.91,0.0,8.77,17.39,1.91,1.53,0.0,19.83,2.29,0.76,22.88,73.33,6.48,70.59,4.58,100.0,8.39,72.73,19.07,78.0,0.76,100.0,14.43,10.85,0.07,1.14,0.0,0.0,0.0,0.0,0.38,3.43,77.78,3.81,40.0,0.0,0.0,1.14,1.14,4.19,100.0,0,,0,,0,0.0,0.0,0.0,,,0.0,,,0.0,0.0,0.0,0.0,0,0.0
Dominic Lansbury,Team 31,Team 31,"AMF, CF, RAMF",36,600000,2026-11-30,19,1456,0,1.67,3,2.37,12.86,50.96,Greece,"Greece, France",left,176,70,yes,4.39,5.19,54.76,0.49,25.0,0.06,0.09,0.12,1.48,2.13,1.3,4,0.25,0,0.0,2.41,0.0,0,0.0,0.1,0,0.0,11,0.68,36.36,0.0,0.19,2.35,44.74,1.48,45.83,0.62,50.0,0.25,1.48,58.33,6.12,52.53,1.42,1.67,0.31,35.67,1.67,2.16,44.2,84.48,13.41,76.96,7.73,95.2,16.32,86.74,37.95,88.11,4.02,72.31,18.3,35.98,0.15,1.48,0.0,0.06,0.37,66.67,0.87,7.6,79.67,3.83,53.23,0.8,69.23,1.24,1.11,6.92,84.82,0,,0,,0,0.0,0.0,0.0,,,0.12,,,0.49,0.06,0.0,2.29,1,0.0
Tristan Irvine,Team 31,Team 31,LB,31,450000,2026-12-31,15,700,2,0.18,0,0.0,12.6,58.16,South Korea,South Korea,left,180,73,yes,6.94,4.5,77.14,2.7,61.9,0.0,0.0,0.26,3.47,4.94,0.77,2,0.26,0,0.0,2.19,0.26,2,0.26,0.02,0,0.0,8,1.03,25.0,25.0,0.0,2.06,6.25,1.67,7.69,0.39,0.0,0.26,2.83,63.64,4.76,45.95,0.77,1.16,0.0,27.26,1.8,0.9,34.46,72.01,16.71,62.31,5.66,97.73,8.61,71.64,27.0,86.19,5.53,25.58,19.76,32.75,0.0,0.0,0.0,0.0,0.0,0.0,0.0,5.79,55.56,2.19,23.53,0.0,0.0,0.13,0.13,7.71,63.33,0,,0,,0,0.0,0.0,0.0,,,0.26,,,0.0,0.0,0.0,0.0,0,0.0
Kasper Kingsbury,Team 31,Team 31,"LCB, RCB",31,400000,2026-12-31,11,1043,0,1.09,0,0.31,6.47,62.67,Ukraine,Ukraine,right,186,81,yes,6.04,2.42,67.86,2.76,71.88,0.17,0.25,0.26,4.23,6.13,0.86,2,0.17,1,0.09,0.17,0.0,0,0.0,0.09,0,0.0,8,0.69,12.5,0.0,0.0,0.0,0.0,0.0,0.0,0.0,0.0,0.0,0.09,100.0,0.43,40.0,0.95,0.52,0.0,37.1,0.86,0.17,47.55,91.83,18.12,80.95,2.33,100.0,22.95,98.87,44.44,94.56,3.11,52.78,20.48,38.85,0.03,0.09,0.0,0.0,0.0,0.0,0.09,3.54,70.73,0.17,0.0,0.0,0.0,0.09,0.0,5.0,60.34,0,,0,,0,0.0,0.0,0.0,,,1.73,,,0.0,0.0,0.0,0.0,0,0.0
Tobias Norwood,Team 31,Team 31,"LAMF, LW, LWF",26,300000,2026-12-31,13,576,2,2.46,3,1.22,19.84,50.39,Sweden,"Sweden, Italy",right,160,54,yes,5.63,5.0,71.88,1.56,20.0,0.0,0.0,0.0,2.03,3.31,1.56,2,0.31,1,0.16,4.69,0.31,2,0.31,0.39,0,0.0,16,2.5,75.0,12.5,0.47,2.66,23.53,2.19,14.29,0.47,66.67,0.31,3.75,41.67,11.72,48.0,3.44,0.94,0.0,20.0,1.25,2.81,23.75,79.61,5.0,81.25,5.78,97.3,8.13,78.85,19.69,87.3,1.41,77.78,17.37,11.03,0.19,1.72,0.16,0.16,0.63,100.0,0.78,2.19,78.57,2.97,57.89,1.09,71.43,1.88,0.63,3.75,83.33,0,,0,,0,0.0,0.0,0.0,,,0.0,,,0.63,0.16,100.0,3.13,0,0.0
Ethan Mercer,Team 31,Team 31,"RDMF, RCMF, LDMF",38,250000,2026-12-31,15,813,1,1.19,1,0.41,12.62,49.12,Nigeria,Nigeria,right,170,66,yes,7.31,4.98,57.78,2.1,31.58,0.44,0.61,0.66,3.99,5.51,1.55,0,0.0,0,0.0,0.89,0.11,1,0.11,0.13,0,0.0,6,0.66,33.33,16.667,0.11,1.55,21.43,0.33,0.0,1.22,27.27,0.22,0.89,37.5,4.21,44.74,1.44,0.55,0.22,20.26,0.55,1.77,29.23,82.2,9.74,71.59,4.87,97.73,8.97,86.42,25.57,88.74,2.1,47.37,16.66,17.73,0.05,0.55,0.11,0.0,0.0,0.0,0.33,4.76,76.74,1.55,50.0,0.0,0.0,0.66,0.33,4.1,72.97,0,,0,,0,0.0,0.0,0.0,,,0.22,,,0.0,0.0,0.0,0.0,0,0.0
Dorian Redmond,Team 31,Team 31,"LAMF, LCMF, LW",32,200000,2026-12-31,13,873,2,1.08,0,1.1,9.48,41.3,Sweden,Sweden,left,175,70,yes,5.36,4.02,58.97,1.34,23.08,0.0,0.0,0.1,2.99,4.39,0.93,0,0.0,0,0.0,1.65,0.21,2,0.21,0.11,0,0.0,20,2.06,30.0,10.0,0.0,1.65,18.75,1.44,21.43,0.21,0.0,0.41,0.93,66.67,3.2,32.26,1.34,0.72,0.0,28.97,0.82,0.1,35.67,80.64,9.79,65.26,7.01,92.65,13.3,89.15,31.13,86.42,2.89,53.57,19.26,33.85,0.11,1.13,0.0,0.0,0.21,50.0,0.31,5.57,68.52,2.16,57.14,0.21,50.0,1.24,0.31,4.85,82.98,0,,0,,0,0.0,0.0,0.0,,,0.31,,,0.82,0.21,50.0,1.65,0,0.0
Owen Whitmore,Team 31,Team 31,GK,37,150000,2026-11-30,12,1207,0,0.0,0,0.26,0.52,85.71,Belgium,Belgium,right,188,83,yes,1.12,0.07,0.0,0.07,100.0,0.07,0.11,0.0,1.04,1.5,0.15,1,0.07,0,0.0,0.07,0.0,0,0.0,0.0,0,0.0,0,0.0,0.0,0.0,0.0,0.0,0.0,0.0,0.0,0.0,0.0,0.0,0.07,100.0,0.22,100.0,0.0,0.0,0.0,12.0,0.22,0.3,20.28,84.93,9.47,70.08,0.0,0.0,10.07,97.78,12.75,99.42,7.53,60.4,29.51,45.16,0.02,0.07,0.0,0.0,0.0,0.0,0.0,1.04,57.14,0.0,0.0,0.0,0.0,0.0,0.0,4.7,57.14,14,1.04,46,3.43,4,69.57,11.55,0.86,-2.45,-0.183,0.0,1.71,0.07,,,,0.0,0,0.0
Oscar Ravensdale,Team 31,Team 31,CF,38,150000,2026-11-30,18,1097,5,6.32,1,1.39,11.4,35.25,Scotland,Scotland,right,182,77,yes,2.46,1.31,62.5,2.87,37.14,0.16,0.26,0.16,1.48,2.38,0.57,1,0.08,0,0.0,1.07,0.41,4,0.33,0.52,1,0.08,21,1.72,52.38,23.81,0.08,0.33,25.0,0.16,50.0,0.16,0.0,0.08,0.57,14.29,6.24,28.95,2.54,0.25,0.0,9.02,1.31,1.23,14.85,78.45,2.63,68.75,4.59,83.93,4.92,76.67,13.7,81.44,0.82,50.0,15.29,14.3,0.11,0.82,0.0,0.0,0.08,0.0,0.66,1.15,71.43,1.23,46.67,0.25,33.33,0.66,0.08,1.64,90.0,0,,0,,0,0.0,0.0,0.0,,,0.08,,,0.0,0.0,0.0,0.0,2,50.0
Christian Kensington,Team 31,Team 31,"RW, LAMF, RCMF",22,1500000,2027-12-31,4,149,0,0.03,0,0.0,23.56,38.46,Turkey,Turkey,right,182,72,yes,5.44,5.44,44.44,3.02,20.0,0.0,0.0,0.6,3.02,5.56,1.21,0,0.0,0,0.0,2.42,0.0,0,0.0,0.02,0,0.0,2,1.21,0.0,0.0,0.0,0.6,100.0,0.6,100.0,0.0,0.0,0.0,4.83,37.5,14.5,37.5,1.21,3.02,0.0,12.08,0.6,3.02,15.7,96.15,1.21,100.0,9.06,100.0,3.02,100.0,15.1,96.0,0.0,0.0,15.01,0.0,0.0,0.0,0.0,0.0,0.0,0.0,0.0,0.6,100.0,0.0,0.0,0.0,0.0,0.0,0.6,0.0,0.0,0,,0,,0,0.0,0.0,0.0,,,0.6,,,0.0,0.0,0.0,0.0,0,0.0
Adrian Huntington,Team 31,Team 31,"RCMF, RDMF",18,400000,2029-12-31,9,760,0,0.46,0,0.26,19.89,54.76,England,England,right,180,73,yes,8.41,8.88,56.0,1.66,42.86,0.47,0.69,0.12,2.96,4.29,2.01,3,0.36,0,0.0,0.95,0.0,0,0.0,0.05,0,0.0,5,0.59,20.0,0.0,0.0,0.36,33.33,0.0,0.0,0.36,33.33,0.0,1.07,66.67,8.29,54.29,0.71,1.07,0.0,28.3,0.12,2.37,37.89,83.75,12.08,65.69,4.5,92.11,14.45,93.44,34.93,86.1,2.61,59.09,16.73,32.06,0.03,0.36,0.0,0.0,0.12,0.0,0.0,6.75,68.42,1.66,35.71,0.12,0.0,0.47,0.12,4.74,72.5,0,,0,,0,0.0,0.0,0.0,,,0.12,,,0.0,0.0,0.0,0.0,0,0.0
Callum Zimmerman,Team 31,Team 31,GK,34,400000,2029-12-31,8,801,1,0.76,0,0.0,1.01,88.89,Albania,"Albania, Germany",right,184,80,yes,1.35,0.11,100.0,0.56,100.0,0.11,0.17,0.0,1.12,1.69,0.0,0,0.0,0,0.0,0.11,0.11,0,0.0,0.09,0,0.0,1,0.11,100.0,100.0,0.0,0.0,0.0,0.0,0.0,0.0,0.0,0.0,0.0,0.0,0.11,100.0,0.0,0.11,0.0,17.75,0.34,0.45,25.17,79.91,12.13,58.33,0.0,0.0,12.7,100.0,16.52,100.0,8.65,41.56,34.76,51.11,0.0,0.0,0.0,0.0,0.0,0.0,0.0,3.82,35.29,0.34,0.0,0.67,16.67,0.22,0.0,4.83,65.12,12,1.35,41,4.61,2,70.73,11.5,1.29,-0.5,-0.056,0.0,1.46,0.56,,,,0.0,1,100.0
Anton Halston,Team 31,Team 31,LCB,19,550000,,1,52,0,0.0,0,0.0,8.65,60.0,Germany,Germany,left,185,77,yes,8.65,6.92,75.0,0.0,0.0,0.0,0.0,0.0,3.46,3.0,1.73,0,0.0,0,0.0,0.0,0.0,0,0.0,0.0,0,0.0,0,0.0,0.0,0.0,0.0,1.73,0.0,1.73,0.0,0.0,0.0,0.0,0.0,0.0,0.0,0.0,0.0,1.73,0.0,6.92,0.0,0.0,8.65,80.0,3.46,100.0,1.73,100.0,3.46,50.0,6.92,100.0,1.73,0.0,31.65,61.93,0.0,0.0,0.0,0.0,0.0,0.0,0.0,0.0,0.0,0.0,0.0,0.0,0.0,0.0,0.0,1.73,100.0,0,,0,,0,0.0,0.0,0.0,,,1.73,,,0.0,0.0,0.0,0.0,0,0.0
Anton Calder,Team 31,Team 31,"LAMF, CF, RWF",24,550000,2026-12-15,10,768,5,1.99,0,0.15,22.03,39.36,Paraguay,Paraguay,right,173,72,yes,4.8,4.8,34.15,6.33,38.89,0.7,0.9,0.23,2.46,3.17,2.46,3,0.35,0,0.0,2.11,0.59,5,0.59,0.23,2,0.23,21,2.46,38.1,23.81,0.0,0.59,20.0,0.35,33.33,0.23,0.0,0.12,1.76,60.0,9.26,44.3,2.23,0.7,0.0,13.48,3.05,1.99,16.88,75.0,3.87,51.52,5.63,83.33,4.45,81.58,15.23,80.0,1.05,33.33,15.41,16.61,0.02,0.35,0.12,0.0,0.0,0.0,0.23,1.76,33.33,0.47,50.0,0.0,0.0,0.12,0.12,2.7,52.17,0,,0,,0,0.0,0.0,0.0,,,0.12,,,0.0,0.0,0.0,0.0,0,0.0
Finn Thorne,Team 31,Team 31,"LWB, LWF",20,650000,2027-06-30,2,44,0,0.0,0,0.0,,,Chile,Chile,right,175,70,yes,,,,,,,3.33,,,13.33,,0,,0,,,,0,,,0,,1,,,0.0,,,,,,,,,,,,,,,,,,,,,,,,,,,,,,,22.82,28.45,,,,,,,,,,,,,,,,,,0,,0,,0,0.0,0.0,,,,,,,,,,,0,0.0
Soren Somerset,Team 31,Team 31,CF,22,550000,2027-12-31,14,895,2,3.57,1,0.2,16.79,34.13,Turkey,Turkey,right,177,73,yes,4.22,3.62,44.44,4.12,17.07,0.1,0.15,0.3,2.51,3.87,1.71,0,0.0,0,0.0,0.7,0.2,1,0.1,0.36,0,0.0,16,1.61,25.0,12.5,0.1,0.1,0.0,0.1,0.0,0.0,0.0,0.0,0.8,37.5,7.04,40.0,2.21,0.2,0.0,10.86,0.91,1.61,15.89,88.61,3.22,84.38,6.34,90.48,2.61,84.62,15.49,88.96,0.3,100.0,12.88,4.68,0.02,0.5,0.0,0.1,0.1,0.0,0.2,0.8,87.5,0.5,80.0,0.1,0.0,0.1,0.0,0.91,55.56,0,,0,,0,0.0,0.0,0.0,,,0.0,,,0.0,0.0,0.0,0.0,2,50.0
Fabian Stafford,Team 31,Team 31,"RAMF, CF, RW",21,700000,2028-12-31,17,1118,0,1.86,0,0.36,17.71,43.64,Paraguay,Paraguay,right,176,69,yes,4.83,4.91,49.18,1.29,31.25,0.24,0.37,0.0,2.17,3.31,1.45,0,0.0,0,0.0,3.46,0.0,0,0.0,0.15,0,0.0,23,1.85,21.74,0.0,0.0,1.29,37.5,0.08,100.0,1.21,33.33,0.32,4.19,59.62,10.06,43.2,2.74,1.45,0.32,18.27,2.01,1.45,22.62,82.56,4.03,70.0,7.57,97.87,5.96,75.68,21.01,85.44,0.4,60.0,15.64,16.49,0.03,0.56,0.0,0.0,0.08,100.0,0.16,1.13,78.57,1.77,68.18,0.0,0.0,0.97,0.4,2.17,62.96,0,,0,,0,0.0,0.0,0.0,,,0.08,,,0.0,0.0,0.0,0.08,0,0.0
Nils Prescott,Team 31,Team 31,"LDMF, DMF, LCMF",21,600000,2028-12-31,12,629,0,0.03,0,0.03,11.73,56.1,Turkey,Turkey,right,184,76,yes,10.73,6.15,60.47,1.72,50.0,0.72,0.93,0.57,6.3,8.2,1.29,2,0.29,0,0.0,0.57,0.0,0,0.0,0.0,0,0.0,2,0.29,50.0,0.0,0.0,0.0,0.0,0.0,0.0,0.0,0.0,0.0,0.29,100.0,2.43,52.94,0.0,0.29,0.0,20.75,0.0,0.86,32.62,85.96,8.59,70.0,3.58,96.0,16.03,92.86,29.48,87.38,3.15,72.73,18.64,32.18,0.0,0.29,0.0,0.14,0.29,50.0,0.14,3.29,73.91,1.0,42.86,0.29,50.0,0.57,0.0,5.72,65.0,0,,0,,0,0.0,0.0,0.0,,,0.29,,,0.0,0.0,0.0,0.0,0,0.0
Colin Oakley,Team 31,Team 31,"LCB, RCB, RB",22,700000,2028-12-31,11,951,0,0.0,0,0.05,8.99,50.53,Spain,"Spain, Portugal",right,192,74,yes,6.06,3.6,44.74,3.69,53.85,0.09,0.14,0.38,4.35,6.63,1.23,2,0.19,0,0.0,0.47,0.0,0,0.0,0.0,0,0.0,0,0.0,0.0,0.0,0.0,0.38,100.0,0.09,100.0,0.28,100.0,0.0,0.09,100.0,0.76,62.5,0.0,1.7,0.0,38.52,0.66,0.47,52.43,91.16,19.87,85.24,4.07,97.67,22.52,93.7,48.45,94.73,3.6,42.11,21.77,37.64,0.01,0.28,0.0,0.0,0.0,0.0,0.0,7.38,78.21,0.76,50.0,0.47,20.0,0.0,0.38,8.61,79.12,0,,0,,0,0.0,0.0,0.0,,,2.84,,,0.0,0.0,0.0,0.0,0,0.0
Hugo Pendleton,Team 31,Team 31,"AMF, CF, RCMF",28,550000,2026-11-30,7,219,0,0.47,0,0.37,29.18,52.11,England,"England, France",right,174,70,yes,7.4,8.22,75.0,2.47,16.67,0.82,1.76,0.0,0.41,0.88,1.64,0,0.0,0,0.0,4.52,0.0,0,0.0,0.19,0,0.0,5,2.05,40.0,0.0,0.0,2.88,14.29,1.64,25.0,1.23,0.0,0.41,6.16,53.33,16.85,46.34,2.05,3.7,0.0,38.63,1.23,2.88,50.14,78.69,14.38,71.43,9.45,82.61,14.38,80.0,44.38,87.04,2.88,14.29,16.82,26.54,0.15,1.64,0.0,0.0,0.82,0.0,0.41,6.99,70.59,4.52,36.36,0.82,0.0,1.64,0.41,5.34,84.62,0,,0,,0,0.0,0.0,0.0,,,0.0,,,0.82,0.41,100.0,0.82,0,0.0
Magnus Calder,Team 53,Team 53,"RCMF, DMF, RDMF",27,1500000,2026-11-30,15,962,0,0.48,0,0.05,10.2,55.05,Finland,"Finland, Spain",right,184,77,yes,7.3,5.05,59.26,2.25,58.33,0.0,0.0,0.47,4.3,6.97,1.4,2,0.19,0,0.0,0.65,0.0,0,0.0,0.04,0,0.0,4,0.37,50.0,0.0,0.0,0.28,66.67,0.0,0.0,0.28,66.67,0.0,0.37,75.0,1.78,57.89,0.47,0.94,0.09,31.15,0.37,0.94,40.79,88.53,10.95,81.2,5.52,91.53,18.9,94.06,37.7,90.07,2.81,70.0,19.15,25.59,0.0,0.28,0.0,0.0,0.0,0.0,0.0,5.71,77.05,0.19,100.0,0.0,0.0,0.09,0.19,6.36,67.65,0,,0,,0,0.0,0.0,0.0,,,0.47,,,0.0,0.0,0.0,0.0,0,0.0
Gabriel Barton,Team 53,Team 53,LCMF,25,1200000,2027-12-31,1,6,0,0.0,0,0.0,,,Ghana,"Ghana, Spain",right,180,75,yes,,,,,,,0.0,,,0.0,,0,,0,,,,0,,,0,,0,,,0.0,,,,,,,,,,,,,,,,,,,,,,,,,,,,,,,0.0,0.0,,,,,,,,,,,,,,,,,,0,,0,,0,0.0,0.0,,,,,,,,,,,0,0.0
Lucas Drayton,Team 53,Team 53,CF,28,1200000,2026-11-30,19,1834,9,7.01,0,0.16,18.35,33.42,Italy,Italy,left,186,78,yes,2.99,2.65,44.44,5.2,24.53,0.29,0.48,0.34,1.52,2.46,1.57,2,0.1,0,0.0,1.72,0.44,9,0.44,0.34,2,0.1,48,2.36,47.92,18.75,0.0,0.05,100.0,0.05,100.0,0.0,0.0,0.0,1.03,52.38,7.66,33.97,2.5,0.29,0.1,7.61,1.23,2.65,10.55,76.28,1.72,57.14,3.88,91.14,2.36,68.75,10.06,77.07,0.44,55.56,14.5,16.28,0.01,0.25,0.05,0.05,0.0,0.0,0.05,0.98,60.0,0.25,60.0,0.05,0.0,0.15,0.05,1.03,47.62,0,,0,,0,0.0,0.0,0.0,,,0.0,,,0.05,0.05,0.0,0.0,0,0.0
Maxim Callow,Team 53,Team 53,CF,32,1000000,2026-11-30,5,147,0,0.59,0,0.0,21.43,40.0,Turkey,Turkey,right,184,85,yes,3.06,1.84,0.0,7.35,33.33,0.61,1.2,0.61,2.45,4.8,1.22,0,0.0,0,0.0,1.84,0.0,0,0.0,0.36,0,0.0,6,3.67,16.67,0.0,0.0,0.0,0.0,0.0,0.0,0.0,0.0,0.0,1.84,66.67,10.41,47.06,3.06,0.61,0.0,6.12,1.22,3.06,9.8,87.5,1.84,66.67,4.29,100.0,2.45,75.0,9.8,87.5,0.0,0.0,7.81,0.0,0.0,0.0,0.0,0.0,0.0,0.0,0.0,0.0,0.0,1.22,50.0,0.0,0.0,0.61,0.0,1.22,100.0,0,,0,,0,0.0,0.0,0.0,,,0.0,,,0.0,0.0,0.0,0.0,0,0.0
Rowan Hawthorne,Team 53,Team 53,"LAMF, LW",31,1000000,2026-11-30,14,751,0,0.68,1,0.89,15.34,42.97,England,England,right,166,63,yes,4.31,4.43,37.84,1.32,27.27,0.12,0.19,0.0,2.52,4.06,1.56,1,0.12,1,0.12,2.64,0.0,0,0.0,0.08,0,0.0,10,1.2,0.0,0.0,0.12,1.2,50.0,0.96,50.0,0.24,50.0,0.24,4.31,47.22,8.87,48.65,1.2,3.24,0.48,18.22,1.92,2.52,24.93,81.73,7.43,79.03,5.87,95.92,7.19,83.33,22.41,83.42,1.44,75.0,17.58,20.86,0.11,1.44,0.0,0.12,0.12,0.0,0.48,2.16,83.33,2.16,72.22,0.12,0.0,0.96,0.6,2.88,75.0,0,,0,,0,0.0,0.0,0.0,,,0.12,,,1.08,0.24,0.0,1.56,0,0.0
Graham Westlake,Team 53,Team 53,"LAMF, LW, LWF",30,700000,2028-06-30,13,743,1,3.56,1,0.9,14.9,43.9,France,France,right,183,71,yes,4.0,4.24,62.86,2.54,19.05,0.12,0.2,0.0,1.21,2.0,1.45,3,0.36,1,0.12,2.3,0.12,1,0.12,0.43,0,0.0,16,1.94,43.75,6.25,0.12,1.21,50.0,0.85,42.86,0.36,66.67,0.36,1.7,50.0,6.42,41.51,3.03,0.97,0.24,14.54,1.82,1.33,17.56,86.21,3.15,76.92,4.48,94.59,5.45,80.0,15.87,89.31,0.61,80.0,14.38,13.9,0.11,0.61,0.0,0.0,0.0,0.0,0.48,1.33,72.73,1.57,61.54,0.0,0.0,1.09,0.61,1.82,93.33,0,,0,,0,0.0,0.0,0.0,,,0.0,,,0.0,0.0,0.0,0.0,0,0.0
Florian Davenport,Team 53,Team 53,LCB,28,600000,2027-12-31,13,1173,0,2.03,0,0.05,9.36,54.92,Albania,Albania,left,188,77,yes,6.45,3.53,63.04,3.07,60.0,0.38,0.6,0.77,3.84,5.98,1.53,3,0.23,0,0.0,0.23,0.0,0,0.0,0.16,0,0.0,8,0.61,12.5,0.0,0.0,0.23,66.67,0.23,66.67,0.0,0.0,0.08,0.15,0.0,0.84,45.45,0.61,0.84,0.0,36.75,0.15,0.84,48.95,88.4,19.8,74.81,2.61,100.0,21.48,97.14,41.59,96.13,7.14,44.09,21.26,40.71,0.0,0.08,0.15,0.0,0.0,0.0,0.0,5.75,52.0,0.77,40.0,0.31,0.0,0.08,0.15,7.21,73.4,0,,0,,0,0.0,0.0,0.0,,,1.76,,,0.0,0.0,0.0,0.0,0,0.0
Adrian Winslow,Team 53,Team 53,RW,25,500000,2028-12-31,2,17,0,0.0,0,0.0,,,England,England,left,175,73,yes,,,,,,,0.0,,,0.0,,0,,0,,,,0,,,0,,0,,,0.0,,,,,,,,,,,,,,,,,,,,,,,,,,,,,,,19.65,25.83,,,,,,,,,,,,,,,,,,0,,0,,0,0.0,0.0,,,,,,,,,,,0,0.0
Erik Redmond,Team 53,Team 53,LB,29,500000,2027-12-31,19,1922,1,1.88,2,1.66,10.86,57.76,Senegal,"Senegal, Spain",left,177,74,yes,6.23,4.4,51.06,1.69,58.33,0.05,0.08,0.19,3.93,6.35,1.03,4,0.19,0,0.0,2.95,0.05,1,0.05,0.09,0,0.0,21,0.98,23.81,4.762,0.09,3.28,40.0,3.14,41.79,0.14,0.0,0.47,1.87,75.0,3.89,65.06,1.31,1.87,0.33,37.13,1.83,0.94,46.64,79.82,17.42,68.28,6.6,95.04,13.77,87.07,38.73,87.18,5.15,49.09,20.12,40.51,0.08,0.75,0.0,0.09,0.0,0.0,0.52,6.13,66.41,3.47,47.3,0.33,42.86,0.89,0.89,9.18,69.9,0,,0,,0,0.0,0.0,0.0,,,0.8,,,0.05,0.05,0.0,0.0,0,0.0
Magnus Oakley,Team 53,Team 53,RB,34,500000,2026-11-30,12,869,1,0.78,0,0.45,8.39,53.09,Scotland,Scotland,right,182,69,yes,6.11,3.21,48.39,2.59,60.0,0.21,0.34,0.21,4.35,7.12,0.72,3,0.31,0,0.0,1.55,0.1,1,0.1,0.08,1,0.1,7,0.72,28.57,14.286,0.0,2.28,54.55,0.0,0.0,2.28,54.55,0.21,0.31,33.33,1.14,36.36,1.66,0.41,0.21,23.92,2.17,0.93,30.03,85.52,10.15,79.59,5.18,96.0,10.05,89.69,25.79,90.76,1.97,52.63,19.01,22.46,0.05,0.72,0.0,0.0,0.0,0.0,0.31,2.17,76.19,1.35,69.23,0.1,100.0,0.21,1.24,5.8,71.43,0,,0,,0,0.0,0.0,0.0,,,0.93,,,0.0,0.0,0.0,0.0,0,0.0
Bastien Sinclair,Team 53,Team 53,"LWF, RAMF",25,450000,2026-12-31,3,169,0,0.0,0,0.43,12.25,30.43,Serbia,Serbia,right,167,60,yes,3.2,4.79,33.33,1.07,0.0,0.53,0.88,0.0,1.07,1.76,1.6,1,0.53,0,0.0,3.2,0.0,0,0.0,0.0,0,0.0,1,0.53,0.0,0.0,0.0,4.26,50.0,3.2,66.67,1.07,0.0,0.0,2.13,50.0,3.2,50.0,1.6,1.6,1.07,19.17,1.07,0.53,22.37,78.57,2.66,60.0,9.05,100.0,5.86,63.64,17.57,84.85,1.07,50.0,15.12,12.13,0.23,2.13,0.0,0.0,0.0,0.0,0.53,1.07,50.0,3.2,66.67,0.0,0.0,0.0,2.66,2.66,80.0,0,,0,,0,0.0,0.0,0.0,,,0.0,,,1.6,0.0,0.0,0.0,0,0.0
Dara Sinclair,Team 53,Team 53,"LW, AMF, CF",28,350000,2026-11-30,13,437,0,1.25,1,1.4,13.18,60.94,Greece,"Greece, Portugal",right,175,69,yes,4.32,4.74,60.87,1.03,80.0,0.41,0.75,0.0,1.03,1.88,0.82,2,0.41,0,0.0,3.91,0.0,0,0.0,0.26,0,0.0,6,1.24,33.33,0.0,0.21,4.94,37.5,0.62,66.67,4.32,33.33,0.21,1.85,88.89,7.21,60.0,2.68,1.44,0.62,24.51,1.44,2.47,33.78,78.66,8.44,78.05,6.18,90.0,12.97,77.78,27.8,88.15,1.24,33.33,18.27,13.1,0.29,1.24,0.0,0.0,0.0,0.0,0.62,3.71,77.78,4.12,40.0,0.0,0.0,0.62,1.65,4.74,82.61,0,,0,,0,0.0,0.0,0.0,,,0.0,,,0.41,0.0,0.0,0.82,0,0.0
Dominic Montague,Team 53,Team 53,"LW, CF",26,350000,2026-11-30,2,56,0,0.01,0,0.0,12.86,62.5,Morocco,Morocco,right,179,73,yes,9.64,6.43,75.0,0.0,0.0,0.0,0.0,0.0,4.82,7.5,1.61,0,0.0,0,0.0,1.61,0.0,0,0.0,0.02,0,0.0,1,1.61,100.0,0.0,0.0,1.61,0.0,1.61,0.0,0.0,0.0,0.0,1.61,0.0,4.82,33.33,4.82,0.0,0.0,14.46,1.61,1.61,17.68,81.82,3.21,100.0,4.82,100.0,4.82,66.67,14.46,88.89,1.61,100.0,15.19,13.26,0.0,0.0,0.0,0.0,0.0,0.0,0.0,1.61,100.0,1.61,0.0,0.0,0.0,0.0,0.0,1.61,100.0,0,,0,,0,0.0,0.0,0.0,,,0.0,,,0.0,0.0,0.0,0.0,0,0.0
Casper Brecken,Team 53,Team 53,"LCMF, RCMF, RDMF",26,300000,2026-12-31,13,540,0,0.05,0,0.45,13.33,51.25,Czech Republic,Czech Republic,right,175,67,yes,6.67,5.5,45.45,3.0,55.56,0.0,0.0,0.17,4.17,6.94,1.67,2,0.33,0,0.0,1.0,0.0,0,0.0,0.01,0,0.0,5,0.83,0.0,0.0,0.0,0.67,50.0,0.17,0.0,0.5,66.67,0.17,0.83,80.0,3.0,55.56,0.17,0.5,0.0,35.83,0.17,0.83,47.83,89.55,15.0,78.89,9.33,96.43,16.83,92.08,43.83,92.02,3.5,61.9,16.7,36.64,0.08,0.33,0.17,0.0,0.0,0.0,0.17,7.17,76.74,1.5,77.78,0.0,0.0,0.5,0.17,6.17,81.08,0,,0,,0,0.0,0.0,0.0,,,0.5,,,0.0,0.0,0.0,0.0,0,0.0
Rowan Winterbottom,Team 53,Team 53,"RDMF, RW, LDMF",24,200000,2028-07-31,19,1571,1,2.48,3,1.09,12.78,50.67,Cameroon,Cameroon,right,186,80,yes,8.65,7.1,58.06,2.12,35.14,0.52,0.83,0.23,4.01,6.46,1.6,2,0.11,0,0.0,1.15,0.06,1,0.06,0.14,0,0.0,18,1.03,50.0,5.556,0.17,0.69,33.33,0.06,0.0,0.63,36.36,0.0,0.57,60.0,2.41,40.48,1.49,0.8,0.06,28.36,0.92,0.63,36.09,87.3,11.57,82.18,6.02,97.14,12.78,87.0,33.46,90.41,1.95,52.94,16.86,32.58,0.06,0.86,0.0,0.0,0.06,100.0,0.34,5.16,82.22,1.83,62.5,0.17,0.0,1.09,0.23,5.27,82.61,0,,0,,0,0.0,0.0,0.0,,,0.34,,,0.0,0.0,0.0,0.0,0,0.0
Nikolai Kensington,Team 53,Team 53,GK,27,200000,2027-12-31,20,2033,0,0.0,0,0.0,0.4,88.89,Croatia,Croatia,right,188,79,yes,0.97,0.04,100.0,0.27,100.0,0.0,0.0,0.0,0.93,1.5,0.0,0,0.0,0,0.0,0.0,0.0,0,0.0,0.0,0,0.0,0,0.0,0.0,0.0,0.0,0.0,0.0,0.0,0.0,0.0,0.0,0.0,0.0,0.0,0.0,0.0,0.0,0.0,0.0,10.14,0.13,0.0,17.58,89.92,7.13,78.88,0.0,0.0,9.96,97.78,13.41,99.01,4.12,61.29,27.65,45.12,0.0,0.0,0.0,0.0,0.0,0.0,0.0,0.66,46.67,0.09,0.0,0.04,0.0,0.0,0.0,2.52,59.65,19,0.84,84,3.72,7,77.38,21.52,0.95,2.52,0.112,0.0,1.2,0.27,,,,0.0,0,0.0
Ethan Radcliffe,Team 53,Team 53,LCB,21,800000,2029-12-31,1,9,0,0.0,0,0.0,,,Iceland,Iceland,left,190,79,yes,,,,,,,0.0,,,0.0,,0,,0,,,,0,,,0,,0,,,0.0,,,,,,,,,,,,,,,,,,,,,,,,,,,,,,,57.26,44.29,,,,,,,,,,,,,,,,,,0,,0,,0,0.0,0.0,,,,,,,,,,,0,0.0
Finn Ravensdale,Team 53,Team 53,RWF,20,650000,2027-12-31,1,27,0,0.0,0,0.0,,,Ecuador,Ecuador,right,183,78,yes,,,,,,,0.0,,,0.0,,0,,0,,,,0,,,0,,0,,,0.0,,,,,,,,,,,,,,,,,,,,,,,,,,,,,,,11.71,0.0,,,,,,,,,,,,,,,,,,0,,0,,0,0.0,0.0,,,,,,,,,,,0,0.0
Callum Norwood,Team 53,Team 53,CF,19,650000,,1,18,0,0.0,0,0.0,,,Ecuador,Ecuador,right,183,76,yes,,,,,,,0.0,,,7.5,,0,,0,,,,0,,,0,,0,,,0.0,,,,,,,,,,,,,,,,,,,,,,,,,,,,,,,15.13,0.0,,,,,,,,,,,,,,,,,,0,,0,,0,0.0,0.0,,,,,,,,,,,0,0.0
Nathan Sinclair,Team 53,Team 53,LCB,21,600000,2027-01-31,1,34,0,0.0,0,0.0,,,Japan,"Japan, France",right,188,82,yes,,,,,,,0.0,,,5.0,,0,,0,,,,0,,,0,,0,,,0.0,,,,,,,,,,,,,,,,,,,,,,,,,,,,,,,19.85,23.89,,,,,,,,,,,,,,,,,,0,,0,,0,0.0,0.0,,,,,,,,,,,0,0.0
Tristan Thorne,Team 53,Team 53,RB,18,550000,2027-08-31,17,996,1,0.65,1,1.32,12.56,47.48,Scotland,Scotland,right,176,75,yes,7.5,6.96,57.14,1.36,20.0,0.18,0.3,0.18,3.34,5.5,0.81,2,0.18,0,0.0,2.17,0.09,1,0.09,0.06,0,0.0,5,0.45,60.0,20.0,0.09,2.98,39.39,0.0,0.0,2.98,39.39,0.63,1.27,57.14,3.34,45.95,1.36,0.72,0.18,26.75,2.26,0.54,34.34,80.0,12.56,74.82,5.87,95.38,8.67,79.17,29.19,86.38,2.26,52.0,17.57,29.68,0.12,0.99,0.0,0.0,0.09,0.0,0.72,4.07,68.89,2.98,51.52,0.45,60.0,0.81,1.17,5.6,82.26,0,,0,,0,0.0,0.0,0.0,,,0.72,,,0.0,0.0,0.0,0.0,0,0.0
Soren Pendleton,Team 53,Team 53,RCMF,20,1200000,2027-12-31,1,6,0,0.0,0,0.0,,,Japan,Japan,right,173,71,yes,,,,,,,0.0,,,15.0,,0,,0,,,,0,,,0,,0,,,0.0,,,,,,,,,,,,,,,,,,,,,,,,,,,,,,,0.68,0.0,,,,,,,,,,,,,,,,,,0,,0,,0,0.0,0.0,,,,,,,,,,,0,0.0
Leo Callow,Team 53,Team 53,"LCMF, LDMF",23,900000,2026-12-31,7,422,1,0.39,0,0.16,18.13,43.53,Uruguay,Uruguay,left,182,73,yes,5.12,5.33,56.0,3.41,37.5,0.21,0.39,0.0,1.92,3.51,1.49,0,0.0,0,0.0,1.07,0.21,1,0.21,0.08,0,0.0,6,1.28,16.67,16.667,0.0,0.0,0.0,0.0,0.0,0.0,0.0,0.0,1.49,57.14,7.46,37.14,0.64,0.43,0.0,34.55,0.43,0.64,52.25,91.43,14.5,83.82,7.25,94.12,22.18,94.23,47.99,92.89,4.27,75.0,16.59,37.0,0.03,0.85,0.0,0.0,0.0,0.0,0.64,7.46,80.0,0.85,50.0,0.21,100.0,0.43,0.0,5.12,83.33,0,,0,,0,0.0,0.0,0.0,,,0.21,,,0.0,0.0,0.0,0.0,0,0.0
Aaron Ashford,Team 53,Team 53,"LB, LW, AMF",26,550000,2027-11-30,6,195,0,0.11,0,0.01,12.0,53.85,Poland,"Poland, France",left,176,70,yes,6.46,4.15,44.44,0.0,0.0,0.0,0.0,0.0,4.62,8.33,1.85,1,0.46,0,0.0,1.85,0.0,0,0.0,0.05,0,0.0,2,0.92,50.0,0.0,0.0,1.85,25.0,1.85,25.0,0.0,0.0,0.0,1.85,50.0,6.92,53.33,1.38,2.31,0.0,31.38,1.85,0.92,43.85,80.0,13.85,70.0,8.77,94.74,12.46,74.07,38.31,86.75,4.62,40.0,14.1,28.84,0.01,0.46,0.0,0.0,0.0,0.0,0.0,6.92,66.67,4.15,44.44,1.38,33.33,1.85,0.0,7.85,70.59,0,,0,,0,0.0,0.0,0.0,,,0.46,,,0.92,0.0,0.0,0.0,0,0.0
Nils Norwood,Team 53,Team 53,"AMF, RW",26,700000,2027-12-31,3,138,0,0.01,0,0.0,10.43,56.25,Netherlands,"Netherlands, Germany",left,175,67,yes,3.91,3.26,80.0,0.65,0.0,0.0,0.0,0.0,1.3,2.14,0.0,0,0.0,0,0.0,2.61,0.0,0,0.0,0.01,0,0.0,5,3.26,20.0,0.0,0.0,1.96,33.33,0.65,0.0,1.3,50.0,0.65,2.61,50.0,5.87,44.44,0.65,0.65,0.0,26.09,1.3,0.65,35.87,76.36,10.43,68.75,11.74,94.44,7.17,72.73,31.96,79.59,2.61,50.0,18.01,36.4,0.0,0.65,0.0,0.65,0.0,0.0,0.0,5.22,75.0,2.61,25.0,0.0,0.0,0.0,0.65,3.26,100.0,0,,0,,0,0.0,0.0,0.0,,,1.3,,,0.0,0.0,0.0,2.61,0,0.0
Erik Fairfax,Team 53,Team 53,"RCB, LCB",23,550000,2027-12-31,8,731,0,0.11,0,0.0,9.85,50.0,Netherlands,Netherlands,right,189,79,yes,9.48,2.83,69.57,3.82,51.61,0.62,0.89,0.98,6.89,9.94,0.37,2,0.25,1,0.12,0.25,0.0,0,0.0,0.01,0,0.0,1,0.12,0.0,0.0,0.0,0.0,0.0,0.0,0.0,0.0,0.0,0.0,0.49,50.0,2.34,26.32,0.25,1.35,0.0,32.87,0.49,0.12,43.95,89.64,17.36,80.14,3.08,100.0,19.33,96.82,41.12,92.51,2.83,47.83,20.91,34.1,0.0,0.0,0.12,0.12,0.0,0.0,0.0,3.2,57.69,0.37,0.0,0.12,0.0,0.0,0.0,4.92,65.0,0,,0,,0,0.0,0.0,0.0,,,1.6,,,0.0,0.0,0.0,0.0,0,0.0
Erik Ellington,Team 53,Team 53,"RAMF, RW, RWF",25,1100000,2029-07-31,17,1660,8,7.25,3,3.98,17.3,44.83,Greece,"Greece, Portugal",left,178,70,yes,3.74,3.58,56.06,0.92,23.53,0.05,0.09,0.0,1.68,2.82,0.87,5,0.27,0,0.0,4.55,0.43,2,0.11,0.39,0,0.0,45,2.44,35.56,17.778,0.16,2.71,40.0,1.3,41.67,1.41,38.46,0.27,4.01,63.51,11.11,46.83,2.49,3.47,0.76,22.93,1.68,2.22,27.6,74.85,7.43,62.04,6.23,91.3,7.05,75.38,23.48,80.83,1.52,42.86,17.95,26.22,0.22,1.41,0.05,0.05,0.16,33.33,0.54,2.87,67.92,2.93,40.74,0.43,25.0,0.92,0.98,4.28,73.42,0,,0,,0,0.0,0.0,0.0,,,0.11,,,0.92,0.16,33.33,2.71,6,100.0
Soren Vance,Team 53,Team 53,"LCB, RCB",25,400000,2028-02-28,7,587,0,0.78,0,0.0,8.59,66.07,Colombia,Colombia,right,187,80,yes,6.44,2.76,66.67,5.21,67.65,0.15,0.28,0.31,4.45,8.21,0.61,1,0.15,0,0.0,0.15,0.0,0,0.0,0.12,0,0.0,5,0.77,20.0,0.0,0.0,0.0,0.0,0.0,0.0,0.0,0.0,0.0,0.0,0.0,0.46,66.67,0.61,0.15,0.0,34.8,0.46,0.46,45.69,93.29,12.88,77.38,0.31,100.0,28.21,99.46,42.93,96.79,2.76,38.89,21.29,43.17,0.0,0.15,0.15,0.0,0.0,0.0,0.0,3.07,55.0,0.61,0.0,0.0,0.0,0.15,0.0,4.14,66.67,0,,0,,0,0.0,0.0,0.0,,,0.31,,,0.0,0.0,0.0,0.0,0,0.0
Viktor Kren,Team 53,Team 53,"AMF, RB, LCMF",31,450000,2026-11-30,16,821,0,0.98,0,0.0,14.47,43.18,Georgia,"Georgia, Portugal",right,180,68,yes,6.03,6.47,49.15,2.19,30.0,0.77,1.24,0.0,2.08,3.35,1.97,3,0.33,0,0.0,0.66,0.0,0,0.0,0.11,0,0.0,10,1.1,10.0,0.0,0.0,0.77,28.57,0.33,33.33,0.44,25.0,0.11,0.66,50.0,4.17,44.74,0.55,0.66,0.0,23.46,0.99,1.86,33.43,83.93,11.4,70.19,6.8,98.39,9.87,83.33,29.6,89.26,3.07,46.43,16.43,27.92,0.0,0.0,0.0,0.0,0.11,0.0,0.11,4.28,58.97,1.32,41.67,0.44,25.0,0.44,0.22,4.82,70.45,0,,0,,0,0.0,0.0,0.0,,,0.44,,,0.22,0.22,50.0,0.55,0,0.0
Matthias Blackwood,Team 53,Team 53,RCB,30,400000,2026-11-30,15,1517,1,0.79,0,0.24,8.6,67.59,Colombia,Colombia,right,181,78,yes,7.89,3.44,68.97,3.14,71.7,0.12,0.2,0.71,5.4,9.1,0.36,3,0.18,0,0.0,0.47,0.06,1,0.06,0.05,1,0.06,6,0.36,33.33,16.667,0.0,0.06,100.0,0.0,0.0,0.06,100.0,0.0,0.3,100.0,1.07,55.56,0.77,0.71,0.06,29.07,0.24,0.36,40.28,91.16,12.64,78.4,1.6,100.0,21.6,97.53,36.13,95.07,4.15,57.14,20.33,34.9,0.01,0.18,0.06,0.0,0.0,0.0,0.06,3.68,75.81,0.18,0.0,0.3,40.0,0.12,0.0,5.58,69.15,0,,0,,0,0.0,0.0,0.0,,,1.36,,,0.0,0.0,0.0,0.0,0,0.0
Gabriel Westlake,Team 53,Team 53,"DMF, RCMF",20,700000,2027-12-31,1,27,0,0.07,0,0.0,,,Uruguay,Uruguay,right,183,74,yes,,,,,,,0.0,,,6.0,,0,,0,,,,0,,,0,,1,,,0.0,,,,,,,,,,,,,,,,,,,,,,,,,,,,,,,15.76,38.41,,,,,,,,,,,,,,,,,,0,,0,,0,0.0,0.0,,,,,,,,,,,0,0.0
Julian Montague,Team 53,Team 53,"AMF, LCMF, LAMF",34,600000,2026-11-30,14,671,1,1.47,2,2.37,10.33,51.95,Norway,Norway,left,177,69,yes,4.29,2.41,61.11,2.01,66.67,0.4,0.65,0.13,2.41,3.88,0.8,2,0.27,0,0.0,2.28,0.13,1,0.13,0.2,0,0.0,19,2.55,42.11,5.263,0.27,2.15,37.5,1.61,25.0,0.54,75.0,0.8,0.54,75.0,3.62,40.74,2.15,1.21,0.13,24.41,0.67,1.21,33.26,79.03,10.46,70.51,6.04,88.89,10.73,77.5,26.56,86.36,4.56,55.88,19.37,33.33,0.32,2.15,0.13,0.0,0.13,0.0,0.67,5.9,79.55,2.41,38.89,0.13,0.0,0.54,0.94,7.11,73.58,0,,0,,0,0.0,0.0,0.0,,,0.54,,,2.41,0.54,0.0,3.35,0,0.0
Magnus Radcliffe,Team 4,Team 4,"RW, RWF",26,4000000,2028-06-30,2,79,0,0.15,0,0.0,14.81,46.15,Iceland,Iceland,left,178,70,yes,5.7,5.7,40.0,0.0,0.0,0.0,0.0,0.0,3.42,5.29,0.0,0,0.0,0,0.0,4.56,0.0,0,0.0,0.17,0,0.0,1,1.14,100.0,0.0,0.0,1.14,0.0,0.0,0.0,1.14,0.0,0.0,6.84,50.0,7.97,42.86,2.28,3.42,0.0,17.09,0.0,1.14,20.51,72.22,3.42,33.33,5.7,100.0,5.7,80.0,19.37,76.47,0.0,0.0,17.6,0.0,0.0,0.0,0.0,0.0,0.0,0.0,0.0,0.0,0.0,2.28,50.0,0.0,0.0,1.14,0.0,1.14,100.0,0,,0,,0,0.0,0.0,0.0,,,0.0,,,0.0,0.0,0.0,0.0,0,0.0
Florian Fairfax,Team 4,Team 4,"AMF, CF, RCMF",24,700000,2026-11-30,4,150,0,0.42,0,0.24,24.6,41.46,Italy,Italy,left,174,67,yes,7.2,8.4,64.29,2.4,25.0,0.0,0.0,0.0,1.8,2.65,1.2,0,0.0,0,0.0,3.0,0.0,0,0.0,0.25,0,0.0,5,3.0,20.0,0.0,0.0,4.8,12.5,2.4,0.0,2.4,25.0,0.0,6.0,30.0,10.2,23.53,3.6,3.6,0.0,25.2,0.0,1.2,34.2,77.19,10.8,83.33,6.6,100.0,10.2,64.71,27.6,91.3,1.8,33.33,22.32,15.93,0.14,1.8,0.0,0.0,0.0,0.0,0.0,1.8,100.0,3.0,40.0,0.0,0.0,0.6,0.6,5.4,77.78,0,,0,,0,0.0,0.0,0.0,,,0.0,,,1.8,0.0,0.0,2.4,0,0.0
Finnegan Drayton,Team 4,Team 4,"RCMF, LCMF",23,600000,2028-06-30,17,943,0,0.31,0,0.1,10.59,44.14,Wales,"Wales, Portugal",left,178,75,yes,6.78,4.68,51.02,1.43,46.67,0.67,0.85,0.19,3.72,4.74,1.62,2,0.19,0,0.0,0.76,0.0,0,0.0,0.03,0,0.0,6,0.57,33.33,0.0,0.0,0.86,11.11,0.1,0.0,0.76,12.5,0.1,1.05,45.45,3.53,35.14,0.67,0.57,0.0,22.91,0.57,0.29,31.97,81.79,9.07,73.68,6.39,95.52,10.69,87.5,28.92,87.13,2.2,39.13,16.82,23.21,0.01,0.38,0.0,0.0,0.0,0.0,0.19,4.1,69.77,0.95,30.0,0.19,0.0,0.29,0.19,3.63,60.53,0,,0,,0,0.0,0.0,0.0,,,0.57,,,0.1,0.0,0.0,0.48,0,0.0
Leo Sinclair,Team 4,Team 4,"CF, LCMF",23,500000,2027-12-31,17,1433,4,4.86,1,1.12,19.91,38.8,South Korea,South Korea,right,186,83,yes,6.53,5.28,51.19,4.96,41.77,0.25,0.33,0.31,3.58,4.68,1.57,4,0.25,2,0.13,1.51,0.25,3,0.19,0.31,0,0.0,29,1.82,34.48,13.793,0.06,0.57,33.33,0.25,25.0,0.31,40.0,0.19,1.57,44.0,7.73,30.08,2.7,1.32,0.13,15.39,1.38,1.26,21.29,74.04,6.15,60.2,4.58,90.41,5.59,78.65,19.6,76.6,1.19,52.63,15.81,26.41,0.07,0.57,0.0,0.06,0.06,0.0,0.38,4.02,53.13,1.38,63.64,0.19,0.0,0.82,0.19,3.71,67.8,0,,0,,0,0.0,0.0,0.0,,,0.06,,,0.0,0.0,0.0,0.06,1,100.0
Zachary Waverley,Team 4,Team 4,"LB, RCB",32,500000,2026-12-31,17,1447,0,0.95,2,1.9,9.7,46.15,South Korea,South Korea,right,170,68,yes,5.97,5.85,53.19,1.43,26.09,0.0,0.0,0.75,2.86,3.64,0.93,3,0.19,0,0.0,1.12,0.0,0,0.0,0.06,0,0.0,9,0.56,33.33,0.0,0.12,1.49,45.83,0.68,45.45,0.81,46.15,0.31,0.44,42.86,1.93,32.26,0.0,1.12,0.19,30.85,0.75,0.31,40.06,83.54,17.79,75.87,6.16,94.95,11.57,87.63,31.91,92.2,6.84,50.0,22.28,40.81,0.12,0.81,0.0,0.0,0.06,100.0,0.37,6.28,67.33,1.8,41.38,0.44,14.29,0.19,0.68,8.83,72.54,0,,0,,0,0.0,0.0,0.0,,,1.0,,,1.0,0.19,33.33,1.31,1,0.0
Bastien Vance,Team 4,Team 4,CF,29,500000,2026-12-31,2,132,0,0.47,0,0.0,19.77,48.28,Netherlands,Netherlands,right,195,82,yes,4.09,2.73,50.0,8.86,38.46,0.0,0.0,0.0,2.73,4.0,1.36,0,0.0,0,0.0,2.05,0.0,0,0.0,0.32,0,0.0,4,2.73,25.0,0.0,0.0,0.0,0.0,0.0,0.0,0.0,0.0,0.0,2.05,66.67,7.5,63.64,2.73,0.0,0.0,6.14,0.68,1.36,11.59,76.47,1.36,0.0,5.45,87.5,4.09,83.33,10.91,75.0,0.68,100.0,20.94,19.73,0.0,0.0,0.0,0.0,0.0,0.0,0.0,0.68,0.0,0.0,0.0,0.0,0.0,0.0,0.0,0.0,0.0,0,,0,,0,0.0,0.0,0.0,,,0.0,,,0.0,0.0,0.0,0.0,0,0.0
Nils Stratford,Team 4,Team 4,GK,33,450000,2026-11-30,19,1902,0,0.0,0,0.0,0.43,77.78,Italy,Italy,right,190,97,yes,1.09,0.09,0.0,0.19,100.0,0.0,0.0,0.0,1.09,1.41,0.0,1,0.05,0,0.0,0.0,0.0,0,0.0,0.0,0,0.0,0,0.0,0.0,0.0,0.0,0.0,0.0,0.0,0.0,0.0,0.0,0.0,0.0,0.0,0.14,100.0,0.0,0.0,0.0,9.51,0.14,0.19,17.41,77.17,9.04,59.69,0.0,0.0,7.76,96.95,11.03,97.0,6.29,43.61,34.39,55.25,0.0,0.0,0.0,0.0,0.0,0.0,0.0,2.03,34.88,0.19,0.0,0.19,0.0,0.0,0.0,4.78,58.42,17,0.8,85,4.02,5,80.0,20.85,0.99,3.85,0.182,0.0,1.8,0.19,,,,0.0,0,0.0
Henry Crestwood,Team 4,Team 4,CF,28,400000,2028-12-31,6,501,5,2.58,0,0.33,16.71,39.78,Argentina,"Argentina, France",right,194,85,yes,2.87,3.41,42.11,3.23,61.11,0.0,0.0,0.0,1.44,1.86,1.8,1,0.18,0,0.0,3.23,0.9,4,0.72,0.46,0,0.0,14,2.51,71.43,35.714,0.0,0.72,0.0,0.36,0.0,0.36,0.0,0.0,2.69,53.33,8.08,33.33,2.87,1.62,0.54,8.26,1.62,0.72,9.88,72.73,1.98,72.73,3.41,89.47,1.8,70.0,9.16,78.43,0.0,0.0,13.83,0.0,0.06,0.36,0.0,0.0,0.0,0.0,0.18,0.36,50.0,1.26,42.86,0.0,0.0,0.54,0.0,0.72,100.0,0,,0,,0,0.0,0.0,0.0,,,0.0,,,0.0,0.0,0.0,0.0,1,100.0
Lars Drayton,Team 4,Team 4,"CF, LW",26,200000,2026-11-30,2,88,0,0.49,0,0.0,26.59,46.15,Iceland,Iceland,right,193,87,yes,4.09,5.11,60.0,7.16,71.43,0.0,0.0,0.0,1.02,1.58,6.14,1,1.02,0,0.0,6.14,0.0,0,0.0,0.5,0,0.0,5,5.11,40.0,0.0,0.0,4.09,25.0,2.05,0.0,2.05,50.0,0.0,3.07,100.0,7.16,57.14,5.11,0.0,0.0,6.14,0.0,2.05,10.23,40.0,4.09,25.0,0.0,0.0,3.07,33.33,5.11,60.0,1.02,0.0,22.1,29.81,0.0,0.0,0.0,0.0,0.0,0.0,0.0,2.05,0.0,3.07,33.33,0.0,0.0,0.0,1.02,2.05,50.0,0,,0,,0,0.0,0.0,0.0,,,0.0,,,0.0,0.0,0.0,0.0,0,0.0
Fabian Underwood,Team 4,Team 4,AMF,22,600000,2030-12-31,1,30,0,0.0,0,0.0,,,Albania,Albania,right,176,68,yes,,,,,,,0.0,,,0.0,,0,,0,,,,0,,,0,,0,,,0.0,,,,,,,,,,,,,,,,,,,,,,,,,,,,,,,14.24,0.0,,,,,,,,,,,,,,,,,,0,,0,,0,0.0,0.0,,,,,,,,,,,0,0.0
Henry Callow,Team 4,Team 4,CF,22,600000,2027-12-31,6,244,0,0.08,0,0.01,19.55,35.85,Netherlands,Netherlands,left,186,77,yes,1.84,3.32,11.11,5.16,64.29,0.0,0.0,0.0,1.48,2.03,2.58,0,0.0,0,0.0,0.0,0.0,0,0.0,0.03,0,0.0,2,0.74,0.0,0.0,0.0,0.0,0.0,0.0,0.0,0.0,0.0,0.0,0.37,0.0,8.85,33.33,1.84,0.37,0.0,7.75,1.11,2.95,12.54,73.53,3.69,50.0,3.32,88.89,1.48,50.0,11.43,80.65,1.11,0.0,10.82,12.44,0.0,0.37,0.0,0.0,0.0,0.0,0.0,1.11,0.0,0.0,0.0,0.0,0.0,0.0,0.0,1.11,33.33,0,,0,,0,0.0,0.0,0.0,,,0.0,,,0.0,0.0,0.0,0.0,0,0.0
Roman Monroe,Team 4,Team 4,"CF, RWF",23,450000,2026-11-30,9,306,0,0.89,0,0.0,26.18,32.58,Scotland,Scotland,right,182,82,yes,5.0,3.53,50.0,9.71,45.45,0.0,0.0,0.29,3.24,4.18,2.94,0,0.0,0,0.0,0.0,0.0,0,0.0,0.26,0,0.0,5,1.47,0.0,0.0,0.0,0.29,0.0,0.0,0.0,0.29,0.0,0.29,0.59,0.0,9.41,15.63,1.76,0.0,0.0,5.88,1.76,1.47,10.0,79.41,2.35,75.0,2.35,87.5,3.24,72.73,9.71,81.82,0.0,0.0,12.91,0.0,0.0,0.0,0.0,0.0,0.0,0.0,0.0,1.47,80.0,0.29,100.0,0.0,0.0,0.29,0.0,1.18,100.0,0,,0,,0,0.0,0.0,0.0,,,0.0,,,0.0,0.0,0.0,0.0,0,0.0
Julian Thorne,Team 4,Team 4,"RCMF, LCMF",21,900000,2027-10-31,2,14,0,0.0,0,0.0,,,Poland,"Poland, Germany",right,183,77,yes,,,,,,,0.0,,,0.0,,0,,0,,,,0,,,0,,0,,,0.0,,,,,,,,,,,,,,,,,,,,,,,,,,,,,,,0.0,0.0,,,,,,,,,,,,,,,,,,0,,0,,0,0.0,0.0,,,,,,,,,,,0,0.0
Ruben Crestwood,Team 4,Team 4,LCB,21,500000,,6,342,0,0.25,0,0.24,14.21,68.52,Poland,Poland,left,187,78,yes,9.74,7.63,68.97,3.68,78.57,0.79,1.08,0.26,3.68,5.06,0.79,1,0.26,0,0.0,0.26,0.0,0,0.0,0.07,0,0.0,2,0.53,0.0,0.0,0.0,0.53,50.0,0.53,50.0,0.0,0.0,0.0,0.0,0.0,1.32,40.0,1.32,0.53,0.26,27.11,0.53,1.05,40.53,75.97,18.16,56.52,2.63,90.0,15.53,94.92,33.68,85.94,6.32,25.0,24.86,38.78,0.06,0.26,0.0,0.0,0.0,0.0,0.0,2.89,54.55,0.79,66.67,0.0,0.0,0.53,0.26,8.16,45.16,0,,0,,0,0.0,0.0,0.0,,,1.84,,,0.0,0.0,0.0,0.0,0,0.0
Hugo Sinclair,Team 4,Team 4,"CF, RWF",18,650000,,4,117,0,0.49,0,0.0,16.15,28.57,Cameroon,Cameroon,right,188,76,yes,1.54,2.31,33.33,5.38,14.29,0.0,0.0,0.0,0.77,1.3,1.54,1,0.77,0,0.0,1.54,0.0,0,0.0,0.38,0,0.0,3,2.31,66.67,0.0,0.0,0.0,0.0,0.0,0.0,0.0,0.0,0.0,3.08,0.0,6.92,33.33,2.31,0.77,0.0,10.0,0.77,1.54,10.0,92.31,2.31,100.0,3.85,100.0,1.54,100.0,10.0,92.31,0.0,0.0,10.94,0.0,0.0,0.0,0.0,0.0,0.0,0.0,0.0,0.0,0.0,0.0,0.0,0.0,0.0,0.0,0.0,1.54,100.0,0,,0,,0,0.0,0.0,0.0,,,0.0,,,0.0,0.0,0.0,0.0,0,0.0
Matthias Kensington,Team 4,Team 4,"RWF, RW, RCMF",23,550000,2026-11-30,14,558,1,1.65,0,0.53,27.9,41.62,Sweden,"Sweden, Spain",right,182,72,yes,5.65,6.94,48.84,3.23,15.0,0.0,0.0,0.32,2.26,3.36,2.58,4,0.65,0,0.0,3.87,0.16,1,0.16,0.27,0,0.0,14,2.26,28.57,7.143,0.0,2.58,6.25,0.48,0.0,2.1,7.69,0.48,5.16,59.38,15.0,41.94,1.94,1.94,0.65,14.52,1.77,2.9,20.65,78.13,3.55,72.73,6.45,95.0,6.45,67.5,17.58,89.91,0.65,25.0,16.32,12.4,0.09,1.13,0.0,0.0,0.0,0.0,0.32,1.13,100.0,2.26,28.57,0.0,0.0,0.81,0.16,1.94,83.33,0,,0,,0,0.0,0.0,0.0,,,0.0,,,0.16,0.0,0.0,2.1,0,0.0
Sebastian Barton,Team 4,Team 4,"DMF, LCMF, CB",22,400000,2026-11-30,20,1685,0,1.13,0,0.42,12.07,56.19,Croatia,Croatia,right,184,73,yes,10.04,5.61,66.67,3.42,54.69,0.05,0.07,0.8,6.25,8.09,1.01,1,0.05,0,0.0,0.32,0.0,0,0.0,0.06,0,0.0,10,0.53,0.0,0.0,0.0,0.21,50.0,0.11,0.0,0.11,100.0,0.0,0.43,50.0,2.51,38.3,0.59,0.21,0.0,20.14,0.21,0.37,33.97,87.26,9.83,69.57,4.81,92.22,15.6,96.23,30.34,91.02,3.42,56.25,19.79,35.64,0.02,0.43,0.0,0.0,0.0,0.0,0.32,4.01,73.33,0.59,18.18,0.0,0.0,0.21,0.11,5.02,65.96,0,,0,,0,0.0,0.0,0.0,,,0.69,,,0.0,0.0,0.0,0.0,0,0.0
Adrian Sinclair,Team 4,Team 4,"RWF, CF, RW",24,500000,2026-11-30,14,983,2,1.57,1,1.27,11.35,50.81,Colombia,Colombia,right,184,66,yes,2.29,1.74,47.37,1.28,28.57,0.0,0.0,0.0,1.46,1.89,0.64,3,0.27,0,0.0,2.38,0.18,2,0.18,0.14,0,0.0,13,1.19,23.08,15.385,0.09,2.47,22.22,0.73,25.0,1.74,21.05,0.27,2.75,56.67,6.59,54.17,3.02,2.11,0.18,10.44,2.93,2.56,13.46,65.99,4.03,63.64,3.66,90.0,3.3,55.56,10.8,75.42,0.27,100.0,16.18,5.05,0.12,0.55,0.0,0.0,0.0,0.0,0.46,0.64,71.43,2.11,34.78,0.0,0.0,0.82,0.64,1.65,55.56,0,,0,,0,0.0,0.0,0.0,,,0.0,,,0.0,0.0,0.0,0.0,0,0.0
Finn Kitteridge,Team 4,Team 4,RW,20,1100000,2026-11-30,2,48,0,0.02,0,0.0,13.13,28.57,Switzerland,Switzerland,right,178,67,yes,3.75,5.63,33.33,1.88,100.0,0.0,0.0,0.0,1.88,2.73,1.88,0,0.0,0,0.0,1.88,0.0,0,0.0,0.04,0,0.0,2,3.75,50.0,0.0,0.0,1.88,0.0,0.0,0.0,1.88,0.0,0.0,3.75,0.0,3.75,0.0,0.0,0.0,1.88,3.75,1.88,0.0,5.63,66.67,0.0,0.0,0.0,0.0,3.75,50.0,3.75,100.0,0.0,0.0,20.61,0.0,0.0,0.0,0.0,0.0,0.0,0.0,0.0,0.0,0.0,1.88,0.0,0.0,0.0,0.0,0.0,0.0,0.0,0,,0,,0,0.0,0.0,0.0,,,0.0,,,0.0,0.0,0.0,0.0,0,0.0
Tristan Ellwood,Team 4,Team 4,"LB, LWB",21,450000,2028-12-31,10,568,0,0.11,0,0.32,16.16,46.08,Serbia,Serbia,left,180,75,yes,6.5,5.86,48.65,1.58,60.0,0.32,0.45,0.48,3.33,4.77,1.58,2,0.32,0,0.0,1.27,0.0,0,0.0,0.02,0,0.0,2,0.32,0.0,0.0,0.0,1.74,27.27,1.74,27.27,0.0,0.0,0.16,2.22,35.71,6.97,40.91,0.32,1.58,0.0,20.12,1.58,2.06,27.89,72.16,14.26,63.33,4.91,93.55,5.07,84.38,20.92,85.61,5.39,32.35,23.93,33.68,0.05,0.48,0.0,0.0,0.0,0.0,0.16,4.6,58.62,0.95,66.67,0.0,0.0,0.16,0.48,6.34,67.5,0,,0,,0,0.0,0.0,0.0,,,0.95,,,0.16,0.0,0.0,0.48,0,0.0
Colin Sterling,Team 4,Team 4,"AMF, LCMF",21,500000,2028-05-31,18,1599,1,1.76,0,0.77,9.96,45.2,Norway,Norway,right,174,66,yes,4.78,3.6,53.13,1.24,22.73,0.23,0.29,0.34,2.65,3.42,0.73,4,0.23,0,0.0,1.41,0.06,1,0.06,0.1,0,0.0,21,1.18,33.33,4.762,0.0,0.62,63.64,0.39,57.14,0.23,75.0,0.0,0.9,56.25,4.0,49.3,0.9,0.96,0.06,18.18,0.96,1.46,23.81,82.03,8.11,69.44,4.73,91.67,7.37,87.79,20.99,85.25,2.48,56.82,18.32,36.08,0.04,0.45,0.0,0.0,0.11,100.0,0.23,4.78,77.65,1.07,57.89,0.06,100.0,0.45,0.34,4.73,77.38,0,,0,,0,0.0,0.0,0.0,,,0.0,,,0.23,0.0,0.0,0.79,0,0.0
Rowan Stratford,Team 4,Team 4,"DMF, RCMF",22,500000,2029-03-31,16,1092,1,0.96,1,0.82,16.98,46.12,Scotland,Scotland,right,180,69,yes,7.83,8.57,56.73,2.06,36.0,0.0,0.0,0.33,2.97,3.94,2.88,3,0.25,1,0.08,0.99,0.08,1,0.08,0.08,0,0.0,13,1.07,23.08,7.692,0.08,0.66,25.0,0.0,0.0,0.58,28.57,0.16,1.07,46.15,4.45,38.89,0.91,0.82,0.0,22.17,0.66,1.15,33.13,83.33,10.88,74.24,7.01,94.12,9.97,89.26,30.25,88.28,2.23,33.33,17.23,24.73,0.07,0.58,0.0,0.0,0.25,33.33,0.25,4.29,71.15,1.32,25.0,0.25,33.33,0.25,0.25,4.62,71.43,0,,0,,0,0.0,0.0,0.0,,,0.25,,,0.0,0.0,0.0,0.0,0,0.0
Florian Sinclair,Team 4,Team 4,"LB, LWB",24,400000,2027-12-31,7,596,0,0.82,0,0.92,11.48,53.95,England,England,left,176,76,yes,6.19,6.19,60.98,2.27,40.0,0.3,0.4,0.0,2.11,2.8,1.51,0,0.0,0,0.0,2.87,0.0,0,0.0,0.12,0,0.0,5,0.76,0.0,0.0,0.0,3.62,54.17,3.47,52.17,0.15,100.0,0.6,0.91,100.0,2.11,57.14,0.91,0.6,0.0,21.74,2.11,0.45,29.14,74.09,10.12,62.69,5.29,94.29,9.97,75.76,20.69,83.21,5.29,48.57,21.27,48.06,0.14,1.51,0.15,0.0,0.0,0.0,1.06,3.32,40.91,3.78,52.0,0.15,0.0,0.3,1.96,7.55,70.0,0,,0,,0,0.0,0.0,0.0,,,0.3,,,0.45,0.0,0.0,0.45,0,0.0
Marcus Talbot,Team 4,Team 4,"LWF, LW, AMF",23,500000,2026-12-31,16,725,2,1.15,0,1.27,19.37,41.03,Sweden,Sweden,right,180,73,yes,6.08,7.7,50.0,1.61,30.77,0.25,0.36,0.0,1.99,2.84,2.86,2,0.25,1,0.12,2.61,0.25,2,0.25,0.14,0,0.0,11,1.37,45.45,18.182,0.0,1.12,33.33,0.87,28.57,0.25,50.0,0.12,2.98,54.17,9.06,35.62,1.61,0.74,0.12,12.66,0.74,1.49,20.86,75.0,6.21,54.0,4.34,88.57,6.08,85.71,18.37,79.05,1.37,54.55,17.24,22.66,0.16,1.24,0.0,0.0,0.0,0.0,0.62,2.73,63.64,1.74,57.14,0.25,0.0,0.99,0.37,3.48,82.14,0,,0,,0,0.0,0.0,0.0,,,0.0,,,1.49,0.25,100.0,1.37,0,0.0
Matthias Valen,Team 4,Team 4,"RCMF, DMF",22,750000,2029-12-31,2,83,1,0.04,0,0.0,11.93,72.73,Chile,Chile,right,179,73,yes,10.84,5.42,100.0,2.17,0.0,0.0,0.0,1.08,5.42,7.5,0.0,0,0.0,0,0.0,1.08,1.08,1,1.08,0.05,0,0.0,1,1.08,100.0,100.0,0.0,1.08,0.0,0.0,0.0,1.08,0.0,0.0,0.0,0.0,3.25,66.67,0.0,1.08,0.0,10.84,0.0,1.08,24.94,69.57,10.84,60.0,1.08,100.0,11.93,72.73,20.6,73.68,3.25,66.67,18.25,27.19,0.01,1.08,0.0,0.0,0.0,0.0,0.0,4.34,75.0,1.08,0.0,0.0,0.0,0.0,0.0,5.42,60.0,0,,0,,0,0.0,0.0,0.0,,,1.08,,,0.0,0.0,0.0,0.0,0,0.0
Zachary Valen,Team 4,Team 4,"RB, RWB",22,350000,2026-11-30,17,1423,1,0.38,2,0.6,15.87,53.39,Netherlands,Netherlands,right,173,75,yes,7.4,8.16,63.57,1.77,25.0,0.32,0.4,0.25,1.9,2.41,1.45,5,0.32,0,0.0,1.83,0.06,1,0.06,0.02,0,0.0,12,0.76,33.33,8.333,0.13,2.72,34.88,0.06,100.0,2.66,33.33,0.25,1.01,62.5,4.55,45.83,0.44,0.89,0.0,23.65,0.95,1.71,30.04,74.53,12.33,59.49,4.43,95.71,9.23,80.14,22.33,87.25,5.19,40.24,22.59,37.61,0.04,0.51,0.0,0.0,0.06,0.0,0.38,4.74,52.0,2.78,40.91,0.51,50.0,0.32,1.01,6.45,74.51,0,,0,,0,0.0,0.0,0.0,,,0.57,,,0.06,0.06,100.0,0.13,0,0.0
Dominic Norwood,Team 4,Team 4,LCB,25,450000,2026-11-30,4,147,0,0.0,0,0.0,13.47,50.0,Italy,Italy,left,186,79,yes,10.41,6.12,50.0,4.29,42.86,1.22,1.94,0.61,6.12,9.68,1.84,1,0.61,0,0.0,0.0,0.0,0,0.0,0.0,0,0.0,0,0.0,0.0,0.0,0.0,0.0,0.0,0.0,0.0,0.0,0.0,0.0,0.0,0.0,0.0,0.0,0.0,0.61,0.0,13.47,0.0,1.22,30.0,71.43,15.92,61.54,1.84,100.0,9.8,81.25,22.04,77.78,7.96,53.85,28.78,31.25,0.0,0.0,0.0,0.0,0.0,0.0,0.0,4.29,42.86,0.0,0.0,0.0,0.0,0.0,0.0,8.57,50.0,0,,0,,0,0.0,0.0,0.0,,,1.22,,,0.0,0.0,0.0,0.0,0,0.0
Gabriel Kitteridge,Team 4,Team 4,"LCB, CB",23,500000,2028-11-30,17,1596,1,1.89,2,0.92,7.89,57.14,South Korea,South Korea,right,186,67,yes,7.16,3.33,62.71,3.44,54.1,0.28,0.36,0.51,4.79,6.06,0.73,2,0.11,2,0.11,0.11,0.06,1,0.06,0.11,0,0.0,8,0.45,25.0,12.5,0.11,0.0,0.0,0.0,0.0,0.0,0.0,0.0,0.0,0.0,0.17,33.33,0.62,0.51,0.0,27.97,0.28,0.17,40.26,87.68,16.47,74.66,1.69,93.33,19.12,97.35,34.91,93.86,5.36,47.37,22.29,42.62,0.05,0.28,0.06,0.06,0.0,0.0,0.23,4.34,63.64,0.45,12.5,0.45,25.0,0.17,0.0,6.94,66.67,0,,0,,0,0.0,0.0,0.0,,,0.85,,,0.0,0.0,0.0,0.0,0,0.0
Tobias Ellington,Team 4,Team 4,"RWB, RB",26,400000,2027-12-31,8,367,0,0.05,0,0.98,20.11,42.68,Cameroon,Cameroon,right,171,69,yes,6.38,7.36,56.67,3.19,38.46,0.25,0.33,0.25,1.96,2.61,1.72,1,0.25,0,0.0,3.68,0.0,0,0.0,0.01,0,0.0,3,0.74,0.0,0.0,0.0,3.68,33.33,0.0,0.0,3.68,33.33,0.98,4.66,52.63,8.58,34.29,1.47,1.96,0.25,24.77,2.21,0.98,31.63,62.79,11.28,52.17,4.66,89.47,9.32,60.53,25.01,71.57,2.94,25.0,21.25,29.64,0.24,1.72,0.0,0.0,0.0,0.0,1.23,3.92,50.0,4.9,45.0,0.0,0.0,1.23,1.23,7.85,56.25,0,,0,,0,0.0,0.0,0.0,,,0.98,,,0.0,0.0,0.0,0.0,0,0.0
Theo Davenport,Team 4,Team 4,"RCB, CB",27,350000,2026-11-30,17,1640,0,0.27,0,0.35,8.73,58.49,Spain,"Spain, Italy",right,187,82,yes,7.41,2.8,54.9,3.79,62.32,0.33,0.43,0.6,5.54,7.28,1.04,5,0.27,1,0.05,0.05,0.0,0,0.0,0.01,0,0.0,6,0.33,0.0,0.0,0.0,0.11,50.0,0.05,0.0,0.05,100.0,0.05,0.0,0.0,1.04,52.63,0.55,0.33,0.0,24.7,0.44,0.66,36.71,89.84,11.8,77.21,2.58,97.87,17.89,96.32,32.16,93.52,4.45,64.2,21.63,45.2,0.02,0.11,0.0,0.05,0.0,0.0,0.11,3.18,63.79,0.49,44.44,0.44,50.0,0.22,0.05,5.87,66.36,0,,0,,0,0.0,0.0,0.0,,,1.81,,,0.27,0.16,0.0,0.0,0,0.0
Felix Underwood,Team 4,Team 4,GK,31,550000,2026-11-30,1,105,0,0.0,0,0.0,0.0,0.0,Portugal,"Portugal, Spain",right,189,77,yes,2.57,0.0,0.0,0.0,0.0,0.0,0.0,0.0,2.57,3.46,0.0,0,0.0,0,0.0,0.0,0.0,0,0.0,0.0,0,0.0,0,0.0,0.0,0.0,0.0,0.0,0.0,0.0,0.0,0.0,0.0,0.0,0.0,0.0,0.0,0.0,0.0,0.0,0.0,6.86,0.0,0.0,15.43,88.89,6.86,75.0,0.0,0.0,6.86,100.0,12.0,100.0,3.43,50.0,27.79,55.04,0.0,0.0,0.0,0.0,0.0,0.0,0.0,1.71,0.0,0.0,0.0,0.86,0.0,0.0,0.0,0.86,100.0,1,0.86,3,2.57,0,66.67,1.02,0.87,0.02,0.017,0.0,0.86,0.0,,,,0.0,0,0.0
Magnus Monroe,Team 4,Team 4,"RCMF, LCMF",28,500000,2027-11-30,10,285,0,0.24,0,0.04,13.58,44.19,Scotland,Scotland,right,176,66,yes,4.42,4.42,35.71,1.26,25.0,0.0,0.0,0.0,2.84,3.65,2.21,0,0.0,0,0.0,2.21,0.0,0,0.0,0.08,0,0.0,4,1.26,50.0,0.0,0.0,0.95,66.67,0.32,0.0,0.63,100.0,0.0,1.89,50.0,6.63,52.38,0.32,1.26,0.0,9.16,0.63,2.84,15.79,76.0,5.05,50.0,4.74,93.33,3.47,81.82,14.21,80.0,0.95,33.33,16.95,14.71,0.01,0.32,0.0,0.0,0.0,0.0,0.0,2.53,37.5,0.95,66.67,0.0,0.0,0.32,0.32,1.89,66.67,0,,0,,0,0.0,0.0,0.0,,,0.0,,,1.26,0.95,66.67,2.21,0,0.0
Julian Garrison,Team 54,Team 54,"AMF, LCMF, CF",28,2000000,2026-11-30,4,110,0,0.0,0,0.0,19.64,41.67,Austria,Austria,right,175,69,yes,3.27,2.45,0.0,3.27,0.0,0.0,0.0,0.82,3.27,6.0,0.0,0,0.0,0,0.0,0.82,0.0,0,0.0,0.0,0,0.0,0,0.0,0.0,0.0,0.0,0.82,0.0,0.82,0.0,0.0,0.0,0.0,0.82,100.0,9.82,58.33,0.0,1.64,0.0,17.18,0.82,5.73,23.73,89.66,4.91,100.0,9.82,100.0,3.27,75.0,21.27,92.31,1.64,100.0,18.3,21.47,0.0,0.0,0.0,0.0,0.0,0.0,0.0,4.91,83.33,0.82,0.0,0.0,0.0,0.0,0.0,3.27,100.0,0,,0,,0,0.0,0.0,0.0,,,0.0,,,0.0,0.0,0.0,0.0,0,0.0
Caleb Fletcher,Team 54,Team 54,"AMF, CF, LCMF",33,2000000,2027-11-30,14,617,1,0.93,1,1.73,18.53,42.52,Uruguay,Uruguay,right,174,72,yes,3.94,4.52,45.16,1.9,15.38,0.44,0.74,0.29,1.46,2.48,1.6,1,0.15,0,0.0,3.94,0.15,1,0.15,0.14,0,0.0,19,2.77,26.32,5.263,0.15,2.48,52.94,1.9,53.85,0.58,50.0,0.29,3.35,52.17,8.75,55.0,2.77,1.46,0.29,19.55,1.31,3.06,24.65,78.7,6.56,64.44,5.25,94.44,10.06,78.26,20.13,83.33,2.19,66.67,18.53,23.28,0.25,1.6,0.15,0.0,0.58,25.0,0.58,3.35,69.57,3.35,43.48,0.73,20.0,0.88,1.02,4.38,80.0,0,,0,,0,0.0,0.0,0.0,,,0.0,,,0.58,0.29,0.0,2.19,0,0.0
Xavier Monroe,Team 54,Team 54,"RCB, LCB",33,1700000,2026-11-30,14,1109,1,1.13,0,0.0,9.9,72.95,Morocco,Morocco,right,184,77,yes,8.36,4.22,73.08,3.49,81.4,0.41,0.61,0.97,4.87,7.35,0.81,2,0.16,1,0.08,0.41,0.08,1,0.08,0.09,1,0.08,8,0.65,50.0,12.5,0.0,0.08,100.0,0.0,0.0,0.08,100.0,0.0,0.0,0.0,0.65,37.5,0.49,0.16,0.0,39.93,0.41,0.32,53.32,92.69,15.42,81.05,2.84,97.14,30.68,98.15,48.29,95.97,4.95,60.66,19.88,38.54,0.0,0.08,0.0,0.0,0.0,0.0,0.0,3.98,83.67,0.16,50.0,0.0,0.0,0.0,0.08,6.33,70.51,0,,0,,0,0.0,0.0,0.0,,,1.87,,,0.0,0.0,0.0,0.0,0,0.0
Finn Barton,Team 54,Team 54,DMF,29,800000,2026-11-30,1,42,0,0.03,0,0.0,,,Japan,Japan,right,174,75,yes,,,,,,,3.0,,,3.0,,0,,0,,,,0,,,0,,1,,,0.0,,,,,,,,,,,,,,,,,,,,,,,,,,,,,,,20.26,42.16,,,,,,,,,,,,,,,,,,0,,0,,0,0.0,0.0,,,,,,,,,,,0,0.0
Christian Sinclair,Team 54,Team 54,"LWF, CF, LW",26,800000,2026-11-30,9,415,1,0.65,0,0.16,21.04,44.33,Czech Republic,Czech Republic,right,176,71,yes,5.2,5.42,52.0,1.08,20.0,0.22,0.31,0.0,2.17,3.06,0.87,0,0.0,0,0.0,3.04,0.22,1,0.22,0.14,0,0.0,9,1.95,11.11,11.111,0.0,2.39,36.36,2.39,36.36,0.0,0.0,0.43,3.69,52.94,12.58,44.83,1.08,3.04,0.22,17.57,1.08,2.17,22.77,72.38,3.25,53.33,4.99,91.3,10.84,74.0,19.3,79.78,1.3,16.67,20.8,20.33,0.03,1.3,0.0,0.22,0.0,0.0,0.22,1.73,62.5,3.25,46.67,0.0,0.0,0.87,1.08,4.34,45.0,0,,0,,0,0.0,0.0,0.0,,,0.0,,,0.22,0.0,0.0,0.22,0,0.0
Malcolm Callow,Team 54,Team 54,"LAMF, LWF, LW",26,700000,2026-11-30,19,1214,0,1.82,2,0.6,16.75,41.59,Argentina,Argentina,right,169,64,yes,4.82,5.04,54.41,2.0,18.52,0.07,0.1,0.07,2.0,2.77,1.19,2,0.15,0,0.0,2.67,0.0,0,0.0,0.14,0,0.0,20,1.48,60.0,0.0,0.15,1.04,21.43,0.96,23.08,0.07,0.0,0.15,2.59,57.14,8.15,40.91,1.48,2.15,0.15,17.87,1.33,1.41,20.91,80.5,4.82,60.0,5.93,96.25,5.71,79.22,18.68,86.11,1.19,43.75,17.02,19.92,0.04,0.67,0.07,0.07,0.15,50.0,0.15,1.48,50.0,1.56,38.1,0.15,0.0,0.37,0.22,2.3,58.06,0,,0,,0,0.0,0.0,0.0,,,0.15,,,0.0,0.0,0.0,0.07,0,0.0
Roman Drayton,Team 54,Team 54,"CF, RAMF, RW",29,600000,2026-11-30,10,293,1,0.84,1,0.58,11.37,51.35,Italy,Italy,left,182,80,yes,4.3,3.69,58.33,1.23,75.0,0.31,0.44,0.0,1.84,2.65,0.92,1,0.31,0,0.0,1.54,0.31,0,0.0,0.26,0,0.0,5,1.54,60.0,20.0,0.31,0.61,50.0,0.0,0.0,0.61,50.0,0.31,1.23,25.0,5.53,38.89,0.92,0.61,0.31,16.28,1.54,2.46,20.58,74.63,7.37,54.17,5.84,94.74,3.38,72.73,18.74,75.41,1.23,75.0,15.29,7.53,0.18,1.23,0.0,0.0,0.0,0.0,0.31,2.46,37.5,3.07,30.0,0.31,0.0,0.61,0.61,2.46,50.0,0,,0,,0,0.0,0.0,0.0,,,0.31,,,1.23,0.0,0.0,0.92,1,100.0
Matthias Vance,Team 54,Team 54,"DMF, RDMF, LDMF",34,300000,2026-11-30,18,1478,2,1.23,0,0.19,8.95,44.9,Austria,Austria,right,180,75,yes,5.97,4.51,48.65,1.1,11.11,0.06,0.08,0.55,3.71,4.97,1.1,4,0.24,0,0.0,0.55,0.12,2,0.12,0.07,1,0.06,9,0.55,44.44,22.222,0.0,0.18,66.67,0.12,100.0,0.06,0.0,0.0,0.43,42.86,2.25,62.16,0.67,0.24,0.0,27.28,0.67,0.91,35.32,87.41,9.99,68.29,4.63,96.05,15.04,96.36,32.33,90.96,2.8,47.83,18.06,31.31,0.01,0.24,0.0,0.0,0.0,0.0,0.18,4.32,73.24,0.97,37.5,0.06,100.0,0.24,0.12,4.02,60.61,0,,0,,0,0.0,0.0,0.0,,,0.3,,,0.0,0.0,0.0,0.0,0,0.0
Ruben Aldridge,Team 54,Team 54,RCMF,37,250000,2026-11-30,2,62,0,0.22,0,0.0,13.06,66.67,Brazil,Brazil,right,181,86,yes,2.9,4.35,33.33,0.0,0.0,0.0,0.0,0.0,1.45,2.5,1.45,0,0.0,0,0.0,1.45,0.0,0,0.0,0.32,0,0.0,1,1.45,0.0,0.0,0.0,0.0,0.0,0.0,0.0,0.0,0.0,0.0,1.45,100.0,8.71,83.33,1.45,0.0,0.0,15.97,0.0,4.35,27.58,78.95,7.26,60.0,2.9,100.0,13.06,77.78,26.13,77.78,1.45,100.0,21.57,2.11,0.0,0.0,0.0,0.0,0.0,0.0,0.0,2.9,100.0,0.0,0.0,0.0,0.0,0.0,0.0,10.16,42.86,0,,0,,0,0.0,0.0,0.0,,,1.45,,,0.0,0.0,0.0,0.0,0,0.0
Tristan Arden,Team 54,Team 54,LB,32,200000,2026-11-30,4,249,1,0.77,2,0.52,11.93,39.39,Spain,"Spain, Italy",left,179,70,yes,5.42,6.51,44.44,2.17,50.0,0.36,0.59,0.0,2.17,3.53,0.72,0,0.0,0,0.0,1.08,0.36,1,0.36,0.28,0,0.0,3,1.08,66.67,33.333,0.72,0.72,50.0,0.72,50.0,0.0,0.0,0.0,0.36,0.0,2.17,16.67,2.89,0.72,0.0,23.86,2.89,0.36,28.92,83.75,11.57,75.0,5.06,100.0,9.4,88.46,26.02,90.28,2.17,16.67,17.6,29.98,0.19,1.45,0.36,0.0,0.0,0.0,0.36,2.53,71.43,1.08,33.33,0.0,0.0,0.36,0.36,7.23,70.0,0,,0,,0,0.0,0.0,0.0,,,0.36,,,0.0,0.0,0.0,0.72,0,0.0
Henry Bradford,Team 54,Team 54,"RDMF, DMF, LCMF",35,200000,2026-11-30,13,437,0,0.15,0,0.0,14.83,45.83,Brazil,Brazil,right,183,80,yes,7.83,5.97,62.07,4.12,45.0,0.21,0.31,0.21,3.91,5.82,1.44,1,0.21,0,0.0,0.62,0.0,0,0.0,0.03,0,0.0,3,0.62,33.33,0.0,0.0,0.0,0.0,0.0,0.0,0.0,0.0,0.0,0.41,100.0,2.06,30.0,0.0,0.0,0.0,19.15,0.62,0.62,26.16,88.98,6.8,78.79,3.3,93.75,13.18,93.75,24.3,88.98,1.85,88.89,18.89,21.83,0.0,0.21,0.0,0.0,0.0,0.0,0.0,1.65,87.5,0.0,0.0,0.0,0.0,0.21,0.0,3.5,64.71,0,,0,,0,0.0,0.0,0.0,,,1.24,,,0.0,0.0,0.0,0.0,0,0.0
Arthur Talbot,Team 54,Team 54,RCB,33,100000,2027-03-31,3,262,0,0.0,0,0.01,8.93,42.31,Hungary,Hungary,right,183,76,yes,7.21,4.12,50.0,3.09,33.33,0.34,0.5,0.69,4.81,7.0,0.69,0,0.0,0,0.0,0.0,0.0,0,0.0,0.0,0,0.0,0,0.0,0.0,0.0,0.0,0.0,0.0,0.0,0.0,0.0,0.0,0.0,0.0,0.0,0.69,50.0,0.0,1.37,0.0,25.42,0.34,0.34,36.41,88.68,13.4,74.36,2.4,100.0,18.89,98.18,33.66,91.84,2.75,50.0,21.12,36.61,0.0,0.34,0.0,0.0,0.0,0.0,0.0,4.47,84.62,0.0,0.0,0.0,0.0,0.0,0.0,6.53,52.63,0,,0,,0,0.0,0.0,0.0,,,1.37,,,0.0,0.0,0.0,0.0,0,0.0
Sean Ingram,Team 54,Team 54,CF,35,100000,2026-11-30,14,984,2,2.12,1,0.48,13.72,36.0,Norway,Norway,right,185,80,yes,3.66,3.11,47.06,4.3,31.91,0.09,0.14,0.0,2.1,3.11,1.92,5,0.46,0,0.0,1.19,0.18,2,0.18,0.19,0,0.0,9,0.82,44.44,22.222,0.09,0.55,83.33,0.18,100.0,0.37,75.0,0.18,0.64,57.14,4.12,33.33,2.38,0.46,0.09,9.79,1.83,1.01,13.99,78.43,3.57,71.79,3.38,75.68,4.85,83.02,13.17,77.78,0.27,100.0,15.69,7.76,0.04,0.82,0.0,0.0,0.0,0.0,0.37,0.91,70.0,0.82,66.67,0.0,0.0,0.27,0.46,1.19,76.92,0,,0,,0,0.0,0.0,0.0,,,0.0,,,0.0,0.0,0.0,0.0,0,0.0
Jonas Chamberlain,Team 54,Team 54,LB,30,100000,2027-03-31,18,1771,2,0.75,0,0.71,9.1,46.37,Slovakia,"Slovakia, Portugal",left,167,70,yes,6.05,4.57,47.78,1.47,62.07,0.3,0.41,0.1,3.56,4.84,0.71,3,0.15,0,0.0,1.47,0.1,2,0.1,0.04,1,0.05,7,0.36,57.14,28.571,0.0,2.34,34.78,2.13,35.71,0.2,25.0,0.2,0.91,50.0,2.54,36.0,0.56,1.88,0.25,32.63,3.05,0.41,41.16,80.99,13.72,67.41,6.86,92.59,14.99,86.78,33.64,88.37,5.34,55.24,20.61,37.72,0.04,0.56,0.05,0.0,0.0,0.0,0.05,3.71,64.38,2.69,45.28,0.05,100.0,0.46,0.71,8.79,63.58,0,,0,,0,0.0,0.0,0.0,,,0.81,,,0.3,0.05,100.0,1.02,0,0.0
Ruben Yardley,Team 54,Team 54,"RW, RAMF",28,450000,2026-12-31,13,840,2,2.51,2,1.32,25.39,48.52,Colombia,Colombia,left,177,69,yes,8.57,9.0,58.33,4.07,50.0,0.64,0.84,0.11,2.68,3.49,1.82,4,0.43,0,0.0,3.96,0.21,2,0.21,0.27,0,0.0,24,2.57,41.67,8.333,0.21,2.68,40.0,0.54,60.0,2.14,35.0,0.54,3.75,45.71,11.04,41.75,2.79,1.71,0.21,18.54,2.14,2.04,24.75,69.7,5.46,50.98,5.68,86.79,8.36,67.95,20.04,74.87,2.14,60.0,18.63,26.09,0.14,1.07,0.0,0.11,0.11,100.0,0.64,1.5,50.0,3.64,35.29,0.21,0.0,0.86,1.07,3.64,70.59,0,,0,,0,0.0,0.0,0.0,,,0.21,,,0.0,0.0,0.0,1.18,0,0.0
Soren Mercer,Team 54,Team 54,"LCB, CB, RCMF",24,350000,2026-11-30,4,174,0,0.0,0,0.0,8.79,64.71,Ireland,Ireland,left,187,72,yes,9.31,5.17,60.0,2.07,50.0,0.0,0.0,1.03,6.21,7.5,1.55,1,0.52,0,0.0,0.0,0.0,0,0.0,0.0,0,0.0,0,0.0,0.0,0.0,0.0,0.0,0.0,0.0,0.0,0.0,0.0,0.0,0.0,0.0,0.52,100.0,0.0,2.07,0.0,24.31,0.52,0.52,38.79,89.33,16.55,81.25,2.07,75.0,17.07,96.97,34.14,96.97,4.66,33.33,25.95,27.41,0.0,0.0,0.0,0.0,0.0,0.0,0.0,3.62,71.43,0.0,0.0,0.52,0.0,0.0,0.0,8.28,62.5,0,,0,,0,0.0,0.0,0.0,,,1.55,,,0.0,0.0,0.0,0.0,0,0.0
Alastair Callow,Team 54,Team 54,"LAMF, LWF, RW",21,550000,,11,335,1,0.91,0,0.09,20.96,42.31,Iceland,Iceland,right,176,68,yes,5.91,4.84,44.44,2.15,0.0,0.54,0.86,0.0,3.22,5.14,1.07,3,0.81,0,0.0,5.91,0.27,1,0.27,0.24,0,0.0,11,2.96,45.45,9.091,0.0,1.07,25.0,1.07,25.0,0.0,0.0,0.0,6.99,61.54,13.16,48.98,2.15,2.42,0.54,15.58,1.34,1.61,18.81,85.71,2.69,90.0,5.37,95.0,6.72,88.0,16.66,88.71,1.07,100.0,17.13,16.18,0.02,0.81,0.0,0.0,0.0,0.0,0.0,1.88,100.0,0.54,0.0,0.0,0.0,0.0,0.27,1.07,75.0,0,,0,,0,0.0,0.0,0.0,,,0.0,,,0.0,0.0,0.0,0.0,0,0.0
Arthur Vance,Team 54,Team 54,CF,25,750000,2026-11-30,1,5,0,0.0,0,0.0,,,Chile,Chile,right,182,78,yes,,,,,,,0.0,,,0.0,,0,,0,,,,0,,,0,,0,,,0.0,,,,,,,,,,,,,,,,,,,,,,,,,,,,,,,7.47,0.0,,,,,,,,,,,,,,,,,,0,,0,,0,0.0,0.0,,,,,,,,,,,0,0.0
Tristan Halston,Team 54,Team 54,LCB,25,400000,2026-11-30,1,22,0,0.0,0,0.0,,,Greece,Greece,left,194,75,yes,,,,,,,0.0,,,13.33,,0,,0,,,,0,,,0,,0,,,0.0,,,,,,,,,,,,,,,,,,,,,,,,,,,,,,,14.85,0.0,,,,,,,,,,,,,,,,,,0,,0,,0,0.0,0.0,,,,,,,,,,,0,0.0
Tristan Aldridge,Team 54,Team 54,"RWF, RAMF, LAMF",26,550000,2026-11-30,13,661,2,1.33,1,0.69,13.89,45.1,Finland,"Finland, Spain",right,180,68,yes,2.86,2.86,47.62,1.5,54.55,0.0,0.0,0.14,1.5,2.39,0.41,1,0.14,1,0.14,4.08,0.27,2,0.27,0.18,0,0.0,15,2.04,46.67,13.333,0.14,2.86,42.86,0.95,28.57,1.91,50.0,0.27,3.13,60.87,8.17,46.67,2.31,2.31,0.54,22.6,2.31,2.04,26.14,71.35,5.31,51.28,8.31,95.08,7.76,64.91,21.79,76.25,1.91,57.14,18.22,27.54,0.09,1.09,0.0,0.0,0.0,0.0,0.54,1.91,50.0,2.86,38.1,0.0,0.0,0.14,1.23,3.13,69.57,0,,0,,0,0.0,0.0,0.0,,,0.41,,,0.0,0.0,0.0,0.0,0,0.0
Lars Halloway,Team 54,Team 54,"RCMF, AMF",26,350000,2027-12-31,19,1579,2,1.24,3,2.99,11.4,42.5,Morocco,Morocco,right,173,69,yes,6.04,4.84,47.06,0.74,30.77,0.34,0.46,0.28,3.42,4.62,1.54,5,0.28,0,0.0,1.08,0.11,2,0.11,0.07,0,0.0,34,1.94,23.53,5.882,0.17,0.68,66.67,0.06,0.0,0.63,72.73,0.11,0.4,42.86,4.79,42.86,0.28,0.34,0.0,40.3,1.14,1.14,49.53,85.85,16.24,73.33,9.23,93.83,18.75,91.79,41.49,89.42,7.41,67.69,20.58,38.73,0.17,1.25,0.06,0.06,0.06,0.0,0.34,10.54,74.59,2.22,56.41,0.68,33.33,0.85,0.4,10.26,78.33,0,,0,,0,0.0,0.0,0.0,,,0.34,,,1.71,0.4,42.86,1.65,0,0.0
Dominic Vance,Team 54,Team 54,"RDMF, RCMF, DMF",26,450000,2026-11-30,12,772,1,2.15,1,0.3,13.06,41.07,Denmark,Denmark,right,180,77,yes,6.3,4.55,53.85,2.1,38.89,0.0,0.0,0.12,3.85,6.07,1.52,3,0.35,2,0.23,0.93,0.12,1,0.12,0.25,0,0.0,13,1.52,46.15,7.692,0.12,0.35,0.0,0.0,0.0,0.35,0.0,0.12,0.82,14.29,5.36,32.61,1.17,1.4,0.0,24.37,0.47,1.4,34.51,86.15,12.59,78.7,2.68,86.96,12.82,93.64,33.46,87.11,0.7,83.33,15.98,11.36,0.03,0.82,0.0,0.0,0.12,100.0,0.47,6.18,86.79,1.28,54.55,0.0,0.0,0.7,0.0,5.71,83.67,0,,0,,0,0.0,0.0,0.0,,,0.0,,,0.0,0.0,0.0,0.0,0,0.0
Kasper Bradford,Team 54,Team 54,GK,39,175000,2026-11-30,20,1967,0,0.0,0,0.0,0.64,92.86,Poland,"Poland, Spain",right,189,88,yes,0.96,0.0,0.0,0.41,100.0,0.0,0.0,0.0,0.96,1.33,0.0,2,0.09,0,0.0,0.0,0.0,0,0.0,0.0,0,0.0,0,0.0,0.0,0.0,0.0,0.0,0.0,0.0,0.0,0.0,0.0,0.0,0.0,0.0,0.14,100.0,0.0,0.0,0.0,11.94,0.5,0.18,18.62,90.42,6.09,72.93,0.05,100.0,10.98,99.17,14.96,98.47,3.61,58.23,25.38,41.79,0.0,0.0,0.0,0.0,0.0,0.0,0.0,0.59,30.77,0.09,0.0,0.0,0.0,0.0,0.0,2.65,51.72,23,1.05,92,4.21,4,75.0,22.32,1.02,-0.68,-0.031,0.05,1.88,0.41,,,,0.0,0,0.0
Graham Oakley,Team 54,Team 54,GK,36,400000,2026-11-30,1,53,0,0.0,0,0.0,1.7,100.0,Slovakia,Slovakia,right,188,77,yes,0.0,0.0,0.0,1.7,100.0,0.0,0.0,0.0,0.0,0.0,0.0,1,1.7,0,0.0,0.0,0.0,0,0.0,0.0,0,0.0,0,0.0,0.0,0.0,0.0,0.0,0.0,0.0,0.0,0.0,0.0,0.0,0.0,0.0,0.0,0.0,0.0,0.0,0.0,5.09,0.0,0.0,8.49,80.0,3.4,50.0,0.0,0.0,5.09,100.0,5.09,100.0,3.4,50.0,38.32,64.85,0.0,0.0,0.0,0.0,0.0,0.0,0.0,1.7,100.0,0.0,0.0,0.0,0.0,0.0,0.0,3.4,50.0,0,0.0,1,1.7,0,100.0,0.01,0.02,0.01,0.017,0.0,1.7,1.7,,,,0.0,0,0.0
Oscar Talbot,Team 54,Team 54,RCB,36,300000,2026-11-30,8,742,1,0.36,1,0.56,10.07,66.27,Czech Republic,"Czech Republic, France",right,188,82,yes,7.52,3.4,67.86,3.4,60.71,0.24,0.32,0.49,4.97,6.65,0.73,4,0.49,0,0.0,0.49,0.12,1,0.12,0.04,1,0.12,3,0.36,66.67,33.333,0.12,0.12,100.0,0.0,0.0,0.12,100.0,0.0,0.24,50.0,2.3,68.42,0.85,1.21,0.0,30.81,1.33,1.33,46.94,91.73,17.35,81.82,2.43,100.0,22.08,97.8,42.7,94.6,4.12,61.76,20.18,34.4,0.07,0.24,0.0,0.0,0.0,0.0,0.12,4.49,75.68,0.12,0.0,0.0,0.0,0.12,0.0,7.88,78.46,0,,0,,0,0.0,0.0,0.0,,,1.7,,,0.0,0.0,0.0,0.0,0,0.0
Simon Davenport,Team 54,Team 54,CF,36,400000,2026-11-30,16,812,2,2.04,1,0.06,16.29,34.01,Italy,"Italy, France",right,191,83,yes,2.44,2.44,54.55,5.65,33.33,0.0,0.0,0.0,1.11,1.48,1.0,0,0.0,0,0.0,0.44,0.22,2,0.22,0.23,1,0.11,8,0.89,37.5,25.0,0.11,0.22,0.0,0.11,0.0,0.11,0.0,0.0,0.11,100.0,5.65,37.25,1.55,0.22,0.0,8.65,1.55,1.77,12.41,81.25,2.99,77.78,2.99,81.48,2.99,81.48,11.97,82.41,0.22,100.0,13.71,3.44,0.01,0.33,0.0,0.0,0.0,0.0,0.11,1.33,66.67,0.33,33.33,0.0,0.0,0.33,0.0,1.0,66.67,0,,0,,0,0.0,0.0,0.0,,,0.0,,,0.0,0.0,0.0,0.0,0,0.0
Christian Ravensdale,Team 54,Team 54,"RB, RCMF",32,400000,2027-03-31,4,203,1,0.13,0,0.43,12.41,35.71,Paraguay,Paraguay,right,167,60,yes,5.76,8.42,42.11,1.77,25.0,0.0,0.0,0.0,2.22,3.57,3.55,0,0.0,0,0.0,0.89,0.44,1,0.44,0.06,0,0.0,1,0.44,100.0,100.0,0.0,1.77,25.0,0.0,0.0,1.77,25.0,0.44,0.0,0.0,0.89,50.0,0.44,0.44,0.44,19.06,1.33,0.44,23.94,70.37,10.64,62.5,2.66,100.0,8.87,75.0,16.85,81.58,5.76,46.15,19.29,20.88,0.19,0.89,0.0,0.0,0.0,0.0,0.44,3.99,55.56,2.66,33.33,0.0,0.0,0.44,0.44,6.21,71.43,0,,0,,0,0.0,0.0,0.0,,,0.89,,,0.0,0.0,0.0,0.89,0,0.0
Roman Fenwick,Team 54,Team 54,LCB,29,450000,2026-11-30,18,1813,0,0.69,0,0.22,11.07,55.16,Cameroon,Cameroon,right,186,86,yes,6.95,3.47,55.71,4.47,58.89,0.1,0.13,0.79,4.91,6.63,0.94,5,0.25,0,0.0,0.25,0.0,0,0.0,0.03,0,0.0,4,0.2,25.0,0.0,0.0,0.15,33.33,0.05,100.0,0.1,0.0,0.0,0.35,42.86,2.04,53.66,0.35,0.65,0.0,35.94,1.29,0.6,51.63,88.17,21.3,78.32,1.34,96.3,25.07,97.82,44.68,92.78,6.8,59.12,21.96,38.04,0.01,0.15,0.0,0.0,0.0,0.0,0.1,4.17,66.67,0.6,16.67,0.2,0.0,0.1,0.05,9.13,62.5,0,,0,,0,0.0,0.0,0.0,,,0.79,,,0.0,0.0,0.0,0.0,0,0.0
Dylan Kitteridge,Team 54,Team 54,RB,31,400000,2026-11-30,19,1872,3,2.52,1,0.69,9.95,54.59,Italy,"Italy, Spain",right,178,80,yes,7.93,4.62,58.33,1.97,53.66,0.24,0.32,0.38,5.0,6.74,1.15,4,0.19,0,0.0,1.49,0.14,3,0.14,0.12,0,0.0,19,0.91,31.58,15.789,0.05,2.26,31.91,0.0,0.0,2.26,31.91,0.29,0.72,60.0,2.5,50.0,1.06,0.63,0.0,34.38,3.75,0.58,43.8,82.44,16.39,73.9,6.39,96.24,16.01,87.69,35.96,88.64,5.87,61.48,21.03,38.06,0.03,0.38,0.0,0.0,0.05,100.0,0.14,3.41,73.24,1.78,37.84,0.05,100.0,0.19,0.58,8.03,64.07,0,,0,,0,0.0,0.0,0.0,,,1.11,,,0.0,0.0,0.0,0.05,0,0.0
Damian Montague,Team 54,Team 54,"LDMF, LCMF",29,450000,2027-12-31,16,1411,1,0.8,1,1.48,7.65,54.17,Romania,"Romania, France",right,178,64,yes,4.91,2.55,62.5,0.57,22.22,0.06,0.09,0.38,3.25,4.46,0.26,1,0.06,0,0.0,1.59,0.06,1,0.06,0.05,0,0.0,11,0.7,36.36,9.091,0.06,0.96,33.33,0.45,57.14,0.38,0.0,0.0,1.47,69.57,3.83,55.0,1.28,2.62,0.26,32.53,1.15,0.89,44.46,87.8,11.55,80.66,6.95,97.25,18.69,90.78,40.44,89.91,3.19,76.0,18.12,34.44,0.09,1.21,0.26,0.0,0.0,0.0,0.26,6.06,82.11,1.79,57.14,0.06,100.0,0.96,0.26,5.8,72.53,0,,0,,0,0.0,0.0,0.0,,,0.26,,,0.0,0.0,0.0,0.32,0,0.0
Finnegan Kren,Team 44,Team 44,"LDMF, RDMF, LCMF",31,1200000,2026-11-30,10,493,0,0.0,0,0.24,20.99,44.35,Italy,Italy,right,174,73,yes,8.22,9.68,47.17,2.56,57.14,0.18,0.37,0.18,3.47,7.04,2.92,4,0.73,0,0.0,0.91,0.0,0,0.0,0.0,0,0.0,2,0.37,0.0,0.0,0.0,0.37,0.0,0.0,0.0,0.37,0.0,0.0,1.83,50.0,6.94,36.84,0.37,1.83,0.55,26.84,0.18,1.64,38.88,84.98,10.59,68.97,4.75,100.0,16.8,90.22,37.06,85.71,1.46,87.5,18.12,14.83,0.04,0.91,0.0,0.0,0.0,0.0,0.37,6.21,76.47,1.46,25.0,0.18,100.0,0.18,0.0,5.48,80.0,0,,0,,0,0.0,0.0,0.0,,,0.55,,,0.0,0.0,0.0,0.0,0,0.0
Sean Sinclair,Team 44,Team 44,"RAMF, LAMF, CF",32,1000000,2027-12-31,15,1481,6,5.32,2,2.81,11.18,52.72,Italy,Italy,right,180,83,yes,4.44,2.73,68.89,0.97,43.75,0.18,0.35,0.0,2.37,4.57,0.43,1,0.06,0,0.0,4.25,0.36,5,0.3,0.32,0,0.0,50,3.04,42.0,12.0,0.12,3.71,31.15,1.46,33.33,2.19,30.56,0.49,3.16,53.85,6.44,49.06,3.52,3.22,0.73,30.63,1.94,1.09,36.64,73.47,9.97,66.46,5.77,87.37,14.16,77.25,30.08,79.8,2.98,61.22,18.05,35.75,0.17,1.09,0.06,0.12,0.12,100.0,0.97,4.74,71.79,3.52,48.28,0.73,50.0,0.91,1.15,6.26,84.47,0,,0,,0,0.0,0.0,0.0,,,0.06,,,0.0,0.0,0.0,0.06,2,50.0
Oliver Westlake,Team 44,Team 44,"CF, LAMF",28,800000,2027-12-31,16,1041,1,5.84,0,0.53,19.02,39.55,Paraguay,Paraguay,left,185,80,yes,4.76,3.8,63.64,4.06,34.04,0.26,0.47,0.17,2.07,3.77,0.95,4,0.35,0,0.0,1.9,0.09,1,0.09,0.51,0,0.0,33,2.85,18.18,3.03,0.0,1.3,13.33,1.21,14.29,0.09,0.0,0.26,2.16,56.0,9.34,35.19,4.93,1.04,0.35,10.63,1.73,1.3,13.66,77.22,1.9,59.09,4.76,90.91,4.06,70.21,12.19,84.4,0.26,33.33,12.49,6.97,0.05,0.78,0.0,0.0,0.0,0.0,0.43,0.43,80.0,0.69,50.0,0.0,0.0,0.43,0.26,0.95,54.55,0,,0,,0,0.0,0.0,0.0,,,0.0,,,0.0,0.0,0.0,0.0,0,0.0
Fabian Vance,Team 44,Team 44,AMF,34,750000,2026-12-31,3,294,1,0.95,2,0.93,10.1,51.52,Japan,Japan,left,178,74,yes,3.37,2.45,62.5,1.53,20.0,0.31,0.52,0.31,1.53,2.59,0.61,1,0.31,0,0.0,3.67,0.31,0,0.0,0.29,0,0.0,10,3.06,50.0,10.0,0.61,2.14,57.14,0.31,100.0,1.84,50.0,0.0,1.22,75.0,6.12,55.0,1.84,0.92,0.0,22.65,1.84,2.14,26.63,78.16,9.8,75.0,3.06,70.0,9.49,87.1,19.29,82.54,5.2,70.59,21.67,34.39,0.28,1.84,0.0,0.0,0.0,0.0,1.22,6.12,80.0,3.06,60.0,0.0,0.0,0.92,1.22,5.82,94.74,0,,0,,0,0.0,0.0,0.0,,,0.0,,,3.37,0.31,0.0,4.29,1,100.0
Alastair Zimmerman,Team 44,Team 44,"RAMF, LAMF",28,300000,2027-06-30,1,82,0,0.23,0,0.0,15.37,50.0,Senegal,Senegal,right,171,61,yes,5.49,6.59,66.67,3.29,33.33,1.1,1.76,0.0,0.0,0.0,2.2,0,0.0,0,0.0,1.1,0.0,0,0.0,0.25,0,0.0,1,1.1,0.0,0.0,0.0,1.1,0.0,0.0,0.0,1.1,0.0,0.0,1.1,100.0,3.29,66.67,3.29,0.0,0.0,8.78,1.1,1.1,10.98,60.0,3.29,0.0,1.1,100.0,4.39,75.0,6.59,83.33,3.29,33.33,24.68,43.81,0.0,0.0,0.0,0.0,0.0,0.0,0.0,0.0,0.0,1.1,0.0,0.0,0.0,0.0,0.0,1.1,0.0,0,,0,,0,0.0,0.0,0.0,,,0.0,,,0.0,0.0,0.0,0.0,0,0.0
Hugo Talbot,Team 44,Team 44,"RDMF, LDMF, AMF",34,300000,2026-11-30,3,63,0,0.0,0,0.01,12.86,33.33,Nigeria,"Nigeria, Portugal",right,174,64,yes,2.86,2.86,0.0,5.71,25.0,0.0,0.0,0.0,2.86,6.0,2.86,0,0.0,0,0.0,0.0,0.0,0,0.0,0.0,0,0.0,0,0.0,0.0,0.0,0.0,0.0,0.0,0.0,0.0,0.0,0.0,0.0,0.0,0.0,1.43,100.0,2.86,1.43,0.0,11.43,1.43,1.43,24.29,70.59,2.86,50.0,2.86,50.0,15.71,81.82,24.29,70.59,0.0,0.0,12.01,0.0,0.02,1.43,0.0,0.0,0.0,0.0,0.0,4.29,100.0,0.0,0.0,0.0,0.0,0.0,0.0,1.43,100.0,0,,0,,0,0.0,0.0,0.0,,,0.0,,,0.0,0.0,0.0,0.0,0,0.0
Leo Harrington,Team 44,Team 44,"RB, RAMF",33,300000,2026-11-30,14,993,1,0.75,0,0.87,9.7,54.21,Austria,Austria,right,174,71,yes,5.8,4.08,71.11,1.99,45.45,0.09,0.18,0.18,2.81,5.64,0.54,1,0.09,0,0.0,3.08,0.09,1,0.09,0.07,0,0.0,3,0.27,66.67,33.333,0.0,4.89,51.85,0.0,0.0,4.89,51.85,0.18,0.63,57.14,2.72,43.33,0.73,2.27,0.27,32.18,1.99,0.91,40.88,81.15,13.6,77.33,7.89,93.1,10.69,84.75,34.35,86.02,1.72,68.42,17.91,23.22,0.08,1.27,0.09,0.0,0.0,0.0,0.54,5.17,85.96,4.89,61.11,0.0,0.0,0.18,2.36,9.7,77.57,0,,0,,0,0.0,0.0,0.0,,,0.63,,,0.0,0.0,0.0,0.18,0,0.0
Leon Dunmore,Team 44,Team 44,"RB, LB",33,300000,2026-11-30,14,912,0,0.77,0,0.83,11.55,58.97,Italy,Italy,right,178,72,yes,7.2,6.22,55.56,1.28,53.85,0.1,0.19,0.2,3.65,7.07,1.18,3,0.3,0,0.0,2.86,0.0,0,0.0,0.08,0,0.0,8,0.79,12.5,0.0,0.0,3.65,43.24,0.3,66.67,3.36,41.18,0.2,1.78,66.67,3.06,64.52,1.88,1.58,0.39,28.91,1.58,0.59,39.87,77.48,16.38,72.89,8.19,92.77,9.08,75.0,33.26,82.79,3.16,59.38,19.09,28.75,0.08,0.99,0.0,0.0,0.0,0.0,0.2,5.03,68.63,3.26,45.45,0.1,100.0,0.39,1.48,8.29,79.76,0,,0,,0,0.0,0.0,0.0,,,0.79,,,0.0,0.0,0.0,0.0,0,0.0
Sean Northfield,Team 44,Team 44,GK,39,200000,2026-11-30,20,2043,0,0.0,0,0.0,0.57,92.31,Senegal,Senegal,left,190,84,yes,1.23,0.13,100.0,0.22,100.0,0.0,0.0,0.0,1.1,2.11,0.0,0,0.0,0,0.0,0.04,0.0,0,0.0,0.0,0,0.0,0,0.0,0.0,0.0,0.0,0.0,0.0,0.0,0.0,0.0,0.0,0.0,0.04,100.0,0.22,80.0,0.0,0.0,0.0,10.53,0.26,0.22,18.9,83.22,8.72,68.18,0.04,100.0,9.3,96.21,14.19,96.58,4.67,43.4,28.11,46.17,0.0,0.0,0.0,0.0,0.0,0.0,0.0,1.85,45.24,0.22,0.0,0.09,0.0,0.0,0.0,3.44,56.41,24,1.06,93,4.1,6,74.19,27.71,1.22,3.71,0.163,0.0,0.97,0.22,,,,0.0,0,0.0
Magnus Linwood,Team 44,Team 44,"RAMF, LAMF",28,200000,2026-12-31,8,249,0,0.62,0,0.39,22.77,49.21,Portugal,Portugal,right,172,74,yes,5.06,5.06,42.86,1.08,33.33,0.0,0.0,0.36,2.89,5.71,2.53,2,0.72,0,0.0,4.34,0.0,0,0.0,0.23,0,0.0,4,1.45,25.0,0.0,0.0,1.08,33.33,0.0,0.0,1.08,33.33,0.36,5.42,60.0,15.54,53.49,2.53,5.06,0.72,18.8,0.36,5.06,24.58,73.53,7.23,65.0,4.34,91.67,5.78,68.75,23.13,76.56,0.72,0.0,17.79,11.56,0.14,0.72,0.0,0.0,0.36,100.0,0.36,3.25,55.56,3.25,77.78,0.0,0.0,1.08,0.36,4.34,83.33,0,,0,,0,0.0,0.0,0.0,,,0.0,,,0.0,0.0,0.0,0.72,0,0.0
Damian Kessler,Team 44,Team 44,RCB,31,150000,2026-11-30,10,865,0,0.71,0,0.0,9.36,67.78,Switzerland,Switzerland,right,192,92,yes,6.45,3.64,65.71,3.85,72.97,0.1,0.21,0.31,3.95,8.09,1.14,4,0.42,0,0.0,0.0,0.0,0,0.0,0.07,0,0.0,6,0.62,0.0,0.0,0.0,0.0,0.0,0.0,0.0,0.0,0.0,0.0,0.0,0.0,0.52,20.0,0.83,1.77,0.0,32.46,0.42,0.31,48.9,89.15,20.18,78.87,2.5,91.67,20.5,97.97,45.05,93.76,3.85,35.14,19.08,40.93,0.0,0.1,0.0,0.0,0.1,0.0,0.0,7.39,76.06,0.62,16.67,0.94,22.22,0.1,0.0,8.64,72.29,0,,0,,0,0.0,0.0,0.0,,,1.77,,,0.0,0.0,0.0,0.0,0,0.0
Roman Sinclair,Team 44,Team 44,"RDMF, RAMF",28,100000,2026-11-30,14,1101,0,1.17,1,0.61,15.12,44.32,England,England,right,180,76,yes,6.62,5.97,49.32,2.45,40.0,0.74,1.4,0.33,2.94,5.6,2.13,6,0.49,0,0.0,1.14,0.0,0,0.0,0.1,0,0.0,12,0.98,16.67,0.0,0.08,1.14,28.57,0.16,0.0,0.98,33.33,0.16,0.9,63.64,5.07,43.55,1.23,0.82,0.16,30.41,0.16,1.14,41.69,82.94,13.73,69.64,6.38,93.59,14.31,91.43,37.6,86.3,2.94,61.11,16.65,35.3,0.05,0.49,0.0,0.0,0.16,50.0,0.33,7.44,74.73,2.13,38.46,0.16,50.0,0.57,0.33,4.82,88.14,0,,0,,0,0.0,0.0,0.0,,,0.41,,,0.0,0.0,0.0,0.0,0,0.0
Felix Radcliffe,Team 44,Team 44,"LAMF, LW",30,100000,2026-11-30,17,1002,1,1.15,0,1.37,25.33,53.55,United States,United States,right,178,72,yes,4.58,4.31,56.25,1.35,33.33,0.36,0.75,0.09,1.8,3.73,1.8,3,0.27,0,0.0,6.02,0.09,1,0.09,0.1,0,0.0,34,3.05,26.47,2.941,0.0,2.51,25.0,2.07,26.09,0.36,0.0,0.27,7.46,61.45,17.6,56.63,1.98,4.58,0.27,15.18,1.26,4.49,19.04,70.75,5.12,66.67,2.96,84.85,7.72,68.6,15.9,79.1,0.63,42.86,17.76,15.57,0.12,0.99,0.0,0.0,0.0,0.0,0.36,1.89,61.9,2.25,44.0,0.0,0.0,0.81,0.9,1.89,80.95,0,,0,,0,0.0,0.0,0.0,,,0.0,,,0.54,0.18,0.0,0.27,0,0.0
Quinn Halston,Team 44,Team 44,RCB,31,100000,2026-11-30,11,646,0,0.92,0,0.0,13.79,60.61,England,"England, Spain",right,187,85,yes,7.94,3.76,59.26,7.11,68.63,0.28,0.54,0.56,5.43,10.54,1.53,1,0.14,1,0.14,0.42,0.0,0,0.0,0.13,0,0.0,5,0.7,40.0,0.0,0.0,0.14,100.0,0.0,0.0,0.14,100.0,0.0,0.0,0.0,0.42,33.33,0.84,0.14,0.0,25.22,0.14,0.42,40.26,78.89,19.23,63.77,2.93,90.48,14.21,93.14,32.32,88.79,7.8,37.5,20.85,28.17,0.0,0.0,0.0,0.0,0.0,0.0,0.0,8.22,45.76,1.53,27.27,1.11,25.0,0.42,0.14,7.38,60.38,0,,0,,0,0.0,0.0,0.0,,,1.81,,,0.0,0.0,0.0,0.0,0,0.0
Henry Thorne,Team 44,Team 44,CF,37,250000,2026-11-30,6,383,1,1.79,1,0.66,13.63,36.21,Wales,Wales,right,181,70,yes,1.88,3.05,53.85,1.88,50.0,0.0,0.0,0.0,0.23,0.53,1.41,1,0.23,0,0.0,1.17,0.23,1,0.23,0.42,0,0.0,12,2.82,25.0,8.333,0.23,0.7,66.67,0.23,100.0,0.23,0.0,0.47,0.7,0.0,6.34,25.93,4.93,0.47,0.0,10.34,0.7,1.17,15.74,77.61,2.11,66.67,5.4,86.96,3.52,80.0,14.57,79.03,0.47,50.0,12.23,12.4,0.15,0.7,0.0,0.0,0.0,0.0,0.47,0.7,66.67,0.47,50.0,0.0,0.0,0.23,0.47,1.64,42.86,0,,0,,0,0.0,0.0,0.0,,,0.0,,,0.0,0.0,0.0,0.0,0,0.0
Ethan Hayward,Team 44,Team 44,"LAMF, RAMF, RCMF",30,350000,2026-11-30,6,337,0,0.4,0,0.28,20.56,41.56,Scotland,Scotland,right,175,70,yes,6.14,6.14,56.52,2.14,12.5,0.27,0.56,0.0,2.4,5.0,1.6,1,0.27,0,0.0,2.4,0.0,0,0.0,0.11,0,0.0,5,1.34,40.0,0.0,0.0,2.4,11.11,0.8,33.33,1.6,0.0,0.53,2.67,50.0,11.22,35.71,1.6,1.6,0.53,20.56,1.34,2.4,25.91,77.32,8.55,71.88,4.54,94.12,6.41,75.0,22.97,86.05,0.53,0.0,16.84,7.57,0.07,0.53,0.0,0.0,0.53,50.0,0.27,2.4,77.78,3.47,46.15,0.8,0.0,0.27,0.27,3.74,78.57,0,,0,,0,0.0,0.0,0.0,,,0.0,,,0.0,0.0,0.0,0.0,0,0.0
Henry Zimmerman,Team 44,Team 44,LB,30,300000,2026-11-30,10,704,0,0.41,1,0.86,15.21,44.54,Argentina,"Argentina, Italy",left,173,74,yes,7.54,6.26,63.27,1.79,28.57,0.51,1.04,0.26,3.07,6.26,1.79,2,0.26,0,0.0,1.66,0.0,0,0.0,0.05,0,0.0,5,0.64,0.0,0.0,0.13,2.94,34.78,2.68,33.33,0.13,100.0,0.13,1.28,50.0,4.47,28.57,2.05,1.41,0.13,28.0,1.15,0.51,37.84,85.81,12.91,82.18,6.52,98.04,9.97,84.62,32.6,92.94,2.43,47.37,16.35,24.89,0.11,1.41,0.0,0.0,0.0,0.0,0.89,3.84,83.33,3.07,66.67,0.51,50.0,1.15,1.02,5.37,90.48,0,,0,,0,0.0,0.0,0.0,,,0.26,,,0.38,0.0,0.0,0.0,0,0.0
Noah Oakley,Team 44,Team 44,CF,18,350000,,2,40,0,0.0,0,0.0,,,Belgium,Belgium,right,185,80,yes,,,,,,,0.0,,,0.0,,0,,0,,,,0,,,0,,0,,,0.0,,,,,,,,,,,,,,,,,,,,,,,,,,,,,,,6.84,0.0,,,,,,,,,,,,,,,,,,0,,0,,0,0.0,0.0,,,,,,,,,,,0,0.0
Milo Sinclair,Team 44,Team 44,RCB,22,350000,2026-11-30,1,74,0,0.0,0,0.0,17.03,50.0,Ecuador,Ecuador,right,185,82,yes,7.3,4.86,25.0,7.3,83.33,0.0,0.0,2.43,6.08,10.0,6.08,0,0.0,0,0.0,0.0,0.0,0,0.0,0.0,0,0.0,0,0.0,0.0,0.0,0.0,0.0,0.0,0.0,0.0,0.0,0.0,0.0,0.0,0.0,2.43,50.0,0.0,0.0,0.0,34.05,0.0,1.22,45.0,91.89,18.24,80.0,1.22,100.0,24.32,100.0,41.35,97.06,3.65,33.33,21.57,37.31,0.0,0.0,0.0,0.0,0.0,0.0,0.0,6.08,60.0,0.0,0.0,0.0,0.0,0.0,0.0,2.43,100.0,0,,0,,0,0.0,0.0,0.0,,,1.22,,,0.0,0.0,0.0,0.0,0,0.0
Julian Ellwood,Team 44,Team 44,RB,34,300000,2026-11-30,9,460,0,0.0,0,0.25,10.96,48.21,Scotland,"Scotland, Spain",right,173,76,yes,5.67,5.48,39.29,0.78,25.0,0.39,0.76,0.2,3.13,6.08,1.76,1,0.2,0,0.0,1.76,0.0,0,0.0,0.0,0,0.0,0,0.0,0.0,0.0,0.0,0.98,40.0,0.0,0.0,0.98,40.0,0.2,1.37,100.0,3.91,65.0,0.39,2.15,0.59,28.37,1.76,0.78,38.74,78.28,14.09,62.5,8.41,93.02,11.15,89.47,34.04,82.76,3.91,50.0,16.68,27.6,0.05,0.98,0.0,0.0,0.2,0.0,0.59,6.65,64.71,2.35,50.0,0.59,66.67,0.98,0.2,7.04,80.56,0,,0,,0,0.0,0.0,0.0,,,1.37,,,0.0,0.0,0.0,0.0,0,0.0
Ruben Montague,Team 44,Team 44,"RDMF, LDMF",22,350000,2027-12-31,10,507,0,0.33,0,0.03,15.44,32.18,Paraguay,Paraguay,right,184,76,yes,7.99,9.59,37.04,2.49,50.0,0.53,1.08,0.0,3.91,7.95,3.73,2,0.36,1,0.18,0.18,0.0,0,0.0,0.06,0,0.0,3,0.53,0.0,0.0,0.0,0.36,0.0,0.36,0.0,0.0,0.0,0.18,0.18,0.0,2.13,0.0,1.07,0.53,0.0,16.15,0.0,0.0,23.43,90.91,7.1,82.5,3.02,100.0,9.94,91.07,22.01,93.55,1.07,66.67,20.63,17.38,0.01,0.36,0.0,0.0,0.18,100.0,0.18,4.26,83.33,1.42,25.0,0.18,100.0,0.36,0.0,1.95,90.91,0,,0,,0,0.0,0.0,0.0,,,0.89,,,0.0,0.0,0.0,0.0,0,0.0
Marcus Norwood,Team 44,Team 44,LB,21,300000,2027-06-30,5,212,0,0.01,0,0.21,12.31,44.83,United States,United States,left,175,76,yes,6.37,5.09,50.0,2.55,33.33,0.42,0.88,0.42,3.4,7.06,0.42,0,0.0,0,0.0,2.55,0.0,0,0.0,0.0,0,0.0,1,0.42,100.0,0.0,0.0,3.82,22.22,3.82,22.22,0.0,0.0,0.42,2.55,50.0,3.82,44.44,0.42,2.55,0.0,28.87,1.27,0.85,38.63,74.73,13.58,62.5,6.37,100.0,10.19,70.83,32.26,84.21,2.97,28.57,19.06,38.76,0.09,1.27,0.0,0.0,0.42,0.0,0.42,5.52,69.23,2.12,60.0,0.85,0.0,0.0,0.85,5.94,71.43,0,,0,,0,0.0,0.0,0.0,,,0.42,,,0.0,0.0,0.0,0.0,0,0.0
Declan Vance,Team 44,Team 44,LCB,20,300000,,5,402,0,0.2,0,0.0,8.06,55.56,France,France,left,198,84,yes,6.94,4.03,61.11,1.79,75.0,0.0,0.0,0.45,4.48,8.82,1.12,2,0.45,0,0.0,0.22,0.0,0,0.0,0.04,0,0.0,2,0.45,50.0,0.0,0.0,0.0,0.0,0.0,0.0,0.0,0.0,0.0,0.0,0.0,0.0,0.0,0.67,1.34,0.22,26.64,0.9,0.0,39.4,86.36,15.0,70.15,2.24,100.0,19.25,95.35,34.25,93.46,5.15,39.13,23.35,45.86,0.0,0.22,0.0,0.0,0.0,0.0,0.0,4.93,63.64,0.67,33.33,0.0,0.0,0.22,0.0,7.61,70.59,0,,0,,0,0.0,0.0,0.0,,,1.57,,,0.0,0.0,0.0,0.0,0,0.0
Emil Vanderveer,Team 44,Team 44,CF,22,125000,2027-12-31,4,266,2,1.15,0,0.0,12.52,37.84,Mexico,Mexico,right,180,80,yes,2.03,0.68,50.0,5.75,23.53,0.0,0.0,0.0,1.69,3.26,1.35,0,0.0,0,0.0,1.35,0.68,2,0.68,0.39,2,0.68,9,3.05,44.44,22.222,0.0,0.0,0.0,0.0,0.0,0.0,0.0,0.0,0.0,0.0,4.06,58.33,4.74,0.34,0.0,10.15,2.03,0.34,12.52,72.97,3.05,33.33,4.06,91.67,2.37,71.43,12.52,72.97,0.0,0.0,9.65,0.0,0.0,0.0,0.0,0.0,0.0,0.0,0.34,0.68,0.0,0.34,0.0,0.0,0.0,1.02,0.0,0.68,0.0,0,,0,,0,0.0,0.0,0.0,,,0.0,,,0.0,0.0,0.0,0.0,0,0.0
Soren Crestwood,Team 44,Team 44,"LB, LCB",34,300000,2026-11-30,19,1768,2,1.41,0,0.55,12.42,58.2,Portugal,Portugal,left,183,78,yes,6.62,4.68,60.87,4.12,59.26,0.05,0.1,0.25,3.72,7.13,1.22,3,0.15,0,0.0,0.97,0.1,2,0.1,0.07,1,0.05,9,0.46,44.44,22.222,0.0,1.12,45.45,1.12,45.45,0.0,0.0,0.15,0.31,83.33,2.34,41.3,0.87,2.09,0.1,29.88,1.12,0.76,41.89,86.27,18.68,79.02,4.33,96.47,12.57,92.31,37.47,90.9,3.41,49.25,18.03,33.73,0.03,0.51,0.0,0.0,0.0,0.0,0.15,6.97,78.1,1.12,45.45,0.31,16.67,0.25,0.41,7.28,79.72,0,,0,,0,0.0,0.0,0.0,,,0.92,,,0.05,0.0,0.0,0.0,0,0.0
Nathan Linwood,Team 44,Team 44,LB,33,400000,2026-11-30,2,52,0,0.02,0,0.0,10.38,50.0,Uruguay,Uruguay,left,179,71,yes,5.19,3.46,50.0,1.73,100.0,1.73,4.29,0.0,1.73,4.29,1.73,0,0.0,0,0.0,0.0,0.0,0,0.0,0.03,0,0.0,1,1.73,0.0,0.0,0.0,5.19,0.0,5.19,0.0,0.0,0.0,0.0,0.0,0.0,3.46,0.0,3.46,1.73,0.0,36.35,3.46,0.0,45.0,76.92,10.38,66.67,6.92,100.0,13.85,75.0,39.81,86.96,1.73,0.0,20.06,28.25,0.0,0.0,1.73,0.0,0.0,0.0,0.0,6.92,100.0,5.19,0.0,0.0,0.0,0.0,0.0,10.38,83.33,0,,0,,0,0.0,0.0,0.0,,,0.0,,,0.0,0.0,0.0,0.0,0,0.0
Matthias Thorne,Team 44,Team 44,"RAMF, LAMF, CF",32,350000,2026-11-30,11,578,2,1.92,1,0.54,17.75,44.74,Greece,Greece,left,182,72,yes,4.83,5.14,48.48,2.34,53.33,0.47,0.87,0.0,1.87,3.5,1.4,1,0.16,0,0.0,2.18,0.31,2,0.31,0.3,1,0.16,11,1.71,36.36,18.182,0.16,1.25,25.0,0.78,20.0,0.47,33.33,0.0,2.18,57.14,9.19,44.07,2.65,1.56,0.31,23.2,0.78,1.71,29.12,82.35,6.07,66.67,7.94,92.16,8.88,87.72,27.25,85.14,0.93,66.67,15.11,14.81,0.08,0.93,0.0,0.16,0.0,0.0,0.16,1.87,75.0,1.4,33.33,0.0,0.0,0.62,0.31,2.49,75.0,0,,0,,0,0.0,0.0,0.0,,,0.16,,,0.0,0.0,0.0,0.0,0,0.0
Nikolai Prescott,Team 44,Team 44,"RCB, LCB",30,350000,2026-12-31,6,387,0,0.03,0,0.15,11.63,62.0,Paraguay,"Paraguay, Portugal",right,186,77,yes,9.07,5.58,75.0,2.79,41.67,0.23,0.4,0.23,4.65,8.0,1.4,0,0.0,0,0.0,0.23,0.0,0,0.0,0.01,0,0.0,1,0.23,0.0,0.0,0.0,0.23,100.0,0.0,0.0,0.23,100.0,0.0,0.0,0.0,1.63,71.43,1.16,0.93,0.23,31.4,0.47,0.93,49.77,80.84,23.49,69.31,2.09,100.0,20.7,91.01,42.09,88.95,7.44,34.38,20.85,35.32,0.04,0.23,0.0,0.23,0.0,0.0,0.0,9.53,58.54,0.23,100.0,0.0,0.0,0.23,0.23,7.91,79.41,0,,0,,0,0.0,0.0,0.0,,,0.93,,,0.0,0.0,0.0,0.0,0,0.0
Liam Ashford,Team 44,Team 44,"LDMF, RDMF",28,300000,2026-11-30,19,1825,0,0.63,2,1.48,12.28,51.0,Ecuador,Ecuador,right,177,72,yes,7.59,5.28,52.34,1.58,50.0,0.49,0.95,0.25,4.34,8.33,1.92,6,0.3,0,0.0,1.13,0.0,0,0.0,0.03,0,0.0,19,0.94,10.53,0.0,0.1,0.44,55.56,0.3,66.67,0.15,33.33,0.1,1.23,64.0,3.5,50.7,0.44,1.13,0.05,27.86,0.15,0.84,44.09,89.37,13.56,80.0,3.9,89.87,20.22,95.37,41.08,91.24,2.56,65.38,17.78,36.67,0.07,0.59,0.0,0.0,0.0,0.0,0.44,6.61,85.07,1.38,64.29,0.35,42.86,0.69,0.25,5.18,80.95,0,,0,,0,0.0,0.0,0.0,,,0.54,,,0.05,0.0,0.0,0.0,0,0.0
Gabriel Dunmore,Team 44,Team 44,"LCB, RCB",27,250000,2026-11-30,12,1007,0,0.54,0,0.01,11.71,64.89,Nigeria,"Nigeria, Spain",right,188,77,yes,7.42,4.56,74.51,3.93,59.09,0.18,0.33,0.27,3.84,7.17,0.8,2,0.18,0,0.0,0.09,0.0,0,0.0,0.05,0,0.0,6,0.54,0.0,0.0,0.0,0.09,0.0,0.09,0.0,0.0,0.0,0.0,0.09,100.0,1.52,64.71,0.54,0.98,0.0,24.49,0.09,0.98,38.7,84.06,17.34,71.13,1.43,93.75,16.18,98.34,33.52,89.07,5.09,52.63,21.11,33.24,0.0,0.18,0.0,0.0,0.09,0.0,0.0,5.81,66.15,0.18,0.0,0.54,33.33,0.0,0.0,7.06,58.23,0,,0,,0,0.0,0.0,0.0,,,1.25,,,0.0,0.0,0.0,0.0,0,0.0
Lars Sinclair,Team 44,Team 44,AMF,25,400000,2026-11-30,16,1516,5,4.96,2,5.76,15.97,43.12,Romania,Romania,right,171,68,yes,2.61,2.55,65.12,0.89,13.33,0.0,0.0,0.12,0.95,1.88,0.71,1,0.06,0,0.0,4.33,0.3,4,0.24,0.29,0,0.0,46,2.73,41.3,10.87,0.12,1.84,22.58,0.77,23.08,1.07,22.22,0.3,4.75,50.0,11.52,42.78,2.97,2.37,0.59,22.74,0.89,2.49,27.96,77.92,10.03,73.96,4.22,90.14,7.48,80.95,24.99,82.66,1.19,60.0,16.42,25.86,0.34,2.43,0.06,0.0,0.42,100.0,0.36,3.98,76.12,3.09,53.85,0.47,87.5,1.54,0.42,3.86,84.62,0,,0,,0,0.0,0.0,0.0,,,0.06,,,2.49,0.53,44.44,5.82,2,50.0
Jonas Pendleton,Team 24,Team 24,"RCB, CB",29,2000000,2026-11-30,19,1829,2,1.6,1,1.17,11.32,60.87,Hungary,Hungary,right,187,74,yes,6.89,3.74,61.84,5.07,62.14,0.0,0.0,0.64,4.58,6.16,1.38,1,0.05,0,0.0,0.54,0.1,2,0.1,0.08,2,0.1,10,0.49,50.0,20.0,0.05,0.54,45.45,0.0,0.0,0.54,45.45,0.1,0.2,25.0,1.03,52.38,0.89,0.69,0.0,30.31,0.39,0.25,43.45,87.54,17.17,75.07,3.89,96.2,18.16,96.21,37.74,93.61,5.31,47.22,21.16,41.56,0.06,0.39,0.0,0.0,0.0,0.0,0.15,5.61,73.68,0.84,52.94,0.39,37.5,0.3,0.2,7.09,63.89,0,,0,,0,0.0,0.0,0.0,,,2.51,,,0.0,0.0,0.0,0.0,0,0.0
Liam Barton,Team 24,Team 24,"CB, RCMF, LCMF",30,1500000,2027-12-31,20,2000,0,0.36,0,0.54,9.58,60.56,Czech Republic,"Czech Republic, Germany",right,180,73,yes,7.38,4.73,65.71,1.17,34.62,0.41,0.54,0.27,3.87,5.18,0.36,2,0.09,0,0.0,0.59,0.0,0,0.0,0.02,0,0.0,8,0.36,25.0,0.0,0.0,0.14,66.67,0.14,66.67,0.0,0.0,0.0,0.45,80.0,2.43,64.81,0.09,0.27,0.09,29.93,0.09,1.53,42.21,90.19,12.24,81.25,3.28,94.52,20.66,96.3,36.5,92.97,5.58,72.58,20.74,42.0,0.02,0.41,0.0,0.0,0.09,50.0,0.23,6.48,79.86,0.68,66.67,0.23,40.0,0.32,0.09,6.84,80.92,0,,0,,0,0.0,0.0,0.0,,,0.45,,,0.0,0.0,0.0,0.0,0,0.0
Colin Sinclair,Team 24,Team 24,CF,29,1400000,2026-12-31,4,138,0,0.0,0,0.08,22.17,29.41,Greece,Greece,right,188,80,yes,3.91,2.61,25.0,9.78,20.0,0.0,0.0,0.0,3.26,4.84,1.96,0,0.0,0,0.0,0.65,0.0,0,0.0,0.0,0,0.0,0,0.0,0.0,0.0,0.0,0.65,0.0,0.65,0.0,0.0,0.0,0.0,1.3,50.0,5.87,44.44,1.3,0.65,0.0,5.87,3.91,1.3,9.13,71.43,1.3,50.0,3.26,80.0,1.96,66.67,8.48,76.92,0.0,0.0,11.34,0.0,0.05,1.3,0.0,0.0,0.0,0.0,0.65,1.3,50.0,0.65,100.0,0.0,0.0,0.0,0.0,0.65,100.0,0,,0,,0,0.0,0.0,0.0,,,0.0,,,0.0,0.0,0.0,0.0,0,0.0
Colin Garrison,Team 24,Team 24,"LWF, AMF, RW",33,800000,2026-11-30,5,121,0,0.23,0,0.0,11.16,60.0,Finland,Finland,right,167,63,yes,2.23,1.49,50.0,3.72,80.0,0.0,0.0,0.0,1.49,3.75,0.74,1,0.74,0,0.0,2.98,0.0,0,0.0,0.17,0,0.0,4,2.98,50.0,0.0,0.0,1.49,50.0,1.49,50.0,0.0,0.0,0.0,0.74,100.0,4.46,50.0,3.72,0.74,0.0,26.78,1.49,2.23,23.8,81.25,4.46,50.0,5.95,87.5,8.18,90.91,20.08,88.89,2.23,33.33,17.96,20.8,0.0,0.0,0.0,0.0,0.74,0.0,0.0,2.23,66.67,2.23,33.33,1.49,0.0,0.0,0.74,2.98,75.0,0,,0,,0,0.0,0.0,0.0,,,0.0,,,0.0,0.0,0.0,0.0,0,0.0
Caleb Westlake,Team 24,Team 24,"CF, AMF",29,750000,,2,169,1,0.06,0,0.0,10.65,25.0,Romania,Romania,right,193,84,yes,1.07,1.07,0.0,4.26,37.5,0.0,0.0,0.0,1.07,1.3,1.07,0,0.0,0,0.0,2.13,0.53,1,0.53,0.03,1,0.53,2,1.07,100.0,50.0,0.0,1.07,50.0,1.07,50.0,0.0,0.0,0.53,0.53,100.0,2.66,40.0,2.13,0.0,0.53,1.6,1.07,0.53,7.99,80.0,2.13,75.0,1.6,100.0,0.53,0.0,6.92,84.62,0.0,0.0,11.69,0.0,0.0,0.53,0.0,0.0,0.0,0.0,0.53,1.07,100.0,0.0,0.0,0.0,0.0,0.0,0.53,0.53,100.0,0,,0,,0,0.0,0.0,0.0,,,0.0,,,0.0,0.0,0.0,0.0,0,0.0
Tristan Harrington,Team 24,Team 24,LCB,32,750000,2026-12-31,7,643,0,0.0,0,0.0,7.42,49.06,Scotland,Scotland,left,186,82,yes,4.06,2.94,47.62,2.52,61.11,0.14,0.19,0.28,2.52,3.48,0.98,1,0.14,0,0.0,0.56,0.0,0,0.0,0.0,0,0.0,0,0.0,0.0,0.0,0.0,1.12,37.5,0.98,42.86,0.14,0.0,0.0,0.28,50.0,1.4,30.0,0.14,0.84,0.14,31.91,0.42,0.42,41.43,84.8,20.16,78.47,1.4,100.0,15.96,90.35,34.43,91.06,6.02,55.81,20.74,39.23,0.0,0.0,0.0,0.28,0.0,0.0,0.14,8.26,77.97,1.68,41.67,0.0,0.0,0.28,0.42,7.98,73.68,0,,0,,0,0.0,0.0,0.0,,,0.56,,,0.0,0.0,0.0,0.0,0,0.0
Dara Vance,Team 24,Team 24,"LWB, LB, LCB",32,600000,2026-12-31,18,1544,1,0.3,0,2.16,11.6,54.77,Hungary,Hungary,left,177,69,yes,8.51,5.6,65.63,1.63,53.57,0.12,0.15,0.23,4.72,6.06,0.93,2,0.12,1,0.06,1.57,0.06,1,0.06,0.02,0,0.0,8,0.47,50.0,12.5,0.0,2.22,39.47,2.16,37.84,0.06,100.0,0.29,0.87,53.33,3.61,41.94,0.64,2.16,0.29,29.96,1.57,0.76,39.99,82.8,16.79,73.96,6.94,95.8,10.55,85.08,33.05,90.83,4.84,48.19,18.88,36.14,0.13,1.05,0.06,0.0,0.0,0.0,0.47,5.65,74.23,2.86,48.98,0.29,40.0,0.7,0.76,8.74,73.33,0,,0,,0,0.0,0.0,0.0,,,0.29,,,0.52,0.0,0.0,0.17,0,0.0
Matthias Ellwood,Team 24,Team 24,"CF, AMF, LWF",26,600000,2027-06-30,5,390,2,1.39,1,0.61,15.46,40.3,Argentina,"Argentina, Italy",right,183,77,yes,2.77,2.77,58.33,1.62,28.57,0.0,0.0,0.0,1.15,1.65,1.62,2,0.46,0,0.0,2.77,0.46,2,0.46,0.32,0,0.0,7,1.62,57.14,28.571,0.23,2.54,36.36,1.62,28.57,0.92,50.0,0.69,2.31,30.0,9.0,43.59,3.46,2.31,0.23,17.31,0.23,2.31,21.23,70.65,5.77,72.0,4.38,94.74,6.0,61.54,18.0,78.21,0.92,0.0,13.45,23.42,0.14,2.08,0.0,0.0,0.23,100.0,0.92,3.23,71.43,2.54,54.55,0.23,100.0,0.92,1.38,3.69,68.75,0,,0,,0,0.0,0.0,0.0,,,0.0,,,0.23,0.0,0.0,0.46,0,0.0
Oliver Vance,Team 24,Team 24,GK,36,350000,2026-11-30,20,2000,0,0.0,0,0.23,0.23,100.0,Croatia,Croatia,right,188,88,yes,1.08,0.0,0.0,0.14,100.0,0.0,0.0,0.0,1.08,1.45,0.0,1,0.05,0,0.0,0.0,0.0,0,0.0,0.0,0,0.0,0,0.0,0.0,0.0,0.0,0.0,0.0,0.0,0.0,0.0,0.0,0.0,0.0,0.0,0.05,100.0,0.0,0.0,0.0,8.69,0.23,0.14,15.17,84.27,6.35,67.38,0.0,0.0,8.01,97.19,11.16,97.98,3.91,47.13,30.24,58.35,0.01,0.05,0.0,0.0,0.0,0.0,0.0,1.8,40.0,0.14,0.0,0.05,100.0,0.0,0.0,2.75,62.3,15,0.68,48,2.16,9,68.75,13.41,0.6,-1.59,-0.072,0.0,0.86,0.14,,,,0.0,0,0.0
Lars Vance,Team 24,Team 24,"AMF, RWF, RAMF",35,350000,2026-11-30,5,325,0,0.07,0,0.12,16.89,44.26,Greece,Greece,right,170,66,yes,3.88,2.77,20.0,1.66,0.0,0.28,0.38,0.0,3.05,4.13,1.38,1,0.28,0,0.0,2.77,0.0,0,0.0,0.02,0,0.0,3,0.83,33.33,0.0,0.0,4.71,29.41,0.83,33.33,3.88,28.57,0.28,2.77,40.0,11.35,58.54,1.38,1.38,0.0,17.72,2.22,5.26,22.98,66.27,4.71,58.82,4.43,81.25,8.03,58.62,17.45,76.19,1.11,75.0,15.94,29.48,0.03,0.83,0.0,0.0,0.28,0.0,0.28,1.11,75.0,4.71,35.29,0.28,0.0,0.28,1.38,3.6,76.92,0,,0,,0,0.0,0.0,0.0,,,0.0,,,0.83,0.0,0.0,3.32,0,0.0
Milo Linwood,Team 24,Team 24,"LCB, CB",27,300000,2026-11-30,11,813,0,0.1,0,0.01,12.62,62.28,South Korea,South Korea,right,186,75,yes,8.75,6.2,66.07,4.43,70.0,0.33,0.41,0.33,4.32,5.29,1.66,1,0.11,0,0.0,0.11,0.0,0,0.0,0.01,0,0.0,2,0.22,0.0,0.0,0.0,0.0,0.0,0.0,0.0,0.0,0.0,0.0,0.11,100.0,0.66,33.33,0.22,0.0,0.0,24.46,0.33,0.44,36.97,87.43,14.39,76.15,1.77,93.75,17.71,95.63,31.77,93.73,5.2,48.94,22.38,42.35,0.0,0.11,0.0,0.0,0.0,0.0,0.0,3.54,65.63,0.0,0.0,0.11,0.0,0.0,0.0,6.09,56.36,0,,0,,0,0.0,0.0,0.0,,,1.11,,,0.11,0.0,0.0,0.0,0,0.0
Simon Winslow,Team 24,Team 24,"CF, LW, LWF",26,300000,2026-12-31,19,1287,0,3.14,1,1.03,20.35,29.21,Slovenia,"Slovenia, Germany",right,178,78,yes,2.94,2.94,52.38,3.78,7.41,0.07,0.1,0.07,1.33,1.81,1.47,1,0.07,0,0.0,2.73,0.0,0,0.0,0.22,0,0.0,36,2.52,41.67,0.0,0.07,1.47,19.05,1.19,17.65,0.28,25.0,0.14,3.15,44.44,10.56,33.11,3.29,1.4,0.07,13.85,3.08,1.47,15.94,76.32,3.71,79.25,3.78,90.74,4.34,75.81,13.99,82.5,0.56,75.0,17.02,11.47,0.07,0.49,0.07,0.07,0.07,0.0,0.28,1.33,84.21,1.47,61.9,0.0,0.0,0.77,0.21,2.03,79.31,0,,0,,0,0.0,0.0,0.0,,,0.0,,,0.07,0.0,0.0,0.0,1,0.0
Aaron Vance,Team 24,Team 24,RWB,28,300000,2026-11-30,1,25,0,0.13,0,0.0,,,Norway,Norway,right,185,78,yes,,,,,,,0.0,,,18.75,,0,,0,,,,0,,,0,,2,,,0.0,,,,,,,,,,,,,,,,,,,,,,,,,,,,,,,6.32,0.0,,,,,,,,,,,,,,,,,,0,,0,,0,0.0,0.0,,,,,,,,,,,0,0.0
Bastien Beaumont,Team 24,Team 24,"RWB, RB",26,150000,2027-12-31,18,1525,0,2.22,0,0.36,14.75,54.8,Romania,Romania,right,185,75,yes,7.26,4.96,53.57,1.89,65.63,0.35,0.48,0.12,4.25,5.79,1.18,2,0.12,0,0.0,2.95,0.0,0,0.0,0.13,0,0.0,22,1.3,27.27,0.0,0.0,2.54,37.21,0.06,0.0,2.48,38.1,0.35,2.48,66.67,6.49,53.64,1.18,1.77,0.18,22.37,2.66,1.36,29.74,78.37,8.09,64.96,7.02,91.6,10.09,77.78,24.26,84.67,3.25,60.0,18.91,32.29,0.02,0.77,0.0,0.0,0.0,0.0,0.06,2.54,74.42,2.95,46.0,0.18,33.33,0.41,1.0,6.02,67.65,0,,0,,0,0.0,0.0,0.0,,,0.71,,,0.06,0.0,0.0,0.0,0,0.0
Dara Harrington,Team 24,Team 24,LWB,21,650000,2026-11-30,1,28,0,0.01,0,0.0,,,England,England,left,180,70,yes,,,,,,,0.0,,,0.0,,0,,0,,,,0,,,0,,1,,,0.0,,,,,,,,,,,,,,,,,,,,,,,,,,,,,,,19.43,0.0,,,,,,,,,,,,,,,,,,0,,0,,0,0.0,0.0,,,,,,,,,,,0,0.0
Ethan Callow,Team 24,Team 24,RCB,22,450000,2027-12-31,4,277,0,0.11,0,0.0,13.97,58.14,Spain,Spain,right,185,80,yes,7.15,5.85,61.11,4.55,57.14,0.65,0.77,0.65,2.92,3.46,1.95,2,0.65,0,0.0,0.65,0.0,0,0.0,0.03,0,0.0,1,0.32,0.0,0.0,0.0,0.32,0.0,0.0,0.0,0.32,0.0,0.0,0.65,100.0,1.95,66.67,0.32,0.65,0.0,22.42,0.0,1.3,33.47,79.61,11.7,58.33,3.25,100.0,15.92,89.8,27.62,90.59,5.52,29.41,24.79,44.86,0.0,0.0,0.0,0.0,0.0,0.0,0.0,5.52,47.06,0.32,0.0,0.0,0.0,0.0,0.0,5.85,44.44,0,,0,,0,0.0,0.0,0.0,,,1.95,,,0.0,0.0,0.0,0.0,0,0.0
Lars Oakley,Team 24,Team 24,"LCMF, LW, CF",31,700000,2026-12-31,4,152,0,0.41,0,0.04,17.17,51.72,Norway,Norway,right,177,78,yes,6.51,5.92,80.0,2.96,60.0,0.59,0.86,0.0,1.18,1.71,0.59,0,0.0,0,0.0,1.78,0.0,0,0.0,0.24,0,0.0,3,1.78,66.67,0.0,0.0,0.0,0.0,0.0,0.0,0.0,0.0,0.0,1.78,33.33,6.51,36.36,2.37,1.18,0.0,15.99,1.78,0.59,20.13,79.41,3.55,66.67,6.51,90.91,4.14,85.71,18.95,78.13,1.18,100.0,12.97,8.63,0.02,1.18,0.0,0.0,0.0,0.0,0.0,1.18,100.0,1.18,50.0,0.0,0.0,1.18,0.0,1.18,0.0,0,,0,,0,0.0,0.0,0.0,,,0.0,,,0.0,0.0,0.0,0.0,0,0.0
Tristan Halloway,Team 24,Team 24,"CF, RCMF, RW",27,550000,,6,200,0,1.81,0,0.63,13.5,43.33,Mexico,Mexico,left,176,70,yes,3.6,4.5,70.0,0.9,0.0,0.0,0.0,0.0,0.45,0.67,2.25,1,0.45,0,0.0,3.6,0.0,0,0.0,0.81,0,0.0,8,3.6,62.5,0.0,0.0,1.35,33.33,0.0,0.0,0.9,50.0,0.0,1.8,25.0,7.2,31.25,2.25,1.35,0.45,21.6,0.45,1.8,20.7,71.74,8.1,61.11,4.05,77.78,4.5,70.0,17.55,76.92,1.8,50.0,13.16,13.63,0.28,1.8,0.0,0.0,0.45,100.0,0.9,4.05,66.67,4.5,40.0,1.35,66.67,0.9,0.45,3.6,100.0,0,,0,,0,0.0,0.0,0.0,,,0.0,,,2.25,0.45,0.0,1.35,1,0.0
Tristan Beaumont,Team 24,Team 24,"CF, AMF, RWF",23,250000,2027-12-31,4,187,0,0.47,1,0.44,17.33,16.67,Ecuador,Ecuador,right,175,73,yes,3.37,2.41,40.0,8.66,5.56,0.48,0.68,0.48,1.93,2.73,0.0,0,0.0,0,0.0,0.96,0.0,0,0.0,0.22,0,0.0,5,2.41,20.0,0.0,0.48,0.48,100.0,0.0,0.0,0.48,100.0,0.0,0.96,0.0,4.81,30.0,1.93,1.44,0.0,7.7,3.37,1.44,7.7,62.5,1.44,0.0,0.48,100.0,3.85,62.5,7.22,60.0,0.0,0.0,17.61,0.0,0.21,0.48,0.0,0.0,0.0,0.0,0.48,0.0,0.0,2.41,60.0,0.0,0.0,0.96,0.48,1.93,50.0,0,,0,,0,0.0,0.0,0.0,,,0.0,,,0.0,0.0,0.0,0.0,0,0.0
Dara Crestwood,Team 24,Team 24,CF,17,650000,,1,16,1,0.36,0,0.0,,,Netherlands,Netherlands,right,186,78,yes,,,,,,,0.0,,,10.0,,0,,0,,,,1,,,0,,1,,,100.0,,,,,,,,,,,,,,,,,,,,,,,,,,,,,,,7.9,0.0,,,,,,,,,,,,,,,,,,0,,0,,0,0.0,0.0,,,,,,,,,,,0,0.0
Callum Sinclair,Team 24,Team 24,"RWF, CF, LW",22,650000,2026-11-30,4,99,0,0.18,0,0.0,20.91,52.17,England,England,right,184,78,yes,2.73,5.45,33.33,4.55,40.0,0.0,0.0,0.0,0.91,1.3,0.91,0,0.0,0,0.0,7.27,0.0,0,0.0,0.17,0,0.0,4,3.64,50.0,0.0,0.0,4.55,40.0,2.73,0.0,1.82,100.0,0.91,3.64,100.0,9.09,70.0,1.82,4.55,0.0,16.36,1.82,0.91,24.55,70.37,6.36,71.43,4.55,80.0,8.18,55.56,18.18,85.0,1.82,0.0,19.35,12.25,0.0,0.0,0.0,0.0,0.0,0.0,0.0,3.64,25.0,2.73,33.33,0.0,0.0,0.0,0.91,1.82,100.0,0,,0,,0,0.0,0.0,0.0,,,0.0,,,0.0,0.0,0.0,1.82,0,0.0
Fabian Oakley,Team 24,Team 24,CF,22,650000,2029-12-31,16,710,3,2.96,0,0.2,20.28,32.5,Cameroon,Cameroon,right,187,81,yes,2.41,2.66,52.38,7.48,20.34,0.0,0.0,0.0,1.01,1.33,1.65,1,0.13,0,0.0,2.15,0.38,3,0.38,0.37,2,0.25,23,2.92,43.48,13.043,0.0,0.51,0.0,0.13,0.0,0.38,0.0,0.0,1.39,63.64,6.85,37.04,3.68,0.51,0.0,8.37,1.39,2.03,8.24,73.85,1.39,63.64,1.9,86.67,2.41,63.16,7.35,79.31,0.51,50.0,13.89,7.62,0.03,0.51,0.0,0.0,0.0,0.0,0.38,0.89,71.43,0.76,16.67,0.25,50.0,0.51,0.0,1.39,72.73,0,,0,,0,0.0,0.0,0.0,,,0.0,,,0.0,0.0,0.0,0.0,0,0.0
Dominic Kingsbury,Team 24,Team 24,"CF, AMF, RWB",20,700000,2026-11-30,16,954,1,1.78,2,0.54,16.98,31.67,Czech Republic,"Czech Republic, Italy",right,184,78,yes,4.34,4.06,51.16,4.15,25.0,0.09,0.14,0.19,2.17,3.17,1.13,0,0.0,0,0.0,1.98,0.09,1,0.09,0.17,0,0.0,16,1.51,31.25,6.25,0.19,2.45,34.62,0.85,66.67,1.6,17.65,0.47,2.26,29.17,7.92,26.19,3.21,0.66,0.09,14.34,2.64,1.04,17.64,73.26,3.4,61.11,5.57,98.31,4.34,58.7,14.34,82.24,1.13,41.67,15.57,16.24,0.05,0.57,0.0,0.0,0.0,0.0,0.28,0.85,44.44,2.08,50.0,0.0,0.0,0.47,0.66,2.26,70.83,0,,0,,0,0.0,0.0,0.0,,,0.09,,,0.0,0.0,0.0,0.0,0,0.0
Oscar Radcliffe,Team 24,Team 24,"LB, LW, LWB",19,550000,2028-12-31,4,218,0,0.02,0,0.0,16.51,52.5,Senegal,"Senegal, France",left,181,76,yes,9.5,7.02,82.35,1.65,25.0,0.0,0.0,0.41,3.72,4.43,0.0,0,0.0,0,0.0,2.06,0.0,0,0.0,0.01,0,0.0,2,0.83,50.0,0.0,0.0,2.89,0.0,2.06,0.0,0.83,0.0,0.0,3.3,50.0,7.43,33.33,0.0,0.41,0.0,13.21,1.65,0.83,20.23,69.39,4.54,72.73,6.19,93.33,4.13,50.0,15.69,81.58,2.06,60.0,17.62,19.54,0.0,0.0,0.41,0.0,0.0,0.0,0.0,1.24,33.33,2.48,16.67,0.0,0.0,0.41,0.0,2.89,85.71,0,,0,,0,0.0,0.0,0.0,,,0.0,,,0.0,0.0,0.0,0.0,0,0.0
Adrian Davenport,Team 24,Team 24,"LCMF, AMF, RCMF",19,550000,2028-12-31,18,1285,0,1.25,0,0.26,17.93,42.58,Hungary,Hungary,right,179,74,yes,4.9,6.02,45.35,3.57,45.1,0.14,0.19,0.28,2.03,2.72,2.73,9,0.63,0,0.0,0.84,0.0,0,0.0,0.09,0,0.0,24,1.68,25.0,0.0,0.0,0.77,0.0,0.42,0.0,0.35,0.0,0.14,0.91,38.46,6.09,34.48,1.68,0.7,0.0,17.79,0.35,1.68,25.21,75.56,6.79,53.61,5.53,97.47,7.35,78.1,22.06,82.22,2.45,37.14,17.38,33.3,0.02,0.42,0.0,0.07,0.07,100.0,0.14,3.64,59.62,1.19,23.53,0.21,66.67,0.35,0.0,3.29,59.57,0,,0,,0,0.0,0.0,0.0,,,0.14,,,0.35,0.07,0.0,0.49,0,0.0
Colin Vance,Team 24,Team 24,"LCB, CB, RCB",21,450000,2027-12-31,9,345,0,0.0,0,0.0,12.78,59.18,Croatia,"Croatia, Germany",right,186,80,yes,9.65,6.26,66.67,5.48,52.38,0.26,0.35,0.78,5.22,7.06,1.04,0,0.0,0,0.0,0.0,0.0,0,0.0,0.0,0,0.0,0,0.0,0.0,0.0,0.0,0.0,0.0,0.0,0.0,0.0,0.0,0.0,0.0,0.0,0.26,100.0,0.0,0.0,0.0,23.48,0.0,0.26,32.87,88.89,14.09,79.63,0.78,100.0,15.39,96.61,28.7,90.91,4.17,75.0,18.58,29.69,0.0,0.0,0.0,0.0,0.0,0.0,0.0,3.39,76.92,0.26,100.0,0.0,0.0,0.26,0.0,6.0,60.87,0,,0,,0,0.0,0.0,0.0,,,0.78,,,0.0,0.0,0.0,0.0,0,0.0
Damian Norwood,Team 24,Team 24,"RCMF, CB",23,500000,2026-11-30,19,1723,1,1.06,0,0.71,9.72,50.54,Georgia,"Georgia, Portugal",right,187,74,yes,5.85,4.34,55.42,1.88,55.56,0.16,0.21,0.26,3.29,4.35,1.25,2,0.1,0,0.0,1.1,0.05,1,0.05,0.06,0,0.0,19,0.99,42.11,5.263,0.0,0.63,33.33,0.1,50.0,0.47,33.33,0.16,0.78,60.0,2.4,43.48,0.73,0.99,0.1,26.22,0.47,0.78,36.56,88.57,10.5,74.13,4.91,98.94,16.3,94.55,32.86,91.73,3.08,66.1,18.52,33.45,0.04,0.47,0.0,0.0,0.1,0.0,0.26,4.34,74.7,1.2,47.83,0.21,0.0,0.31,0.21,4.75,72.53,0,,0,,0,0.0,0.0,0.0,,,0.99,,,0.05,0.05,0.0,0.0,0,0.0
Tristan Ashford,Team 24,Team 24,"LB, RWF, RW",22,500000,2026-12-31,16,594,0,0.21,1,0.25,17.27,49.12,England,England,left,181,71,yes,7.58,4.55,63.33,5.61,43.24,0.45,0.63,0.15,4.24,5.87,0.61,2,0.3,0,0.0,2.73,0.0,0,0.0,0.03,0,0.0,6,0.91,33.33,0.0,0.15,3.33,31.82,2.12,28.57,1.21,37.5,0.45,1.52,90.0,5.76,39.47,1.97,0.91,0.45,18.33,1.06,0.61,30.0,61.62,11.82,55.13,3.03,90.0,9.39,66.13,22.42,69.59,4.39,44.83,21.08,33.48,0.04,0.76,0.15,0.0,0.0,0.0,0.3,5.91,48.72,4.24,32.14,0.76,40.0,0.45,1.06,7.12,65.96,0,,0,,0,0.0,0.0,0.0,,,0.3,,,0.15,0.0,0.0,1.52,0,0.0
Viktor Sterling,Team 24,Team 24,"LWB, LCB, LB",25,500000,2026-11-30,13,651,1,0.58,0,0.37,15.21,50.0,Scotland,Scotland,left,180,80,yes,6.91,6.36,50.0,4.98,50.0,0.69,0.99,0.28,3.04,4.37,2.76,4,0.55,0,0.0,2.21,0.14,1,0.14,0.08,0,0.0,3,0.41,66.67,33.333,0.0,2.63,36.84,2.63,36.84,0.0,0.0,0.14,1.11,87.5,2.9,42.86,1.52,0.69,0.14,25.71,0.83,0.55,33.73,77.46,13.96,71.29,2.21,100.0,12.03,81.61,27.1,85.2,4.15,53.33,19.04,27.65,0.05,0.83,0.28,0.0,0.0,0.0,0.41,4.15,66.67,2.63,36.84,0.14,100.0,0.28,0.83,8.29,80.0,0,,0,,0,0.0,0.0,0.0,,,0.41,,,0.0,0.0,0.0,0.14,0,0.0
Lucas Sinclair,Team 24,Team 24,"LCMF, RW, RWF",28,500000,2027-12-31,17,1308,1,0.25,3,1.97,13.28,50.26,Ukraine,Ukraine,right,183,77,yes,4.68,4.95,47.22,1.86,44.44,0.34,0.46,0.21,2.0,2.69,1.93,3,0.21,0,0.0,1.79,0.07,1,0.07,0.02,0,0.0,8,0.55,37.5,12.5,0.21,1.86,37.04,1.24,50.0,0.62,11.11,0.14,1.31,63.16,5.3,55.84,1.1,1.31,0.07,23.19,0.89,1.65,34.75,84.36,10.6,75.32,7.57,96.36,11.42,84.34,29.31,90.85,3.85,55.36,18.32,36.98,0.14,1.51,0.0,0.0,0.07,100.0,0.34,6.19,73.33,2.55,37.84,0.55,62.5,0.69,0.55,5.16,85.33,0,,0,,0,0.0,0.0,0.0,,,0.0,,,1.58,0.07,0.0,4.06,0,0.0
Lars Northfield,Team 24,Team 24,"LCMF, RCMF",29,600000,2026-11-30,7,269,0,0.02,0,0.12,13.38,47.5,Slovakia,"Slovakia, Portugal",right,174,70,yes,6.02,5.69,64.71,2.34,0.0,0.0,0.0,0.0,2.34,3.28,2.34,0,0.0,0,0.0,1.0,0.0,0,0.0,0.01,0,0.0,2,0.67,0.0,0.0,0.0,0.67,100.0,0.67,100.0,0.0,0.0,0.0,0.33,100.0,3.01,44.44,0.0,0.0,0.0,24.76,0.0,2.01,32.79,84.69,7.03,61.9,4.35,84.62,17.06,96.08,28.44,89.41,4.01,50.0,24.11,25.3,0.04,0.33,0.0,0.0,0.0,0.0,0.0,6.02,77.78,1.34,25.0,1.0,0.0,0.0,0.33,3.68,72.73,0,,0,,0,0.0,0.0,0.0,,,0.0,,,0.67,0.0,0.0,2.01,0,0.0
Dylan Thornton,Team 13,Team 13,"LCB, CB",31,1000000,2026-11-30,11,782,0,0.32,0,0.0,12.77,69.37,Austria,Austria,right,191,83,yes,7.71,4.14,72.22,5.52,72.92,0.23,0.43,0.81,4.49,8.3,0.92,3,0.35,0,0.0,0.12,0.0,0,0.0,0.04,0,0.0,2,0.23,50.0,0.0,0.0,0.12,0.0,0.12,0.0,0.0,0.0,0.0,0.0,0.0,0.58,40.0,0.46,0.35,0.0,21.75,0.0,0.23,33.84,83.33,14.62,68.5,1.84,93.75,15.54,94.81,27.74,90.46,5.98,51.92,19.19,31.25,0.0,0.0,0.0,0.0,0.0,0.0,0.0,4.83,64.29,0.46,0.0,0.58,20.0,0.0,0.0,6.79,64.41,0,,0,,0,0.0,0.0,0.0,,,1.04,,,0.0,0.0,0.0,0.0,0,0.0
Alexander Ingram,Team 13,Team 13,"DMF, LDMF, RDMF",31,1000000,2026-11-30,16,1162,0,0.23,0,0.0,11.0,52.11,Sweden,"Sweden, Spain",right,178,69,yes,7.44,5.19,62.69,1.47,52.63,0.08,0.11,0.62,4.1,5.98,1.78,7,0.54,0,0.0,0.23,0.0,0,0.0,0.02,0,0.0,4,0.31,0.0,0.0,0.0,0.15,0.0,0.08,0.0,0.08,0.0,0.0,0.31,75.0,3.02,46.15,0.39,0.15,0.0,14.56,0.0,1.08,23.55,82.57,7.36,65.26,4.57,96.61,7.9,90.2,21.3,87.64,2.17,35.71,16.95,21.41,0.0,0.08,0.0,0.0,0.0,0.0,0.0,2.94,71.05,0.39,20.0,0.15,0.0,0.08,0.0,3.49,66.67,0,,0,,0,0.0,0.0,0.0,,,0.23,,,0.0,0.0,0.0,0.0,0,0.0
Xavier Brecken,Team 13,Team 13,"DMF, RDMF, LCMF",30,1000000,2026-12-31,14,844,0,1.23,0,1.21,9.49,51.69,Cameroon,Cameroon,right,180,72,yes,5.55,5.01,46.81,1.17,45.45,0.21,0.33,0.32,2.99,4.67,2.03,4,0.43,0,0.0,0.75,0.0,0,0.0,0.13,0,0.0,15,1.6,26.67,0.0,0.0,0.53,0.0,0.0,0.0,0.53,0.0,0.11,0.43,75.0,2.03,73.68,0.43,0.43,0.11,23.78,0.21,0.64,35.51,83.18,11.2,69.52,5.33,96.0,14.4,89.63,31.14,88.36,3.84,52.78,18.85,34.58,0.13,0.96,0.0,0.0,0.0,0.0,0.32,5.65,66.04,1.49,57.14,0.32,0.0,0.85,0.0,3.84,75.0,0,,0,,0,0.0,0.0,0.0,,,0.32,,,0.43,0.11,0.0,0.64,1,0.0
Sebastian Calder,Team 13,Team 13,"CF, AMF, DMF",34,800000,2026-11-30,8,357,1,1.16,0,0.02,16.89,26.87,Finland,Finland,right,174,71,yes,2.02,2.27,33.33,8.07,37.5,0.0,0.0,0.0,1.26,2.42,1.76,0,0.0,0,0.0,0.5,0.25,1,0.25,0.29,0,0.0,4,1.01,50.0,25.0,0.0,0.25,0.0,0.0,0.0,0.25,0.0,0.0,0.0,0.0,4.03,12.5,1.76,0.25,0.0,6.3,0.76,0.5,9.58,65.79,3.03,66.67,1.51,100.0,2.52,60.0,8.32,69.7,1.01,50.0,15.18,10.51,0.0,0.25,0.0,0.0,0.0,0.0,0.0,2.27,66.67,0.25,0.0,0.0,0.0,0.0,0.0,1.26,80.0,0,,0,,0,0.0,0.0,0.0,,,0.5,,,0.0,0.0,0.0,0.0,0,0.0
Kasper Talbot,Team 13,Team 13,"LCMF, RDMF",33,600000,2026-11-30,18,1365,2,1.6,6,2.87,8.18,41.94,Slovenia,"Slovenia, Italy",right,178,76,yes,3.96,3.1,48.94,1.05,31.25,0.0,0.0,0.13,2.44,3.32,0.59,2,0.13,0,0.0,1.71,0.13,1,0.07,0.11,0,0.0,19,1.25,36.84,10.526,0.4,1.65,52.0,0.99,33.33,0.66,80.0,0.4,0.92,42.86,3.49,39.62,1.05,1.12,0.13,29.27,0.59,1.05,39.63,82.53,14.24,72.69,6.73,98.04,11.87,85.56,35.41,86.78,2.57,43.59,17.31,33.28,0.19,1.85,0.0,0.0,0.0,0.0,0.66,5.93,74.44,2.64,50.0,0.13,0.0,0.79,0.79,5.47,79.52,0,,0,,0,0.0,0.0,0.0,,,0.66,,,2.18,0.53,50.0,4.29,1,100.0
Tristan Waverley,Team 13,Team 13,"RDMF, RCMF",24,400000,2028-06-30,2,24,0,0.0,0,0.0,,,Mexico,"Mexico, France",left,181,68,yes,,,,,,,0.0,,,7.5,,0,,0,,,,0,,,0,,0,,,0.0,,,,,,,,,,,,,,,,,,,,,,,,,,,,,,,18.01,16.97,,,,,,,,,,,,,,,,,,0,,0,,0,0.0,0.0,,,,,,,,,,,0,0.0
Emil Fairfax,Team 13,Team 13,"RW, RAMF, RWF",26,400000,2027-12-31,19,1424,2,1.17,2,1.46,19.85,46.5,South Korea,South Korea,right,178,70,yes,4.68,5.18,50.0,2.15,26.47,0.0,0.0,0.0,2.09,3.04,1.26,1,0.06,0,0.0,4.3,0.13,2,0.13,0.07,0,0.0,19,1.2,47.37,10.526,0.13,3.86,26.23,0.13,0.0,3.73,27.12,0.32,4.17,63.64,11.0,52.3,2.34,2.84,0.44,13.65,1.9,2.21,18.77,64.98,5.18,67.07,4.04,93.75,4.93,56.41,14.03,75.68,1.33,61.9,18.61,31.3,0.09,0.32,0.0,0.0,0.06,100.0,0.51,1.83,65.52,2.46,25.64,0.06,100.0,0.51,0.76,2.91,78.26,0,,0,,0,0.0,0.0,0.0,,,0.0,,,0.0,0.0,0.0,0.0,0,0.0
Theo Irvine,Team 13,Team 13,"LW, LAMF",28,400000,2026-11-30,17,1220,0,1.78,0,1.28,13.2,41.34,Nigeria,Nigeria,right,174,70,yes,4.43,3.39,60.87,1.18,12.5,0.22,0.32,0.15,2.14,3.06,0.37,2,0.15,0,0.0,2.8,0.0,0,0.0,0.13,0,0.0,19,1.4,31.58,0.0,0.0,1.7,52.17,1.55,52.38,0.15,50.0,0.15,3.47,42.55,6.93,38.3,2.29,1.33,0.15,15.42,1.18,0.81,20.51,84.53,5.46,79.73,5.39,94.52,5.24,81.69,17.41,89.83,1.4,57.89,16.74,21.4,0.09,0.74,0.15,0.0,0.0,0.0,0.52,2.43,78.79,1.55,66.67,0.0,0.0,0.89,0.96,2.58,74.29,0,,0,,0,0.0,0.0,0.0,,,0.07,,,0.0,0.0,0.0,0.15,0,0.0
Tristan Sinclair,Team 13,Team 13,"RCMF, AMF",28,400000,2026-12-31,19,1790,7,3.48,2,0.85,16.24,43.03,Spain,Spain,right,185,73,yes,5.58,4.63,47.83,3.52,44.29,0.2,0.3,0.2,3.17,4.77,1.51,4,0.2,0,0.0,1.76,0.35,7,0.35,0.18,3,0.15,32,1.61,34.38,21.875,0.1,1.81,36.11,0.35,42.86,1.41,35.71,0.1,1.01,55.0,5.98,42.02,2.66,1.31,0.2,16.69,0.65,2.06,26.25,79.31,8.25,67.68,6.34,95.24,7.39,76.19,22.88,85.05,1.91,50.0,18.86,35.36,0.04,0.5,0.0,0.0,0.05,0.0,0.2,3.42,67.65,1.71,44.12,0.25,0.0,0.65,0.5,3.47,69.57,0,,0,,0,0.0,0.0,0.0,,,1.41,,,0.05,0.05,0.0,0.0,0,0.0
Sebastian Halston,Team 13,Team 13,RB,33,300000,2026-11-30,2,34,0,0.0,1,0.08,,,Greece,Greece,right,178,62,yes,,,,,,,3.33,,,3.33,,0,,0,,,,0,,,0,,0,,,0.0,,,,,,,,,,,,,,,,,,,,,,,,,,,,,,,39.55,21.98,,,,,,,,,,,,,,,,,,0,,0,,0,0.0,0.0,,,,,,,,,,,0,0.0
Nathan Beaumont,Team 13,Team 13,GK,28,300000,2026-11-30,5,497,0,0.0,0,0.0,0.18,100.0,Chile,Chile,right,190,88,yes,0.72,0.0,0.0,0.18,100.0,0.0,0.0,0.0,0.72,1.14,0.0,1,0.18,0,0.0,0.0,0.0,0,0.0,0.0,0,0.0,0,0.0,0.0,0.0,0.0,0.0,0.0,0.0,0.0,0.0,0.0,0.0,0.0,0.0,0.0,0.0,0.0,0.0,0.0,10.5,0.18,0.0,17.02,85.11,9.24,72.55,0.0,0.0,7.42,100.0,9.6,100.0,7.42,65.85,37.77,54.47,0.0,0.0,0.0,0.0,0.0,0.0,0.0,4.35,62.5,0.36,50.0,0.0,0.0,0.0,0.0,5.07,85.71,5,0.91,20,3.62,0,75.0,4.17,0.76,-0.83,-0.15,0.0,0.91,0.18,,,,0.0,0,0.0
Quinn Calder,Team 13,Team 13,RB,31,250000,2026-11-30,12,993,0,0.03,0,0.67,17.67,51.28,Slovenia,Slovenia,right,175,68,yes,7.34,7.25,51.25,2.63,51.72,0.0,0.0,0.09,3.63,5.5,1.99,1,0.09,0,0.0,2.72,0.0,0,0.0,0.0,0,0.0,4,0.36,0.0,0.0,0.0,1.63,44.44,0.09,0.0,1.54,47.06,0.27,2.99,66.67,6.44,56.34,0.18,1.36,0.36,24.38,0.91,1.54,36.07,82.16,15.95,73.86,5.71,92.06,9.88,92.66,30.54,88.13,3.99,52.27,18.03,28.42,0.06,0.63,0.0,0.0,0.0,0.0,0.27,6.07,70.15,2.27,60.0,0.73,37.5,0.45,0.73,7.89,70.11,0,,0,,0,0.0,0.0,0.0,,,0.54,,,0.0,0.0,0.0,0.0,0,0.0
Viktor Montague,Team 13,Team 13,LB,27,250000,2026-11-30,7,325,0,0.04,0,0.76,14.68,54.72,Greece,Greece,left,176,70,yes,6.09,6.09,40.91,3.32,58.33,0.28,0.5,0.0,3.32,6.0,2.77,4,1.11,0,0.0,1.94,0.0,0,0.0,0.01,0,0.0,1,0.28,100.0,0.0,0.0,2.77,30.0,2.77,30.0,0.0,0.0,0.55,0.83,100.0,4.71,76.47,2.22,1.94,0.0,29.35,1.38,1.38,39.32,80.28,16.34,79.66,5.54,95.0,11.63,73.81,33.78,88.52,3.32,25.0,17.6,32.99,0.21,1.11,0.0,0.28,0.0,0.0,0.83,6.65,62.5,2.77,40.0,0.0,0.0,0.55,0.83,8.86,75.0,0,,0,,0,0.0,0.0,0.0,,,0.55,,,0.55,0.0,0.0,0.83,0,0.0
Felix Waverley,Team 13,Team 13,GK,33,150000,2027-12-31,15,1542,0,0.0,0,0.31,0.58,100.0,Netherlands,"Netherlands, Spain",left,191,87,yes,0.93,0.06,100.0,0.41,100.0,0.0,0.0,0.0,0.88,1.28,0.0,0,0.0,0,0.0,0.0,0.0,0,0.0,0.0,0,0.0,0,0.0,0.0,0.0,0.0,0.0,0.0,0.0,0.0,0.0,0.0,0.0,0.0,0.0,0.12,100.0,0.0,0.0,0.0,9.28,0.29,0.29,16.05,76.0,9.57,64.63,0.0,0.0,6.07,92.31,8.35,96.5,7.7,53.79,38.46,54.38,0.02,0.06,0.0,0.0,0.0,0.0,0.12,4.32,58.11,0.47,37.5,0.18,66.67,0.23,0.0,6.07,72.12,16,0.93,51,2.98,4,68.63,13.49,0.79,-2.51,-0.146,0.0,1.52,0.41,,,,0.0,0,0.0
Elias Thorne,Team 13,Team 13,CF,33,150000,2026-11-30,13,1094,5,4.67,0,0.39,16.86,39.02,Croatia,Croatia,right,186,78,yes,3.04,1.81,54.55,6.75,35.37,0.0,0.0,0.49,2.06,2.93,0.66,0,0.0,0,0.0,1.23,0.41,5,0.41,0.38,3,0.25,26,2.14,42.31,19.231,0.0,0.25,33.33,0.16,50.0,0.08,0.0,0.08,0.58,42.86,4.85,42.37,3.29,0.49,0.08,6.99,1.23,2.22,7.16,67.82,2.63,53.13,1.4,82.35,1.65,90.0,6.75,69.51,0.16,50.0,16.24,6.31,0.03,0.25,0.0,0.0,0.0,0.0,0.16,0.58,71.43,0.74,55.56,0.0,0.0,0.66,0.08,0.9,72.73,0,,0,,0,0.0,0.0,0.0,,,0.0,,,0.0,0.0,0.0,0.0,0,0.0
Julian Somerset,Team 13,Team 13,"LB, LWB",29,125000,2026-11-30,18,1808,2,2.58,2,2.92,20.21,50.74,Hungary,Hungary,left,177,67,yes,8.31,6.92,60.43,3.83,40.26,0.2,0.29,0.15,3.93,5.77,1.99,4,0.2,0,0.0,2.89,0.1,2,0.1,0.13,1,0.05,20,1.0,40.0,10.0,0.1,3.09,32.26,2.89,34.48,0.15,0.0,0.35,2.34,59.57,7.72,49.03,2.24,1.79,0.5,21.16,1.14,2.34,30.37,68.52,11.9,60.67,3.53,90.14,8.46,72.94,23.84,76.41,3.68,47.3,19.09,40.89,0.15,1.14,0.05,0.0,0.1,100.0,0.5,4.98,62.0,2.79,53.57,0.35,57.14,0.9,0.8,6.32,70.08,0,,0,,0,0.0,0.0,0.0,,,0.15,,,0.85,0.05,100.0,2.09,0,0.0
Ethan Thorpe,Team 13,Team 13,LCB,25,100000,2028-12-31,4,378,0,0.0,0,0.0,12.62,60.38,Belgium,Belgium,right,186,88,yes,10.71,5.24,68.18,4.05,52.94,0.24,0.3,1.43,6.9,8.61,1.43,1,0.24,0,0.0,0.48,0.0,0,0.0,0.0,0,0.0,0,0.0,0.0,0.0,0.0,0.0,0.0,0.0,0.0,0.0,0.0,0.0,0.48,100.0,1.9,37.5,0.24,0.95,0.24,20.95,0.0,0.48,35.24,79.05,16.9,63.38,2.38,100.0,11.43,95.83,27.38,93.04,7.86,30.3,25.02,41.93,0.0,0.0,0.0,0.0,0.0,0.0,0.0,7.86,42.42,0.71,0.0,0.24,0.0,0.0,0.0,6.67,64.29,0,,0,,0,0.0,0.0,0.0,,,2.14,,,0.0,0.0,0.0,0.0,0,0.0
Arthur Halston,Team 13,Team 13,"CF, AMF, LW",36,100000,2026-12-31,9,333,0,0.2,0,0.0,19.46,26.39,Netherlands,Netherlands,right,179,75,yes,3.24,2.97,54.55,7.84,17.24,0.0,0.0,0.81,1.62,2.69,1.35,0,0.0,0,0.0,0.54,0.0,0,0.0,0.05,0,0.0,2,0.54,50.0,0.0,0.0,0.0,0.0,0.0,0.0,0.0,0.0,0.0,0.81,33.33,7.03,23.08,0.81,0.27,0.0,7.57,1.62,0.81,11.08,70.73,2.16,50.0,3.78,85.71,1.89,85.71,11.08,70.73,0.0,0.0,12.12,0.0,0.0,0.0,0.0,0.0,0.0,0.0,0.0,0.81,66.67,0.0,0.0,0.0,0.0,0.0,0.0,0.54,50.0,0,,0,,0,0.0,0.0,0.0,,,0.0,,,0.0,0.0,0.0,0.0,0,0.0
Alexander Hensley,Team 13,Team 13,"RW, RDMF, LDMF",26,50000,2027-11-30,6,244,0,0.35,0,0.01,7.75,47.62,Chile,"Chile, France",right,180,74,yes,6.27,5.9,50.0,0.74,100.0,0.0,0.0,0.37,3.32,5.63,0.37,0,0.0,0,0.0,0.37,0.0,0,0.0,0.13,0,0.0,3,1.11,0.0,0.0,0.0,1.11,33.33,0.37,0.0,0.74,50.0,0.0,0.0,0.0,1.11,0.0,1.11,0.0,0.0,16.23,0.37,0.0,22.87,79.03,7.01,68.42,3.32,88.89,7.75,80.95,21.39,82.76,0.37,0.0,13.56,7.93,0.0,0.37,0.0,0.0,0.0,0.0,0.0,1.84,60.0,1.84,40.0,0.0,0.0,0.37,0.37,3.69,70.0,0,,0,,0,0.0,0.0,0.0,,,0.37,,,0.37,0.37,0.0,0.0,0,0.0
Julian Winslow,Team 13,Team 13,RCB,27,50000,2026-11-30,8,820,0,0.22,0,0.35,7.57,63.77,Denmark,Denmark,right,184,84,yes,6.91,3.51,62.5,1.87,64.71,0.0,0.0,0.66,4.72,6.42,1.1,0,0.0,0,0.0,0.88,0.0,0,0.0,0.02,0,0.0,1,0.11,0.0,0.0,0.0,0.55,40.0,0.0,0.0,0.55,40.0,0.0,0.88,75.0,1.76,68.75,0.44,0.66,0.0,21.95,0.11,0.55,31.94,84.19,14.6,75.94,1.21,90.91,14.27,92.31,25.02,91.67,6.37,58.62,26.02,47.17,0.04,0.11,0.11,0.11,0.0,0.0,0.11,7.68,72.86,1.21,27.27,0.22,50.0,0.22,0.22,8.12,79.73,0,,0,,0,0.0,0.0,0.0,,,0.88,,,0.11,0.0,0.0,0.0,0,0.0
Ethan Carrington,Team 13,Team 13,CF,23,10000,2027-12-31,7,378,1,1.35,0,0.04,22.38,43.62,Serbia,Serbia,right,180,82,yes,3.57,2.62,63.64,13.1,47.27,0.48,0.74,0.0,1.43,2.22,0.95,2,0.48,0,0.0,0.48,0.24,0,0.0,0.32,0,0.0,4,0.95,50.0,25.0,0.0,0.24,0.0,0.24,0.0,0.0,0.0,0.0,0.24,0.0,5.0,28.57,2.38,0.71,0.24,7.62,1.19,1.19,11.9,74.0,1.9,62.5,3.1,76.92,2.38,90.0,11.43,77.08,0.24,0.0,15.31,7.7,0.01,0.48,0.0,0.0,0.0,0.0,0.0,0.95,100.0,0.24,100.0,0.24,0.0,0.48,0.0,0.71,33.33,0,,0,,0,0.0,0.0,0.0,,,0.24,,,0.0,0.0,0.0,0.0,1,100.0
Aaron Radcliffe,Team 13,Team 13,LCB,22,500000,2027-04-30,1,6,0,0.0,0,0.0,,,Slovakia,"Slovakia, Portugal",right,186,77,yes,,,,,,,0.0,,,0.0,,0,,0,,,,0,,,0,,0,,,0.0,,,,,,,,,,,,,,,,,,,,,,,,,,,,,,,16.03,0.0,,,,,,,,,,,,,,,,,,0,,0,,0,0.0,0.0,,,,,,,,,,,0,0.0
Jonas Stafford,Team 13,Team 13,CF,21,350000,2027-06-30,1,37,0,0.0,0,0.0,,,United States,"United States, Portugal",right,182,77,yes,,,,,,,0.0,,,0.0,,0,,0,,,,0,,,0,,0,,,0.0,,,,,,,,,,,,,,,,,,,,,,,,,,,,,,,11.41,0.0,,,,,,,,,,,,,,,,,,0,,0,,0,0.0,0.0,,,,,,,,,,,0,0.0
Liam Redmond,Team 13,Team 13,"RW, RAMF, LW",27,350000,2026-11-30,5,108,0,0.07,0,0.03,17.5,42.86,Czech Republic,Czech Republic,right,168,70,yes,3.33,4.17,40.0,0.83,0.0,0.0,0.0,0.0,1.67,3.75,3.33,2,1.67,0,0.0,7.5,0.0,0,0.0,0.06,0,0.0,3,2.5,0.0,0.0,0.0,5.83,42.86,0.83,0.0,5.0,50.0,1.67,5.83,85.71,10.83,53.85,1.67,2.5,1.67,17.5,0.83,0.83,20.0,70.83,4.17,80.0,4.17,100.0,7.5,55.56,13.33,81.25,2.5,100.0,17.85,16.02,0.02,0.83,0.0,0.0,0.0,0.0,0.0,0.83,100.0,3.33,25.0,0.0,0.0,0.0,0.83,0.83,100.0,0,,0,,0,0.0,0.0,0.0,,,0.0,,,0.0,0.0,0.0,0.0,0,0.0
Colin Mercer,Team 13,Team 13,"RB, RWB",19,250000,,13,892,0,0.62,0,0.78,13.62,48.15,Finland,Finland,right,178,71,yes,8.17,8.17,51.85,1.51,40.0,0.1,0.16,0.1,3.83,6.1,1.92,2,0.2,0,0.0,1.51,0.0,0,0.0,0.06,0,0.0,4,0.4,25.0,0.0,0.0,2.52,40.0,0.0,0.0,2.52,40.0,0.1,0.81,50.0,2.32,43.48,1.01,0.81,0.2,19.27,1.11,0.5,28.15,77.42,11.7,68.97,3.93,97.44,8.07,78.75,22.1,86.3,3.83,44.74,18.71,39.1,0.08,0.61,0.0,0.0,0.0,0.0,0.4,4.04,65.0,2.22,54.55,0.0,0.0,0.3,1.01,5.35,73.58,0,,0,,0,0.0,0.0,0.0,,,0.71,,,0.0,0.0,0.0,0.0,0,0.0
Ruben Waverley,Team 13,Team 13,"RCMF, RB, DMF",20,350000,2027-11-30,7,398,0,0.0,0,0.0,8.37,40.54,Albania,Albania,right,182,72,yes,4.75,4.3,42.11,1.13,20.0,0.23,0.3,0.0,2.71,3.64,1.36,2,0.45,1,0.23,0.45,0.0,0,0.0,0.0,0,0.0,1,0.23,0.0,0.0,0.0,0.9,25.0,0.23,100.0,0.68,0.0,0.23,0.23,100.0,1.81,37.5,0.0,0.23,0.23,16.51,0.23,0.23,26.23,84.48,7.69,67.65,3.17,92.86,11.31,92.0,23.29,92.23,2.04,22.22,19.86,21.4,0.0,0.0,0.23,0.0,0.0,0.0,0.0,2.26,60.0,2.04,44.44,0.0,0.0,0.45,0.23,4.52,65.0,0,,0,,0,0.0,0.0,0.0,,,0.68,,,0.0,0.0,0.0,0.0,0,0.0
Nils Kingsbury,Team 13,Team 13,"RCB, LCB",26,250000,2026-11-30,20,2018,2,3.0,0,0.55,10.57,64.56,Czech Republic,Czech Republic,right,190,89,yes,7.14,3.84,61.63,5.22,68.38,0.0,0.0,0.85,4.77,7.04,1.11,3,0.13,0,0.0,0.36,0.09,2,0.09,0.13,1,0.04,16,0.71,43.75,12.5,0.0,0.13,33.33,0.0,0.0,0.13,33.33,0.0,0.09,0.0,0.22,40.0,1.16,0.36,0.0,23.15,0.22,0.31,37.37,85.32,13.42,71.1,2.5,96.43,19.13,93.71,32.2,91.55,5.08,47.37,23.79,40.3,0.02,0.09,0.04,0.0,0.0,0.0,0.09,3.43,55.84,0.54,33.33,0.31,14.29,0.18,0.04,5.66,60.63,0,,0,,0,0.0,0.0,0.0,,,1.87,,,0.0,0.0,0.0,0.0,0,0.0
Malcolm Vance,Team 13,Team 13,RCB,26,300000,2028-12-31,3,223,0,0.0,0,0.0,12.11,56.67,Wales,Wales,right,185,77,yes,8.88,6.86,64.71,3.23,62.5,0.81,1.07,0.4,3.63,4.82,1.61,1,0.4,0,0.0,0.0,0.0,0,0.0,0.0,0,0.0,0,0.0,0.0,0.0,0.0,0.0,0.0,0.0,0.0,0.0,0.0,0.0,0.0,0.0,0.81,0.0,0.0,0.0,0.0,36.73,1.21,0.4,48.83,81.82,20.99,57.69,1.61,100.0,23.81,100.0,41.17,87.25,7.67,52.63,21.73,34.09,0.0,0.0,0.0,0.0,0.0,0.0,0.0,2.02,60.0,0.0,0.0,0.0,0.0,0.0,0.0,9.69,45.83,0,,0,,0,0.0,0.0,0.0,,,1.21,,,0.0,0.0,0.0,0.0,0,0.0
Jonas Pemberton,Team 13,Team 13,"LWF, LAMF, RW",25,300000,,10,393,2,0.27,1,0.16,22.21,40.21,Ghana,Ghana,right,181,72,yes,6.41,6.41,57.14,2.75,25.0,0.23,0.38,0.0,2.52,4.18,1.83,1,0.23,0,0.0,3.66,0.46,2,0.46,0.06,0,0.0,6,1.37,33.33,33.333,0.23,2.06,33.33,1.15,20.0,0.92,50.0,0.23,6.64,37.93,11.91,36.54,2.52,1.83,0.92,14.66,1.37,0.46,19.69,75.58,2.98,38.46,7.1,90.32,5.73,76.0,16.95,82.43,0.92,50.0,16.73,13.1,0.04,0.46,0.0,0.0,0.0,0.0,0.23,1.37,50.0,1.6,42.86,0.0,0.0,0.23,0.23,2.52,45.45,0,,0,,0,0.0,0.0,0.0,,,0.0,,,0.69,0.23,100.0,0.23,0,0.0
Quinn Waverley,Team 13,Team 13,"AMF, LAMF, LW",30,300000,2026-12-31,15,535,0,0.26,0,0.28,15.98,38.95,Hungary,Hungary,right,166,62,yes,4.04,2.19,61.54,3.2,31.58,0.17,0.29,0.0,2.52,4.29,0.5,0,0.0,0,0.0,3.03,0.0,0,0.0,0.04,0,0.0,8,1.35,12.5,0.0,0.0,2.36,35.71,1.01,50.0,1.18,28.57,0.17,3.87,52.17,9.08,38.89,3.7,1.51,0.34,21.03,2.02,1.51,29.78,85.31,5.89,82.86,6.39,89.47,11.1,84.85,26.41,89.17,1.01,100.0,17.35,7.36,0.05,0.34,0.0,0.0,0.0,0.0,0.34,2.52,93.33,1.85,63.64,0.0,0.0,0.67,0.84,3.36,80.0,0,,0,,0,0.0,0.0,0.0,,,0.0,,,0.17,0.0,0.0,0.17,0,0.0
Callum Barton,Team 13,Team 13,"RW, LAMF, AMF",28,350000,2027-12-31,12,299,0,0.33,0,0.03,22.27,48.65,Senegal,Senegal,right,175,78,yes,10.23,8.73,62.07,6.02,45.0,0.3,0.56,0.0,4.52,8.33,3.01,3,0.9,0,0.0,1.2,0.0,0,0.0,0.1,0,0.0,4,1.2,50.0,0.0,0.0,0.6,0.0,0.3,0.0,0.3,0.0,0.0,0.6,100.0,5.12,29.41,3.31,1.51,0.0,20.47,1.51,1.51,30.4,78.22,6.32,66.67,5.72,84.21,11.44,84.21,28.6,82.11,1.2,25.0,15.57,12.27,0.01,0.3,0.0,0.0,0.3,0.0,0.0,3.01,80.0,1.2,50.0,0.3,0.0,0.9,0.0,3.31,36.36,0,,0,,0,0.0,0.0,0.0,,,0.0,,,0.0,0.0,0.0,0.3,0,0.0
Adrian Kessler,Team 17,Team 17,LDMF,25,3000000,2028-12-31,3,245,1,0.87,0,0.03,13.22,55.56,Morocco,Morocco,right,185,77,yes,7.35,7.35,55.0,2.57,14.29,0.73,1.2,0.37,2.57,4.2,2.2,0,0.0,0,0.0,0.37,0.37,0,0.0,0.32,0,0.0,4,1.47,25.0,25.0,0.0,0.0,0.0,0.0,0.0,0.0,0.0,0.0,0.0,0.0,1.47,100.0,0.73,0.37,0.0,29.76,0.0,1.1,39.31,89.72,11.39,74.19,5.14,100.0,19.47,98.11,37.1,91.09,2.2,66.67,19.01,43.13,0.01,0.73,0.0,0.0,0.0,0.0,0.0,7.35,85.0,0.37,0.0,0.37,0.0,0.0,0.0,6.98,73.68,0,,0,,0,0.0,0.0,0.0,,,0.37,,,0.0,0.0,0.0,0.0,1,100.0
Henry Irvine,Team 17,Team 17,"AMF, LAMF, LW",24,2000000,2027-12-31,14,822,2,1.26,0,0.27,12.59,46.09,Hungary,Hungary,right,176,70,yes,4.27,3.72,50.0,2.3,28.57,0.22,0.34,0.0,2.19,3.43,0.77,5,0.55,0,0.0,1.64,0.22,2,0.22,0.14,0,0.0,19,2.08,26.32,10.526,0.0,1.64,26.67,0.55,40.0,0.99,22.22,0.55,1.53,42.86,5.15,53.19,2.41,1.2,0.11,20.91,1.09,1.75,27.48,82.87,6.24,80.7,5.8,88.68,8.65,83.54,25.18,87.39,0.77,42.86,14.42,19.88,0.03,0.44,0.11,0.0,0.0,0.0,0.55,2.52,86.96,1.97,50.0,0.0,0.0,0.66,0.44,3.39,80.65,0,,0,,0,0.0,0.0,0.0,,,0.0,,,0.11,0.11,0.0,0.99,0,0.0
Fabian Ashford,Team 17,Team 17,CF,26,1200000,2029-06-30,12,617,0,1.56,1,0.67,18.82,28.68,Italy,Italy,right,180,74,yes,2.63,2.92,55.0,6.71,21.74,0.0,0.0,0.15,1.02,1.58,0.58,1,0.15,0,0.0,0.73,0.0,0,0.0,0.23,0,0.0,9,1.31,33.33,0.0,0.15,0.15,0.0,0.0,0.0,0.15,0.0,0.0,0.44,33.33,6.71,26.09,2.48,0.44,0.29,9.19,0.73,1.31,15.32,76.19,4.52,54.84,4.67,96.88,3.21,77.27,14.73,78.22,0.44,33.33,13.63,10.39,0.1,0.73,0.0,0.0,0.15,100.0,0.29,1.31,66.67,2.04,42.86,0.0,0.0,1.17,0.0,0.88,83.33,0,,0,,0,0.0,0.0,0.0,,,0.0,,,0.15,0.15,0.0,0.0,0,0.0
Hugo Ellington,Team 17,Team 17,CF,32,1000000,,3,178,0,0.27,0,0.0,17.7,42.86,Portugal,Portugal,right,191,83,yes,2.53,2.02,25.0,8.09,43.75,0.0,0.0,0.51,2.02,2.93,1.52,1,0.51,0,0.0,0.51,0.0,0,0.0,0.13,0,0.0,3,1.52,33.33,0.0,0.0,0.0,0.0,0.0,0.0,0.0,0.0,0.0,0.0,0.0,6.07,41.67,2.02,0.0,0.0,8.09,3.03,1.01,10.11,70.0,0.0,0.0,4.55,100.0,2.02,50.0,10.11,70.0,0.0,0.0,9.97,0.0,0.0,0.0,0.0,0.0,0.0,0.0,0.0,0.0,0.0,0.0,0.0,0.0,0.0,0.0,0.0,0.0,0.0,0,,0,,0,0.0,0.0,0.0,,,0.51,,,0.0,0.0,0.0,0.0,0,0.0
Sebastian Ellington,Team 17,Team 17,"AMF, LDMF, LCMF",29,900000,2026-12-31,12,507,2,1.16,0,0.74,13.67,36.36,Ghana,Ghana,right,172,69,yes,2.66,3.55,25.0,1.6,22.22,0.0,0.0,0.0,1.78,2.8,1.42,0,0.0,0,0.0,2.84,0.36,2,0.36,0.21,0,0.0,8,1.42,50.0,25.0,0.0,2.31,38.46,0.71,50.0,1.6,33.33,0.53,1.42,62.5,6.57,45.95,1.6,2.31,0.0,27.34,1.07,1.07,36.21,85.29,12.43,77.14,5.86,100.0,12.96,86.3,30.71,89.6,3.37,73.68,17.25,29.01,0.13,1.07,0.18,0.0,0.71,50.0,0.36,5.68,87.5,4.44,60.0,0.53,33.33,2.13,0.89,5.86,81.82,0,,0,,0,0.0,0.0,0.0,,,0.0,,,0.89,0.0,0.0,1.95,0,0.0
Lars Mercer,Team 17,Team 17,"LCB, CB",33,900000,2026-12-31,16,1580,0,1.65,0,0.0,11.68,60.0,Colombia,"Colombia, Germany",right,194,85,yes,6.84,3.7,61.54,5.92,59.62,0.0,0.0,0.68,4.56,7.06,0.74,0,0.0,0,0.0,0.51,0.0,0,0.0,0.09,0,0.0,11,0.63,36.36,0.0,0.0,0.0,0.0,0.0,0.0,0.0,0.0,0.0,0.28,100.0,0.91,68.75,0.68,0.34,0.0,21.59,0.11,0.23,36.28,85.24,14.87,70.5,1.25,95.45,16.8,96.27,31.1,90.11,5.18,56.04,22.27,40.26,0.0,0.06,0.0,0.06,0.0,0.0,0.0,4.1,62.5,0.17,0.0,0.0,0.0,0.0,0.0,6.78,63.03,0,,0,,0,0.0,0.0,0.0,,,0.97,,,0.0,0.0,0.0,0.0,0,0.0
Cillian Oakley,Team 17,Team 17,"AMF, CF",35,800000,2026-12-31,8,421,2,1.09,0,0.63,7.05,54.55,Serbia,Serbia,right,177,75,yes,2.57,1.28,50.0,0.86,100.0,0.0,0.0,0.21,1.92,3.18,0.43,1,0.21,0,0.0,2.78,0.43,2,0.43,0.23,0,0.0,14,2.99,50.0,14.286,0.0,1.71,62.5,1.07,40.0,0.64,100.0,0.0,0.43,50.0,3.85,55.56,2.57,0.86,0.0,29.93,0.64,1.5,36.98,82.08,10.69,72.0,6.2,93.1,13.9,87.69,34.63,83.33,1.07,60.0,15.82,22.25,0.13,1.71,0.21,0.0,0.0,0.0,0.21,4.92,78.26,3.42,62.5,0.0,0.0,0.86,0.86,5.56,80.77,0,,0,,0,0.0,0.0,0.0,,,0.0,,,1.5,0.64,0.0,2.57,0,0.0
Liam Ravensdale,Team 17,Team 17,"RCB, LCB",31,800000,2026-12-31,19,1915,0,0.85,0,0.07,9.16,51.79,France,France,right,184,82,yes,6.16,3.99,47.06,3.57,52.63,0.05,0.07,0.8,4.23,6.32,1.55,6,0.28,0,0.0,0.33,0.0,0,0.0,0.04,0,0.0,10,0.47,30.0,0.0,0.0,0.19,50.0,0.14,33.33,0.0,0.0,0.0,0.09,100.0,0.75,56.25,0.56,1.13,0.05,29.0,0.47,0.42,40.28,89.61,14.76,77.71,2.02,100.0,18.8,98.0,35.72,94.74,4.37,49.46,20.99,40.39,0.0,0.05,0.0,0.0,0.0,0.0,0.05,4.89,66.35,0.33,42.86,0.09,0.0,0.09,0.09,5.12,70.64,0,,0,,0,0.0,0.0,0.0,,,1.69,,,0.0,0.0,0.0,0.0,0,0.0
Oliver Sinclair,Team 17,Team 17,"RB, RWB",31,500000,2026-12-31,11,782,0,0.56,1,0.95,16.92,60.54,Spain,Spain,right,168,70,yes,8.98,7.83,72.06,3.57,48.39,0.0,0.0,0.12,3.34,5.18,1.38,2,0.23,0,0.0,2.53,0.0,0,0.0,0.06,0,0.0,9,1.04,33.33,0.0,0.12,3.91,20.59,0.46,50.0,3.45,16.67,0.58,1.84,75.0,3.57,64.52,1.15,1.15,0.58,24.17,1.5,0.81,34.18,75.08,12.2,66.04,7.25,92.06,9.78,74.12,26.13,87.67,4.26,48.65,21.06,35.99,0.11,1.15,0.0,0.0,0.12,0.0,0.23,3.57,64.52,4.14,36.11,0.12,0.0,0.69,1.15,6.91,65.0,0,,0,,0,0.0,0.0,0.0,,,0.69,,,0.69,0.0,0.0,1.73,0,0.0
Kasper Ingram,Team 17,Team 17,RCB,24,300000,2027-12-31,1,48,0,0.0,0,0.0,16.88,44.44,Albania,Albania,right,190,79,yes,7.5,7.5,50.0,5.63,66.67,0.0,0.0,1.88,3.75,4.62,1.88,0,0.0,0,0.0,0.0,0.0,0,0.0,0.01,0,0.0,1,1.88,0.0,0.0,0.0,0.0,0.0,0.0,0.0,0.0,0.0,0.0,0.0,0.0,3.75,0.0,0.0,0.0,0.0,41.25,0.0,0.0,48.75,88.46,9.38,60.0,1.88,100.0,35.63,94.74,45.0,95.83,3.75,0.0,25.16,47.21,0.0,0.0,0.0,0.0,0.0,0.0,0.0,5.63,66.67,0.0,0.0,0.0,0.0,0.0,0.0,5.63,33.33,0,,0,,0,0.0,0.0,0.0,,,1.88,,,0.0,0.0,0.0,0.0,0,0.0
Arthur Irvine,Team 17,Team 17,"AMF, LCMF",34,300000,2027-12-31,3,214,0,0.15,0,0.12,15.14,47.22,Croatia,Croatia,left,183,79,yes,7.57,4.21,80.0,4.21,30.0,0.0,0.0,0.0,4.21,5.45,0.42,1,0.42,0,0.0,1.26,0.0,0,0.0,0.06,0,0.0,1,0.42,0.0,0.0,0.0,3.79,0.0,2.52,0.0,1.26,0.0,1.68,2.52,50.0,6.73,37.5,2.1,1.68,0.0,29.86,2.52,0.42,40.37,70.83,15.56,62.16,4.63,90.91,14.3,73.53,32.8,83.33,3.79,33.33,17.57,29.96,0.05,0.42,0.0,0.0,0.0,0.0,0.0,8.83,66.67,3.79,0.0,0.0,0.0,0.84,0.0,7.15,70.59,0,,0,,0,0.0,0.0,0.0,,,0.0,,,0.42,0.0,0.0,2.52,0,0.0
Quinn Winslow,Team 17,Team 17,"RCMF, LDMF, LCMF",34,300000,2026-12-31,11,605,0,0.06,0,0.01,10.26,53.62,Ghana,Ghana,right,174,74,yes,5.65,5.95,42.5,1.34,66.67,0.45,0.64,0.45,2.68,3.86,1.49,1,0.15,0,0.0,0.6,0.0,0,0.0,0.01,0,0.0,2,0.3,0.0,0.0,0.0,0.45,66.67,0.0,0.0,0.45,66.67,0.0,0.3,100.0,1.64,81.82,0.15,1.49,0.0,28.12,0.3,1.64,42.55,89.16,13.98,72.34,3.42,100.0,19.93,97.76,38.08,93.75,4.02,48.15,21.2,29.85,0.0,0.15,0.0,0.0,0.0,0.0,0.0,6.84,78.26,1.04,57.14,0.0,0.0,0.15,0.3,5.21,77.14,0,,0,,0,0.0,0.0,0.0,,,0.45,,,0.0,0.0,0.0,0.0,0,0.0
Leon Prescott,Team 17,Team 17,GK,35,250000,2026-12-31,15,1510,0,0.0,0,0.0,0.6,90.0,Hungary,Hungary,right,186,83,yes,0.66,0.12,100.0,0.36,83.33,0.06,0.09,0.0,0.48,0.7,0.0,1,0.06,0,0.0,0.0,0.0,0,0.0,0.0,0,0.0,0,0.0,0.0,0.0,0.0,0.0,0.0,0.0,0.0,0.0,0.0,0.0,0.0,0.0,0.06,100.0,0.0,0.0,0.0,7.75,0.06,0.36,13.65,82.1,6.97,65.81,0.0,0.0,6.26,99.05,8.82,98.65,4.83,51.85,34.39,52.36,0.0,0.0,0.0,0.0,0.0,0.0,0.0,1.97,39.39,0.12,0.0,0.06,0.0,0.0,0.0,3.28,70.91,16,0.95,55,3.28,4,70.91,16.22,0.97,0.22,0.013,0.0,1.13,0.36,,,,0.0,0,0.0
Lars Hayward,Team 17,Team 17,RCB,37,200000,2026-12-31,3,102,0,0.0,0,0.0,15.88,66.67,Austria,"Austria, Italy",right,190,84,yes,8.82,7.06,62.5,7.06,87.5,0.88,1.67,0.0,3.53,6.67,2.65,0,0.0,0,0.0,0.0,0.0,0,0.0,0.0,0,0.0,0,0.0,0.0,0.0,0.0,0.0,0.0,0.0,0.0,0.0,0.0,0.0,0.0,0.0,0.0,0.0,0.0,0.0,0.0,26.47,0.0,0.88,36.18,97.56,12.35,92.86,0.88,100.0,20.29,100.0,35.29,97.5,0.88,100.0,19.01,14.74,0.0,0.0,0.0,0.0,0.0,0.0,0.0,5.29,100.0,0.0,0.0,0.0,0.0,0.0,0.0,7.94,100.0,0,,0,,0,0.0,0.0,0.0,,,0.0,,,0.0,0.0,0.0,0.0,0,0.0
Rowan Harrington,Team 17,Team 17,LB,31,200000,2026-12-31,2,156,0,0.35,0,0.12,6.35,45.45,Sweden,Sweden,left,173,69,yes,5.19,2.88,40.0,1.15,50.0,0.0,0.0,1.15,4.04,6.0,0.58,0,0.0,0,0.0,1.73,0.0,0,0.0,0.2,0,0.0,3,1.73,33.33,0.0,0.0,2.31,25.0,2.31,25.0,0.0,0.0,0.0,1.15,50.0,1.73,33.33,0.58,1.15,0.0,32.88,0.0,0.0,40.38,75.71,15.0,69.23,2.88,100.0,15.58,85.19,35.19,81.97,3.46,33.33,19.85,44.5,0.07,1.73,0.0,0.0,0.0,0.0,0.0,7.5,84.62,1.73,33.33,0.0,0.0,0.58,0.58,10.96,63.16,0,,0,,0,0.0,0.0,0.0,,,0.58,,,1.15,1.15,50.0,2.88,0,0.0
Maxim Montague,Team 17,Team 17,"RB, LW, LCMF",30,50000,2027-12-31,13,1232,1,1.72,0,0.64,18.34,47.41,Chile,Chile,right,175,74,yes,7.16,5.41,60.81,2.63,30.56,0.37,0.52,0.0,3.51,4.97,1.46,5,0.37,0,0.0,2.7,0.07,1,0.07,0.13,0,0.0,25,1.83,28.0,4.0,0.0,1.83,24.0,0.73,10.0,1.02,28.57,0.22,3.14,53.49,8.69,42.86,1.46,1.68,0.15,21.62,0.88,1.9,29.66,81.03,8.25,69.91,5.99,96.34,10.08,79.71,26.52,86.23,1.39,52.63,17.09,21.72,0.05,0.44,0.07,0.0,0.15,50.0,0.29,3.73,72.55,2.19,26.67,0.07,100.0,0.07,0.51,4.89,64.18,0,,0,,0,0.0,0.0,0.0,,,0.07,,,0.51,0.07,100.0,0.58,0,0.0
Theo Mercer,Team 17,Team 17,CF,20,1100000,,2,102,0,0.0,0,0.02,22.06,20.0,Finland,Finland,right,182,80,yes,0.0,2.65,0.0,7.06,0.0,0.0,0.0,0.0,0.0,0.0,0.88,0,0.0,0,0.0,0.88,0.0,0,0.0,0.0,0,0.0,0,0.0,0.0,0.0,0.0,0.88,0.0,0.88,0.0,0.0,0.0,0.0,0.88,100.0,7.06,50.0,1.76,0.0,0.0,5.29,0.0,1.76,11.47,69.23,3.53,75.0,3.53,75.0,1.76,0.0,10.59,75.0,0.0,0.0,11.33,0.0,0.02,0.88,0.0,0.0,0.0,0.0,0.0,1.76,0.0,0.88,100.0,0.0,0.0,0.88,0.0,0.0,0.0,0,,0,,0,0.0,0.0,0.0,,,0.0,,,0.0,0.0,0.0,0.0,0,0.0
Noah Stansfield,Team 17,Team 17,"LAMF, RAMF, LWF",21,800000,2028-12-31,3,140,0,0.08,0,0.02,17.36,55.56,Colombia,Colombia,right,179,70,yes,8.36,8.36,61.54,1.93,33.33,0.0,0.0,0.0,3.21,5.36,2.57,0,0.0,0,0.0,0.64,0.0,0,0.0,0.05,0,0.0,1,0.64,0.0,0.0,0.0,0.0,0.0,0.0,0.0,0.0,0.0,0.0,0.64,100.0,5.14,62.5,1.29,1.29,0.0,12.21,0.64,1.93,19.29,76.67,3.86,16.67,5.79,100.0,5.14,100.0,17.36,85.19,1.93,0.0,19.4,31.18,0.01,0.64,0.0,0.0,0.0,0.0,0.0,1.29,50.0,1.29,0.0,0.64,0.0,0.0,0.0,3.21,40.0,0,,0,,0,0.0,0.0,0.0,,,0.0,,,0.0,0.0,0.0,0.64,0,0.0
Xavier Beaumont,Team 17,Team 17,RCB,20,500000,,1,79,0,0.0,0,0.0,13.67,50.0,Chile,Chile,right,194,85,yes,7.97,7.97,57.14,3.42,33.33,0.0,0.0,1.14,3.42,4.09,3.42,0,0.0,0,0.0,0.0,0.0,0,0.0,0.0,0,0.0,0,0.0,0.0,0.0,0.0,0.0,0.0,0.0,0.0,0.0,0.0,0.0,0.0,0.0,0.0,0.0,0.0,0.0,0.0,17.09,0.0,1.14,37.59,66.67,15.95,28.57,5.7,100.0,12.53,90.91,30.76,77.78,6.84,16.67,23.65,41.19,0.0,0.0,0.0,0.0,0.0,0.0,0.0,5.7,0.0,0.0,0.0,0.0,0.0,0.0,0.0,6.84,33.33,0,,0,,0,0.0,0.0,0.0,,,5.7,,,0.0,0.0,0.0,0.0,0,0.0
Ruben Ravensdale,Team 17,Team 17,"LCMF, RDMF, RCMF",20,650000,2028-12-31,15,1222,2,0.37,1,0.36,13.55,51.63,Spain,"Spain, Germany",right,181,77,yes,5.23,5.6,52.63,3.09,50.0,0.0,0.0,0.29,2.28,3.42,2.28,2,0.15,0,0.0,0.74,0.15,2,0.15,0.03,0,0.0,11,0.81,27.27,18.182,0.07,0.22,33.33,0.07,100.0,0.15,0.0,0.0,0.74,50.0,2.87,51.28,0.29,1.03,0.07,18.12,0.07,0.88,28.65,80.46,9.13,62.1,3.39,86.96,12.0,91.41,24.75,84.23,3.76,58.82,18.71,31.34,0.03,0.44,0.07,0.07,0.15,50.0,0.29,5.23,63.38,1.1,66.67,0.52,57.14,0.74,0.0,4.64,73.02,0,,0,,0,0.0,0.0,0.0,,,0.15,,,0.22,0.0,0.0,0.0,0,0.0
Matthias Winslow,Team 17,Team 17,"LAMF, CF, LW",21,800000,2027-12-31,10,440,0,1.19,2,1.06,19.84,45.36,Belgium,Belgium,right,176,67,yes,3.68,4.5,63.64,2.45,8.33,0.0,0.0,0.0,0.82,1.03,1.02,0,0.0,0,0.0,3.27,0.0,0,0.0,0.24,0,0.0,8,1.64,25.0,0.0,0.41,0.61,66.67,0.2,100.0,0.2,0.0,0.2,3.48,70.59,10.02,51.02,4.09,2.45,0.0,11.05,1.84,2.25,12.07,66.1,4.09,60.0,1.84,88.89,4.09,60.0,11.05,66.67,0.41,50.0,15.64,7.07,0.22,0.61,0.0,0.0,0.0,0.0,0.61,0.82,50.0,1.02,60.0,0.0,0.0,0.82,0.41,1.23,50.0,0,,0,,0,0.0,0.0,0.0,,,0.0,,,0.0,0.0,0.0,0.0,0,0.0
Maxim Kessler,Team 17,Team 17,"RWB, RB, RCMF",20,550000,,10,293,1,0.16,1,0.32,17.51,45.61,England,"England, Spain",right,173,70,yes,7.68,7.37,41.67,1.54,20.0,0.31,0.55,0.0,4.3,7.64,2.46,2,0.61,0,0.0,4.61,0.31,1,0.31,0.05,0,0.0,5,1.54,80.0,20.0,0.31,5.53,27.78,0.31,0.0,5.22,29.41,0.92,3.07,60.0,5.84,63.16,1.23,0.92,0.0,13.82,1.23,2.15,19.97,70.77,3.69,75.0,3.38,100.0,8.29,55.56,12.9,90.48,2.15,57.14,22.9,19.19,0.1,1.23,0.0,0.0,0.0,0.0,0.31,1.84,66.67,4.61,33.33,0.0,0.0,0.61,1.54,3.99,76.92,0,,0,,0,0.0,0.0,0.0,,,0.0,,,0.0,0.0,0.0,0.31,0,0.0
Bastien Stansfield,Team 17,Team 17,"RAMF, RWF, RW",20,650000,2028-12-31,18,1415,4,3.17,1,2.76,16.28,42.97,Ireland,Ireland,right,175,69,yes,4.01,3.43,61.11,1.72,18.52,0.0,0.0,0.06,1.91,3.04,0.64,1,0.06,0,0.0,4.01,0.25,4,0.25,0.2,0,0.0,38,2.42,31.58,10.526,0.06,2.35,35.14,0.25,50.0,2.1,33.33,0.45,4.2,57.58,9.86,42.58,2.42,1.72,0.25,16.41,0.45,1.08,22.58,70.99,7.0,64.55,4.58,87.5,7.12,71.43,18.25,78.05,2.04,50.0,18.55,26.43,0.18,1.14,0.0,0.0,0.0,0.0,0.25,3.88,55.74,3.05,50.0,0.38,33.33,0.83,1.08,4.33,75.0,0,,0,,0,0.0,0.0,0.0,,,0.06,,,1.21,0.32,20.0,2.16,0,0.0
Soren Kren,Team 17,Team 17,LCB,20,550000,,1,97,0,0.0,0,0.0,17.63,63.16,Denmark,Denmark,left,185,80,yes,12.99,7.42,62.5,5.57,66.67,0.0,0.0,0.0,8.35,19.29,0.93,0,0.0,0,0.0,0.0,0.0,0,0.0,0.0,0,0.0,0,0.0,0.0,0.0,0.0,0.93,0.0,0.93,0.0,0.0,0.0,0.0,0.0,0.0,0.93,0.0,0.0,0.0,0.0,1.86,0.0,0.93,17.63,42.11,8.35,33.33,3.71,100.0,4.64,20.0,12.99,50.0,3.71,25.0,19.34,31.08,0.0,0.0,0.0,0.0,0.0,0.0,0.0,2.78,33.33,1.86,50.0,0.0,0.0,0.93,0.93,5.57,16.67,0,,0,,0,0.0,0.0,0.0,,,0.93,,,0.0,0.0,0.0,0.0,0,0.0
Tristan Vance,Team 17,Team 17,"LAMF, LW, RW",24,450000,2027-06-30,2,142,1,0.48,1,0.42,13.31,52.38,Cameroon,Cameroon,right,170,68,yes,2.54,3.8,50.0,1.9,66.67,0.0,0.0,0.0,0.63,0.91,0.63,0,0.0,0,0.0,4.44,0.63,1,0.63,0.3,0,0.0,5,3.17,40.0,20.0,0.63,3.8,50.0,1.27,50.0,2.54,50.0,0.0,2.54,50.0,6.34,60.0,2.54,0.63,0.0,20.92,2.54,1.27,24.08,78.95,5.07,75.0,6.34,100.0,5.07,62.5,19.65,83.87,1.27,100.0,15.03,17.36,0.27,1.27,0.0,0.0,0.0,0.0,1.27,2.54,100.0,2.54,50.0,0.0,0.0,0.63,1.27,4.44,85.71,0,,0,,0,0.0,0.0,0.0,,,0.0,,,0.0,0.0,0.0,0.0,0,0.0
Ruben Hawthorne,Team 17,Team 17,"RCB, LDMF",22,350000,2027-12-31,18,1412,2,0.68,1,0.52,11.73,55.43,France,"France, Spain",right,186,78,yes,7.58,5.04,60.76,3.06,47.92,0.13,0.19,0.57,4.4,6.53,1.47,3,0.19,0,0.0,0.64,0.13,2,0.13,0.04,2,0.13,7,0.45,28.57,28.571,0.06,0.51,62.5,0.13,50.0,0.38,66.67,0.0,0.19,100.0,1.98,41.94,0.57,0.89,0.0,23.2,0.45,1.21,33.21,87.72,12.81,80.6,3.19,94.0,13.45,93.84,29.26,92.16,3.44,53.7,19.33,33.36,0.03,0.57,0.0,0.0,0.0,0.0,0.19,5.74,76.67,0.76,41.67,0.06,100.0,0.32,0.38,5.86,78.26,0,,0,,0,0.0,0.0,0.0,,,0.7,,,0.0,0.0,0.0,0.0,0,0.0
Hugo Oakley,Team 17,Team 17,CF,23,650000,2027-12-31,11,782,0,1.75,1,0.92,21.87,38.42,Ukraine,Ukraine,right,180,73,yes,4.03,4.37,52.63,8.06,31.43,0.12,0.2,0.35,1.61,2.84,1.61,2,0.23,0,0.0,1.15,0.0,0,0.0,0.2,0,0.0,16,1.84,31.25,0.0,0.12,0.69,33.33,0.35,0.0,0.35,66.67,0.12,0.69,50.0,6.21,50.0,4.49,0.92,0.23,8.98,1.5,1.61,15.54,71.11,2.07,33.33,5.98,86.54,3.22,67.86,14.16,73.98,0.81,57.14,11.35,21.27,0.11,0.81,0.0,0.0,0.0,0.0,0.46,0.69,16.67,0.81,28.57,0.0,0.0,0.69,0.12,1.15,50.0,0,,0,,0,0.0,0.0,0.0,,,0.23,,,0.0,0.0,0.0,0.0,0,0.0
Dara Callow,Team 17,Team 17,"LB, LWB",30,550000,2026-11-30,15,1020,1,1.93,0,1.58,14.12,55.63,Paraguay,Paraguay,left,178,73,yes,7.15,5.38,62.3,4.24,52.08,0.18,0.26,0.18,3.62,5.3,1.41,2,0.18,1,0.09,1.68,0.09,1,0.09,0.17,0,0.0,10,0.88,20.0,10.0,0.0,2.12,54.17,2.12,54.17,0.0,0.0,0.09,0.79,33.33,3.18,47.22,1.5,1.32,0.26,22.06,1.32,0.88,30.62,73.78,15.53,64.77,3.71,95.24,7.85,78.65,23.74,80.67,4.94,46.43,18.73,34.89,0.14,0.97,0.0,0.0,0.09,100.0,0.44,5.12,65.52,1.85,61.9,0.26,33.33,0.35,1.06,8.47,69.79,0,,0,,0,0.0,0.0,0.0,,,0.18,,,0.0,0.0,0.0,0.09,0,0.0
Finnegan Ashford,Team 17,Team 17,"RDMF, RCMF",29,600000,2026-12-31,3,201,0,0.02,0,0.0,12.54,42.86,Chile,"Chile, Germany",right,178,70,yes,7.16,7.16,50.0,0.45,0.0,1.34,1.88,0.0,2.24,3.13,1.79,0,0.0,0,0.0,0.9,0.0,0,0.0,0.01,0,0.0,5,2.24,20.0,0.0,0.0,2.24,0.0,0.0,0.0,2.24,0.0,0.0,0.45,100.0,3.58,25.0,0.0,0.45,0.0,30.45,0.45,0.45,43.88,81.63,16.57,72.97,4.48,90.0,16.57,89.19,39.4,88.64,2.24,40.0,18.21,25.83,0.0,0.0,0.0,0.0,0.0,0.0,0.0,6.27,78.57,1.34,0.0,0.0,0.0,0.0,0.0,7.16,68.75,0,,0,,0,0.0,0.0,0.0,,,0.0,,,0.0,0.0,0.0,0.0,0,0.0
Magnus Sinclair,Team 17,Team 17,"LCMF, LB, LWB",19,700000,,4,114,0,0.19,0,0.0,18.16,43.48,Denmark,Denmark,left,180,77,yes,4.74,4.74,16.67,9.47,41.67,0.79,1.67,0.79,3.16,6.67,0.79,0,0.0,0,0.0,0.79,0.0,0,0.0,0.15,0,0.0,1,0.79,0.0,0.0,0.0,1.58,50.0,1.58,50.0,0.0,0.0,0.0,0.0,0.0,3.16,75.0,1.58,0.0,0.0,11.84,1.58,1.58,18.95,50.0,8.68,27.27,3.16,75.0,3.95,60.0,15.0,57.89,2.37,0.0,17.19,15.44,0.0,0.0,0.79,0.0,0.0,0.0,0.0,3.16,25.0,1.58,50.0,0.0,0.0,0.0,0.79,2.37,66.67,0,,0,,0,0.0,0.0,0.0,,,0.0,,,0.0,0.0,0.0,0.0,0,0.0
Oliver Winterbottom,Team 17,Team 17,"LWF, LWB",20,650000,2027-12-31,2,42,0,0.01,0,0.0,,,Colombia,Colombia,right,182,76,yes,,,,,,,0.0,,,0.0,,0,,0,,,,0,,,0,,2,,,0.0,,,,,,,,,,,,,,,,,,,,,,,,,,,,,,,18.09,0.0,,,,,,,,,,,,,,,,,,0,,0,,0,0.0,0.0,,,,,,,,,,,0,0.0
Magnus Vanderveer,Team 17,Team 17,"LWF, AMF, RW",28,650000,2027-06-30,10,541,0,0.92,1,0.24,17.13,47.57,Croatia,Croatia,right,164,58,yes,3.99,3.99,54.17,2.16,30.77,0.17,0.25,0.0,1.66,2.52,0.5,0,0.0,0,0.0,3.16,0.0,0,0.0,0.15,0,0.0,10,1.66,30.0,0.0,0.17,2.66,31.25,1.16,42.86,1.5,22.22,0.33,2.16,76.92,8.98,44.44,2.5,1.16,0.17,14.81,2.66,2.66,22.29,71.64,4.66,67.86,6.49,94.87,7.49,62.22,17.47,82.86,2.16,30.77,15.77,20.42,0.04,0.67,0.0,0.0,0.17,100.0,0.5,2.33,78.57,2.16,53.85,0.17,100.0,0.67,0.67,3.49,57.14,0,,0,,0,0.0,0.0,0.0,,,0.17,,,0.0,0.0,0.0,0.0,0,0.0
Caleb Carrington,Team 40,Team 40,CF,32,900000,2026-11-30,13,965,2,5.23,0,1.21,20.42,30.14,France,France,left,182,93,yes,3.08,2.7,44.83,4.38,23.4,0.28,0.37,0.09,1.59,2.1,2.05,3,0.28,0,0.0,2.8,0.19,1,0.09,0.49,1,0.09,22,2.05,40.91,9.091,0.0,1.49,43.75,0.37,25.0,1.03,54.55,0.19,3.17,41.18,10.45,29.46,4.1,1.68,0.47,12.59,2.42,1.31,19.12,78.05,3.82,70.73,7.09,93.42,4.66,78.0,16.23,81.61,1.59,64.71,17.32,32.43,0.11,0.56,0.09,0.0,0.0,0.0,0.37,1.31,64.29,1.49,56.25,0.19,50.0,0.84,0.65,2.52,66.67,0,,0,,0,0.0,0.0,0.0,,,0.0,,,0.0,0.0,0.0,0.0,2,50.0
Owen Crestwood,Team 40,Team 40,RB,27,800000,2026-11-30,8,596,0,0.0,1,0.57,8.0,52.83,Slovenia,Slovenia,right,180,69,yes,6.8,4.53,66.67,0.3,0.0,0.0,0.0,0.3,3.78,4.9,0.15,1,0.15,0,0.0,1.96,0.0,0,0.0,0.0,0,0.0,0,0.0,0.0,0.0,0.15,3.32,40.91,0.0,0.0,3.32,40.91,0.15,1.06,57.14,2.27,33.33,0.3,0.91,0.15,34.13,1.36,0.15,43.79,84.48,18.72,79.84,6.19,100.0,12.84,84.71,37.0,91.43,3.93,53.85,16.98,32.38,0.09,0.91,0.0,0.0,0.0,0.0,0.76,6.34,83.33,2.72,33.33,0.0,0.0,0.15,0.91,9.51,73.02,0,,0,,0,0.0,0.0,0.0,,,0.3,,,0.0,0.0,0.0,0.0,0,0.0
Matthias Pemberton,Team 40,Team 40,"LCMF, CF",30,750000,2026-11-30,13,785,0,0.38,1,1.31,14.68,50.0,Ukraine,Ukraine,right,175,68,yes,6.19,5.62,40.82,1.72,46.67,0.34,0.42,0.11,3.55,4.33,1.72,3,0.34,0,0.0,1.15,0.0,0,0.0,0.04,0,0.0,17,1.95,11.76,0.0,0.11,1.49,23.08,1.03,11.11,0.46,50.0,0.23,1.15,50.0,6.08,62.26,0.11,1.03,0.34,21.78,0.46,2.87,30.5,81.58,7.68,65.67,5.62,97.96,11.58,85.15,26.71,87.55,2.41,47.62,18.82,27.93,0.15,1.15,0.23,0.0,0.23,0.0,0.34,3.32,62.07,2.06,44.44,0.23,0.0,0.69,0.57,4.47,66.67,0,,0,,0,0.0,0.0,0.0,,,0.34,,,1.26,0.46,25.0,1.95,0,0.0
Leon Sinclair,Team 40,Team 40,"RW, RAMF",28,700000,2026-11-30,2,89,0,0.43,0,0.0,16.18,43.75,France,France,right,168,65,yes,1.01,2.02,50.0,6.07,50.0,0.0,0.0,0.0,0.0,0.0,1.01,0,0.0,0,0.0,3.03,0.0,0,0.0,0.44,0,0.0,4,4.04,25.0,0.0,0.0,4.04,25.0,0.0,0.0,4.04,25.0,0.0,4.04,25.0,8.09,37.5,3.03,1.01,0.0,18.2,2.02,2.02,27.3,62.96,9.1,55.56,2.02,100.0,10.11,70.0,23.26,69.57,0.0,0.0,14.92,0.0,0.0,0.0,0.0,0.0,0.0,0.0,0.0,2.02,50.0,1.01,0.0,0.0,0.0,0.0,1.01,4.04,25.0,0,,0,,0,0.0,0.0,0.0,,,0.0,,,0.0,0.0,0.0,0.0,0,0.0
Hugo Kitteridge,Team 40,Team 40,LCB,26,650000,2026-12-31,13,1213,1,0.52,0,0.0,6.83,59.78,Georgia,Georgia,right,187,74,yes,7.05,2.0,59.26,3.78,64.71,0.22,0.29,0.59,5.64,7.35,0.45,1,0.07,0,0.0,0.22,0.07,1,0.07,0.04,0,0.0,5,0.37,40.0,20.0,0.0,0.15,50.0,0.15,50.0,0.0,0.0,0.0,0.0,0.0,0.37,20.0,0.45,0.59,0.0,23.97,0.45,0.22,34.35,87.69,12.61,75.88,2.08,92.86,16.92,96.93,30.35,91.93,3.86,55.77,22.5,41.2,0.0,0.07,0.0,0.07,0.0,0.0,0.0,4.08,69.09,0.3,25.0,0.07,0.0,0.0,0.07,5.86,63.29,0,,0,,0,0.0,0.0,0.0,,,1.56,,,0.0,0.0,0.0,0.0,0,0.0
Magnus Blackwood,Team 40,Team 40,"LB, LCB",31,500000,2027-12-31,8,437,0,0.1,0,0.11,11.53,58.93,Czech Republic,Czech Republic,left,178,75,yes,9.47,6.8,54.55,2.47,66.67,0.41,0.59,0.82,5.35,7.65,1.24,1,0.21,0,0.0,0.82,0.0,0,0.0,0.02,0,0.0,2,0.41,50.0,0.0,0.0,2.06,30.0,2.06,30.0,0.0,0.0,0.21,0.0,0.0,1.24,50.0,0.41,0.62,0.21,30.27,1.65,0.41,36.45,80.23,17.3,71.43,4.12,100.0,8.65,78.57,26.98,92.37,7.41,50.0,19.71,33.8,0.02,0.41,0.0,0.0,0.0,0.0,0.21,5.15,60.0,2.27,27.27,0.21,0.0,0.0,0.62,9.47,78.26,0,,0,,0,0.0,0.0,0.0,,,0.41,,,0.0,0.0,0.0,0.0,0,0.0
Gabriel Zimmerman,Team 40,Team 40,"LB, LCB",25,400000,2026-11-30,17,1139,0,1.06,1,0.76,14.78,59.36,Wales,Wales,left,186,78,yes,9.01,6.08,61.04,3.16,67.5,0.24,0.31,0.4,5.06,6.6,1.26,2,0.16,0,0.0,1.5,0.0,0,0.0,0.08,0,0.0,8,0.63,50.0,0.0,0.08,1.9,20.83,1.9,20.83,0.0,0.0,0.4,1.03,76.92,4.11,61.54,0.79,1.11,0.24,19.44,1.11,1.9,27.58,71.35,11.62,61.22,3.0,86.84,9.48,78.33,22.28,82.98,3.48,25.0,21.23,39.47,0.06,0.32,0.0,0.0,0.0,0.0,0.24,3.63,63.04,1.74,27.27,0.16,50.0,0.16,0.32,5.29,44.78,0,,0,,0,0.0,0.0,0.0,,,0.47,,,0.0,0.0,0.0,0.0,0,0.0
Nikolai Calder,Team 40,Team 40,"CF, RW",37,400000,2026-11-30,8,283,1,0.84,0,0.06,10.81,35.29,Scotland,Scotland,right,178,75,yes,3.18,3.18,40.0,2.86,33.33,0.64,1.02,0.0,1.27,2.03,2.23,0,0.0,0,0.0,0.32,0.32,1,0.32,0.27,0,0.0,6,1.91,16.67,16.667,0.0,0.32,0.0,0.0,0.0,0.32,0.0,0.0,0.0,0.0,3.18,50.0,1.91,0.32,0.0,9.22,1.27,0.95,14.31,80.0,2.23,71.43,5.09,93.75,2.86,66.67,13.67,83.72,0.32,0.0,13.95,5.78,0.02,0.64,0.32,0.0,0.0,0.0,0.32,1.59,60.0,0.95,33.33,0.0,0.0,0.0,0.0,0.64,100.0,0,,0,,0,0.0,0.0,0.0,,,0.0,,,0.32,0.32,0.0,0.0,0,0.0
Tristan Montague,Team 40,Team 40,GK,35,350000,2028-11-30,20,1993,0,0.0,0,0.0,0.36,100.0,Greece,Greece,right,190,91,yes,0.77,0.0,0.0,0.14,100.0,0.0,0.0,0.0,0.77,1.01,0.0,2,0.09,0,0.0,0.0,0.0,0,0.0,0.0,0,0.0,0,0.0,0.0,0.0,0.0,0.0,0.0,0.0,0.0,0.0,0.0,0.0,0.0,0.0,0.18,100.0,0.0,0.0,0.0,8.81,0.23,0.23,15.04,87.39,7.86,81.03,0.0,0.0,6.68,93.92,10.16,95.56,4.88,70.37,30.02,47.98,0.0,0.0,0.0,0.0,0.0,0.0,0.0,0.99,40.91,0.14,0.0,0.18,0.0,0.0,0.0,3.75,68.67,31,1.4,87,3.93,3,64.37,27.52,1.24,-3.48,-0.157,0.0,1.9,0.14,,,,0.0,0,0.0
Christian Faulkner,Team 40,Team 40,"LW, RAMF, CF",32,300000,2026-11-30,13,731,2,1.71,0,0.27,13.17,39.25,Netherlands,Netherlands,right,174,66,yes,3.69,2.71,40.91,2.83,39.13,0.0,0.0,0.12,2.59,3.56,1.35,0,0.0,0,0.0,1.11,0.25,2,0.25,0.21,1,0.12,13,1.6,23.08,15.385,0.0,0.74,33.33,0.12,100.0,0.62,20.0,0.25,1.23,40.0,6.28,43.14,1.72,0.37,0.12,11.57,1.6,1.85,14.77,75.0,2.59,57.14,4.19,82.35,3.94,71.88,13.42,77.98,0.62,60.0,12.86,8.46,0.03,0.25,0.0,0.0,0.0,0.0,0.12,0.74,50.0,0.74,50.0,0.0,0.0,0.12,0.25,1.35,54.55,0,,0,,0,0.0,0.0,0.0,,,0.0,,,0.0,0.0,0.0,0.0,0,0.0
Dylan Sinclair,Team 40,Team 40,"LCB, DMF",38,100000,2026-12-31,9,581,0,0.14,0,0.11,8.67,60.71,Georgia,Georgia,right,186,76,yes,9.45,3.25,66.67,2.17,42.86,0.0,0.0,0.77,7.28,10.85,0.62,2,0.31,0,0.0,0.46,0.0,0,0.0,0.02,0,0.0,2,0.31,0.0,0.0,0.0,0.31,50.0,0.15,100.0,0.15,0.0,0.0,0.31,100.0,2.79,66.67,0.62,1.24,0.0,29.12,0.46,1.08,43.22,88.17,18.12,81.2,3.1,95.0,17.97,93.1,38.57,91.16,4.34,64.29,21.29,30.08,0.02,0.31,0.0,0.15,0.0,0.0,0.15,4.34,75.0,0.15,0.0,0.31,100.0,0.15,0.15,6.51,76.19,0,,0,,0,0.0,0.0,0.0,,,0.93,,,0.0,0.0,0.0,0.0,0,0.0
Henry Halston,Team 40,Team 40,LB,28,100000,2026-11-30,11,622,0,0.65,0,0.16,13.31,50.0,Chile,Chile,left,178,76,yes,7.23,3.91,55.56,3.04,47.62,0.43,0.54,0.43,4.63,5.75,1.74,4,0.58,0,0.0,1.45,0.0,0,0.0,0.09,0,0.0,4,0.58,0.0,0.0,0.0,1.88,46.15,1.88,46.15,0.0,0.0,0.0,1.45,40.0,5.06,45.71,1.16,0.14,0.14,14.61,1.74,1.59,22.28,77.92,8.25,68.42,3.76,96.15,5.93,85.37,18.67,82.17,1.88,69.23,15.46,20.1,0.02,0.14,0.0,0.0,0.0,0.0,0.0,1.88,84.62,1.16,87.5,0.0,0.0,0.0,0.87,5.64,61.54,0,,0,,0,0.0,0.0,0.0,,,0.87,,,0.0,0.0,0.0,0.0,0,0.0
Arthur Winslow,Team 40,Team 40,"LCMF, LDMF",28,100000,2026-12-31,4,405,0,0.32,2,0.77,8.22,51.35,Uruguay,"Uruguay, France",right,177,77,yes,4.67,2.89,46.15,1.11,40.0,0.0,0.0,0.89,3.33,4.79,0.67,2,0.44,0,0.0,0.89,0.0,0,0.0,0.07,0,0.0,12,2.67,8.33,0.0,0.44,0.89,25.0,0.44,50.0,0.44,0.0,0.22,0.89,50.0,3.78,52.94,0.0,0.67,0.0,29.56,1.78,1.11,38.89,65.71,16.22,47.95,5.56,92.0,12.0,75.93,27.78,71.2,10.22,54.35,23.79,45.08,0.17,1.56,0.0,0.0,0.0,0.0,0.67,10.0,53.33,1.11,20.0,0.22,100.0,0.0,0.22,8.67,66.67,0,,0,,0,0.0,0.0,0.0,,,0.0,,,2.0,0.44,50.0,3.56,0,0.0
Zachary Kren,Team 40,Team 40,"DMF, RDMF, RCMF",33,50000,2026-11-30,10,765,1,0.53,0,0.02,8.94,47.37,Mexico,Mexico,right,183,72,yes,5.53,4.24,44.44,1.76,60.0,0.35,0.48,0.12,3.29,4.49,1.76,3,0.35,0,0.0,1.06,0.12,1,0.12,0.06,1,0.12,5,0.59,60.0,20.0,0.0,0.35,33.33,0.12,100.0,0.24,0.0,0.24,0.71,83.33,2.0,52.94,0.35,0.0,0.0,27.76,0.12,0.71,38.59,87.2,12.35,69.52,4.24,97.22,16.47,95.0,34.82,91.55,3.41,48.28,18.01,36.72,0.0,0.12,0.0,0.0,0.0,0.0,0.0,5.06,69.77,1.41,41.67,0.59,0.0,0.24,0.12,5.06,69.77,0,,0,,0,0.0,0.0,0.0,,,0.47,,,0.0,0.0,0.0,0.0,0,0.0
Malcolm Pemberton,Team 40,Team 40,"AMF, RCMF",22,500000,2026-11-30,2,74,0,0.0,0,0.06,23.11,52.63,Denmark,Denmark,right,189,73,yes,10.95,10.95,88.89,4.86,0.0,0.0,0.0,0.0,1.22,1.76,0.0,0,0.0,0,0.0,1.22,0.0,0,0.0,0.0,0,0.0,0,0.0,0.0,0.0,0.0,1.22,100.0,0.0,0.0,1.22,100.0,0.0,2.43,0.0,6.08,40.0,0.0,1.22,0.0,14.59,0.0,1.22,25.54,76.19,8.51,71.43,8.51,85.71,4.86,75.0,24.32,75.0,0.0,0.0,11.67,0.0,0.08,1.22,0.0,0.0,0.0,0.0,1.22,2.43,50.0,1.22,100.0,0.0,0.0,0.0,1.22,2.43,50.0,0,,0,,0,0.0,0.0,0.0,,,0.0,,,0.0,0.0,0.0,0.0,0,0.0
Noah Garrison,Team 40,Team 40,"RCMF, DMF, LCMF",21,550000,2027-12-31,5,121,0,0.0,0,0.0,16.36,54.55,Scotland,Scotland,right,183,78,yes,8.18,11.16,60.0,0.0,0.0,0.74,1.25,0.0,0.74,1.25,4.46,2,1.49,0,0.0,0.74,0.0,0,0.0,0.0,0,0.0,1,0.74,0.0,0.0,0.0,1.49,0.0,0.0,0.0,1.49,0.0,0.0,0.74,100.0,4.46,33.33,0.0,0.0,0.0,32.73,0.0,0.0,47.6,81.25,12.64,70.59,9.67,100.0,14.13,73.68,39.42,92.45,6.69,33.33,18.58,37.78,0.0,0.0,0.0,0.0,0.0,0.0,0.0,7.44,70.0,0.74,100.0,0.0,0.0,0.0,0.0,6.69,44.44,0,,0,,0,0.0,0.0,0.0,,,0.0,,,0.0,0.0,0.0,0.0,0,0.0
Isaac Blackwood,Team 40,Team 40,"LW, RW, CF",21,500000,2027-12-31,3,46,0,0.0,0,0.0,25.43,38.46,Austria,Austria,right,180,73,yes,5.87,5.87,33.33,1.96,0.0,0.0,0.0,0.0,3.91,4.29,0.0,0,0.0,0,0.0,1.96,0.0,0,0.0,0.0,0,0.0,0,0.0,0.0,0.0,0.0,5.87,0.0,3.91,0.0,1.96,0.0,0.0,5.87,33.33,11.74,16.67,1.96,1.96,0.0,23.48,3.91,0.0,23.48,58.33,3.91,100.0,3.91,50.0,7.83,50.0,17.61,77.78,1.96,0.0,21.62,21.31,0.0,0.0,0.0,0.0,0.0,0.0,0.0,0.0,0.0,0.0,0.0,0.0,0.0,0.0,0.0,1.96,100.0,0,,0,,0,0.0,0.0,0.0,,,0.0,,,0.0,0.0,0.0,0.0,0,0.0
Jasper Fletcher,Team 40,Team 40,"RWF, RAMF, CF",23,450000,2026-11-30,7,356,1,0.55,0,0.56,20.22,43.75,Switzerland,"Switzerland, Italy",left,190,77,yes,5.31,4.8,52.63,2.78,63.64,0.51,0.71,0.0,2.28,3.21,1.77,0,0.0,0,0.0,1.26,0.25,1,0.25,0.14,0,0.0,5,1.26,20.0,20.0,0.0,2.02,12.5,0.0,0.0,2.02,12.5,0.76,2.02,37.5,10.87,34.88,3.03,1.52,0.0,16.94,2.53,2.28,25.03,72.73,7.33,55.17,5.81,95.65,5.31,66.67,21.99,78.16,1.01,75.0,15.62,16.44,0.14,1.26,0.0,0.0,0.0,0.0,0.25,2.28,55.56,1.77,14.29,0.0,0.0,0.51,0.51,3.54,78.57,0,,0,,0,0.0,0.0,0.0,,,0.0,,,0.0,0.0,0.0,0.0,0,0.0
Aaron Pendleton,Team 40,Team 40,RB,22,300000,2027-12-31,6,400,0,0.0,0,0.03,12.15,59.26,Uruguay,Uruguay,right,178,63,yes,5.85,4.28,31.58,3.15,71.43,0.0,0.0,0.0,4.5,5.94,1.13,1,0.23,1,0.23,2.03,0.0,0,0.0,0.0,0,0.0,0,0.0,0.0,0.0,0.0,2.25,20.0,0.0,0.0,2.25,20.0,0.45,1.8,87.5,4.28,73.68,0.9,1.35,0.0,26.1,1.35,2.03,33.75,78.0,11.7,69.23,5.18,91.3,10.35,78.26,29.93,82.71,1.58,71.43,17.87,29.69,0.01,0.23,0.0,0.23,0.23,0.0,0.23,3.83,70.59,1.58,14.29,0.23,0.0,0.23,0.45,5.85,65.38,0,,0,,0,0.0,0.0,0.0,,,0.0,,,0.0,0.0,0.0,0.0,0,0.0
Finnegan Mercer,Team 40,Team 40,"RCMF, RDMF",31,400000,2026-12-31,16,1263,2,0.81,1,1.32,10.05,48.94,Germany,"Germany, France",right,178,72,yes,6.91,4.7,54.55,1.85,42.31,0.36,0.48,0.36,3.99,5.42,0.78,3,0.21,1,0.07,1.21,0.14,2,0.14,0.06,0,0.0,18,1.28,38.89,11.111,0.07,1.14,43.75,0.43,33.33,0.71,50.0,0.14,0.29,75.0,2.49,40.0,1.14,0.43,0.14,24.51,0.5,0.5,32.92,80.52,11.54,64.81,3.92,98.18,12.4,90.8,28.15,85.57,3.71,53.85,20.64,34.35,0.09,1.0,0.14,0.0,0.0,0.0,0.43,6.77,68.42,1.64,43.48,0.29,0.0,0.5,0.43,6.84,71.88,0,,0,,0,0.0,0.0,0.0,,,0.5,,,0.21,0.07,100.0,0.07,0,0.0
Malcolm Ellwood,Team 40,Team 40,"DMF, LCMF, LDMF",30,400000,2026-11-30,16,1438,2,1.09,0,0.14,9.08,55.86,Switzerland,"Switzerland, Spain",right,183,80,yes,9.01,3.38,59.26,3.19,54.9,0.06,0.08,0.69,6.95,8.81,1.06,2,0.13,0,0.0,0.5,0.13,2,0.13,0.07,1,0.06,12,0.75,41.67,16.667,0.0,0.06,100.0,0.06,100.0,0.0,0.0,0.0,0.25,50.0,1.94,58.06,0.63,0.13,0.0,22.28,0.13,0.81,34.3,86.5,11.33,74.03,3.19,94.12,15.77,93.25,31.29,88.8,2.94,61.7,19.81,34.36,0.01,0.5,0.0,0.06,0.0,0.0,0.06,4.57,73.97,0.31,60.0,0.06,100.0,0.13,0.06,5.57,66.29,0,,0,,0,0.0,0.0,0.0,,,0.5,,,0.0,0.0,0.0,0.0,0,0.0
Cillian Talbot,Team 40,Team 40,"DMF, AMF, LCMF",23,300000,2028-12-31,6,178,1,0.77,0,0.0,13.65,51.85,Albania,"Albania, Italy",right,182,75,yes,7.08,6.57,53.85,4.04,25.0,0.0,0.0,0.51,3.54,6.18,1.01,0,0.0,0,0.0,1.01,0.51,1,0.51,0.39,0,0.0,2,1.01,50.0,50.0,0.0,0.51,0.0,0.0,0.0,0.51,0.0,0.0,1.01,50.0,1.52,66.67,1.01,1.01,0.0,19.21,0.0,0.51,28.82,80.7,9.61,63.16,3.03,100.0,11.63,91.3,25.28,90.0,3.03,16.67,20.6,10.11,0.0,0.51,0.0,0.0,0.0,0.0,0.0,4.04,62.5,0.0,0.0,0.51,0.0,0.0,0.0,6.57,61.54,0,,0,,0,0.0,0.0,0.0,,,0.0,,,0.0,0.0,0.0,0.0,0,0.0
Kasper Stratford,Team 40,Team 40,RCB,21,400000,2027-12-31,3,251,0,0.0,0,0.0,7.53,47.62,Uruguay,"Uruguay, France",right,185,78,yes,8.25,4.3,50.0,1.79,40.0,0.0,0.0,2.15,6.1,7.73,1.08,1,0.36,0,0.0,0.0,0.0,0,0.0,0.0,0,0.0,1,0.36,0.0,0.0,0.0,0.0,0.0,0.0,0.0,0.0,0.0,0.0,0.0,0.0,1.08,66.67,0.0,0.36,0.0,21.87,0.0,0.36,29.4,97.56,10.76,93.33,3.59,100.0,13.98,100.0,26.89,100.0,2.51,71.43,21.31,43.21,0.0,0.0,0.0,0.0,0.0,0.0,0.0,2.15,83.33,0.36,0.0,0.36,0.0,0.0,0.0,3.23,100.0,0,,0,,0,0.0,0.0,0.0,,,3.23,,,0.0,0.0,0.0,0.0,0,0.0
Callum Redmond,Team 40,Team 40,RB,21,400000,2026-11-30,11,791,0,0.09,0,0.0,11.15,57.14,Greece,Greece,right,180,76,yes,6.14,4.55,57.5,1.93,64.71,0.0,0.0,0.0,3.53,4.51,1.14,2,0.23,0,0.0,0.91,0.0,0,0.0,0.01,0,0.0,3,0.34,33.33,0.0,0.0,1.25,18.18,0.0,0.0,1.25,18.18,0.11,1.02,55.56,3.98,60.0,0.34,0.0,0.0,18.89,1.25,1.71,25.83,80.18,10.58,74.19,4.1,94.44,6.14,87.04,23.44,83.98,1.14,70.0,16.44,15.67,0.0,0.0,0.0,0.0,0.0,0.0,0.0,3.64,81.25,1.14,50.0,0.0,0.0,0.34,0.11,4.66,70.73,0,,0,,0,0.0,0.0,0.0,,,0.46,,,0.11,0.0,0.0,0.0,0,0.0
Ethan Kensington,Team 40,Team 40,"LWF, AMF, RW",20,500000,2027-11-30,5,128,0,0.0,0,0.0,17.58,24.0,Scotland,"Scotland, Spain",right,182,77,yes,3.52,5.63,12.5,2.11,0.0,0.0,0.0,0.0,2.81,4.0,2.81,1,0.7,0,0.0,2.11,0.0,0,0.0,0.0,0,0.0,0,0.0,0.0,0.0,0.0,0.7,100.0,0.7,100.0,0.0,0.0,0.0,2.81,50.0,7.03,40.0,1.41,0.7,0.0,7.03,0.7,2.11,10.55,80.0,1.41,50.0,2.11,100.0,4.22,100.0,9.84,78.57,0.0,0.0,15.63,0.0,0.0,0.0,0.0,0.0,0.0,0.0,0.0,0.0,0.0,0.0,0.0,0.0,0.0,0.0,0.0,0.7,100.0,0,,0,,0,0.0,0.0,0.0,,,0.0,,,0.0,0.0,0.0,0.0,0,0.0
Aaron Ellington,Team 40,Team 40,"LDMF, DMF, RDMF",21,500000,2026-11-30,3,96,0,0.1,0,0.06,15.94,52.94,Serbia,Serbia,right,182,72,yes,9.38,7.5,62.5,1.88,100.0,0.0,0.0,0.0,4.69,8.82,2.81,0,0.0,0,0.0,2.81,0.0,0,0.0,0.1,0,0.0,2,1.88,0.0,0.0,0.0,2.81,33.33,1.88,50.0,0.94,0.0,0.94,1.88,50.0,5.63,33.33,0.94,0.0,0.0,25.31,0.0,1.88,41.25,77.27,10.31,81.82,6.56,85.71,19.69,71.43,35.63,81.58,2.81,66.67,22.52,35.66,0.05,0.94,0.0,0.0,0.94,100.0,0.0,6.56,57.14,3.75,25.0,0.94,0.0,0.0,0.94,7.5,62.5,0,,0,,0,0.0,0.0,0.0,,,0.0,,,0.0,0.0,0.0,0.0,0,0.0
Arthur Sinclair,Team 40,Team 40,"RCMF, LCMF",22,350000,2026-12-31,16,962,1,0.37,1,0.73,11.13,45.38,Austria,Austria,right,177,76,yes,5.99,5.43,53.45,1.5,50.0,0.56,0.71,0.28,2.53,3.19,1.87,2,0.19,0,0.0,1.22,0.09,1,0.09,0.03,0,0.0,7,0.65,28.57,14.286,0.09,1.31,42.86,0.28,33.33,1.03,45.45,0.19,0.65,71.43,3.27,34.29,0.84,1.12,0.37,20.4,0.47,0.56,29.19,77.56,8.33,65.17,6.27,89.55,9.54,83.33,26.01,82.01,2.06,45.45,18.7,24.49,0.07,0.37,0.0,0.0,0.0,0.0,0.28,3.37,63.89,0.94,30.0,0.09,0.0,0.0,0.47,4.02,60.47,0,,0,,0,0.0,0.0,0.0,,,0.28,,,0.0,0.0,0.0,0.09,0,0.0
Caleb Somerset,Team 40,Team 40,"CF, LCMF",22,500000,2026-11-30,5,133,0,0.0,0,0.0,12.18,83.33,Ireland,Ireland,right,172,70,yes,6.09,5.41,75.0,1.35,50.0,0.0,0.0,0.0,2.03,3.1,2.03,0,0.0,0,0.0,0.68,0.0,0,0.0,0.0,0,0.0,0,0.0,0.0,0.0,0.0,1.35,0.0,0.0,0.0,1.35,0.0,0.0,0.68,100.0,4.06,100.0,1.35,0.68,0.68,13.53,1.35,3.38,20.98,67.74,10.83,50.0,2.03,100.0,6.77,80.0,18.27,77.78,1.35,0.0,16.77,17.96,0.0,0.0,0.0,0.0,0.0,0.0,0.0,2.71,75.0,2.71,25.0,0.0,0.0,0.68,0.0,4.74,57.14,0,,0,,0,0.0,0.0,0.0,,,0.0,,,0.0,0.0,0.0,0.68,0,0.0
Fabian Prescott,Team 40,Team 40,LB,22,350000,2027-12-31,9,549,0,0.06,0,0.01,14.43,55.68,Netherlands,Netherlands,left,173,70,yes,9.84,7.87,68.75,0.98,83.33,0.33,0.47,0.49,4.1,5.86,0.98,2,0.33,0,0.0,1.15,0.0,0,0.0,0.01,0,0.0,2,0.33,0.0,0.0,0.0,3.11,15.79,3.11,15.79,0.0,0.0,0.33,0.82,80.0,4.26,34.62,0.66,0.66,0.16,25.25,1.64,0.82,33.93,69.57,12.13,58.11,5.57,85.29,11.15,75.0,27.54,80.95,3.28,25.0,18.36,27.9,0.0,0.16,0.0,0.0,0.16,0.0,0.16,4.1,52.0,2.95,22.22,0.49,0.0,0.16,0.49,5.08,41.94,0,,0,,0,0.0,0.0,0.0,,,0.16,,,0.16,0.0,0.0,0.0,0,0.0
Sebastian Lansbury,Team 40,Team 40,"RW, CF, RAMF",23,450000,2029-12-31,16,1067,0,1.06,3,1.08,17.8,45.97,Brazil,Brazil,right,176,69,yes,6.33,6.66,54.43,2.19,15.38,0.0,0.0,0.0,2.7,3.48,0.51,2,0.17,0,0.0,3.29,0.0,0,0.0,0.09,0,0.0,13,1.1,23.08,0.0,0.25,3.12,21.62,0.08,0.0,2.87,20.59,0.08,3.63,62.79,7.76,51.09,2.19,2.02,0.25,14.85,1.52,1.43,22.61,70.9,5.99,70.42,4.39,94.23,7.84,64.52,18.39,80.73,1.18,42.86,18.28,21.07,0.09,0.93,0.17,0.0,0.17,50.0,0.67,1.6,63.16,2.7,37.5,0.25,66.67,0.59,0.84,3.54,61.9,0,,0,,0,0.0,0.0,0.0,,,0.0,,,0.42,0.0,0.0,1.35,0,0.0
Hugo Fairfax,Team 40,Team 40,RCB,23,300000,2028-12-31,18,1742,1,1.89,0,0.0,11.93,64.5,France,"France, Spain",right,190,78,yes,9.14,5.11,66.67,4.7,68.13,0.26,0.34,0.62,5.48,7.28,1.03,4,0.21,0,0.0,0.26,0.05,1,0.05,0.1,1,0.05,13,0.67,15.38,7.692,0.0,0.21,0.0,0.1,0.0,0.1,0.0,0.15,0.15,100.0,1.08,47.62,0.88,0.31,0.05,25.83,0.36,0.36,39.58,86.95,16.12,77.24,1.96,92.11,18.19,94.89,34.82,92.73,4.55,46.59,21.75,43.77,0.0,0.05,0.0,0.05,0.0,0.0,0.0,3.46,65.67,0.36,14.29,0.1,0.0,0.0,0.1,6.87,62.41,0,,0,,0,0.0,0.0,0.0,,,1.5,,,0.0,0.0,0.0,0.0,0,0.0
Christian Ellwood,Team 40,Team 40,"RB, RWB",40,125000,2026-11-30,9,401,0,0.0,0,0.65,14.81,54.55,Japan,Japan,right,168,63,yes,7.86,3.82,64.71,2.47,27.27,0.0,0.0,0.0,5.39,8.78,0.67,0,0.0,0,0.0,4.04,0.0,0,0.0,0.0,0,0.0,1,0.22,0.0,0.0,0.0,6.96,35.48,0.0,0.0,6.96,35.48,0.45,3.37,46.67,7.86,54.29,0.45,2.02,0.0,21.32,4.04,2.47,31.87,66.9,11.9,58.49,3.82,100.0,12.57,66.07,20.65,81.52,5.16,47.83,22.0,26.2,0.15,1.8,0.0,0.0,0.0,0.0,1.35,4.26,57.89,6.51,44.83,0.0,0.0,0.22,2.92,9.2,73.17,0,,0,,0,0.0,0.0,0.0,,,0.45,,,0.45,0.22,0.0,0.0,0,0.0
Ethan Kessler,Team 40,Team 40,"AMF, CF, RW",32,400000,2026-11-30,19,941,2,1.09,2,0.94,16.26,44.12,Turkey,Turkey,right,169,62,yes,5.36,5.64,50.85,1.43,20.0,0.0,0.0,0.29,2.49,3.35,1.53,3,0.29,0,0.0,2.77,0.19,2,0.19,0.1,0,0.0,16,1.53,31.25,12.5,0.19,2.2,26.09,0.96,20.0,1.24,30.77,0.38,2.49,69.23,7.36,44.16,1.24,0.96,0.0,16.07,1.24,1.24,22.38,70.51,8.03,61.9,2.96,80.65,6.41,76.12,18.27,77.49,2.1,50.0,19.58,23.21,0.09,1.24,0.1,0.0,0.29,0.0,0.67,2.58,70.37,2.3,41.67,0.38,0.0,0.48,0.67,4.3,64.44,0,,0,,0,0.0,0.0,0.0,,,0.19,,,0.38,0.0,0.0,1.34,0,0.0
Erik Ashford,Team 8,Team 8,LB,29,1500000,2026-11-30,5,297,0,0.04,0,0.06,11.82,53.85,Poland,Poland,left,181,76,yes,7.58,4.55,60.0,1.52,20.0,0.3,0.38,0.0,4.55,5.77,1.21,0,0.0,0,0.0,1.52,0.0,0,0.0,0.01,0,0.0,1,0.3,0.0,0.0,0.0,1.82,33.33,1.82,33.33,0.0,0.0,0.0,1.52,60.0,4.24,50.0,0.3,1.52,0.3,28.48,0.91,0.91,42.73,81.56,15.15,76.0,7.27,91.67,15.15,88.0,36.36,89.17,4.55,40.0,19.52,51.07,0.02,0.3,0.0,0.0,0.0,0.0,0.0,3.33,63.64,1.21,50.0,0.3,0.0,0.3,0.61,8.18,66.67,0,,0,,0,0.0,0.0,0.0,,,0.61,,,0.0,0.0,0.0,0.0,0,0.0
Noah Harrington,Team 8,Team 8,"RDMF, RCMF, LCMF",30,1000000,2026-12-31,16,1479,0,0.53,1,0.01,11.74,46.11,Norway,Norway,right,176,74,yes,6.57,5.72,48.94,2.01,42.42,0.24,0.31,0.3,3.53,4.46,1.76,4,0.24,0,0.0,0.55,0.0,0,0.0,0.03,0,0.0,9,0.55,22.22,0.0,0.06,0.24,0.0,0.0,0.0,0.24,0.0,0.0,0.61,70.0,2.56,52.38,0.18,0.49,0.0,25.56,0.12,0.85,37.85,84.89,11.5,68.25,3.1,96.08,17.16,93.97,34.26,88.99,3.35,49.09,18.21,32.39,0.0,0.06,0.0,0.0,0.0,0.0,0.06,5.72,67.02,0.49,0.0,0.0,0.0,0.0,0.0,5.29,71.26,0,,0,,0,0.0,0.0,0.0,,,0.43,,,0.0,0.0,0.0,0.0,0,0.0
Kasper Yardley,Team 8,Team 8,"CF, AMF",27,750000,2026-12-31,15,1217,3,2.98,1,0.74,13.16,42.13,Georgia,Georgia,left,170,68,yes,4.36,3.99,55.56,1.85,16.0,0.3,0.41,0.22,1.85,2.57,1.26,2,0.15,1,0.07,2.44,0.22,2,0.15,0.22,0,0.0,34,2.51,38.24,8.824,0.07,0.52,42.86,0.22,33.33,0.3,50.0,0.15,2.22,50.0,5.25,43.66,1.41,1.77,0.37,23.89,1.85,1.18,30.69,76.14,9.32,53.97,7.4,92.0,9.69,83.97,27.14,79.84,3.11,47.62,18.07,22.31,0.05,0.81,0.07,0.15,0.59,25.0,0.52,5.62,56.58,2.51,41.18,0.96,30.77,0.96,0.3,5.32,76.39,0,,0,,0,0.0,0.0,0.0,,,0.37,,,1.18,0.37,20.0,1.18,1,100.0
Liam Sinclair,Team 8,Team 8,"RCMF, LCMF, LDMF",27,600000,2029-06-30,14,427,0,0.05,0,0.01,16.65,44.3,Slovenia,Slovenia,right,174,75,yes,6.32,5.48,46.15,2.74,30.77,0.0,0.0,0.42,3.79,5.74,1.48,1,0.21,0,0.0,2.11,0.0,0,0.0,0.01,0,0.0,5,1.05,20.0,0.0,0.0,0.63,33.33,0.0,0.0,0.63,33.33,0.0,2.11,80.0,6.96,54.55,0.21,0.84,0.21,19.39,0.42,1.9,27.19,81.4,7.17,55.88,5.9,89.29,6.96,87.88,25.29,84.17,1.26,50.0,14.02,10.81,0.0,0.21,0.0,0.21,0.0,0.0,0.0,4.0,57.89,0.63,33.33,0.0,0.0,0.0,0.21,2.53,50.0,0,,0,,0,0.0,0.0,0.0,,,0.42,,,0.21,0.21,0.0,0.0,0,0.0
Dorian Ellington,Team 8,Team 8,RB,25,300000,2026-11-30,16,1336,1,0.28,1,1.78,16.3,50.41,Turkey,Turkey,right,177,70,yes,8.35,8.02,53.78,3.1,56.52,0.0,0.0,0.2,4.04,5.36,2.29,3,0.2,0,0.0,1.28,0.07,1,0.07,0.02,0,0.0,8,0.54,25.0,12.5,0.07,0.81,58.33,0.0,0.0,0.81,58.33,0.07,1.08,62.5,3.71,40.0,0.61,0.94,0.13,26.81,0.47,0.81,38.53,78.85,16.91,71.31,4.11,95.08,11.72,83.33,32.6,84.3,5.19,48.05,19.24,37.51,0.12,0.61,0.0,0.0,0.13,0.0,0.27,6.47,66.67,2.43,47.22,0.47,28.57,0.54,0.54,9.3,70.29,0,,0,,0,0.0,0.0,0.0,,,0.27,,,0.0,0.0,0.0,0.0,0,0.0
Magnus Zimmerman,Team 8,Team 8,GK,30,300000,2026-12-31,8,754,0,0.0,0,0.0,0.72,66.67,Turkey,Turkey,right,193,80,yes,0.72,0.0,0.0,0.36,33.33,0.0,0.0,0.0,0.72,0.93,0.0,0,0.0,0,0.0,0.0,0.0,0,0.0,0.0,0,0.0,0,0.0,0.0,0.0,0.0,0.0,0.0,0.0,0.0,0.0,0.0,0.0,0.0,0.0,0.24,100.0,0.0,0.0,0.0,7.28,0.24,0.36,15.88,75.94,11.82,67.68,0.0,0.0,3.7,100.0,6.45,100.0,9.43,59.49,41.96,53.11,0.0,0.0,0.0,0.0,0.0,0.0,0.0,4.18,51.43,0.36,0.0,0.12,0.0,0.0,0.0,6.8,77.19,9,1.07,44,5.25,2,79.55,9.93,1.19,0.93,0.111,0.0,2.86,0.36,,,,0.0,0,0.0
Theo Fenwick,Team 8,Team 8,"CF, RW, LW",27,250000,2027-06-30,5,246,1,0.38,0,0.46,19.76,37.04,Germany,Germany,left,174,72,yes,1.1,2.93,12.5,3.29,33.33,0.0,0.0,0.0,0.73,1.05,3.66,1,0.37,0,0.0,3.29,0.37,1,0.37,0.14,0,0.0,5,1.83,20.0,20.0,0.0,1.1,0.0,0.37,0.0,0.73,0.0,0.0,4.02,72.73,11.34,48.39,2.56,1.83,0.0,17.93,1.83,2.2,23.41,78.13,6.95,63.16,4.39,100.0,5.12,71.43,19.39,86.79,2.93,50.0,18.49,41.13,0.17,1.46,0.0,0.0,0.0,0.0,0.73,3.66,60.0,2.2,50.0,0.0,0.0,1.46,0.0,3.66,80.0,0,,0,,0,0.0,0.0,0.0,,,0.0,,,0.0,0.0,0.0,0.0,0,0.0
Zachary Zimmerman,Team 8,Team 8,"RDMF, LDMF, AMF",26,250000,2026-11-30,5,161,0,0.07,0,0.0,10.06,66.67,Greece,Greece,right,181,71,yes,6.71,5.03,66.67,3.35,83.33,0.0,0.0,0.0,3.35,5.81,1.68,0,0.0,0,0.0,0.56,0.0,0,0.0,0.04,0,0.0,2,1.12,50.0,0.0,0.0,0.0,0.0,0.0,0.0,0.0,0.0,0.0,0.0,0.0,1.12,0.0,0.56,0.0,0.0,20.68,0.0,0.0,30.19,85.19,3.35,33.33,6.71,83.33,12.3,95.45,28.51,88.24,1.68,33.33,17.96,13.9,0.0,0.56,0.0,0.0,0.0,0.0,0.0,2.8,60.0,0.0,0.0,0.0,0.0,0.0,0.0,1.12,50.0,0,,0,,0,0.0,0.0,0.0,,,0.0,,,0.0,0.0,0.0,0.0,0,0.0
Cillian Northfield,Team 8,Team 8,"AMF, LAMF, LW",31,250000,2026-12-31,19,1522,2,1.2,3,2.37,15.08,33.33,Poland,Poland,right,175,73,yes,4.02,4.49,46.05,2.07,20.0,0.12,0.16,0.06,1.83,2.4,1.54,5,0.3,0,0.0,1.42,0.12,2,0.12,0.07,0,0.0,27,1.6,25.93,7.407,0.18,1.48,28.0,1.01,17.65,0.47,50.0,0.06,1.66,35.71,7.1,32.5,0.95,1.66,0.06,26.14,1.71,1.18,31.75,76.91,10.23,63.58,5.26,92.13,10.76,80.22,26.2,84.42,4.43,45.33,19.02,39.58,0.14,1.12,0.06,0.0,0.0,0.0,0.41,6.03,55.88,2.48,42.86,0.53,33.33,0.77,0.59,5.62,80.0,0,,0,,0,0.0,0.0,0.0,,,0.18,,,1.01,0.12,0.0,2.37,0,0.0
Cillian Bradford,Team 8,Team 17,GK,32,200000,2027-12-31,5,502,0,0.0,0,0.0,0.36,100.0,Argentina,Argentina,right,197,90,yes,0.9,0.18,100.0,0.18,100.0,0.0,0.0,0.0,0.72,1.24,0.0,2,0.36,0,0.0,0.0,0.0,0,0.0,0.0,0,0.0,0,0.0,0.0,0.0,0.0,0.0,0.0,0.0,0.0,0.0,0.0,0.0,0.0,0.0,0.0,0.0,0.0,0.0,0.0,7.89,0.0,0.0,15.06,89.29,5.92,75.76,0.0,0.0,8.61,97.92,11.47,98.44,3.41,63.16,26.87,36.71,0.0,0.0,0.0,0.0,0.0,0.0,0.0,0.72,25.0,0.0,0.0,0.0,0.0,0.0,0.0,1.79,60.0,9,1.61,21,3.76,0,57.14,6.91,1.24,-2.09,-0.375,0.0,1.79,0.18,,,,0.0,0,0.0
Hugo Vanderveer,Team 8,Team 8,CF,40,200000,2026-11-30,7,437,0,0.0,1,0.12,22.24,38.89,Albania,Albania,right,188,87,yes,1.65,0.62,33.33,15.65,35.53,0.0,0.0,0.41,1.44,2.26,0.82,1,0.21,0,0.0,0.21,0.0,0,0.0,0.0,0,0.0,0,0.0,0.0,0.0,0.21,0.41,50.0,0.21,100.0,0.21,0.0,0.0,0.21,0.0,3.3,31.25,0.82,0.0,0.0,5.56,1.44,1.44,9.89,70.83,3.09,46.67,2.27,100.0,2.47,75.0,9.27,71.11,0.21,100.0,14.2,3.1,0.02,0.21,0.0,0.0,0.0,0.0,0.21,1.24,33.33,1.44,57.14,0.0,0.0,0.82,0.21,0.82,75.0,0,,0,,0,0.0,0.0,0.0,,,0.0,,,0.0,0.0,0.0,0.0,0,0.0
Nils Yardley,Team 8,Team 8,RCB,35,200000,2026-11-30,15,1409,0,0.81,0,0.0,9.65,66.23,Serbia,Serbia,right,184,78,yes,8.69,2.81,68.18,3.58,69.64,0.13,0.16,0.64,6.64,8.55,0.89,3,0.19,1,0.06,0.26,0.0,0,0.0,0.05,0,0.0,5,0.32,20.0,0.0,0.0,0.0,0.0,0.0,0.0,0.0,0.0,0.0,0.19,100.0,1.28,65.0,0.38,0.38,0.0,22.29,0.06,1.02,36.15,88.69,14.56,79.39,2.24,91.43,17.05,96.25,31.81,93.57,4.34,52.94,21.57,43.41,0.0,0.0,0.0,0.0,0.0,0.0,0.0,2.75,51.16,0.45,14.29,0.06,0.0,0.06,0.0,5.75,64.44,0,,0,,0,0.0,0.0,0.0,,,1.6,,,0.06,0.0,0.0,0.0,0,0.0
Stefan Vanderveer,Team 8,Team 8,"LCMF, LDMF, AMF",27,150000,2026-11-30,19,1636,2,1.08,0,0.39,11.61,51.18,England,England,left,177,74,yes,6.66,4.73,50.0,1.98,58.33,0.06,0.07,0.39,4.24,5.72,1.76,3,0.17,0,0.0,0.83,0.11,1,0.06,0.06,0,0.0,13,0.72,23.08,15.385,0.0,1.32,29.17,1.1,30.0,0.22,25.0,0.17,0.5,55.56,3.63,53.03,0.5,0.22,0.0,29.32,0.5,1.71,41.26,83.6,12.32,69.64,7.04,97.66,14.85,88.15,36.64,89.34,3.3,41.67,17.32,32.53,0.02,0.22,0.06,0.0,0.06,0.0,0.11,5.28,70.83,2.2,37.5,0.44,25.0,0.55,0.39,5.5,58.0,0,,0,,0,0.0,0.0,0.0,,,0.44,,,0.11,0.0,0.0,0.28,1,100.0
Viktor Sinclair,Team 8,Team 8,"CF, AMF",39,100000,2026-11-30,3,107,0,0.05,0,0.16,14.3,41.18,Serbia,Serbia,right,183,83,yes,5.89,3.36,50.0,1.68,100.0,0.0,0.0,0.0,4.21,9.38,1.68,0,0.0,0,0.0,2.52,0.0,0,0.0,0.04,0,0.0,2,1.68,50.0,0.0,0.0,3.36,25.0,0.84,0.0,2.52,33.33,0.0,1.68,50.0,8.41,30.0,0.84,0.0,0.0,14.3,1.68,0.84,19.35,65.22,3.36,100.0,5.05,100.0,5.89,28.57,12.62,86.67,3.36,25.0,21.28,23.81,0.13,0.84,0.0,0.0,0.0,0.0,0.0,3.36,50.0,1.68,50.0,1.68,50.0,0.84,0.84,2.52,100.0,0,,0,,0,0.0,0.0,0.0,,,0.0,,,1.68,1.68,50.0,2.52,0,0.0
Leon Chamberlain,Team 8,Team 8,"RWF, RDMF, CF",22,300000,2027-12-31,3,54,0,0.0,0,0.03,11.67,42.86,Georgia,Georgia,right,184,67,yes,0.0,1.67,0.0,8.33,40.0,0.0,0.0,0.0,0.0,0.0,0.0,0,0.0,0,0.0,0.0,0.0,0,0.0,0.0,0,0.0,0,0.0,0.0,0.0,0.0,0.0,0.0,0.0,0.0,0.0,0.0,0.0,0.0,0.0,1.67,100.0,0.0,0.0,0.0,16.67,1.67,0.0,25.0,100.0,10.0,100.0,8.33,100.0,3.33,100.0,23.33,100.0,1.67,100.0,16.54,3.87,0.04,1.67,0.0,0.0,0.0,0.0,0.0,3.33,100.0,0.0,0.0,0.0,0.0,0.0,0.0,3.33,100.0,0,,0,,0,0.0,0.0,0.0,,,0.0,,,1.67,0.0,0.0,1.67,0,0.0
Hugo Drayton,Team 8,Team 8,GK,24,200000,2027-12-31,13,1285,0,0.0,0,0.0,0.49,71.43,South Korea,South Korea,right,192,79,yes,1.54,0.07,0.0,0.28,100.0,0.07,0.1,0.0,1.47,2.11,0.0,0,0.0,0,0.0,0.0,0.0,0,0.0,0.0,0,0.0,0,0.0,0.0,0.0,0.0,0.0,0.0,0.0,0.0,0.0,0.0,0.0,0.0,0.0,0.0,0.0,0.0,0.0,0.0,6.02,0.07,0.14,12.96,84.86,6.79,75.26,0.0,0.0,5.67,95.06,9.39,97.76,3.57,50.98,28.51,43.09,0.0,0.0,0.0,0.0,0.0,0.0,0.0,0.77,18.18,0.0,0.0,0.07,0.0,0.0,0.0,2.38,67.65,18,1.26,63,4.41,4,71.43,21.76,1.52,3.76,0.263,0.0,1.26,0.28,,,,0.0,0,0.0
Marcus Ravensdale,Team 8,Team 8,"LB, LW, LAMF",20,300000,,7,314,0,0.3,0,0.12,19.78,55.07,Senegal,Senegal,left,180,75,yes,7.45,5.45,57.89,4.59,62.5,0.29,0.43,0.0,4.01,6.0,0.86,0,0.0,1,0.29,2.29,0.0,0,0.0,0.09,0,0.0,4,1.15,25.0,0.0,0.0,2.01,14.29,2.01,14.29,0.0,0.0,0.0,2.87,60.0,7.74,51.85,2.01,0.86,0.57,18.92,0.86,2.58,23.5,73.17,6.88,58.33,6.59,95.65,6.31,63.64,19.49,80.88,2.29,50.0,12.96,19.57,0.03,0.57,0.0,0.0,0.0,0.0,0.29,2.01,71.43,2.29,25.0,0.29,0.0,0.29,0.86,3.73,53.85,0,,0,,0,0.0,0.0,0.0,,,0.0,,,0.0,0.0,0.0,0.0,0,0.0
Noah Ravensdale,Team 8,Team 8,"RCB, LCB",22,200000,2028-06-30,8,643,0,0.57,0,0.0,10.22,61.64,Argentina,Argentina,right,195,83,yes,8.4,4.76,47.06,4.34,67.74,0.56,0.88,0.98,5.6,8.82,1.68,3,0.42,0,0.0,0.14,0.0,0,0.0,0.08,0,0.0,2,0.28,50.0,0.0,0.0,0.0,0.0,0.0,0.0,0.0,0.0,0.0,0.0,0.0,0.14,100.0,0.98,0.84,0.0,23.51,0.0,0.42,39.47,84.04,19.46,76.26,1.54,90.91,15.12,92.59,32.89,90.64,6.58,51.06,19.92,29.81,0.0,0.0,0.0,0.14,0.0,0.0,0.0,5.18,62.16,0.28,0.0,0.14,100.0,0.0,0.0,8.96,71.88,0,,0,,0,0.0,0.0,0.0,,,1.26,,,0.0,0.0,0.0,0.0,0,0.0
Lucas Ellington,Team 8,Team 8,"RAMF, RW, LWF",21,300000,2027-12-31,5,60,0,0.18,0,0.0,19.5,23.08,Wales,Wales,right,178,72,yes,3.0,0.0,0.0,4.5,0.0,0.0,0.0,0.0,3.0,8.57,0.0,1,1.5,0,0.0,3.0,0.0,0,0.0,0.27,0,0.0,4,6.0,25.0,0.0,0.0,4.5,0.0,0.0,0.0,4.5,0.0,3.0,9.0,16.67,12.0,12.5,1.5,1.5,0.0,15.0,1.5,3.0,16.5,45.45,6.0,25.0,0.0,0.0,9.0,50.0,9.0,66.67,3.0,50.0,16.99,3.99,0.0,0.0,1.5,0.0,0.0,0.0,0.0,1.5,100.0,7.5,20.0,1.5,100.0,1.5,0.0,4.5,100.0,0,,0,,0,0.0,0.0,0.0,,,0.0,,,1.5,1.5,0.0,0.0,0,0.0
Emil Beaumont,Team 8,Team 8,RAMF,26,350000,2027-06-30,1,14,0,0.0,0,0.06,,,Cameroon,Cameroon,right,176,67,yes,,,,,,,0.0,,,90.0,,0,,0,,,,0,,,0,,0,,,0.0,,,,,,,,,,,,,,,,,,,,,,,,,,,,,,,6.9,0.0,,,,,,,,,,,,,,,,,,0,,0,,0,0.0,0.0,,,,,,,,,,,0,0.0
Owen Winterbottom,Team 8,Team 8,"RAMF, RCMF",19,300000,2027-01-31,4,75,0,0.0,0,0.0,18.0,53.33,Albania,Albania,right,178,70,yes,8.4,8.4,57.14,3.6,33.33,1.2,2.5,0.0,2.4,5.0,1.2,0,0.0,0,0.0,2.4,0.0,0,0.0,0.0,0,0.0,0,0.0,0.0,0.0,0.0,1.2,0.0,0.0,0.0,1.2,0.0,0.0,3.6,66.67,3.6,66.67,1.2,1.2,1.2,15.6,0.0,1.2,24.0,80.0,2.4,0.0,3.6,100.0,12.0,80.0,20.4,88.24,3.6,33.33,24.78,26.46,0.0,0.0,0.0,0.0,0.0,0.0,1.2,3.6,66.67,2.4,0.0,1.2,100.0,0.0,0.0,4.8,75.0,0,,0,,0,0.0,0.0,0.0,,,0.0,,,0.0,0.0,0.0,0.0,0,0.0
Nathan Kitteridge,Team 8,Team 8,"LW, RW",21,250000,,2,72,0,0.0,1,0.03,10.0,50.0,Germany,Germany,right,179,69,yes,7.5,2.5,50.0,5.0,50.0,0.0,0.0,0.0,6.25,7.89,0.0,0,0.0,0,0.0,0.0,0.0,0,0.0,0.0,0,0.0,0,0.0,0.0,0.0,1.25,0.0,0.0,0.0,0.0,0.0,0.0,0.0,0.0,0.0,2.5,50.0,1.25,0.0,1.25,10.0,0.0,1.25,12.5,90.0,5.0,75.0,3.75,100.0,1.25,100.0,12.5,90.0,0.0,0.0,17.53,0.0,0.03,1.25,0.0,0.0,0.0,0.0,1.25,1.25,100.0,0.0,0.0,0.0,0.0,0.0,0.0,2.5,50.0,0,,0,,0,0.0,0.0,0.0,,,0.0,,,0.0,0.0,0.0,0.0,0,0.0
Alexander Montague,Team 8,Team 8,"LAMF, LW",21,200000,,18,844,2,1.78,0,0.41,15.14,50.0,Belgium,Belgium,right,175,70,yes,3.41,4.16,53.85,1.07,10.0,0.0,0.0,0.0,1.17,1.76,0.64,2,0.21,0,0.0,2.67,0.21,2,0.21,0.19,0,0.0,16,1.71,25.0,12.5,0.0,1.81,29.41,1.49,35.71,0.32,0.0,0.11,3.73,45.71,8.64,54.32,2.77,3.95,0.32,15.89,1.81,2.56,20.37,77.49,4.37,65.85,6.5,85.25,4.48,80.95,17.81,83.23,0.75,57.14,18.2,18.17,0.04,0.43,0.21,0.0,0.21,0.0,0.11,1.6,86.67,1.17,54.55,0.32,33.33,0.32,0.64,2.56,70.83,0,,0,,0,0.0,0.0,0.0,,,0.11,,,0.11,0.0,0.0,0.0,0,0.0
Graham Barton,Team 8,Team 8,"RAMF, RW",19,200000,2026-11-30,20,1580,3,2.56,3,2.02,12.76,38.84,Hungary,Hungary,right,179,73,yes,2.45,2.62,43.48,1.08,26.32,0.0,0.0,0.0,1.31,1.73,0.51,2,0.11,0,0.0,2.45,0.17,3,0.17,0.15,1,0.06,21,1.2,33.33,14.286,0.17,1.31,30.43,0.28,20.0,1.03,33.33,0.17,3.87,42.65,7.58,42.11,2.56,2.45,0.11,16.41,2.11,1.59,20.22,78.03,4.56,68.75,5.24,90.22,5.53,70.1,18.51,83.08,0.46,12.5,15.21,12.05,0.11,1.37,0.11,0.06,0.06,0.0,0.51,1.54,48.15,1.54,59.26,0.11,0.0,1.08,0.4,2.28,60.0,0,,0,,0,0.0,0.0,0.0,,,0.0,,,0.17,0.0,0.0,0.28,0,0.0
Zachary Kitteridge,Team 8,Team 8,"RCMF, LDMF, RDMF",21,175000,2027-12-31,16,966,2,1.32,0,0.04,13.32,53.85,Switzerland,Switzerland,right,184,75,yes,7.64,6.24,47.76,3.45,81.08,1.21,1.79,0.37,3.45,5.09,1.21,6,0.56,0,0.0,0.65,0.19,2,0.19,0.12,1,0.09,6,0.56,50.0,33.333,0.0,0.37,25.0,0.19,50.0,0.19,0.0,0.0,0.65,42.86,2.8,40.0,0.75,0.65,0.0,26.09,0.0,0.75,37.73,82.47,10.53,69.91,5.87,95.24,15.09,86.42,33.63,86.43,3.73,52.5,19.14,35.99,0.0,0.19,0.0,0.09,0.09,0.0,0.0,5.4,68.97,0.84,44.44,0.28,0.0,0.37,0.0,5.78,64.52,0,,0,,0,0.0,0.0,0.0,,,0.47,,,0.0,0.0,0.0,0.0,0,0.0
Adrian Faulkner,Team 8,Team 8,"RCB, RB",21,175000,2027-12-31,4,325,0,0.04,0,0.0,8.58,61.29,Paraguay,Paraguay,right,189,75,yes,8.03,4.15,60.0,2.49,77.78,0.28,0.48,1.38,5.26,9.19,1.11,1,0.28,0,0.0,0.28,0.0,0,0.0,0.01,0,0.0,1,0.28,100.0,0.0,0.0,0.0,0.0,0.0,0.0,0.0,0.0,0.0,0.0,0.0,0.83,66.67,0.28,0.28,0.0,29.63,0.28,0.55,44.31,88.75,22.43,82.72,1.66,100.0,17.45,93.65,36.55,94.7,7.75,60.71,23.25,44.04,0.0,0.0,0.0,0.0,0.0,0.0,0.0,6.37,78.26,0.0,0.0,0.0,0.0,0.0,0.0,13.02,80.85,0,,0,,0,0.0,0.0,0.0,,,1.11,,,0.0,0.0,0.0,0.0,0,0.0
Caleb Oakley,Team 8,Team 8,LCB,23,200000,2027-03-31,4,370,0,0.41,0,0.0,10.22,61.9,Hungary,Hungary,right,193,84,yes,5.84,1.95,62.5,3.89,56.25,0.0,0.0,0.49,4.62,5.59,0.24,0,0.0,0,0.0,1.22,0.0,0,0.0,0.1,0,0.0,1,0.24,0.0,0.0,0.0,0.0,0.0,0.0,0.0,0.0,0.0,0.0,1.22,100.0,3.65,60.0,0.24,0.73,0.49,18.0,0.49,0.97,28.7,79.66,10.22,52.38,1.46,83.33,13.86,96.49,26.03,83.18,2.68,45.45,19.09,39.47,0.0,0.0,0.0,0.0,0.24,0.0,0.0,3.65,53.33,0.73,0.0,0.24,0.0,0.0,0.0,4.14,35.29,0,,0,,0,0.0,0.0,0.0,,,0.49,,,0.0,0.0,0.0,0.0,0,0.0
Florian Barton,Team 8,Team 8,LB,25,250000,2026-11-30,17,1471,1,1.21,1,0.46,20.37,53.75,France,France,left,177,70,yes,11.07,9.42,53.25,3.18,69.23,0.67,0.92,0.31,5.38,7.37,2.02,9,0.55,0,0.0,2.14,0.06,1,0.06,0.07,0,0.0,9,0.55,44.44,11.111,0.06,2.63,16.28,2.63,16.28,0.0,0.0,0.18,2.51,58.54,5.81,45.26,1.16,1.71,0.18,22.64,1.28,2.08,30.47,69.48,14.68,64.17,2.69,88.64,8.87,73.1,23.98,78.32,3.92,51.56,19.94,36.33,0.03,0.43,0.0,0.0,0.0,0.0,0.12,5.08,61.45,2.45,25.0,0.18,66.67,0.31,0.37,7.4,60.33,0,,0,,0,0.0,0.0,0.0,,,0.06,,,0.55,0.0,0.0,0.06,0,0.0
Rowan Kren,Team 8,Team 8,LCB,25,200000,2026-12-31,7,475,0,0.0,0,0.0,9.47,64.0,Netherlands,Netherlands,right,185,75,yes,7.39,4.36,65.22,3.41,72.22,0.0,0.0,0.57,4.55,6.92,0.38,0,0.0,0,0.0,0.0,0.0,0,0.0,0.0,0,0.0,0,0.0,0.0,0.0,0.0,0.0,0.0,0.0,0.0,0.0,0.0,0.0,0.0,0.0,0.19,100.0,0.0,0.57,0.0,25.77,0.0,0.19,39.03,89.32,11.94,84.13,2.84,93.33,19.33,93.14,36.19,92.15,2.84,53.33,18.25,26.1,0.0,0.0,0.0,0.0,0.0,0.0,0.0,0.95,40.0,0.0,0.0,0.0,0.0,0.0,0.0,3.22,41.18,0,,0,,0,0.0,0.0,0.0,,,1.71,,,0.0,0.0,0.0,0.0,0,0.0
Dara Pendleton,Team 2,Team 2,CF,33,2000000,2026-12-31,18,1300,3,3.66,1,0.46,12.39,35.75,United States,United States,left,180,76,yes,2.77,1.52,54.55,4.15,31.67,0.07,0.11,0.14,1.87,2.84,0.48,2,0.14,0,0.0,1.66,0.21,3,0.21,0.25,1,0.07,27,1.87,55.56,11.111,0.07,0.83,16.67,0.55,12.5,0.28,25.0,0.0,1.18,41.18,5.19,30.67,2.35,0.48,0.0,7.13,0.48,1.38,11.77,68.24,2.77,42.5,4.02,87.93,2.49,66.67,10.59,73.2,0.35,40.0,15.12,8.58,0.03,0.35,0.0,0.0,0.0,0.0,0.21,0.83,33.33,1.25,33.33,0.07,0.0,0.48,0.28,1.25,22.22,0,,0,,0,0.0,0.0,0.0,,,0.07,,,0.0,0.0,0.0,0.0,0,0.0
Owen Kitteridge,Team 2,Team 2,"LCB, CB",32,1200000,2027-11-30,2,205,0,0.0,0,0.0,4.83,54.55,Colombia,Colombia,left,185,77,yes,5.71,0.44,0.0,1.32,33.33,0.0,0.0,0.88,5.71,6.72,0.44,0,0.0,0,0.0,0.44,0.0,0,0.0,0.0,0,0.0,0,0.0,0.0,0.0,0.0,0.44,100.0,0.44,100.0,0.0,0.0,0.0,0.0,0.0,1.76,75.0,0.0,1.76,0.0,34.68,0.44,0.88,45.66,90.38,18.88,81.4,2.63,100.0,22.39,98.04,38.63,95.45,7.02,62.5,23.62,42.63,0.0,0.0,0.0,0.0,0.0,0.0,0.0,4.83,72.73,0.0,0.0,0.0,0.0,0.0,0.0,8.34,78.95,0,,0,,0,0.0,0.0,0.0,,,2.63,,,0.0,0.0,0.0,0.0,0,0.0
Liam Vance,Team 2,Team 2,RCB,31,1000000,2026-11-30,10,898,1,0.63,0,0.06,13.53,64.44,Georgia,Georgia,right,188,78,yes,8.02,4.81,70.83,5.51,60.0,0.6,0.94,0.3,4.01,6.25,0.9,3,0.3,0,0.0,0.4,0.1,1,0.1,0.06,1,0.1,5,0.5,60.0,20.0,0.0,0.0,0.0,0.0,0.0,0.0,0.0,0.0,0.2,50.0,1.6,75.0,0.9,0.6,0.0,37.48,0.3,1.4,51.11,90.98,19.74,83.25,1.5,93.33,24.05,97.5,47.71,93.91,3.41,50.0,20.0,36.41,0.01,0.1,0.0,0.0,0.0,0.0,0.0,5.41,79.63,0.0,0.0,0.0,0.0,0.0,0.0,8.92,74.16,0,,0,,0,0.0,0.0,0.0,,,1.1,,,0.0,0.0,0.0,0.0,0,0.0
Henry Thornton,Team 2,Team 2,LB,32,800000,2026-11-30,15,1239,0,0.0,1,1.15,13.29,59.02,Iceland,Iceland,left,181,70,yes,7.12,6.39,52.27,2.62,72.22,0.22,0.31,0.15,3.56,5.14,1.67,2,0.15,0,0.0,2.25,0.0,0,0.0,0.0,0,0.0,1,0.07,0.0,0.0,0.07,3.85,32.08,3.85,32.08,0.0,0.0,0.22,1.31,77.78,3.12,60.47,0.44,0.87,0.07,29.64,2.11,0.73,40.61,76.21,16.27,69.2,6.9,96.84,12.06,72.29,31.45,87.53,5.67,43.59,20.96,42.0,0.08,0.8,0.0,0.0,0.0,0.0,0.51,5.67,60.26,4.14,35.09,0.29,25.0,0.58,1.16,8.79,68.6,0,,0,,0,0.0,0.0,0.0,,,1.23,,,0.07,0.0,0.0,0.0,0,0.0
Arthur Yardley,Team 2,Team 2,"RW, LW, RWF",30,700000,2026-12-31,4,382,0,0.37,0,0.44,6.13,50.0,Romania,"Romania, Italy",right,178,75,yes,1.88,1.65,28.57,1.18,20.0,0.0,0.0,0.0,1.41,2.05,0.47,0,0.0,0,0.0,1.88,0.0,0,0.0,0.09,0,0.0,7,1.65,71.43,0.0,0.0,0.94,25.0,0.47,50.0,0.47,0.0,0.0,0.94,50.0,3.06,69.23,2.36,0.24,0.0,12.02,1.41,1.41,14.61,77.42,4.01,58.82,3.77,100.0,3.77,75.0,12.72,83.33,0.94,50.0,15.24,19.19,0.1,0.94,0.0,0.0,0.0,0.0,0.0,1.41,66.67,1.18,20.0,0.0,0.0,0.0,0.47,2.36,70.0,0,,0,,0,0.0,0.0,0.0,,,0.0,,,0.94,0.0,0.0,2.12,0,0.0
Simon Yardley,Team 2,Team 2,RB,27,600000,,9,660,0,0.35,0,0.34,12.0,60.23,Colombia,Colombia,right,179,73,yes,6.0,4.77,42.86,2.05,93.33,0.14,0.2,0.0,3.82,5.68,1.5,2,0.27,0,0.0,2.59,0.0,0,0.0,0.05,0,0.0,5,0.68,80.0,0.0,0.0,3.55,19.23,0.0,0.0,3.41,16.0,0.41,1.77,76.92,3.27,66.67,1.23,1.09,0.14,32.05,2.45,1.23,42.41,80.06,14.59,75.7,7.91,93.1,12.95,76.84,35.05,89.49,4.36,46.88,19.78,37.72,0.05,0.55,0.0,0.14,0.0,0.0,0.27,5.18,71.05,2.59,21.05,0.14,0.0,0.27,0.55,8.05,72.88,0,,0,,0,0.0,0.0,0.0,,,0.55,,,0.14,0.0,0.0,0.41,0,0.0
Viktor Brecken,Team 2,Team 2,"LCB, RCB",31,500000,2026-11-30,7,496,1,0.51,0,0.08,12.16,49.25,United States,United States,right,184,75,yes,6.17,4.35,58.33,4.35,45.83,0.36,0.64,0.18,3.27,5.74,0.91,0,0.0,1,0.18,0.18,0.18,1,0.18,0.09,0,0.0,4,0.73,25.0,25.0,0.0,0.0,0.0,0.0,0.0,0.0,0.0,0.0,0.18,0.0,2.36,23.08,0.91,2.36,0.0,39.74,0.91,0.36,52.98,88.36,21.41,79.66,3.27,83.33,23.04,96.06,47.18,92.69,5.81,53.13,19.71,35.53,0.01,0.18,0.0,0.0,0.0,0.0,0.0,7.98,75.0,0.73,25.0,0.54,0.0,0.18,0.0,9.8,77.78,0,,0,,0,0.0,0.0,0.0,,,1.63,,,0.0,0.0,0.0,0.0,0,0.0
Finnegan Huntington,Team 2,Team 2,"CF, RW",25,400000,2026-12-31,12,527,2,2.37,1,0.15,19.81,43.1,Senegal,Senegal,right,180,74,yes,5.46,4.1,41.67,6.49,31.58,0.34,0.58,0.17,3.42,5.77,2.9,2,0.34,0,0.0,2.22,0.34,2,0.34,0.4,1,0.17,12,2.05,66.67,16.667,0.17,1.37,12.5,0.17,0.0,1.2,14.29,0.0,1.2,57.14,6.32,62.16,2.9,1.88,0.17,11.61,1.37,2.39,15.03,77.27,2.56,66.67,3.42,85.0,3.93,82.61,12.98,85.53,0.85,40.0,16.63,17.2,0.03,0.34,0.0,0.17,0.0,0.0,0.51,0.68,75.0,1.02,33.33,0.0,0.0,0.34,0.17,0.85,100.0,0,,0,,0,0.0,0.0,0.0,,,0.0,,,0.0,0.0,0.0,0.0,0,0.0
Leo Dunmore,Team 2,Team 2,"LCMF, AMF, RCMF",35,350000,2026-11-30,8,409,1,0.32,0,0.62,7.26,39.39,Belgium,Belgium,right,173,72,yes,2.2,2.42,27.27,0.22,0.0,0.0,0.0,0.0,1.54,2.28,1.1,1,0.22,0,0.0,1.1,0.22,1,0.22,0.07,0,0.0,4,0.88,75.0,25.0,0.0,1.1,0.0,0.66,0.0,0.44,0.0,0.22,0.66,66.67,2.86,53.85,2.86,2.64,0.44,29.93,0.66,0.88,38.07,85.55,9.24,73.81,6.82,96.77,12.54,94.74,35.43,88.2,1.54,85.71,15.37,23.66,0.14,1.32,0.0,0.0,0.22,0.0,0.44,4.4,90.0,1.76,62.5,0.22,0.0,1.76,0.0,4.84,77.27,0,,0,,0,0.0,0.0,0.0,,,0.0,,,0.0,0.0,0.0,1.32,0,0.0
Dorian Whitmore,Team 2,Team 2,"RCMF, LCMF",29,300000,2026-11-30,10,701,0,1.19,0,1.39,12.97,48.51,Brazil,Brazil,right,174,72,yes,5.52,5.01,51.28,0.77,50.0,0.0,0.0,0.26,2.95,4.42,1.28,1,0.13,0,0.0,1.16,0.0,0,0.0,0.15,0,0.0,8,1.03,25.0,0.0,0.0,2.18,17.65,0.64,20.0,1.54,16.67,0.39,0.26,100.0,5.14,50.0,1.8,0.9,0.26,29.27,1.28,1.41,38.77,79.8,15.66,74.59,6.42,96.0,11.04,77.91,32.48,86.96,4.24,54.55,16.8,32.05,0.18,1.67,0.0,0.0,0.26,100.0,0.77,6.16,72.92,4.37,41.18,0.64,40.0,1.41,0.51,5.65,86.36,0,,0,,0,0.0,0.0,0.0,,,0.26,,,1.03,0.13,0.0,2.31,0,0.0
Nikolai Winslow,Team 2,Team 2,"DMF, LCMF",36,300000,2026-11-30,11,684,0,1.03,0,0.02,15.39,60.68,Ecuador,Ecuador,right,184,74,yes,8.68,7.11,66.67,1.58,58.33,0.26,0.4,0.26,3.68,5.56,2.11,1,0.13,0,0.0,1.05,0.0,0,0.0,0.14,0,0.0,7,0.92,14.29,0.0,0.0,0.66,60.0,0.13,0.0,0.39,66.67,0.0,0.53,100.0,4.47,50.0,1.18,1.05,0.13,39.74,0.53,1.18,53.16,87.87,15.92,80.99,7.63,93.1,21.32,94.44,50.39,90.34,2.11,37.5,16.95,24.11,0.0,0.13,0.13,0.0,0.0,0.0,0.0,6.97,79.25,1.18,44.44,0.13,0.0,0.26,0.39,5.39,63.41,0,,0,,0,0.0,0.0,0.0,,,0.66,,,0.0,0.0,0.0,0.0,0,0.0
Emil Calder,Team 2,Team 2,"LCB, RCB",36,300000,2026-11-30,7,682,0,0.0,0,0.0,4.75,61.11,Poland,"Poland, Germany",right,181,82,yes,6.33,1.32,50.0,1.58,66.67,0.13,0.17,0.66,5.54,7.2,0.53,1,0.13,0,0.0,0.0,0.0,0,0.0,0.0,0,0.0,0,0.0,0.0,0.0,0.0,0.13,0.0,0.13,0.0,0.0,0.0,0.0,0.0,0.0,0.79,66.67,0.0,0.53,0.0,36.16,0.0,0.66,47.11,94.96,15.04,90.35,1.98,100.0,27.32,98.55,42.76,97.84,4.22,68.75,21.48,39.64,0.0,0.0,0.13,0.0,0.0,0.0,0.0,5.01,76.32,0.13,0.0,0.0,0.0,0.0,0.0,2.77,66.67,0,,0,,0,0.0,0.0,0.0,,,1.85,,,0.0,0.0,0.0,0.0,0,0.0
Alastair Talbot,Team 2,Team 2,RCB,33,300000,2026-11-30,7,653,0,1.22,0,0.38,10.34,70.67,Hungary,Hungary,right,190,84,yes,7.03,3.45,64.0,4.27,80.65,0.0,0.0,1.38,4.82,7.09,0.69,0,0.0,0,0.0,0.0,0.0,0,0.0,0.17,0,0.0,3,0.41,0.0,0.0,0.0,0.14,0.0,0.0,0.0,0.14,0.0,0.0,0.0,0.0,0.83,66.67,0.96,0.41,0.0,45.34,0.41,1.24,59.13,91.14,20.81,82.12,4.13,96.67,29.63,96.74,53.34,95.35,5.65,53.66,21.13,39.49,0.05,0.41,0.0,0.0,0.0,0.0,0.41,5.93,74.42,0.41,33.33,0.28,50.0,0.55,0.0,6.48,72.34,0,,0,,0,0.0,0.0,0.0,,,3.31,,,0.0,0.0,0.0,0.0,0,0.0
Anton Kessler,Team 2,Team 2,LWB,27,275000,2026-11-30,1,33,0,0.0,0,0.0,,,France,France,left,176,69,yes,,,,,,,0.0,,,2.5,,0,,0,,,,0,,,0,,0,,,0.0,,,,,,,,,,,,,,,,,,,,,,,,,,,,,,,15.01,52.66,,,,,,,,,,,,,,,,,,0,,0,,0,0.0,0.0,,,,,,,,,,,0,0.0
Arthur Underwood,Team 2,Team 2,"CF, LW",39,250000,2026-11-30,15,691,1,2.33,2,1.18,11.98,39.13,Finland,Finland,right,171,78,yes,4.04,2.6,50.0,2.47,21.05,0.13,0.24,0.0,2.6,4.8,1.3,1,0.13,0,0.0,0.78,0.13,0,0.0,0.3,0,0.0,17,2.21,11.76,5.882,0.26,0.39,33.33,0.39,33.33,0.0,0.0,0.0,1.04,37.5,5.34,43.9,3.52,0.0,0.0,15.24,1.3,1.82,17.19,86.36,4.3,78.79,3.91,93.33,3.13,95.83,15.63,87.5,1.3,90.0,15.15,17.96,0.15,0.52,0.0,0.0,0.0,0.0,0.52,3.0,82.61,0.52,25.0,0.0,0.0,0.65,0.0,1.69,92.31,0,,0,,0,0.0,0.0,0.0,,,0.0,,,0.13,0.13,100.0,0.39,1,100.0
Dorian Stafford,Team 2,Team 2,RB,32,250000,2026-12-31,9,728,0,0.26,0,0.26,15.08,53.28,Colombia,"Colombia, Germany",right,184,82,yes,6.43,4.33,62.86,4.2,58.82,0.12,0.17,0.37,3.59,5.03,0.74,3,0.37,0,0.0,0.87,0.0,0,0.0,0.03,0,0.0,2,0.25,50.0,0.0,0.0,1.36,18.18,0.0,0.0,1.36,18.18,0.25,0.87,57.14,4.82,46.15,1.48,1.24,0.12,27.57,2.6,1.61,34.74,81.14,11.99,72.16,8.04,90.77,7.79,82.54,30.04,88.07,3.34,44.44,19.48,34.68,0.03,0.74,0.12,0.12,0.0,0.0,0.25,3.09,52.0,1.36,36.36,0.12,0.0,0.49,0.37,3.96,62.5,0,,0,,0,0.0,0.0,0.0,,,1.36,,,0.0,0.0,0.0,0.0,0,0.0
Damian Thorne,Team 2,Team 2,"RCMF, RDMF, LCMF",29,225000,2026-11-30,6,358,0,0.35,0,0.46,13.83,45.45,Spain,"Spain, Italy",right,176,69,yes,5.53,4.53,50.0,1.01,25.0,0.25,0.43,0.0,3.02,5.22,1.76,1,0.25,0,0.0,2.77,0.0,0,0.0,0.09,0,0.0,11,2.77,54.55,0.0,0.0,1.26,20.0,0.0,0.0,0.75,0.0,0.5,1.26,60.0,6.54,46.15,0.75,1.76,0.0,48.27,0.25,2.26,62.35,83.06,19.11,64.47,10.06,95.0,22.88,87.91,54.3,91.67,6.79,25.93,19.07,37.96,0.12,1.26,0.0,0.0,0.75,33.33,0.25,10.56,61.9,5.28,28.57,3.27,23.08,1.26,0.25,8.3,78.79,0,,0,,0,0.0,0.0,0.0,,,0.75,,,1.51,0.75,66.67,2.26,0,0.0
Quinn Chamberlain,Team 2,Team 2,"LW, RW, LWF",24,200000,2027-12-31,14,920,1,1.88,1,0.73,13.79,44.68,Nigeria,Nigeria,left,182,74,yes,4.3,3.82,48.72,2.25,39.13,0.0,0.0,0.0,2.45,3.61,0.78,0,0.0,0,0.0,3.33,0.1,1,0.1,0.18,1,0.1,17,1.66,29.41,5.882,0.1,3.13,37.5,1.96,35.0,1.17,41.67,0.2,3.23,51.52,6.16,47.62,2.35,1.47,0.2,21.52,2.45,0.88,25.24,74.81,5.28,59.26,5.58,91.23,8.61,70.45,21.13,81.48,1.17,58.33,16.92,25.19,0.07,0.59,0.0,0.1,0.0,0.0,0.29,2.54,69.23,3.23,45.45,0.1,100.0,0.78,0.98,3.82,84.62,0,,0,,0,0.0,0.0,0.0,,,0.2,,,0.0,0.0,0.0,0.1,0,0.0
Dominic Drayton,Team 2,Team 2,DMF,33,100000,2026-11-30,7,290,0,0.14,0,0.0,8.69,64.29,Cameroon,Cameroon,right,181,80,yes,6.21,3.72,58.33,2.48,75.0,0.31,0.38,0.62,3.72,4.56,1.24,1,0.31,0,0.0,0.31,0.0,0,0.0,0.04,0,0.0,2,0.62,50.0,0.0,0.0,0.0,0.0,0.0,0.0,0.0,0.0,0.0,0.31,0.0,1.55,60.0,0.31,0.62,0.0,34.76,0.31,0.31,46.55,82.67,15.21,63.27,5.9,100.0,19.86,93.75,40.66,88.55,5.9,42.11,19.66,25.61,0.0,0.0,0.0,0.0,0.0,0.0,0.0,5.9,42.11,0.31,100.0,0.31,0.0,0.31,0.0,4.66,46.67,0,,0,,0,0.0,0.0,0.0,,,0.62,,,0.0,0.0,0.0,0.0,0,0.0
Rowan Somerset,Team 2,Team 2,"LW, RW",19,350000,,1,30,0,0.0,0,0.0,,,Wales,Wales,right,175,71,yes,,,,,,,0.0,,,3.75,,0,,0,,,,0,,,0,,0,,,0.0,,,,,,,,,,,,,,,,,,,,,,,,,,,,,,,10.54,0.0,,,,,,,,,,,,,,,,,,0,,0,,0,0.0,0.0,,,,,,,,,,,0,0.0
Milo Underwood,Team 2,Team 2,"RCMF, LCMF, DMF",20,300000,2027-12-31,3,204,0,0.04,0,0.01,15.44,45.71,Iceland,"Iceland, France",right,181,77,yes,5.74,7.06,50.0,0.44,0.0,0.0,0.0,0.88,2.21,3.0,2.21,1,0.44,0,0.0,0.88,0.0,0,0.0,0.02,0,0.0,2,0.88,0.0,0.0,0.0,0.88,0.0,0.0,0.0,0.0,0.0,0.0,1.76,50.0,4.85,63.64,0.88,0.44,0.0,26.91,0.44,2.21,34.41,88.46,14.56,75.76,2.65,100.0,13.68,96.77,31.32,91.55,2.21,80.0,17.58,22.38,0.01,0.44,0.0,0.0,0.0,0.0,0.0,7.5,88.24,0.88,50.0,0.0,0.0,0.0,0.0,4.85,100.0,0,,0,,0,0.0,0.0,0.0,,,0.44,,,0.44,0.0,0.0,0.44,0,0.0
Leon Kingsbury,Team 2,Team 2,"LW, RW",22,250000,2027-12-31,10,606,0,0.69,0,0.37,26.58,49.72,Greece,Greece,right,178,71,yes,5.35,5.79,41.03,0.89,33.33,0.15,0.27,0.0,2.82,5.09,1.93,2,0.3,0,0.0,7.57,0.0,0,0.0,0.1,0,0.0,19,2.82,47.37,0.0,0.0,4.31,13.79,3.56,16.67,0.74,0.0,0.45,9.36,60.32,18.42,53.23,2.67,4.01,0.45,17.38,2.38,4.01,23.91,68.32,5.64,47.37,5.94,95.0,8.32,60.71,18.56,81.6,1.49,40.0,18.36,23.01,0.05,0.74,0.15,0.0,0.0,0.0,0.0,2.67,50.0,4.31,20.69,0.15,100.0,0.59,0.89,2.82,73.68,0,,0,,0,0.0,0.0,0.0,,,0.15,,,0.59,0.0,0.0,0.89,0,0.0
Tobias Vanderveer,Team 2,Team 2,"LCMF, RCMF",20,300000,2028-12-31,15,776,0,0.28,0,0.46,18.67,50.31,Poland,Poland,right,177,71,yes,6.15,6.15,50.94,2.09,33.33,0.35,0.54,0.7,2.67,4.11,2.2,1,0.12,0,0.0,1.28,0.0,0,0.0,0.03,0,0.0,5,0.58,0.0,0.0,0.0,0.93,25.0,0.46,25.0,0.35,0.0,0.12,1.62,57.14,8.93,53.25,0.7,1.86,0.35,26.56,0.81,3.02,33.63,84.83,10.32,76.4,6.84,89.83,10.9,90.43,31.2,88.1,1.51,53.85,18.0,22.47,0.05,0.46,0.0,0.0,0.12,100.0,0.35,3.83,84.85,1.62,64.29,0.12,100.0,0.58,0.35,4.99,81.4,0,,0,,0,0.0,0.0,0.0,,,0.23,,,0.0,0.0,0.0,0.0,0,0.0
Simon Norwood,Team 2,Team 2,"LCMF, RCMF",25,300000,2026-11-30,2,28,0,0.0,0,0.0,,,Ukraine,Ukraine,right,182,74,yes,,,,,,,7.5,,,7.5,,0,,0,,,,0,,,0,,0,,,0.0,,,,,,,,,,,,,,,,,,,,,,,,,,,,,,,6.68,0.0,,,,,,,,,,,,,,,,,,0,,0,,0,0.0,0.0,,,,,,,,,,,0,0.0
Elias Ellington,Team 2,Team 2,RB,24,250000,2027-12-31,11,834,0,0.07,0,0.43,9.17,44.71,Colombia,"Colombia, Germany",right,179,66,yes,5.18,4.21,46.15,2.16,55.0,0.0,0.0,0.32,3.24,4.86,0.97,0,0.0,0,0.0,1.19,0.0,0,0.0,0.01,0,0.0,3,0.32,0.0,0.0,0.0,3.45,25.0,0.11,0.0,3.35,25.81,0.54,0.32,100.0,2.16,35.0,0.97,0.97,0.22,29.14,2.7,0.32,34.96,76.23,11.01,67.65,7.77,91.67,9.17,71.76,27.52,86.27,4.21,51.28,19.75,35.43,0.05,0.43,0.0,0.0,0.0,0.0,0.32,3.78,60.0,2.91,37.04,0.43,50.0,0.32,0.97,7.45,60.87,0,,0,,0,0.0,0.0,0.0,,,0.65,,,0.11,0.0,0.0,0.0,0,0.0
Owen Ingram,Team 2,Team 2,LCB,22,400000,2026-12-31,12,1139,0,0.43,0,0.0,11.77,56.38,England,England,right,183,81,yes,6.32,3.63,52.17,4.11,65.38,0.32,0.52,1.19,4.11,6.7,1.66,6,0.47,0,0.0,0.24,0.0,0,0.0,0.03,0,0.0,4,0.32,25.0,0.0,0.0,0.08,100.0,0.0,0.0,0.08,100.0,0.0,0.08,100.0,1.58,45.0,0.47,0.79,0.0,36.43,0.4,0.71,49.54,93.78,16.67,86.26,2.69,97.06,27.02,97.95,46.54,96.26,2.92,54.05,20.85,35.7,0.0,0.08,0.0,0.0,0.0,0.0,0.0,5.61,83.1,0.08,0.0,0.0,0.0,0.0,0.0,7.11,78.89,0,,0,,0,0.0,0.0,0.0,,,1.82,,,0.0,0.0,0.0,0.0,0,0.0
Ruben Lansbury,Team 2,Team 2,"DMF, RCMF",23,175000,2027-12-31,19,1390,1,1.08,1,0.46,11.14,52.91,Greece,"Greece, France",right,174,72,yes,6.54,4.99,54.55,2.46,42.11,0.32,0.5,0.45,3.5,5.42,1.17,3,0.19,0,0.0,1.17,0.06,1,0.06,0.07,1,0.06,20,1.29,20.0,5.0,0.06,0.78,50.0,0.19,66.67,0.52,37.5,0.26,0.65,80.0,2.59,60.0,1.04,0.52,0.13,23.5,0.39,0.65,34.12,82.54,9.78,70.86,4.73,90.41,14.7,89.87,28.75,85.36,4.6,70.42,19.63,36.61,0.03,0.45,0.0,0.0,0.06,0.0,0.26,4.86,77.33,1.29,70.0,0.26,25.0,0.78,0.39,4.99,68.83,0,,0,,0,0.0,0.0,0.0,,,0.39,,,0.0,0.0,0.0,0.06,0,0.0
Julian Mercer,Team 2,Team 2,"RW, RCMF",23,200000,2026-12-31,18,1286,3,2.6,3,3.66,10.92,41.67,Albania,Albania,left,165,60,yes,4.48,3.78,51.85,0.35,20.0,0.21,0.31,0.0,2.31,3.41,0.63,3,0.21,0,0.0,3.08,0.21,3,0.21,0.18,0,0.0,28,1.96,42.86,10.714,0.21,2.1,40.0,0.21,33.33,1.89,40.74,0.28,2.73,51.28,5.74,39.02,2.24,2.31,0.21,30.09,2.31,0.84,37.65,84.39,9.24,75.0,9.1,93.08,13.3,86.32,33.45,87.87,2.38,73.53,18.78,39.08,0.26,2.03,0.0,0.0,0.07,0.0,0.63,3.64,73.08,3.08,56.82,0.07,0.0,1.33,0.98,5.88,85.71,0,,0,,0,0.0,0.0,0.0,,,0.21,,,0.84,0.21,66.67,2.17,0,0.0
Marcus Sinclair,Team 2,Team 2,GK,28,300000,2026-11-30,1,98,0,0.0,0,0.0,0.0,0.0,Mexico,"Mexico, Portugal",right,194,83,yes,1.84,0.0,0.0,0.0,0.0,0.0,0.0,0.0,1.84,2.73,0.0,0,0.0,0,0.0,0.0,0.0,0,0.0,0.0,0,0.0,0,0.0,0.0,0.0,0.0,0.0,0.0,0.0,0.0,0.0,0.0,0.0,0.0,0.0,0.0,0.0,0.0,0.0,0.0,17.45,0.92,0.0,24.8,81.48,12.86,64.29,0.0,0.0,11.02,100.0,19.29,95.24,5.51,33.33,26.69,48.96,0.0,0.0,0.0,0.0,0.0,0.0,0.0,0.92,0.0,0.0,0.0,0.0,0.0,0.0,0.0,2.76,33.33,1,0.92,3,2.76,0,66.67,1.28,1.17,0.28,0.257,0.0,3.67,0.0,,,,0.0,0,0.0
Matthias Mercer,Team 2,Team 2,GK,33,300000,,19,1906,0,0.0,0,0.0,0.19,50.0,Romania,Romania,right,187,90,yes,1.18,0.05,100.0,0.09,50.0,0.0,0.0,0.0,1.13,1.71,0.0,5,0.24,0,0.0,0.0,0.0,0,0.0,0.0,0,0.0,0,0.0,0.0,0.0,0.0,0.0,0.0,0.0,0.0,0.0,0.0,0.0,0.0,0.0,0.05,0.0,0.0,0.0,0.0,12.56,0.38,0.05,21.01,88.09,10.1,80.37,0.05,100.0,10.01,96.23,14.45,97.06,6.42,69.85,30.93,49.48,0.0,0.0,0.0,0.0,0.0,0.0,0.0,2.12,46.67,0.05,0.0,0.05,0.0,0.0,0.0,5.15,76.15,30,1.42,101,4.77,3,70.3,27.61,1.3,-2.39,-0.113,0.05,0.94,0.09,,,,0.0,0,0.0
Adrian Vance,Team 48,Team 48,"CF, LAMF, AMF",26,1000000,2027-12-31,13,654,1,1.54,0,0.13,16.1,36.75,Greece,Greece,right,179,71,yes,3.72,2.89,38.1,4.13,20.0,0.0,0.0,0.28,2.61,3.56,0.69,1,0.14,0,0.0,0.69,0.14,1,0.14,0.21,0,0.0,11,1.51,36.36,9.091,0.0,0.55,0.0,0.55,0.0,0.0,0.0,0.14,0.83,16.67,6.33,45.65,2.89,0.41,0.0,11.97,2.48,2.75,17.48,79.53,2.75,50.0,5.78,85.71,3.85,85.71,16.38,82.35,0.55,75.0,14.18,10.31,0.02,0.28,0.0,0.0,0.0,0.0,0.14,1.24,55.56,0.96,57.14,0.0,0.0,0.69,0.0,1.38,70.0,0,,0,,0,0.0,0.0,0.0,,,0.0,,,0.0,0.0,0.0,0.0,0,0.0
Nathan Irvine,Team 48,Team 48,"AMF, CF",35,350000,2026-11-30,16,1294,2,1.69,3,3.73,9.81,45.39,Belgium,Belgium,right,175,73,yes,2.36,3.27,44.68,1.6,34.78,0.0,0.0,0.07,0.9,1.3,1.18,3,0.21,0,0.0,2.16,0.14,1,0.07,0.12,0,0.0,27,1.88,44.44,7.407,0.21,1.88,33.33,0.7,40.0,1.11,31.25,0.28,1.18,41.18,3.69,50.94,0.49,1.18,0.07,23.93,1.18,1.53,32.97,77.22,13.77,68.69,4.66,91.04,10.22,80.95,24.62,85.03,6.47,60.22,21.26,34.04,0.26,1.6,0.07,0.07,0.21,100.0,0.7,9.25,69.17,4.52,44.62,0.83,50.0,1.25,0.7,7.44,87.85,0,,0,,0,0.0,0.0,0.0,,,0.42,,,3.13,1.04,46.67,3.48,1,100.0
Callum Whitmore,Team 48,Team 48,"LCB, LB, DMF",34,350000,2026-11-30,15,1185,1,0.88,0,0.17,10.03,40.91,Iceland,"Iceland, Germany",left,181,82,yes,5.62,5.09,38.81,2.58,38.24,0.15,0.21,0.3,3.49,4.86,2.35,4,0.3,0,0.0,0.76,0.08,1,0.08,0.07,1,0.08,12,0.91,33.33,8.333,0.0,1.9,16.0,1.52,10.0,0.38,40.0,0.23,0.3,50.0,1.37,38.89,0.61,0.53,0.0,18.38,0.38,0.53,29.85,75.83,11.7,61.69,4.78,95.24,9.34,81.3,22.63,88.26,5.47,43.06,24.32,42.34,0.01,0.3,0.0,0.0,0.0,0.0,0.08,6.23,54.88,1.75,17.39,0.38,40.0,0.08,0.3,5.7,72.0,0,,0,,0,0.0,0.0,0.0,,,0.68,,,1.06,0.3,50.0,1.97,0,0.0
Owen Sinclair,Team 48,Team 48,"RCB, DMF, CB",23,300000,2027-12-31,3,263,0,0.02,0,0.14,15.06,56.82,Slovenia,"Slovenia, Italy",right,183,76,yes,11.63,5.13,66.67,4.45,46.15,0.0,0.0,0.68,8.21,11.08,1.37,1,0.34,0,0.0,1.71,0.0,0,0.0,0.01,0,0.0,1,0.34,100.0,0.0,0.0,0.68,100.0,0.0,0.0,0.68,100.0,0.0,1.03,66.67,3.08,55.56,0.34,1.03,0.0,11.98,0.34,0.68,22.59,83.33,9.58,71.43,1.37,100.0,7.53,100.0,19.85,82.76,2.05,83.33,18.31,23.81,0.05,0.68,0.0,0.0,0.0,0.0,0.34,2.4,85.71,1.37,100.0,0.68,100.0,0.34,0.68,6.5,73.68,0,,0,,0,0.0,0.0,0.0,,,0.68,,,0.0,0.0,0.0,0.0,0,0.0
Ruben Callow,Team 48,Team 48,"RAMF, RW, AMF",35,300000,2026-11-30,10,305,0,0.31,0,0.2,20.36,39.13,Senegal,Senegal,right,175,68,yes,4.43,5.02,58.82,1.77,33.33,0.3,0.44,0.0,1.18,1.76,2.07,1,0.3,1,0.3,2.36,0.0,0,0.0,0.09,0,0.0,3,0.89,66.67,0.0,0.0,2.36,25.0,0.0,0.0,2.36,25.0,0.3,1.77,66.67,10.62,41.67,1.77,1.48,0.3,15.05,1.48,2.95,20.66,77.14,5.31,55.56,4.43,93.33,5.9,80.0,17.41,86.44,0.89,33.33,19.57,8.52,0.06,0.59,0.0,0.0,0.0,0.0,0.3,2.07,42.86,2.66,33.33,0.0,0.0,0.3,0.59,2.95,50.0,0,,0,,0,0.0,0.0,0.0,,,0.0,,,0.0,0.0,0.0,0.0,0,0.0
Alexander Waverley,Team 48,Team 48,"LDMF, RCMF, LCMF",29,250000,2026-11-30,8,535,1,0.47,0,0.08,12.62,38.67,Slovenia,"Slovenia, Spain",right,181,74,yes,6.06,6.06,38.89,2.69,50.0,0.0,0.0,0.34,3.7,4.89,2.69,0,0.0,0,0.0,0.67,0.17,1,0.17,0.08,1,0.17,4,0.67,50.0,25.0,0.0,0.0,0.0,0.0,0.0,0.0,0.0,0.0,0.84,40.0,3.03,27.78,0.5,0.17,0.0,15.98,0.34,0.5,22.21,79.55,7.23,48.84,4.04,100.0,8.07,91.67,20.02,82.35,2.19,53.85,20.12,32.79,0.01,0.17,0.0,0.0,0.0,0.0,0.0,3.03,55.56,0.5,0.0,0.0,0.0,0.0,0.0,2.86,58.82,0,,0,,0,0.0,0.0,0.0,,,0.67,,,0.0,0.0,0.0,0.17,0,0.0
Kasper Redmond,Team 48,Team 48,GK,40,150000,2026-11-30,14,1421,0,0.0,0,0.0,0.63,80.0,Greece,Greece,right,192,81,yes,1.71,0.25,75.0,0.19,100.0,0.06,0.08,0.0,1.46,1.93,0.0,0,0.0,0,0.0,0.0,0.0,0,0.0,0.0,0,0.0,0,0.0,0.0,0.0,0.0,0.0,0.0,0.0,0.0,0.0,0.0,0.0,0.0,0.0,0.13,50.0,0.0,0.0,0.0,8.11,0.13,0.06,15.2,74.17,9.82,61.94,0.0,0.0,4.75,96.0,7.22,99.12,7.92,52.0,38.72,55.46,0.0,0.0,0.06,0.0,0.0,0.0,0.0,4.12,49.23,0.44,0.0,0.51,0.0,0.0,0.0,5.13,79.01,27,1.71,85,5.38,2,68.24,26.23,1.66,-0.77,-0.049,0.0,1.08,0.19,,,,0.0,0,0.0
Milo Faulkner,Team 48,Team 48,"RB, RWB",26,350000,2026-11-30,12,1006,0,0.25,0,0.06,15.83,52.54,Uruguay,"Uruguay, France",right,177,69,yes,9.93,8.05,60.0,1.88,52.38,0.09,0.11,0.18,5.01,6.39,1.25,1,0.09,0,0.0,1.97,0.0,0,0.0,0.02,0,0.0,3,0.27,33.33,0.0,0.0,2.77,25.81,0.0,0.0,2.68,26.67,0.09,2.06,56.52,4.56,35.29,0.45,1.07,0.27,13.96,0.81,0.54,25.59,73.78,9.93,61.26,4.56,96.08,6.62,81.08,19.41,85.25,3.67,48.78,22.18,41.28,0.01,0.18,0.09,0.0,0.09,0.0,0.27,2.95,66.67,1.7,42.11,0.18,0.0,0.18,0.72,5.1,63.16,0,,0,,0,0.0,0.0,0.0,,,0.89,,,0.0,0.0,0.0,0.0,0,0.0
Marcus Montague,Team 48,Team 48,"RB, RWB",23,300000,2026-11-30,5,281,0,0.0,0,0.15,13.45,54.76,Romania,Romania,right,185,78,yes,8.65,8.65,55.56,2.88,55.56,1.28,1.9,0.32,2.56,3.81,1.92,0,0.0,0,0.0,1.28,0.0,0,0.0,0.0,0,0.0,0,0.0,0.0,0.0,0.0,3.2,30.0,0.0,0.0,3.2,30.0,0.0,0.96,33.33,1.6,60.0,0.32,1.28,0.32,17.3,0.64,0.64,25.62,78.75,8.65,77.78,5.12,93.75,7.69,70.83,21.46,86.57,1.92,66.67,21.52,52.52,0.05,0.32,0.0,0.0,0.0,0.0,0.32,3.52,81.82,2.24,14.29,0.32,0.0,0.32,0.32,6.41,80.0,0,,0,,0,0.0,0.0,0.0,,,0.32,,,0.0,0.0,0.0,0.0,0,0.0
Viktor Monroe,Team 48,Team 48,"RCMF, LCMF, AMF",27,350000,,7,612,0,0.08,0,0.11,13.53,50.0,Argentina,"Argentina, Portugal",right,182,74,yes,6.91,6.62,51.11,0.74,40.0,0.74,0.96,0.15,2.79,3.63,1.62,1,0.15,0,0.0,1.32,0.0,0,0.0,0.01,0,0.0,4,0.59,0.0,0.0,0.0,2.06,35.71,1.03,57.14,1.03,14.29,0.0,1.47,40.0,4.26,44.83,0.15,1.18,0.15,29.85,0.29,0.74,45.0,79.74,13.53,65.22,8.24,89.29,15.15,86.41,40.29,83.21,2.79,57.89,18.24,37.11,0.02,0.29,0.0,0.0,0.0,0.0,0.15,5.59,57.89,3.09,42.86,0.29,50.0,0.59,0.74,8.24,69.64,0,,0,,0,0.0,0.0,0.0,,,0.0,,,0.88,0.15,0.0,1.76,0,0.0
Viktor Hensley,Team 48,Team 48,CF,17,450000,2027-10-15,1,10,0,0.0,0,0.0,,,Ireland,Ireland,right,183,80,yes,,,,,,,0.0,,,0.0,,0,,0,,,,0,,,0,,0,,,0.0,,,,,,,,,,,,,,,,,,,,,,,,,,,,,,,23.42,0.0,,,,,,,,,,,,,,,,,,0,,0,,0,0.0,0.0,,,,,,,,,,,0,0.0
Tobias Winslow,Team 48,Team 48,"RCMF, DMF, LCMF",26,300000,2026-11-30,13,1104,0,0.31,0,0.0,9.38,57.39,Slovakia,"Slovakia, Germany",right,179,73,yes,7.17,5.05,53.23,0.98,58.33,0.0,0.0,0.24,4.48,6.04,1.39,4,0.33,0,0.0,0.82,0.0,0,0.0,0.02,0,0.0,8,0.65,12.5,0.0,0.0,0.33,25.0,0.08,100.0,0.16,0.0,0.0,0.65,87.5,2.85,62.86,0.24,0.49,0.0,24.13,0.16,0.98,34.89,86.45,14.1,75.14,4.24,98.08,11.74,93.06,30.49,91.18,4.16,56.86,19.22,32.04,0.0,0.0,0.0,0.0,0.08,100.0,0.08,7.09,77.01,0.82,40.0,0.24,66.67,0.16,0.08,5.95,86.3,0,,0,,0,0.0,0.0,0.0,,,0.57,,,0.0,0.0,0.0,0.0,0,0.0
Viktor Linwood,Team 48,Team 48,"RCMF, LCMF",38,150000,2026-11-30,6,228,0,0.0,0,0.04,15.39,64.1,Chile,Chile,right,186,91,yes,9.08,7.89,70.0,4.74,58.33,0.0,0.0,0.79,3.55,5.0,1.58,0,0.0,0,0.0,0.0,0.0,0,0.0,0.0,0,0.0,0,0.0,0.0,0.0,0.0,0.39,0.0,0.39,0.0,0.0,0.0,0.39,0.0,0.0,1.18,66.67,0.39,0.39,0.0,17.76,0.79,1.18,24.87,80.95,9.08,60.87,2.37,100.0,9.87,96.0,21.71,85.45,2.76,57.14,18.31,22.59,0.01,0.39,0.0,0.0,0.0,0.0,0.39,5.53,64.29,1.18,33.33,0.39,0.0,0.0,0.0,5.13,69.23,0,,0,,0,0.0,0.0,0.0,,,0.0,,,0.0,0.0,0.0,0.0,0,0.0
Alastair Arden,Team 48,Team 48,"RWB, RB, RW",19,300000,,7,603,0,0.37,0,0.66,18.66,50.4,Croatia,Croatia,right,180,71,yes,9.7,7.31,46.94,2.39,37.5,1.04,1.53,0.75,5.22,7.66,1.79,3,0.45,0,0.0,4.03,0.0,0,0.0,0.05,0,0.0,3,0.45,33.33,0.0,0.0,2.39,56.25,0.0,0.0,2.39,56.25,0.45,3.88,65.38,8.06,59.26,0.75,2.24,0.15,14.48,1.94,1.64,24.48,71.34,11.64,65.38,3.28,81.82,6.12,70.73,18.81,76.19,3.28,54.55,18.27,26.8,0.1,0.45,0.15,0.0,0.0,0.0,0.45,4.63,64.52,2.84,52.63,0.6,75.0,0.45,1.64,6.87,69.57,0,,0,,0,0.0,0.0,0.0,,,0.45,,,0.0,0.0,0.0,0.0,0,0.0
Alexander Fletcher,Team 48,Team 48,"LCMF, AMF, LAMF",21,350000,,9,333,1,0.6,0,0.02,17.3,50.0,Poland,Poland,right,177,77,yes,4.86,3.51,69.23,3.24,33.33,0.81,1.38,0.0,1.62,2.77,0.81,2,0.54,0,0.0,2.97,0.27,1,0.27,0.16,1,0.27,8,2.16,25.0,12.5,0.0,0.81,0.0,0.81,0.0,0.0,0.0,0.0,2.97,81.82,9.19,50.0,1.62,1.62,0.27,9.46,1.08,2.7,15.14,78.57,3.78,71.43,3.24,100.0,5.14,84.21,13.78,84.31,0.54,50.0,15.01,6.79,0.01,0.27,0.0,0.0,0.0,0.0,0.0,0.54,100.0,0.27,0.0,0.0,0.0,0.0,0.0,2.43,55.56,0,,0,,0,0.0,0.0,0.0,,,0.0,,,0.0,0.0,0.0,0.0,0,0.0
Aaron Waverley,Team 48,Team 48,"DMF, LDMF",21,450000,,5,114,0,0.02,0,0.0,14.21,72.22,Uruguay,Uruguay,right,184,76,yes,2.37,3.16,50.0,1.58,100.0,0.0,0.0,0.0,0.79,1.15,0.79,0,0.0,0,0.0,0.79,0.0,0,0.0,0.02,0,0.0,1,0.79,0.0,0.0,0.0,0.79,0.0,0.0,0.0,0.79,0.0,0.79,0.79,100.0,7.11,66.67,0.0,0.0,0.0,18.16,0.0,4.74,27.63,82.86,7.89,60.0,6.32,87.5,9.47,91.67,25.26,87.5,1.58,50.0,17.72,4.88,0.0,0.0,0.0,0.0,0.0,0.0,0.0,2.37,66.67,2.37,33.33,0.0,0.0,0.79,0.0,1.58,50.0,0,,0,,0,0.0,0.0,0.0,,,0.79,,,0.79,0.0,0.0,0.0,0,0.0
Henry Calder,Team 48,Team 48,RCB,21,250000,2029-08-31,8,708,0,0.23,0,0.0,12.84,59.41,Greece,Greece,right,195,85,yes,8.9,4.96,58.97,3.31,57.69,0.25,0.38,0.51,5.72,8.54,2.03,3,0.38,1,0.13,0.38,0.0,0,0.0,0.03,0,0.0,2,0.25,50.0,0.0,0.0,0.38,0.0,0.0,0.0,0.38,0.0,0.0,0.38,66.67,2.03,75.0,0.38,0.76,0.13,12.46,0.25,1.65,20.85,73.78,9.41,58.11,0.76,100.0,8.14,87.5,16.78,80.3,3.69,51.72,19.41,39.97,0.0,0.0,0.0,0.0,0.0,0.0,0.0,3.05,54.17,0.64,0.0,0.25,50.0,0.0,0.0,5.21,58.54,0,,0,,0,0.0,0.0,0.0,,,0.25,,,0.0,0.0,0.0,0.0,0,0.0
Theo Westlake,Team 48,Team 48,"RCMF, LCMF, AMF",20,400000,,5,157,0,0.11,0,0.0,17.2,46.67,Brazil,Brazil,right,182,73,yes,6.88,7.45,53.85,1.72,0.0,0.0,0.0,0.0,2.87,5.17,1.15,0,0.0,0,0.0,1.15,0.0,0,0.0,0.06,0,0.0,2,1.15,0.0,0.0,0.0,1.72,33.33,1.15,50.0,0.57,0.0,0.0,0.57,100.0,6.31,45.45,0.0,0.57,0.0,11.46,0.57,1.72,19.49,76.47,2.29,75.0,5.16,100.0,7.45,76.92,16.62,79.31,1.15,100.0,15.23,11.02,0.0,0.0,0.0,0.0,0.0,0.0,0.0,2.87,60.0,1.72,33.33,0.0,0.0,0.0,0.57,2.87,60.0,0,,0,,0,0.0,0.0,0.0,,,0.0,,,0.0,0.0,0.0,0.0,0,0.0
Viktor Blackwood,Team 48,Team 48,"AMF, RWF, RB",20,400000,2027-06-12,3,57,0,0.0,0,0.0,20.53,30.77,Wales,Wales,right,179,74,yes,4.74,7.89,20.0,4.74,33.33,0.0,0.0,0.0,3.16,8.57,3.16,0,0.0,0,0.0,0.0,0.0,0,0.0,0.0,0,0.0,0,0.0,0.0,0.0,0.0,0.0,0.0,0.0,0.0,0.0,0.0,0.0,0.0,0.0,6.32,25.0,0.0,3.16,0.0,22.11,3.16,1.58,30.0,63.16,12.63,37.5,3.16,100.0,7.89,80.0,30.0,63.16,0.0,0.0,17.25,0.0,0.0,0.0,0.0,0.0,0.0,0.0,0.0,11.05,42.86,3.16,0.0,0.0,0.0,0.0,0.0,1.58,100.0,0,,0,,0,0.0,0.0,0.0,,,0.0,,,0.0,0.0,0.0,0.0,0,0.0
Jasper Talbot,Team 48,Team 48,"CB, RCB, LCB",21,250000,,4,308,0,0.0,0,0.0,6.14,66.67,Switzerland,"Switzerland, Germany",right,188,83,yes,6.72,2.92,70.0,1.75,66.67,0.29,0.35,0.58,4.38,5.29,0.88,0,0.0,0,0.0,0.0,0.0,0,0.0,0.0,0,0.0,0,0.0,0.0,0.0,0.0,0.0,0.0,0.0,0.0,0.0,0.0,0.0,0.0,0.0,0.29,100.0,0.0,0.0,0.0,15.49,0.29,0.58,25.71,79.55,8.77,56.67,2.05,100.0,11.98,92.68,23.08,82.28,2.63,55.56,19.92,32.63,0.0,0.0,0.0,0.0,0.0,0.0,0.0,1.46,40.0,0.29,0.0,0.0,0.0,0.0,0.0,5.84,35.0,0,,0,,0,0.0,0.0,0.0,,,0.88,,,0.0,0.0,0.0,0.0,0,0.0
Caleb Norwood,Team 48,Team 48,CF,22,125000,2026-12-31,12,644,2,1.84,1,0.11,17.89,24.22,Mexico,Mexico,right,191,81,yes,2.93,2.66,26.32,7.55,18.52,0.0,0.0,0.0,2.24,3.33,2.52,1,0.14,1,0.14,0.7,0.28,2,0.28,0.26,0,0.0,10,1.4,40.0,20.0,0.14,0.28,0.0,0.14,0.0,0.14,0.0,0.0,0.14,100.0,4.05,31.03,2.8,0.42,0.0,5.73,1.96,1.54,9.78,68.57,1.68,33.33,2.8,90.0,2.66,78.95,9.5,70.59,0.0,0.0,11.22,0.0,0.02,0.28,0.0,0.0,0.0,0.0,0.14,0.84,66.67,0.56,25.0,0.0,0.0,0.28,0.0,0.98,28.57,0,,0,,0,0.0,0.0,0.0,,,0.0,,,0.0,0.0,0.0,0.0,0,0.0
Lucas Clairmont,Team 48,Team 48,"LB, LWB, AMF",22,300000,2027-12-31,17,1322,0,0.59,0,0.73,18.11,52.63,Ecuador,"Ecuador, Italy",left,174,67,yes,7.01,5.51,59.26,3.34,63.27,0.07,0.09,0.41,3.68,4.98,1.09,1,0.07,0,0.0,3.54,0.0,0,0.0,0.04,0,0.0,13,0.89,23.08,0.0,0.0,2.86,28.57,2.52,32.43,0.34,0.0,0.54,4.02,62.71,7.83,48.7,1.02,2.59,0.2,18.45,1.63,0.95,26.28,72.8,8.85,66.92,4.97,93.15,8.37,72.36,21.04,81.88,2.59,44.74,20.51,34.73,0.05,0.75,0.0,0.0,0.0,0.0,0.41,2.86,69.05,2.66,41.03,0.2,33.33,0.34,0.89,5.65,60.24,0,,0,,0,0.0,0.0,0.0,,,0.2,,,0.0,0.0,0.0,0.0,0,0.0
Isaac Grantham,Team 48,Team 48,GK,23,125000,2026-11-30,2,207,0,0.0,0,0.0,0.0,0.0,Slovenia,Slovenia,right,193,72,yes,0.87,0.0,0.0,0.0,0.0,0.0,0.0,0.0,0.87,1.54,0.0,1,0.43,0,0.0,0.0,0.0,0,0.0,0.0,0,0.0,0,0.0,0.0,0.0,0.0,0.0,0.0,0.0,0.0,0.0,0.0,0.0,0.0,0.0,0.0,0.0,0.0,0.0,0.0,4.78,0.0,0.0,13.91,62.5,10.87,52.0,0.0,0.0,2.61,100.0,6.52,93.33,7.39,35.29,43.46,52.73,0.0,0.0,0.0,0.0,0.0,0.0,0.0,2.61,16.67,0.43,0.0,0.0,0.0,0.0,0.0,3.91,66.67,4,1.74,8,3.48,0,50.0,1.91,0.83,-2.09,-0.909,0.0,1.74,0.0,,,,0.0,0,0.0
Xavier Talbot,Team 48,Team 48,GK,22,150000,2026-11-30,4,409,0,0.0,0,0.0,0.22,0.0,Argentina,Argentina,right,188,82,yes,0.66,0.0,0.0,0.0,0.0,0.0,0.0,0.0,0.66,0.92,0.0,0,0.0,0,0.0,0.0,0.0,0,0.0,0.0,0,0.0,0,0.0,0.0,0.0,0.0,0.0,0.0,0.0,0.0,0.0,0.0,0.0,0.22,0.0,0.22,0.0,0.0,0.0,0.0,5.06,0.0,0.0,7.7,77.14,4.4,65.0,0.0,0.0,2.86,92.31,4.62,100.0,3.08,42.86,32.92,45.55,0.0,0.0,0.0,0.0,0.0,0.0,0.0,1.1,20.0,0.0,0.0,0.0,0.0,0.0,0.0,1.98,77.78,8,1.76,21,4.62,0,61.9,5.33,1.17,-2.67,-0.588,0.0,0.66,0.0,,,,0.0,0,0.0
Lars Thorpe,Team 48,Team 48,"CF, RW, RWF",25,300000,2026-11-30,9,278,0,0.4,0,0.54,15.86,40.82,Chile,Chile,left,179,76,yes,5.5,6.47,55.0,1.29,50.0,0.32,0.5,0.0,1.62,2.5,2.91,1,0.32,0,0.0,0.97,0.0,0,0.0,0.13,0,0.0,7,2.27,28.57,0.0,0.0,0.97,0.0,0.97,0.0,0.0,0.0,0.0,1.29,25.0,6.47,30.0,4.21,1.29,0.0,10.68,1.94,0.65,18.13,71.43,2.91,66.67,7.12,81.82,3.88,66.67,17.16,75.47,0.0,0.0,15.83,0.0,0.17,0.65,0.0,0.0,0.0,0.0,0.32,1.29,50.0,0.65,0.0,0.0,0.0,0.65,0.0,1.94,33.33,0,,0,,0,0.0,0.0,0.0,,,0.0,,,0.0,0.0,0.0,0.0,0,0.0
Elias Halston,Team 48,Team 48,"LCB, CB",25,250000,2026-11-30,14,1261,0,0.05,1,0.0,11.13,58.97,Spain,Spain,left,191,85,yes,8.28,4.35,63.93,3.5,61.22,0.36,0.49,1.14,5.14,7.04,1.28,4,0.29,1,0.07,0.14,0.0,0,0.0,0.0,0,0.0,1,0.07,0.0,0.0,0.07,0.0,0.0,0.0,0.0,0.0,0.0,0.0,0.29,50.0,2.0,46.43,0.43,0.21,0.07,14.56,0.21,0.79,24.27,84.12,9.71,75.0,1.64,100.0,10.49,91.16,21.48,88.04,2.78,53.85,19.66,36.82,0.0,0.0,0.0,0.0,0.0,0.0,0.0,2.14,66.67,0.07,100.0,0.0,0.0,0.14,0.0,4.78,50.75,0,,0,,0,0.0,0.0,0.0,,,0.93,,,0.0,0.0,0.0,0.0,0,0.0
Dara Thorne,Team 48,Team 48,"LB, LWB, LW",27,250000,2026-11-28,12,820,0,0.52,0,0.28,13.39,53.28,Slovenia,"Slovenia, Portugal",left,182,76,yes,7.24,6.15,55.36,0.99,55.56,0.0,0.0,0.44,3.84,5.87,0.88,1,0.11,0,0.0,1.98,0.0,0,0.0,0.06,0,0.0,6,0.66,33.33,0.0,0.0,1.65,33.33,1.43,23.08,0.22,100.0,0.22,2.2,55.0,5.49,50.0,1.1,2.2,0.22,18.44,1.65,0.66,24.8,77.43,11.41,75.96,3.51,96.88,6.15,76.79,19.76,83.33,3.51,62.5,19.36,29.75,0.03,0.66,0.0,0.0,0.0,0.0,0.33,4.06,89.19,1.43,53.85,0.11,100.0,0.55,0.55,7.02,76.56,0,,0,,0,0.0,0.0,0.0,,,0.11,,,0.0,0.0,0.0,0.0,0,0.0
Elias Stansfield,Team 48,Team 48,"RCB, CB, LCB",29,200000,2026-12-31,15,1521,0,0.41,0,0.0,7.16,59.5,Slovakia,Slovakia,right,186,77,yes,7.28,3.31,64.29,2.6,59.09,0.0,0.0,1.07,5.15,6.92,0.65,5,0.3,0,0.0,0.12,0.0,0,0.0,0.02,0,0.0,4,0.24,25.0,0.0,0.0,0.18,33.33,0.06,0.0,0.12,50.0,0.06,0.0,0.0,0.41,14.29,0.41,0.41,0.0,18.4,0.12,0.24,29.53,82.16,14.5,71.02,1.18,95.0,11.72,94.44,23.79,90.55,5.56,47.87,25.16,43.6,0.0,0.0,0.0,0.0,0.0,0.0,0.0,5.38,58.24,0.59,20.0,0.36,16.67,0.06,0.12,6.33,81.31,0,,0,,0,0.0,0.0,0.0,,,1.01,,,0.0,0.0,0.0,0.0,0,0.0
Alastair Holbrook,Team 48,Team 48,"RCMF, LWF, CF",26,300000,2028-12-31,11,460,1,1.56,0,0.12,20.54,30.48,Czech Republic,Czech Republic,right,181,75,yes,4.11,5.67,34.48,4.89,12.0,0.59,0.9,0.0,1.57,2.4,3.52,3,0.59,1,0.2,1.76,0.2,1,0.2,0.31,0,0.0,7,1.37,28.57,14.286,0.0,1.57,12.5,0.59,0.0,0.98,20.0,0.2,2.93,40.0,6.85,42.86,2.74,2.74,0.2,11.54,2.15,1.76,14.09,72.22,4.5,73.91,3.33,82.35,3.91,65.0,11.93,78.69,0.59,100.0,14.78,6.2,0.02,0.59,0.0,0.0,0.0,0.0,0.59,0.98,80.0,1.76,22.22,0.0,0.0,0.39,0.2,0.98,80.0,0,,0,,0,0.0,0.0,0.0,,,0.0,,,0.0,0.0,0.0,0.0,0,0.0
Finnegan Waverley,Team 46,Team 46,"LAMF, LW",28,14000000,2029-12-31,16,1373,4,3.35,1,0.55,19.6,43.48,Colombia,Colombia,right,168,70,yes,7.41,5.97,52.75,1.18,44.44,0.0,0.0,0.33,4.26,5.91,1.25,4,0.26,0,0.0,3.02,0.26,4,0.26,0.22,0,0.0,35,2.29,40.0,11.429,0.07,1.31,20.0,0.85,30.77,0.46,0.0,0.13,3.47,52.83,11.34,39.31,2.56,2.36,0.39,27.27,1.7,1.38,36.9,86.5,8.85,75.56,9.31,95.77,10.55,83.85,34.54,89.94,1.05,56.25,15.39,25.18,0.04,0.98,0.13,0.07,0.0,0.0,0.26,3.87,83.05,2.29,54.29,0.2,66.67,1.05,0.33,4.79,69.86,0,,0,,0,0.0,0.0,0.0,,,0.13,,,0.46,0.33,40.0,0.46,0,0.0
Viktor Vance,Team 46,Team 46,"LCB, RCB",29,10000000,2027-12-31,18,1798,1,0.79,1,0.54,10.11,56.93,Paraguay,"Paraguay, France",right,188,78,yes,6.86,3.7,52.7,4.15,62.65,0.0,0.0,0.9,4.91,6.93,1.1,2,0.1,1,0.05,0.6,0.05,1,0.05,0.04,1,0.05,7,0.35,71.43,14.286,0.05,0.4,25.0,0.1,50.0,0.3,16.67,0.0,0.25,80.0,0.85,52.94,0.45,0.9,0.05,31.74,0.1,0.2,44.35,90.29,19.77,83.54,1.75,100.0,17.62,96.31,40.39,93.56,3.55,60.56,20.06,38.11,0.03,0.3,0.05,0.0,0.05,100.0,0.2,6.06,76.86,0.7,35.71,0.3,50.0,0.25,0.1,7.91,75.95,0,,0,,0,0.0,0.0,0.0,,,1.05,,,0.0,0.0,0.0,0.0,0,0.0
Aaron Ellwood,Team 46,Team 46,"LAMF, RAMF, AMF",33,8000000,2027-12-31,14,497,2,0.4,1,0.13,17.2,48.42,United States,United States,right,175,70,yes,7.42,8.33,47.83,1.63,55.56,0.72,0.98,0.0,2.72,3.69,1.27,1,0.18,0,0.0,2.54,0.36,2,0.36,0.07,0,0.0,12,2.17,25.0,16.667,0.18,2.35,7.69,0.91,0.0,1.45,12.5,0.18,2.35,76.92,5.79,50.0,1.09,1.45,0.36,26.62,0.91,0.91,34.23,74.07,10.87,61.67,6.52,97.22,8.87,73.47,30.06,79.52,1.81,70.0,17.62,14.42,0.02,0.91,0.0,0.0,0.18,0.0,0.36,3.62,70.0,3.8,38.1,0.18,0.0,1.27,0.18,5.43,63.33,0,,0,,0,0.0,0.0,0.0,,,0.36,,,0.54,0.0,0.0,0.36,0,0.0
Cillian Halloway,Team 46,Team 46,"RCB, CB",33,7500000,2027-12-31,19,1875,3,2.43,0,0.6,10.03,61.24,South Korea,South Korea,right,185,85,yes,7.01,4.42,65.22,4.61,61.46,0.24,0.33,0.82,3.89,5.32,0.67,0,0.0,0,0.0,0.38,0.14,3,0.14,0.12,1,0.05,15,0.72,26.67,20.0,0.0,0.24,60.0,0.0,0.0,0.24,60.0,0.05,0.05,0.0,0.29,16.67,1.1,0.34,0.0,25.58,0.38,0.19,35.42,88.62,12.86,79.1,1.44,90.0,16.8,94.86,31.1,93.06,4.13,56.98,19.63,32.9,0.03,0.14,0.0,0.05,0.05,100.0,0.14,2.98,67.74,0.34,57.14,0.43,44.44,0.24,0.1,5.62,62.39,0,,0,,0,0.0,0.0,0.0,,,1.1,,,0.0,0.0,0.0,0.0,0,0.0
Oscar Ellwood,Team 46,Team 46,"RB, LB",25,6000000,2030-06-30,15,926,0,0.07,0,0.94,14.97,45.45,Romania,"Romania, Italy",right,176,73,yes,9.23,8.84,51.65,0.97,50.0,0.1,0.13,0.49,4.57,6.13,1.56,3,0.29,0,0.0,0.87,0.0,0,0.0,0.01,0,0.0,4,0.39,0.0,0.0,0.0,2.04,28.57,0.19,50.0,1.85,26.32,0.29,1.36,21.43,3.3,29.41,1.17,1.26,0.19,29.55,1.26,0.68,38.29,77.66,13.32,63.5,6.03,91.94,10.79,81.98,32.17,84.89,4.08,45.24,17.88,27.81,0.09,0.58,0.0,0.1,0.1,0.0,0.29,3.89,65.0,2.53,30.77,0.58,0.0,0.58,0.58,7.19,52.7,0,,0,,0,0.0,0.0,0.0,,,0.58,,,0.0,0.0,0.0,0.1,0,0.0
Colin Fenwick,Team 46,Team 46,"LDMF, AMF, RCMF",31,4000000,2027-12-31,19,568,0,0.4,1,0.64,13.94,47.73,Norway,"Norway, Spain",right,181,79,yes,6.02,4.44,67.86,3.01,42.11,0.16,0.22,0.32,2.85,4.03,0.63,1,0.16,0,0.0,1.11,0.0,0,0.0,0.06,0,0.0,7,1.11,0.0,0.0,0.16,0.79,60.0,0.79,60.0,0.0,0.0,0.16,0.63,75.0,4.44,39.29,2.22,1.27,0.16,29.95,0.32,1.43,40.25,92.13,11.88,82.67,4.91,90.32,13.31,97.62,37.87,93.31,1.58,80.0,16.13,12.36,0.1,1.11,0.16,0.0,0.32,50.0,0.48,7.45,85.11,1.27,75.0,0.63,50.0,0.79,0.63,5.23,90.91,0,,0,,0,0.0,0.0,0.0,,,0.79,,,0.0,0.0,0.0,0.16,0,0.0
Dylan Prescott,Team 46,Team 46,"LCMF, LDMF, RDMF",31,3500000,2028-12-31,20,1934,2,0.57,0,1.72,6.56,44.68,Sweden,Sweden,right,185,78,yes,5.26,3.77,50.62,1.54,33.33,0.0,0.0,0.23,3.35,4.6,0.98,4,0.19,0,0.0,0.47,0.09,2,0.09,0.03,0,0.0,12,0.56,25.0,16.667,0.0,0.37,50.0,0.05,100.0,0.23,40.0,0.05,0.14,66.67,0.6,46.15,0.28,0.6,0.09,43.19,0.09,0.14,53.66,90.72,15.26,78.05,4.89,95.24,26.29,96.81,48.07,93.42,5.21,68.75,19.26,35.88,0.08,0.74,0.14,0.09,0.09,50.0,0.37,7.4,80.5,1.77,50.0,0.79,47.06,0.88,0.14,7.21,78.71,0,,0,,0,0.0,0.0,0.0,,,0.6,,,0.0,0.0,0.0,0.0,0,0.0
Bastien Waverley,Team 46,Team 46,LCB,31,2500000,2028-12-31,14,1343,1,1.07,2,0.78,14.41,55.81,Sweden,Sweden,left,193,83,yes,7.91,6.03,61.11,5.03,61.33,0.07,0.1,0.54,4.15,6.0,1.81,6,0.4,1,0.07,0.6,0.07,1,0.07,0.07,1,0.07,11,0.74,54.55,9.091,0.13,0.27,50.0,0.27,50.0,0.0,0.0,0.0,0.07,100.0,1.47,27.27,0.87,1.27,0.0,35.05,0.27,0.07,51.33,82.51,24.19,72.3,1.47,95.45,21.11,93.33,41.55,89.52,9.52,52.82,22.86,43.36,0.05,0.34,0.0,0.0,0.0,0.0,0.13,9.18,58.39,1.41,47.62,1.07,31.25,0.74,0.13,12.06,73.33,0,,0,,0,0.0,0.0,0.0,,,1.14,,,0.0,0.0,0.0,0.0,0,0.0
Callum Kensington,Team 46,Team 46,"LCB, RCB",27,2000000,2029-12-31,7,598,0,0.0,0,0.13,7.07,65.96,Wales,"Wales, France",right,190,85,yes,7.22,4.06,66.67,1.35,55.56,0.15,0.19,0.75,4.36,5.65,0.9,0,0.0,0,0.0,0.3,0.0,0,0.0,0.0,0,0.0,0,0.0,0.0,0.0,0.0,0.45,66.67,0.0,0.0,0.45,66.67,0.0,0.0,0.0,0.15,100.0,0.0,1.35,0.0,28.44,0.15,0.15,39.73,87.88,14.3,72.63,1.81,100.0,18.96,96.83,32.81,94.04,6.47,58.14,22.96,41.18,0.02,0.3,0.0,0.0,0.0,0.0,0.15,4.97,75.76,1.51,80.0,0.6,100.0,0.6,0.3,7.68,60.78,0,,0,,0,0.0,0.0,0.0,,,1.66,,,0.0,0.0,0.0,0.0,0,0.0
Simon Garrison,Team 46,Team 46,"LB, LWB",22,800000,2030-07-31,7,301,0,0.04,1,0.35,11.36,47.37,Czech Republic,"Czech Republic, Portugal",left,183,75,yes,8.67,4.78,50.0,2.69,33.33,0.3,0.42,0.3,5.98,8.45,1.5,1,0.3,0,0.0,0.9,0.0,0,0.0,0.01,0,0.0,1,0.3,0.0,0.0,0.3,1.5,0.0,1.5,0.0,0.0,0.0,0.0,1.5,60.0,2.69,44.44,2.09,0.3,0.0,21.53,1.2,0.0,33.79,83.19,9.27,74.19,6.88,95.65,10.47,82.86,29.0,94.85,3.29,18.18,21.95,19.31,0.1,0.6,0.0,0.0,0.0,0.0,0.3,1.2,75.0,0.0,0.0,0.0,0.0,0.3,0.0,5.08,41.18,0,,0,,0,0.0,0.0,0.0,,,0.9,,,0.0,0.0,0.0,0.3,0,0.0
Damian Yardley,Team 46,Team 46,GK,39,250000,2026-12-31,1,114,0,0.0,0,0.0,0.0,0.0,Senegal,Senegal,right,189,83,yes,0.0,0.0,0.0,0.0,0.0,0.0,0.0,0.0,0.0,0.0,0.0,0,0.0,0,0.0,0.0,0.0,0,0.0,0.0,0,0.0,0,0.0,0.0,0.0,0.0,0.0,0.0,0.0,0.0,0.0,0.0,0.0,0.0,0.0,0.0,0.0,0.0,0.0,0.0,8.68,0.0,0.0,15.0,78.95,8.68,63.64,0.0,0.0,4.74,100.0,11.05,100.0,3.95,20.0,27.28,45.68,0.0,0.0,0.0,0.0,0.0,0.0,0.0,0.0,0.0,0.0,0.0,0.0,0.0,0.0,0.0,3.16,25.0,0,0.0,3,2.37,1,100.0,0.33,0.26,0.33,0.261,0.0,2.37,0.0,,,,0.0,0,0.0
Casper Bradford,Team 46,Team 46,"RCMF, LDMF",18,2700000,2029-12-31,3,81,0,0.04,0,0.0,11.11,50.0,Japan,Japan,right,178,74,yes,6.67,7.78,57.14,1.11,100.0,0.0,0.0,0.0,2.22,3.53,1.11,2,2.22,0,0.0,0.0,0.0,0,0.0,0.04,0,0.0,1,1.11,0.0,0.0,0.0,1.11,0.0,0.0,0.0,1.11,0.0,0.0,0.0,0.0,2.22,0.0,0.0,1.11,0.0,37.78,0.0,0.0,44.44,90.0,11.11,70.0,11.11,100.0,16.67,93.33,43.33,92.31,0.0,0.0,14.14,0.0,0.0,0.0,0.0,0.0,0.0,0.0,0.0,4.44,75.0,1.11,0.0,0.0,0.0,0.0,0.0,3.33,100.0,0,,0,,0,0.0,0.0,0.0,,,1.11,,,0.0,0.0,0.0,0.0,0,0.0
Ruben Bradford,Team 46,Team 46,CF,25,6250000,2029-12-31,18,1480,6,2.4,1,0.74,23.17,39.11,Austria,Austria,left,190,74,yes,4.44,3.71,49.18,5.47,40.0,0.06,0.08,0.24,2.55,3.52,1.76,2,0.12,0,0.0,2.55,0.36,6,0.36,0.15,1,0.06,31,1.89,41.94,19.355,0.06,1.64,25.93,0.73,33.33,0.79,23.08,0.18,3.22,37.74,11.43,35.11,3.22,1.52,0.18,13.8,1.58,2.31,17.57,67.47,4.62,60.53,3.47,77.19,5.41,69.66,14.53,71.97,1.58,73.08,17.58,27.18,0.04,0.67,0.06,0.0,0.18,66.67,0.43,1.52,72.0,2.25,59.46,0.36,66.67,1.28,0.18,2.55,71.43,0,,0,,0,0.0,0.0,0.0,,,0.06,,,0.06,0.06,0.0,0.0,0,0.0
Casper Huntington,Team 46,Team 46,"RW, RAMF",22,2900000,2029-12-31,18,1423,4,2.45,2,1.07,19.92,50.16,Greece,"Greece, Portugal",right,179,70,yes,6.39,5.76,52.75,0.95,40.0,0.13,0.18,0.06,3.23,4.51,1.33,3,0.19,1,0.06,4.3,0.25,4,0.25,0.16,1,0.06,27,1.71,44.44,14.815,0.13,1.01,31.25,0.06,0.0,0.76,16.67,0.19,5.31,59.52,11.95,50.26,2.02,2.97,0.44,17.33,1.45,2.02,23.09,84.38,5.95,74.47,6.2,92.86,5.5,88.51,21.76,87.21,0.32,60.0,14.74,6.11,0.07,0.82,0.19,0.0,0.13,50.0,0.57,1.45,82.61,1.52,50.0,0.19,66.67,0.89,0.19,2.59,58.54,0,,0,,0,0.0,0.0,0.0,,,0.06,,,0.0,0.0,0.0,0.76,0,0.0
Milo Winterbottom,Team 46,Team 46,"CF, AMF, LW",26,4750000,2030-06-30,17,982,4,2.05,2,1.34,16.59,43.65,Portugal,Portugal,right,178,76,yes,3.21,2.38,46.15,3.57,35.9,0.18,0.27,0.18,1.92,2.88,1.47,3,0.27,0,0.0,2.75,0.37,4,0.37,0.19,0,0.0,18,1.65,38.89,22.222,0.18,2.84,16.13,0.92,20.0,1.92,14.29,0.46,3.02,54.55,8.25,51.11,3.02,2.2,0.37,17.6,2.84,1.83,22.0,70.83,5.13,71.43,4.31,89.36,7.06,67.53,18.15,80.81,1.1,41.67,16.12,20.26,0.12,1.28,0.0,0.0,0.0,0.0,0.37,1.47,81.25,2.57,46.43,0.09,100.0,0.82,0.64,3.12,67.65,0,,0,,0,0.0,0.0,0.0,,,0.0,,,0.18,0.09,100.0,0.92,0,0.0
Colin Ellwood,Team 46,Team 46,"DMF, RDMF, LCMF",21,3500000,2030-12-31,4,93,0,0.15,0,0.0,12.58,30.77,Slovakia,"Slovakia, Italy",right,182,77,yes,1.94,3.87,25.0,2.9,0.0,0.0,0.0,0.0,0.97,1.3,1.94,0,0.0,0,0.0,0.97,0.0,0,0.0,0.14,0,0.0,2,1.94,50.0,0.0,0.0,0.97,0.0,0.0,0.0,0.97,0.0,0.0,0.0,0.0,3.87,50.0,0.97,0.0,0.0,26.13,0.0,0.97,31.94,84.85,6.77,71.43,5.81,100.0,8.71,100.0,30.0,90.32,0.97,0.0,12.63,7.51,0.0,0.0,0.0,0.0,0.0,0.0,0.0,0.97,0.0,0.0,0.0,0.0,0.0,0.0,0.0,2.9,33.33,0,,0,,0,0.0,0.0,0.0,,,0.0,,,0.0,0.0,0.0,0.0,0,0.0
Jonas Monroe,Team 46,Team 46,"LCMF, LW, RW",19,3500000,2029-12-31,3,91,0,0.07,0,0.0,19.78,40.0,Senegal,Senegal,right,175,64,yes,6.92,5.93,50.0,4.95,20.0,0.99,1.11,0.0,2.97,3.33,1.98,0,0.0,0,0.0,2.97,0.0,0,0.0,0.07,0,0.0,1,0.99,100.0,0.0,0.0,1.98,0.0,1.98,0.0,0.0,0.0,0.99,2.97,66.67,7.91,50.0,1.98,3.96,0.99,14.84,0.0,0.99,27.69,64.29,5.93,50.0,5.93,50.0,6.92,85.71,25.71,69.23,0.0,0.0,10.97,0.0,0.0,0.0,0.0,0.0,0.0,0.0,0.0,0.99,0.0,0.99,100.0,0.0,0.0,0.99,0.0,1.98,50.0,0,,0,,0,0.0,0.0,0.0,,,0.0,,,0.0,0.0,0.0,0.0,0,0.0
Finnegan Fletcher,Team 46,Team 46,"CB, RW",20,3250000,2029-12-31,2,51,0,0.0,0,0.0,5.29,33.33,Greece,"Greece, Germany",right,187,82,yes,1.76,1.76,0.0,1.76,0.0,0.0,0.0,0.0,1.76,2.31,1.76,0,0.0,0,0.0,0.0,0.0,0,0.0,0.0,0,0.0,0,0.0,0.0,0.0,0.0,0.0,0.0,0.0,0.0,0.0,0.0,0.0,0.0,0.0,0.0,0.0,0.0,0.0,0.0,0.0,0.0,1.76,0.0,0.0,0.0,0.0,0.0,0.0,0.0,0.0,0.0,0.0,0.0,0.0,0.0,0.0,0.0,0.0,0.0,0.0,0.0,0.0,0.0,0.0,0.0,0.0,0.0,0.0,0.0,0.0,0.0,0.0,0.0,0,,0,,0,0.0,0.0,0.0,,,0.0,,,0.0,0.0,0.0,0.0,0,0.0
Matthias Vanderveer,Team 46,Team 46,LB,20,2800000,2029-12-31,14,918,0,0.48,0,0.45,13.63,53.96,Ghana,Ghana,left,178,70,yes,8.73,7.94,56.79,1.47,33.33,0.1,0.13,0.29,4.12,5.55,1.57,0,0.0,0,0.0,1.96,0.0,0,0.0,0.05,0,0.0,8,0.78,12.5,0.0,0.0,2.75,32.14,2.75,32.14,0.0,0.0,0.39,1.47,66.67,2.84,58.62,0.88,0.69,0.1,25.88,2.25,0.78,34.61,79.32,14.31,71.92,5.98,95.08,9.22,78.72,28.24,88.19,3.63,45.95,19.59,26.27,0.04,0.59,0.0,0.0,0.0,0.0,0.2,3.73,68.42,2.65,40.74,0.39,0.0,0.2,0.88,7.25,71.62,0,,0,,0,0.0,0.0,0.0,,,0.39,,,0.0,0.0,0.0,0.0,0,0.0
Rowan Hensley,Team 46,Team 46,CF,21,4750000,2029-12-31,9,384,3,2.42,0,0.51,23.67,51.49,Mexico,Mexico,right,174,70,yes,3.52,5.16,54.55,2.81,25.0,0.0,0.0,0.23,0.7,1.01,1.88,1,0.23,0,0.0,3.75,0.7,2,0.47,0.57,0,0.0,13,3.05,38.46,23.077,0.0,0.94,25.0,0.7,33.33,0.23,0.0,0.23,4.45,52.63,13.59,55.17,3.28,2.11,0.7,9.84,1.88,4.92,9.61,70.73,2.34,50.0,2.81,83.33,3.05,69.23,7.73,78.79,0.94,50.0,13.11,12.17,0.12,0.7,0.0,0.0,0.0,0.0,0.47,0.0,0.0,1.17,80.0,0.0,0.0,1.17,0.23,1.88,62.5,0,,0,,0,0.0,0.0,0.0,,,0.23,,,0.0,0.0,0.0,0.0,1,100.0
Oliver Beaumont,Team 46,Team 46,RB,22,1600000,2030-12-31,16,1217,0,0.23,0,0.77,13.61,58.15,Albania,Albania,right,180,73,yes,9.02,7.03,65.26,1.04,50.0,0.52,0.69,0.52,3.92,5.23,1.48,3,0.22,0,0.0,1.11,0.0,0,0.0,0.02,0,0.0,5,0.37,20.0,0.0,0.0,1.92,11.54,0.0,0.0,1.85,12.0,0.22,1.63,45.45,3.48,46.81,0.96,1.48,0.37,29.21,1.11,1.11,37.42,80.24,12.87,76.44,7.25,91.84,9.39,74.02,32.61,86.62,2.96,52.5,18.47,34.34,0.06,0.59,0.0,0.0,0.07,100.0,0.22,2.96,60.0,2.37,31.25,0.07,100.0,0.67,0.3,5.77,58.97,0,,0,,0,0.0,0.0,0.0,,,0.3,,,0.0,0.0,0.0,0.0,0,0.0
Lucas Vance,Team 46,Team 46,"AMF, LW, CF",25,4500000,2028-12-31,18,1263,4,2.71,1,0.09,8.41,42.37,Portugal,Portugal,left,175,70,yes,3.92,2.92,51.22,1.21,47.06,0.14,0.2,0.07,2.28,3.18,1.07,2,0.14,0,0.0,1.5,0.29,4,0.29,0.19,0,0.0,30,2.14,43.33,13.333,0.07,0.78,9.09,0.29,25.0,0.5,0.0,0.36,0.86,58.33,3.78,37.74,2.0,1.28,0.36,24.09,1.28,0.93,29.43,85.71,6.91,74.23,6.06,95.29,8.91,87.2,27.51,89.9,1.21,35.29,15.4,18.96,0.01,0.36,0.0,0.0,0.07,0.0,0.07,3.49,83.67,1.5,52.38,0.36,40.0,0.78,0.14,3.35,76.6,0,,0,,0,0.0,0.0,0.0,,,0.0,,,0.0,0.0,0.0,0.21,0,0.0
Adrian Kitteridge,Team 46,Team 46,GK,27,2000000,2027-06-30,20,2041,0,0.0,0,0.0,0.84,94.74,Scotland,Scotland,left,204,90,yes,0.79,0.0,0.0,0.53,91.67,0.0,0.0,0.0,0.79,1.1,0.0,3,0.13,0,0.0,0.0,0.0,0,0.0,0.0,0,0.0,0,0.0,0.0,0.0,0.0,0.0,0.0,0.0,0.0,0.0,0.0,0.0,0.0,0.0,0.18,100.0,0.0,0.0,0.0,8.29,0.22,0.35,15.26,82.66,7.58,66.28,0.04,100.0,7.1,99.38,10.67,99.17,4.54,43.69,31.12,45.31,0.0,0.0,0.0,0.0,0.0,0.0,0.0,1.94,31.82,0.18,0.0,0.18,50.0,0.0,0.0,2.95,64.18,16,0.71,79,3.48,7,79.75,15.62,0.69,-0.38,-0.017,0.0,2.16,0.53,,,,0.0,0,0.0
Ruben Hensley,Team 46,Team 46,"RCMF, LCB, LCMF",26,4250000,2029-12-31,9,424,0,0.05,0,0.12,12.52,54.24,Wales,Wales,right,184,64,yes,6.58,5.73,48.15,2.55,83.33,0.21,0.3,0.0,3.61,5.1,1.06,1,0.21,0,0.0,1.27,0.0,0,0.0,0.01,0,0.0,3,0.64,66.67,0.0,0.0,0.21,0.0,0.0,0.0,0.21,0.0,0.0,1.06,80.0,3.82,50.0,0.64,1.49,0.0,33.54,0.21,0.42,49.67,91.03,15.5,83.56,6.37,96.67,19.95,96.81,44.79,92.89,4.67,77.27,18.19,29.84,0.03,0.21,0.0,0.0,0.0,0.0,0.0,6.37,83.33,0.64,100.0,0.0,0.0,1.06,0.0,6.58,77.42,0,,0,,0,0.0,0.0,0.0,,,1.06,,,0.0,0.0,0.0,0.0,0,0.0
Sebastian Winslow,Team 46,Team 46,"RCMF, RDMF, LCMF",30,4500000,2028-12-31,20,1742,1,1.18,7,3.39,9.66,42.25,Slovenia,Slovenia,right,178,70,yes,4.91,4.44,52.33,0.93,38.89,0.15,0.22,0.1,2.43,3.4,1.03,3,0.15,0,0.0,1.5,0.05,1,0.05,0.06,0,0.0,24,1.24,25.0,4.167,0.36,1.81,45.71,0.57,63.64,1.24,37.5,0.36,0.57,63.64,3.15,39.34,0.52,0.93,0.1,35.24,0.57,0.88,45.36,87.24,14.62,80.57,7.03,95.59,15.4,88.26,39.89,90.8,3.98,68.83,17.64,38.52,0.17,1.55,0.05,0.05,0.0,0.0,0.57,8.37,85.8,2.53,51.02,0.46,22.22,0.67,0.77,7.28,81.56,0,,0,,0,0.0,0.0,0.0,,,0.52,,,1.45,0.26,40.0,4.29,0,0.0
Lucas Aldridge,Team 46,Team 46,"LB, LWB",27,3500000,2030-12-31,9,798,0,0.48,3,1.14,11.73,54.81,Turkey,"Turkey, Spain",left,183,80,yes,7.67,6.32,64.29,1.8,25.0,0.0,0.0,0.34,3.61,4.87,0.45,0,0.0,0,0.0,1.47,0.0,0,0.0,0.05,0,0.0,7,0.79,28.57,0.0,0.34,2.14,26.32,2.14,26.32,0.0,0.0,0.34,1.24,54.55,2.59,56.52,1.24,1.47,0.0,27.97,2.14,1.13,36.88,83.79,12.41,79.09,6.88,93.44,10.26,76.92,31.13,91.3,3.95,54.29,17.91,39.86,0.13,0.9,0.0,0.23,0.0,0.0,0.68,3.5,67.74,2.59,43.48,0.23,50.0,0.79,0.45,7.33,75.38,0,,0,,0,0.0,0.0,0.0,,,0.68,,,0.23,0.11,100.0,0.0,0,0.0
Dominic Bradford,Team 46,Team 46,"CF, AMF, LCMF",26,5500000,2029-12-31,6,210,2,1.02,0,0.0,9.86,43.48,Poland,Poland,right,177,80,yes,1.29,0.86,100.0,0.43,0.0,0.0,0.0,0.0,0.43,0.77,0.43,1,0.43,0,0.0,3.43,0.86,2,0.86,0.44,0,0.0,6,2.57,33.33,33.333,0.0,0.86,0.0,0.43,0.0,0.43,0.0,0.0,4.29,50.0,7.29,41.18,4.71,2.57,0.43,31.29,1.29,1.71,36.0,86.9,7.71,88.89,6.86,93.75,10.71,84.0,35.14,89.02,0.0,0.0,13.62,0.0,0.0,0.43,0.0,0.0,0.43,100.0,0.43,1.71,100.0,2.57,66.67,0.43,100.0,2.14,0.0,2.14,100.0,0,,0,,0,0.0,0.0,0.0,,,0.0,,,0.0,0.0,0.0,0.43,0,0.0
Isaac Redmond,Team 27,Team 27,RB,27,18000000,2028-12-31,11,784,0,0.42,1,0.71,13.32,56.9,Denmark,Denmark,right,183,79,yes,7.92,4.71,63.41,3.56,70.97,0.46,0.66,0.11,4.48,6.46,1.49,0,0.0,0,0.0,2.18,0.0,0,0.0,0.05,0,0.0,4,0.46,50.0,0.0,0.11,4.02,34.29,0.0,0.0,4.02,34.29,0.23,0.92,62.5,3.33,37.93,2.18,1.49,0.23,36.73,3.33,0.46,46.49,83.46,11.71,72.55,10.91,95.79,12.05,80.0,41.1,89.94,1.38,33.33,15.28,22.33,0.08,0.57,0.0,0.23,0.0,0.0,0.34,3.56,83.87,2.41,38.1,0.0,0.0,0.23,1.26,5.63,75.51,0,,0,,0,0.0,0.0,0.0,,,0.57,,,0.0,0.0,0.0,0.0,0,0.0
Leo Hensley,Team 27,Team 27,"LDMF, LCMF",34,12000000,2028-06-30,14,1250,2,1.54,1,1.03,9.58,54.89,Germany,Germany,right,178,68,yes,5.33,4.39,55.74,0.86,16.67,0.07,0.1,0.14,2.81,3.95,1.01,3,0.22,1,0.07,0.65,0.14,0,0.0,0.11,0,0.0,5,0.36,40.0,40.0,0.07,0.36,60.0,0.07,100.0,0.29,50.0,0.0,0.14,0.0,2.81,64.1,0.29,1.37,0.0,58.61,0.29,1.51,71.28,92.22,23.62,83.84,9.14,96.06,28.08,97.44,66.38,94.69,4.54,58.73,17.33,36.19,0.07,0.86,0.07,0.0,0.36,80.0,0.43,11.3,82.17,2.38,69.7,0.58,62.5,1.01,0.14,10.08,85.71,0,,0,,0,0.0,0.0,0.0,,,0.65,,,0.0,0.0,0.0,0.36,2,100.0
Finn Vance,Team 27,Team 27,RCB,35,10000000,2026-12-31,6,310,0,0.14,0,0.19,7.55,61.54,France,France,right,184,78,yes,8.42,4.65,62.5,1.45,60.0,0.29,0.44,1.45,5.23,7.94,0.87,1,0.29,1,0.29,0.29,0.0,0,0.0,0.04,0,0.0,1,0.29,0.0,0.0,0.0,0.87,33.33,0.0,0.0,0.87,33.33,0.0,0.0,0.0,0.29,100.0,0.87,1.45,0.0,45.58,0.58,0.29,56.9,94.9,16.84,87.93,1.16,100.0,33.1,98.25,53.13,97.27,3.19,63.64,21.88,39.86,0.06,0.58,0.0,0.0,0.0,0.0,0.29,7.55,92.31,0.58,50.0,0.0,0.0,0.0,0.29,7.26,84.0,0,,0,,0,0.0,0.0,0.0,,,0.58,,,0.0,0.0,0.0,0.0,0,0.0
Elias Calder,Team 27,Team 27,"LAMF, LW, RAMF",30,10000000,2026-12-31,10,432,1,0.84,1,0.83,21.04,40.59,Scotland,Scotland,right,174,72,yes,5.42,5.42,53.85,3.13,40.0,0.21,0.29,0.0,2.29,3.24,1.67,2,0.42,0,0.0,3.33,0.21,1,0.21,0.18,0,0.0,12,2.5,16.67,8.333,0.21,1.04,40.0,0.63,33.33,0.42,50.0,0.21,5.42,42.31,10.83,38.46,1.67,4.38,0.63,21.88,1.67,0.83,26.04,89.6,5.42,73.08,7.92,94.74,9.17,90.91,23.75,92.11,1.25,83.33,16.45,19.77,0.17,1.88,0.0,0.0,0.21,100.0,0.63,1.46,85.71,1.25,50.0,0.21,100.0,1.04,0.42,3.13,80.0,0,,0,,0,0.0,0.0,0.0,,,0.21,,,0.42,0.0,0.0,0.42,0,0.0
Emil Thornton,Team 27,Team 27,LB,29,8000000,2027-12-31,10,556,0,0.09,1,0.03,12.3,51.32,Japan,Japan,left,180,72,yes,6.64,4.69,62.07,2.91,55.56,0.0,0.0,0.65,3.72,6.16,0.81,0,0.0,0,0.0,1.46,0.0,0,0.0,0.02,0,0.0,6,0.97,33.33,0.0,0.16,1.94,25.0,1.94,25.0,0.0,0.0,0.0,1.13,57.14,3.24,30.0,0.32,2.43,0.32,37.07,2.75,0.16,42.9,84.91,13.11,71.6,7.61,95.74,14.08,86.21,38.36,90.72,2.91,44.44,19.75,25.28,0.01,0.32,0.16,0.0,0.0,0.0,0.16,2.59,81.25,2.75,47.06,0.0,0.0,0.65,0.32,7.45,71.74,0,,0,,0,0.0,0.0,0.0,,,0.16,,,0.0,0.0,0.0,0.0,0,0.0
Casper Fenwick,Team 27,Team 27,"LDMF, LCMF",31,7500000,2028-12-31,6,150,0,0.2,1,0.2,18.0,50.0,Mexico,Mexico,left,183,77,yes,17.4,9.6,75.0,3.6,16.67,1.2,1.76,1.8,9.0,13.24,1.8,0,0.0,0,0.0,0.6,0.0,0,0.0,0.12,0,0.0,2,1.2,0.0,0.0,0.6,1.2,50.0,1.2,50.0,0.0,0.0,0.0,0.0,0.0,2.4,0.0,0.6,1.2,0.0,28.2,1.8,0.0,39.6,74.24,11.4,31.58,7.8,100.0,17.4,89.66,36.0,80.0,2.4,0.0,15.08,18.49,0.12,1.2,0.0,0.0,0.0,0.0,0.6,6.0,50.0,1.2,50.0,0.0,0.0,0.6,0.6,3.6,50.0,0,,0,,0,0.0,0.0,0.0,,,0.6,,,0.0,0.0,0.0,0.0,0,0.0
Dorian Bradford,Team 27,Team 27,GK,30,7000000,2027-12-31,20,2034,0,0.0,0,0.01,0.13,100.0,England,England,right,193,95,yes,0.58,0.0,0.0,0.04,100.0,0.0,0.0,0.0,0.58,0.81,0.0,0,0.0,0,0.0,0.0,0.0,0,0.0,0.0,0,0.0,0,0.0,0.0,0.0,0.0,0.0,0.0,0.0,0.0,0.0,0.0,0.0,0.0,0.0,0.09,100.0,0.0,0.0,0.0,10.8,0.4,0.09,17.26,85.38,7.83,73.45,0.0,0.0,8.76,95.45,12.52,96.82,4.73,55.14,28.91,44.69,0.0,0.04,0.0,0.0,0.0,0.0,0.0,0.93,33.33,0.04,0.0,0.04,0.0,0.0,0.0,3.54,58.75,18,0.8,77,3.41,8,76.62,18.97,0.84,0.97,0.043,0.0,1.11,0.04,,,,0.0,0,0.0
Sean Hensley,Team 27,Team 27,"RAMF, RW, AMF",25,6000000,2029-06-30,11,665,2,2.6,1,1.6,20.3,48.0,Norway,Norway,left,178,65,yes,8.66,7.44,65.45,1.76,23.08,0.14,0.18,0.14,3.65,4.85,1.08,1,0.14,0,0.0,4.2,0.27,2,0.27,0.35,0,0.0,20,2.71,60.0,10.0,0.14,0.95,57.14,0.14,100.0,0.81,50.0,0.14,4.6,44.12,9.61,45.07,4.47,3.79,0.54,30.05,2.57,1.62,34.92,81.4,8.8,70.77,10.83,91.25,7.04,80.77,33.02,82.38,0.95,71.43,14.53,17.57,0.22,1.49,0.14,0.14,0.41,0.0,0.68,2.71,80.0,2.03,53.33,0.41,0.0,1.22,0.54,3.65,70.37,0,,0,,0,0.0,0.0,0.0,,,0.14,,,0.14,0.14,100.0,0.41,0,0.0
Gabriel Calder,Team 27,Team 27,"RDMF, RCMF, LDMF",32,5000000,2027-12-31,11,968,1,0.59,0,0.51,12.09,50.0,Uruguay,Uruguay,right,187,74,yes,6.6,5.3,49.12,2.7,65.52,0.56,0.84,0.37,3.44,5.16,1.39,5,0.46,1,0.09,0.65,0.09,1,0.09,0.06,0,0.0,6,0.56,33.33,16.667,0.0,0.28,33.33,0.0,0.0,0.28,33.33,0.0,0.37,100.0,2.14,47.83,0.74,0.56,0.0,46.02,0.46,0.84,57.09,92.18,16.08,81.5,8.09,97.7,22.22,96.23,54.2,93.48,2.6,71.43,16.23,35.41,0.05,0.37,0.0,0.0,0.09,0.0,0.37,9.2,90.91,0.74,50.0,0.09,0.0,0.46,0.09,6.14,78.79,0,,0,,0,0.0,0.0,0.0,,,0.56,,,0.0,0.0,0.0,0.0,0,0.0
Lars Fairfax,Team 27,Team 27,"RAMF, RW",30,4000000,2027-12-31,11,431,1,0.7,1,1.12,16.91,38.27,Ghana,Ghana,left,175,70,yes,6.06,5.43,57.69,0.84,25.0,0.63,0.84,0.0,2.3,3.08,1.25,2,0.42,0,0.0,2.92,0.21,1,0.21,0.15,0,0.0,9,1.88,22.22,11.111,0.21,1.46,42.86,0.0,0.0,1.46,42.86,0.42,3.55,41.18,8.98,30.23,2.71,2.71,1.04,34.66,0.63,1.04,41.35,85.86,8.56,73.17,10.02,91.67,14.83,88.73,36.13,87.86,3.76,83.33,19.43,31.12,0.23,2.09,0.21,0.0,0.42,100.0,1.88,3.76,83.33,3.13,46.67,0.63,100.0,1.88,0.84,6.89,72.73,0,,0,,0,0.0,0.0,0.0,,,0.21,,,0.42,0.0,0.0,2.51,0,0.0
Soren Lansbury,Team 27,Team 27,LB,35,2000000,2027-12-31,16,1401,0,0.11,0,0.97,13.68,53.05,Ecuador,Ecuador,left,180,80,yes,6.55,4.95,55.84,2.51,51.28,0.13,0.18,0.32,3.66,5.01,1.54,4,0.26,0,0.0,1.61,0.0,0,0.0,0.01,0,0.0,2,0.13,0.0,0.0,0.0,2.25,42.86,2.18,41.18,0.0,0.0,0.26,1.28,50.0,4.63,47.22,0.51,1.61,0.19,35.14,1.8,1.03,44.84,86.1,15.48,79.25,6.75,97.14,14.65,88.6,39.19,90.98,3.47,57.41,17.22,33.52,0.06,0.32,0.06,0.06,0.0,0.0,0.32,5.65,78.41,2.57,50.0,0.19,0.0,0.32,1.03,7.52,79.49,0,,0,,0,0.0,0.0,0.0,,,0.58,,,0.0,0.0,0.0,0.0,0,0.0
Emil Garrison,Team 27,Team 27,"LAMF, CF, LW",35,1800000,2027-12-31,15,624,0,1.85,3,1.52,20.91,40.69,Poland,Poland,right,184,77,yes,5.19,4.62,50.0,4.18,48.28,0.0,0.0,0.0,2.88,4.2,1.73,2,0.29,0,0.0,2.16,0.0,0,0.0,0.27,0,0.0,12,1.73,25.0,0.0,0.43,1.3,33.33,1.01,14.29,0.29,100.0,0.0,2.31,56.25,9.09,39.68,3.89,2.16,0.14,19.33,1.88,1.59,22.79,82.28,4.9,73.53,7.36,94.12,5.63,79.49,20.91,86.21,0.58,50.0,14.96,12.24,0.22,1.15,0.0,0.0,0.0,0.0,0.72,1.73,83.33,1.44,40.0,0.0,0.0,1.01,0.58,2.31,75.0,0,,0,,0,0.0,0.0,0.0,,,0.0,,,0.0,0.0,0.0,0.0,0,0.0
Christian Stratford,Team 27,Team 27,RB,33,1700000,2027-12-31,15,1329,0,0.18,2,1.21,10.56,57.05,Finland,Finland,right,174,70,yes,6.84,4.27,66.67,2.03,50.0,0.2,0.29,0.41,3.79,5.35,0.47,3,0.2,0,0.0,1.69,0.0,0,0.0,0.01,0,0.0,3,0.2,0.0,0.0,0.14,2.78,46.34,0.14,50.0,2.64,46.15,0.27,0.54,75.0,2.84,54.76,1.22,0.88,0.0,33.59,3.45,0.61,41.85,87.06,12.33,82.42,9.28,98.54,12.12,82.68,37.11,92.52,2.23,42.42,16.1,29.89,0.08,0.47,0.07,0.14,0.0,0.0,0.34,3.25,81.25,2.57,44.74,0.0,0.0,0.41,1.15,5.21,74.03,0,,0,,0,0.0,0.0,0.0,,,0.61,,,0.0,0.0,0.0,0.0,0,0.0
Ruben Garrison,Team 27,Team 27,"RAMF, LCMF, RW",28,6750000,2030-12-31,12,924,3,2.47,0,0.6,22.11,48.9,Ireland,Ireland,left,180,72,yes,6.92,6.72,57.97,2.82,44.83,0.1,0.13,0.19,2.92,3.85,1.95,2,0.19,0,0.0,1.75,0.29,3,0.29,0.24,0,0.0,25,2.44,32.0,12.0,0.0,0.68,28.57,0.49,20.0,0.19,50.0,0.1,1.46,53.33,10.52,43.52,1.75,0.88,0.1,38.67,0.88,2.34,47.14,84.3,14.42,74.32,8.96,93.48,15.29,91.08,43.25,86.71,3.31,61.76,16.48,30.55,0.06,0.78,0.0,0.0,0.29,0.0,0.49,7.99,82.93,2.92,56.67,1.07,45.45,1.66,0.19,7.31,80.0,0,,0,,0,0.0,0.0,0.0,,,0.19,,,0.19,0.1,0.0,0.0,0,0.0
Zachary Radcliffe,Team 27,Team 27,"RAMF, AMF, RW",28,6000000,2029-06-30,14,774,2,2.2,1,1.32,17.56,47.02,Brazil,Brazil,right,180,75,yes,5.0,4.42,65.79,1.28,54.55,0.58,0.95,0.12,1.51,2.47,0.93,1,0.12,2,0.23,3.02,0.23,2,0.23,0.26,0,0.0,18,2.09,33.33,11.111,0.12,2.09,33.33,0.35,0.0,1.74,40.0,0.23,3.14,51.85,10.23,39.77,3.6,1.86,0.12,31.05,1.51,1.63,36.05,83.87,8.37,79.17,7.79,95.52,10.7,80.43,32.56,88.21,1.4,58.33,16.17,20.86,0.15,1.63,0.0,0.0,0.0,0.0,0.58,4.65,87.5,2.21,52.63,0.12,0.0,1.16,0.58,4.42,94.74,0,,0,,0,0.0,0.0,0.0,,,0.0,,,1.05,0.0,0.0,2.91,0,0.0
Maxim Stafford,Team 27,Team 27,"LCMF, LDMF, AMF",29,6000000,2028-06-30,11,315,0,0.01,0,0.14,14.57,54.9,Morocco,Morocco,right,167,65,yes,6.57,6.0,42.86,0.86,0.0,0.57,0.77,0.57,3.43,4.62,2.29,3,0.86,0,0.0,0.86,0.0,0,0.0,0.0,0,0.0,3,0.86,0.0,0.0,0.0,0.86,66.67,0.29,100.0,0.57,50.0,0.29,0.57,0.0,5.71,75.0,0.0,1.43,0.0,33.14,0.57,4.0,44.86,84.08,15.43,72.22,6.29,100.0,15.71,90.91,39.14,88.32,5.14,55.56,17.05,20.55,0.04,0.86,0.29,0.0,0.57,50.0,0.57,5.71,85.0,2.57,55.56,0.29,0.0,1.14,0.86,6.57,60.87,0,,0,,0,0.0,0.0,0.0,,,0.86,,,0.86,0.57,0.0,2.0,0,0.0
Henry Kingsbury,Team 27,Team 27,RCB,30,3250000,2028-12-31,17,1520,1,0.23,1,0.0,7.7,66.92,Argentina,"Argentina, Germany",right,185,82,yes,5.98,2.84,66.67,3.02,68.63,0.06,0.08,0.65,4.03,5.51,0.65,0,0.0,0,0.0,0.41,0.06,1,0.06,0.01,1,0.06,3,0.18,33.33,33.333,0.06,0.36,66.67,0.06,100.0,0.3,60.0,0.0,0.18,33.33,0.71,66.67,0.41,1.48,0.0,45.12,1.07,0.3,58.14,91.45,20.78,81.77,2.61,95.45,29.31,97.78,51.28,94.57,6.51,68.18,20.8,35.64,0.0,0.0,0.12,0.0,0.06,100.0,0.0,8.88,82.67,0.95,75.0,0.41,71.43,0.47,0.24,10.36,77.71,0,,0,,0,0.0,0.0,0.0,,,1.24,,,0.0,0.0,0.0,0.0,0,0.0
Nils Valen,Team 27,Team 27,AMF,19,2900000,2029-12-31,1,9,0,0.0,0,0.0,,,Scotland,Scotland,right,177,73,yes,,,,,,,0.0,,,0.0,,0,,0,,,,0,,,0,,0,,,0.0,,,,,,,,,,,,,,,,,,,,,,,,,,,,,,,16.06,0.0,,,,,,,,,,,,,,,,,,0,,0,,0,0.0,0.0,,,,,,,,,,,0,0.0
Theo Northfield,Team 27,Team 27,CF,21,2600000,2027-12-31,7,104,0,0.01,0,0.0,22.5,53.85,Denmark,"Denmark, Germany",right,182,76,yes,4.33,3.46,75.0,1.73,50.0,0.0,0.0,0.0,1.73,2.4,1.73,1,0.87,0,0.0,0.87,0.0,0,0.0,0.01,0,0.0,1,0.87,0.0,0.0,0.0,0.0,0.0,0.0,0.0,0.0,0.0,0.0,1.73,50.0,12.98,53.33,3.46,0.0,0.0,7.79,0.0,4.33,11.25,69.23,0.87,100.0,2.6,100.0,3.46,25.0,10.38,66.67,0.87,100.0,10.23,3.11,0.0,0.0,0.0,0.0,0.0,0.0,0.0,1.73,0.0,0.87,100.0,0.0,0.0,0.87,0.0,0.87,100.0,0,,0,,0,0.0,0.0,0.0,,,0.0,,,0.0,0.0,0.0,0.0,0,0.0
Sebastian Grantham,Team 27,Team 27,"RDMF, RCMF, LDMF",23,6500000,2028-12-31,16,1025,0,0.77,1,0.8,10.71,40.98,South Korea,"South Korea, Portugal",right,178,77,yes,5.8,4.92,44.64,1.67,57.89,0.09,0.12,0.53,3.51,4.96,1.93,4,0.35,1,0.09,0.26,0.0,0,0.0,0.07,0,0.0,13,1.14,0.0,0.0,0.09,0.26,66.67,0.18,100.0,0.09,0.0,0.0,0.18,50.0,2.46,25.0,0.7,0.97,0.0,48.56,0.61,0.35,61.81,92.61,16.24,82.16,7.38,97.62,27.75,96.2,58.74,94.02,2.81,65.63,16.95,26.7,0.07,0.18,0.09,0.26,0.0,0.0,0.09,9.92,92.04,0.79,66.67,0.0,0.0,0.44,0.18,6.15,80.0,0,,0,,0,0.0,0.0,0.0,,,0.7,,,0.0,0.0,0.0,0.0,0,0.0
Jasper Barton,Team 27,Team 27,"AMF, CF",32,6500000,2028-12-31,13,974,3,4.46,1,1.88,13.12,42.25,Ireland,Ireland,right,172,70,yes,3.05,2.77,56.67,1.66,44.44,0.0,0.0,0.18,1.48,2.22,0.46,1,0.09,0,0.0,3.14,0.28,2,0.18,0.41,1,0.09,29,2.68,31.03,10.345,0.09,2.49,40.74,1.2,46.15,1.2,30.77,0.55,2.22,50.0,7.48,38.27,3.97,1.29,0.09,34.37,1.39,1.39,39.55,83.41,9.98,68.52,8.59,95.7,13.12,85.21,34.56,86.9,2.59,78.57,15.86,29.63,0.17,2.03,0.28,0.09,0.37,50.0,0.74,3.97,76.74,3.79,65.85,0.55,33.33,1.85,0.92,5.17,87.5,0,,0,,0,0.0,0.0,0.0,,,0.09,,,1.94,0.18,50.0,2.4,1,100.0
Colin Monroe,Team 27,Team 27,LCB,30,6500000,2027-12-31,17,1624,2,1.15,0,0.2,8.2,55.41,Spain,Spain,left,189,79,yes,6.32,3.49,58.73,2.38,55.81,0.11,0.16,0.78,4.16,5.83,0.83,6,0.33,0,0.0,0.55,0.11,2,0.11,0.06,0,0.0,12,0.67,33.33,16.667,0.0,0.5,44.44,0.5,44.44,0.0,0.0,0.06,0.17,66.67,0.89,43.75,0.5,2.44,0.11,50.71,0.28,0.55,65.01,93.95,19.17,87.28,3.49,95.24,34.36,97.1,59.35,96.08,5.26,72.63,19.84,36.62,0.01,0.11,0.06,0.06,0.0,0.0,0.06,8.2,85.14,1.0,44.44,0.17,66.67,0.33,0.17,8.04,87.59,0,,0,,0,0.0,0.0,0.0,,,1.44,,,0.28,0.28,40.0,0.0,0,0.0
Magnus Vance,Team 27,Team 27,CF,29,7750000,2027-12-31,20,1733,12,9.36,4,2.23,12.46,36.67,Netherlands,Netherlands,right,186,78,yes,2.39,2.08,47.5,1.71,36.36,0.21,0.3,0.05,1.19,1.71,0.83,1,0.05,0,0.0,2.08,0.62,12,0.62,0.49,2,0.1,42,2.18,57.14,28.571,0.21,0.31,16.67,0.16,0.0,0.16,33.33,0.0,1.45,53.57,6.28,35.54,3.53,0.42,0.0,13.76,1.25,1.14,16.46,78.23,3.79,54.79,5.14,94.95,3.69,76.06,15.53,80.94,0.62,41.67,13.1,15.31,0.12,0.83,0.05,0.1,0.16,0.0,0.62,1.04,65.0,1.71,39.39,0.26,0.0,1.09,0.05,1.4,74.07,0,,0,,0,0.0,0.0,0.0,,,0.05,,,0.0,0.0,0.0,0.0,0,0.0
Caleb Hawthorne,Team 27,Team 27,"LCB, RCB",26,5250000,2029-12-31,9,641,0,0.25,0,0.49,7.3,53.85,Colombia,Colombia,right,185,78,yes,5.62,2.81,40.0,2.81,70.0,0.14,0.21,0.7,4.35,6.6,0.7,2,0.28,0,0.0,0.14,0.0,0,0.0,0.04,0,0.0,4,0.56,0.0,0.0,0.0,0.14,0.0,0.0,0.0,0.14,0.0,0.0,0.14,100.0,0.42,100.0,0.98,1.12,0.14,45.77,0.56,0.14,57.43,93.4,14.88,82.08,1.83,100.0,35.38,98.02,54.48,95.88,2.81,50.0,19.01,24.65,0.07,0.14,0.0,0.0,0.0,0.0,0.0,6.46,91.3,0.28,100.0,0.0,0.0,0.14,0.0,6.74,68.75,0,,0,,0,0.0,0.0,0.0,,,0.84,,,0.0,0.0,0.0,0.0,0,0.0
Xavier Blackwood,Team 27,Team 27,"LAMF, LW, AMF",26,4750000,2029-12-31,20,1416,5,2.93,6,3.56,17.48,49.82,Turkey,Turkey,right,170,69,yes,6.23,6.42,58.42,1.21,47.37,0.06,0.09,0.06,2.42,3.6,1.02,2,0.13,0,0.0,3.62,0.32,5,0.32,0.19,0,0.0,35,2.22,40.0,14.286,0.38,2.1,45.45,1.59,52.0,0.44,28.57,0.57,3.11,51.02,8.2,46.51,3.18,2.48,0.13,32.92,2.1,2.1,38.58,84.51,6.42,73.27,12.2,93.23,11.25,85.31,34.83,87.04,1.65,80.77,15.66,28.88,0.23,1.33,0.13,0.0,0.32,60.0,1.08,1.97,80.65,2.73,53.49,0.38,50.0,1.33,0.95,4.7,85.14,0,,0,,0,0.0,0.0,0.0,,,0.06,,,0.06,0.0,0.0,0.32,0,0.0
Nikolai Sinclair,Team 5,Team 5,"RB, RWB",33,3000000,2027-12-31,10,838,0,0.32,1,0.33,11.38,54.72,Switzerland,Switzerland,right,181,68,yes,7.52,5.58,65.38,1.18,45.45,0.21,0.29,0.21,3.65,4.98,0.54,0,0.0,0,0.0,1.83,0.0,0,0.0,0.03,0,0.0,4,0.43,25.0,0.0,0.11,2.9,33.33,0.0,0.0,2.9,33.33,0.32,0.86,87.5,3.54,39.39,0.97,2.26,0.43,32.97,1.72,0.32,45.21,85.27,16.32,80.26,7.3,98.53,14.07,87.02,40.38,90.43,1.93,55.56,17.86,34.33,0.04,0.32,0.11,0.0,0.0,0.0,0.21,5.69,77.36,3.11,48.28,0.11,0.0,0.32,0.97,8.05,78.67,0,,0,,0,0.0,0.0,0.0,,,0.97,,,0.0,0.0,0.0,0.0,0,0.0
Declan Stratford,Team 5,Team 5,"RCMF, LCMF",27,2500000,2028-12-31,17,1009,0,0.25,0,0.11,11.68,50.38,Ireland,Ireland,right,183,75,yes,6.33,5.44,60.66,1.96,45.45,0.09,0.13,0.27,2.94,4.18,1.78,4,0.36,0,0.0,0.71,0.0,0,0.0,0.02,0,0.0,6,0.54,16.67,0.0,0.0,0.27,100.0,0.18,100.0,0.09,100.0,0.0,0.8,44.44,2.77,45.16,0.27,0.36,0.18,29.26,0.36,1.16,38.71,86.18,10.53,69.49,7.14,97.5,15.43,93.06,35.5,88.69,2.94,54.55,17.35,26.3,0.01,0.18,0.0,0.0,0.18,0.0,0.09,6.33,77.46,0.8,44.44,0.18,0.0,0.45,0.27,5.44,75.41,0,,0,,0,0.0,0.0,0.0,,,0.27,,,0.0,0.0,0.0,0.0,0,0.0
Callum Ellwood,Team 5,Team 5,"RCB, CB",25,2000000,2026-12-31,15,1125,0,1.16,0,0.06,9.76,61.48,Nigeria,"Nigeria, Spain",right,188,85,yes,6.32,3.92,65.31,2.8,48.57,0.08,0.12,0.56,3.68,5.37,0.88,0,0.0,0,0.0,0.48,0.0,0,0.0,0.09,0,0.0,7,0.56,42.86,0.0,0.0,0.64,25.0,0.0,0.0,0.64,25.0,0.08,0.08,100.0,1.28,50.0,0.56,0.32,0.0,25.68,0.48,0.64,37.68,81.53,16.88,68.72,1.92,95.83,15.76,93.4,30.72,92.19,6.4,36.25,24.88,43.92,0.01,0.08,0.0,0.0,0.0,0.0,0.0,4.72,52.54,0.88,18.18,0.32,75.0,0.08,0.08,6.88,53.49,0,,0,,0,0.0,0.0,0.0,,,1.04,,,0.0,0.0,0.0,0.0,0,0.0
Ruben Kren,Team 5,Team 5,GK,36,1000000,2026-12-31,21,2159,0,0.0,0,0.0,0.21,100.0,Norway,Norway,right,188,78,yes,0.88,0.04,100.0,0.08,100.0,0.0,0.0,0.0,0.83,1.14,0.0,3,0.13,0,0.0,0.0,0.0,0,0.0,0.0,0,0.0,0,0.0,0.0,0.0,0.0,0.0,0.0,0.0,0.0,0.0,0.0,0.0,0.0,0.0,0.08,100.0,0.0,0.0,0.0,5.96,0.08,0.08,11.67,80.0,6.17,64.86,0.0,0.0,5.13,96.75,7.67,96.74,4.0,47.92,34.51,52.07,0.0,0.0,0.0,0.04,0.0,0.0,0.04,1.46,48.57,0.08,0.0,0.17,0.0,0.0,0.0,2.79,61.19,19,0.79,69,2.88,7,72.46,18.35,0.76,-0.65,-0.027,0.0,1.17,0.08,,,,0.0,0,0.0
Dara Valen,Team 5,Team 5,"AMF, LWB, LB",34,1000000,2027-12-31,21,1868,5,2.37,0,1.83,9.15,40.0,Italy,Italy,left,172,70,yes,2.51,1.98,56.1,0.58,25.0,0.0,0.0,0.05,1.4,1.88,0.67,0,0.0,0,0.0,1.69,0.24,5,0.24,0.11,0,0.0,27,1.3,40.74,18.519,0.0,1.25,38.46,0.77,43.75,0.48,30.0,0.1,0.92,57.89,4.87,35.64,1.49,1.73,0.43,22.07,1.35,0.77,28.57,84.15,7.76,73.29,7.9,96.95,7.42,83.12,26.07,87.62,1.35,60.71,16.27,22.72,0.09,0.67,0.0,0.05,0.24,60.0,0.53,3.18,69.7,2.51,50.0,0.29,66.67,1.06,0.43,4.05,80.95,0,,0,,0,0.0,0.0,0.0,,,0.19,,,0.19,0.05,0.0,0.53,0,0.0
Dorian Westlake,Team 5,Team 5,RCMF,32,1000000,2026-12-31,15,1105,0,0.1,1,0.79,11.65,53.85,Chile,"Chile, France",right,171,67,yes,6.11,6.84,53.57,0.57,57.14,0.57,0.72,0.08,1.87,2.38,1.38,5,0.41,0,0.0,0.41,0.0,0,0.0,0.01,0,0.0,2,0.16,0.0,0.0,0.08,0.33,50.0,0.0,0.0,0.33,50.0,0.08,0.16,100.0,3.34,58.54,0.16,0.49,0.16,21.01,0.49,1.38,27.61,87.91,7.66,71.28,3.18,97.44,12.71,95.51,24.84,90.49,2.44,66.67,19.13,32.52,0.06,0.16,0.0,0.0,0.16,50.0,0.16,4.48,74.55,0.57,57.14,0.16,50.0,0.16,0.16,3.18,74.36,0,,0,,0,0.0,0.0,0.0,,,0.0,,,0.0,0.0,0.0,0.0,0,0.0
Finn Kingsbury,Team 5,Team 5,CB,29,850000,2027-12-31,17,1513,1,0.93,0,0.0,10.83,58.24,Scotland,Scotland,right,185,75,yes,7.85,5.0,58.33,4.04,66.18,0.36,0.45,0.59,4.58,5.78,1.19,1,0.06,0,0.0,0.24,0.06,1,0.06,0.06,1,0.06,8,0.48,50.0,12.5,0.0,0.06,0.0,0.0,0.0,0.06,0.0,0.0,0.12,0.0,0.54,33.33,0.71,0.12,0.0,23.67,0.12,0.24,34.2,93.57,8.92,80.0,1.25,100.0,21.12,98.59,32.12,95.56,2.02,64.71,18.79,27.41,0.0,0.0,0.0,0.0,0.0,0.0,0.0,2.62,84.09,0.06,0.0,0.0,0.0,0.0,0.0,3.75,66.67,0,,0,,0,0.0,0.0,0.0,,,1.13,,,0.0,0.0,0.0,0.0,0,0.0
Arthur Davenport,Team 5,Team 5,"LCMF, DMF, RCMF",39,350000,2026-12-31,15,1313,2,2.41,0,0.33,11.38,53.01,Belgium,Belgium,left,186,77,yes,4.94,3.63,60.38,1.17,29.41,0.0,0.0,0.27,2.74,3.76,1.23,3,0.21,0,0.0,1.23,0.14,2,0.14,0.17,1,0.07,17,1.17,47.06,11.765,0.0,0.27,0.0,0.07,0.0,0.21,0.0,0.14,0.89,76.92,5.42,54.43,0.89,0.89,0.14,28.1,0.0,1.58,36.67,90.47,11.24,81.1,4.11,95.0,15.97,96.57,34.48,92.64,1.92,64.29,18.85,30.15,0.02,0.27,0.0,0.0,0.07,0.0,0.14,7.06,86.41,0.82,33.33,0.41,16.67,0.27,0.07,4.8,87.14,0,,0,,0,0.0,0.0,0.0,,,0.48,,,0.0,0.0,0.0,0.0,0,0.0
Matthias Hayward,Team 5,Team 5,"AMF, RW, RWB",17,1200000,2030-03-31,9,371,0,0.53,0,0.18,21.35,31.82,Norway,"Norway, Portugal",right,175,70,yes,3.88,4.12,47.06,2.67,27.27,0.0,0.0,0.0,1.94,3.12,1.21,0,0.0,0,0.0,3.88,0.0,0,0.0,0.13,0,0.0,10,2.43,70.0,0.0,0.0,0.49,0.0,0.24,0.0,0.24,0.0,0.0,5.09,42.86,12.61,26.92,2.67,4.12,0.97,17.22,1.94,1.21,21.35,81.82,4.61,73.68,5.82,91.67,6.79,85.71,20.13,86.75,0.73,0.0,19.58,17.76,0.04,0.97,0.0,0.0,0.0,0.0,0.0,2.18,77.78,0.49,50.0,0.24,0.0,0.73,0.0,2.67,90.91,0,,0,,0,0.0,0.0,0.0,,,0.0,,,0.0,0.0,0.0,0.73,0,0.0
Finn Blackwood,Team 5,Team 5,"LW, RW, AMF",20,1200000,2029-12-31,8,281,0,0.29,0,0.01,19.86,48.39,Croatia,Croatia,right,174,69,yes,4.16,4.8,46.67,2.56,62.5,0.64,1.36,0.0,1.28,2.73,2.56,1,0.32,0,0.0,3.52,0.0,0,0.0,0.09,0,0.0,7,2.24,14.29,0.0,0.0,2.24,28.57,1.92,16.67,0.32,100.0,0.32,4.48,57.14,9.93,51.61,6.09,1.6,0.0,20.18,1.6,2.88,24.02,66.67,7.37,60.87,4.16,100.0,6.41,70.0,20.5,71.88,1.28,50.0,18.95,19.78,0.0,0.96,0.0,0.0,0.0,0.0,0.0,2.24,85.71,3.2,40.0,0.0,0.0,0.64,0.64,3.2,80.0,0,,0,,0,0.0,0.0,0.0,,,0.0,,,0.0,0.0,0.0,0.32,0,0.0
Milo Montague,Team 5,Team 5,"LCMF, RCMF, LCB",21,1300000,2028-12-31,4,93,0,0.01,0,0.0,12.58,46.15,Norway,Norway,left,180,77,yes,8.71,8.71,44.44,0.97,100.0,0.0,0.0,0.97,4.84,6.52,2.9,1,0.97,0,0.0,0.97,0.0,0,0.0,0.01,0,0.0,1,0.97,100.0,0.0,0.0,0.97,0.0,0.97,0.0,0.0,0.0,0.0,0.97,0.0,1.94,0.0,0.0,1.94,0.0,16.45,0.0,0.0,26.13,77.78,7.74,62.5,6.77,100.0,9.68,80.0,23.23,79.17,1.94,100.0,18.93,21.23,0.0,0.0,0.0,0.0,0.0,0.0,0.0,2.9,66.67,0.97,0.0,0.0,0.0,0.0,0.0,3.87,50.0,0,,0,,0,0.0,0.0,0.0,,,0.97,,,0.0,0.0,0.0,0.0,0,0.0
Gabriel Sinclair,Team 5,Team 5,LWB,20,1000000,,6,488,0,0.23,1,1.12,14.39,56.41,Greece,Greece,left,179,70,yes,7.93,4.98,59.26,2.77,53.33,0.37,0.49,0.18,4.61,6.15,1.48,0,0.0,0,0.0,2.95,0.0,0,0.0,0.04,0,0.0,6,1.11,16.67,0.0,0.18,1.84,30.0,1.84,30.0,0.0,0.0,0.18,2.77,80.0,5.72,61.29,1.48,2.95,0.18,25.64,2.21,1.11,31.91,76.3,10.88,62.71,7.75,97.62,8.48,76.09,27.85,82.78,2.58,35.71,18.11,35.78,0.21,0.74,0.0,0.0,0.0,0.0,0.74,4.06,59.09,2.03,45.45,0.0,0.0,1.11,0.37,6.64,72.22,0,,0,,0,0.0,0.0,0.0,,,0.18,,,0.0,0.0,0.0,0.0,0,0.0
Sean Faulkner,Team 5,Team 5,AMF,27,1500000,2028-12-31,8,350,3,2.48,0,0.2,10.8,50.0,Nigeria,"Nigeria, Portugal",left,173,60,yes,4.63,4.63,50.0,0.77,66.67,0.0,0.0,0.0,2.31,3.14,1.29,1,0.26,0,0.0,3.86,0.77,3,0.77,0.64,0,0.0,14,3.6,35.71,21.429,0.0,3.6,42.86,0.26,0.0,3.09,50.0,0.51,2.06,50.0,5.14,50.0,4.11,1.29,0.0,28.29,0.77,1.29,33.69,77.1,8.49,66.67,8.49,93.94,8.74,76.47,27.77,82.41,2.31,66.67,19.56,37.26,0.05,1.03,0.26,0.0,0.0,0.0,0.51,3.34,69.23,4.11,43.75,0.0,0.0,0.26,1.54,5.66,81.82,0,,0,,0,0.0,0.0,0.0,,,0.0,,,0.0,0.0,0.0,0.26,0,0.0
Dylan Yardley,Team 5,Team 5,CF,22,1400000,2030-06-30,1,11,0,0.0,0,0.0,,,Chile,Chile,right,189,80,yes,,,,,,,0.0,,,0.0,,0,,0,,,,0,,,0,,0,,,0.0,,,,,,,,,,,,,,,,,,,,,,,,,,,,,,,0.0,0.0,,,,,,,,,,,,,,,,,,0,,0,,0,0.0,0.0,,,,,,,,,,,0,0.0
Milo Callow,Team 5,Team 5,"LB, LWB",21,1000000,2029-12-31,11,631,0,0.1,0,0.73,14.98,47.62,United States,United States,left,179,71,yes,7.27,5.99,59.52,2.14,33.33,0.0,0.0,0.57,3.71,4.53,0.14,0,0.0,0,0.0,2.14,0.0,0,0.0,0.01,0,0.0,2,0.29,0.0,0.0,0.0,2.57,33.33,2.57,33.33,0.0,0.0,0.14,2.14,60.0,4.71,39.39,0.71,2.42,0.57,25.39,1.0,0.14,34.23,85.83,11.84,78.31,5.28,94.59,11.13,89.74,29.24,92.68,2.42,58.82,17.82,29.67,0.1,0.57,0.0,0.0,0.14,0.0,0.43,2.85,65.0,2.0,35.71,0.14,0.0,0.14,1.0,4.99,80.0,0,,0,,0,0.0,0.0,0.0,,,0.14,,,0.0,0.0,0.0,0.0,0,0.0
Soren Bradford,Team 5,Team 5,"RWB, RB, RCB",21,900000,2027-12-31,6,318,0,0.01,0,0.0,16.13,49.12,Romania,"Romania, Italy",right,178,75,yes,7.36,8.77,51.61,0.85,33.33,0.0,0.0,0.57,2.83,4.17,0.85,0,0.0,0,0.0,1.98,0.0,0,0.0,0.0,0,0.0,1,0.28,100.0,0.0,0.0,3.4,8.33,0.0,0.0,3.4,8.33,0.57,1.42,100.0,5.66,50.0,0.28,0.28,0.0,24.06,1.13,0.57,33.4,73.73,12.17,72.09,6.51,91.3,11.04,64.1,24.62,87.36,5.38,52.63,15.33,24.45,0.0,0.0,0.0,0.0,0.28,0.0,0.28,5.38,57.89,4.81,17.65,0.85,0.0,0.57,0.57,5.94,80.95,0,,0,,0,0.0,0.0,0.0,,,0.28,,,0.57,0.28,100.0,1.98,0,0.0
Gabriel Valen,Team 5,Team 5,"AMF, CF",22,1100000,2027-12-31,3,55,0,0.0,0,0.0,29.45,44.44,Sweden,Sweden,right,170,63,yes,8.18,6.55,75.0,6.55,75.0,0.0,0.0,0.0,3.27,4.29,1.64,0,0.0,0,0.0,3.27,0.0,0,0.0,0.0,0,0.0,0,0.0,0.0,0.0,0.0,1.64,100.0,1.64,100.0,0.0,0.0,0.0,6.55,25.0,13.09,25.0,1.64,0.0,0.0,8.18,1.64,0.0,11.45,71.43,0.0,0.0,3.27,100.0,4.91,66.67,9.82,66.67,0.0,0.0,14.95,0.0,0.0,0.0,0.0,0.0,0.0,0.0,0.0,0.0,0.0,3.27,100.0,0.0,0.0,1.64,1.64,1.64,100.0,0,,0,,0,0.0,0.0,0.0,,,0.0,,,0.0,0.0,0.0,0.0,0,0.0
Owen Waverley,Team 5,Team 5,"AMF, LW, RW",20,1700000,2028-12-31,15,585,0,1.35,3,1.73,14.0,43.96,Mexico,Mexico,right,179,73,yes,5.54,6.62,53.49,1.38,11.11,0.31,0.48,0.15,1.69,2.64,1.38,2,0.31,0,0.0,3.08,0.0,0,0.0,0.21,0,0.0,14,2.15,35.71,0.0,0.46,2.92,52.63,1.54,60.0,1.38,44.44,0.15,1.85,41.67,4.62,36.67,1.23,0.92,0.0,28.46,2.0,0.62,34.46,81.25,7.23,68.09,7.54,83.67,14.62,86.32,30.0,84.1,2.0,76.92,17.77,20.18,0.27,2.31,0.0,0.15,0.31,0.0,0.92,4.46,82.76,3.23,57.14,0.62,50.0,0.62,1.38,5.23,73.53,0,,0,,0,0.0,0.0,0.0,,,0.15,,,0.77,0.31,100.0,3.08,0,0.0
Leon Talbot,Team 5,Team 5,"AMF, RW",20,1100000,2029-12-31,14,752,1,0.19,0,0.34,10.05,33.33,Iceland,Iceland,left,176,70,yes,4.67,3.95,45.45,1.2,10.0,0.0,0.0,0.0,2.87,4.24,0.84,0,0.0,0,0.0,0.6,0.12,1,0.12,0.02,0,0.0,4,0.48,25.0,25.0,0.0,0.48,25.0,0.24,50.0,0.24,0.0,0.12,1.32,27.27,3.95,33.33,1.44,1.2,0.24,17.35,0.96,0.6,20.94,81.14,6.34,67.92,4.07,97.06,6.58,87.27,19.75,84.85,0.72,16.67,16.4,13.16,0.04,0.48,0.12,0.0,0.0,0.0,0.24,3.35,82.14,1.2,30.0,0.24,0.0,0.36,0.12,3.71,83.87,0,,0,,0,0.0,0.0,0.0,,,0.0,,,0.36,0.0,0.0,0.36,0,0.0
Soren Kitteridge,Team 5,Team 5,"LCB, LB, LWB",24,850000,2029-06-30,16,1456,1,0.44,4,2.03,12.98,53.81,Senegal,"Senegal, Spain",left,183,69,yes,8.1,6.68,57.41,1.3,57.14,0.0,0.0,0.31,4.27,5.95,1.73,1,0.06,1,0.06,1.55,0.06,1,0.06,0.03,0,0.0,13,0.8,23.08,7.692,0.25,2.78,24.44,2.53,26.83,0.19,0.0,0.56,0.99,68.75,3.34,51.85,0.62,2.04,0.43,32.7,1.11,0.87,47.23,81.28,20.15,74.54,6.12,95.96,15.89,86.77,39.0,89.7,5.63,49.45,21.95,42.45,0.13,1.3,0.12,0.0,0.0,0.0,0.25,7.11,71.3,3.03,34.69,0.37,33.33,0.56,0.68,11.37,71.2,0,,0,,0,0.0,0.0,0.0,,,0.74,,,1.79,0.37,16.67,2.16,0,0.0
Malcolm Harrington,Team 5,Team 5,"CF, RWF",26,900000,2028-02-29,8,139,0,0.14,0,0.19,27.19,30.95,Colombia,Colombia,right,185,81,yes,1.29,1.94,33.33,6.47,20.0,0.0,0.0,0.0,0.65,0.94,2.59,0,0.0,0,0.0,0.65,0.0,0,0.0,0.09,0,0.0,2,1.29,0.0,0.0,0.0,0.0,0.0,0.0,0.0,0.0,0.0,0.0,0.65,0.0,10.36,18.75,3.24,0.0,0.0,7.77,1.29,3.24,11.01,82.35,1.94,100.0,5.18,87.5,0.0,0.0,9.06,85.71,1.94,66.67,7.75,12.35,0.12,0.65,0.0,0.0,0.65,100.0,1.29,0.65,100.0,0.0,0.0,0.65,100.0,0.65,0.0,0.0,0.0,0,,0,,0,0.0,0.0,0.0,,,0.0,,,0.0,0.0,0.0,0.0,0,0.0
Arthur Hawthorne,Team 5,Team 5,LCB,30,1400000,2028-12-31,2,117,0,0.0,0,0.0,12.31,31.25,Chile,Chile,left,183,76,yes,6.92,7.69,40.0,2.31,0.0,0.0,0.0,0.77,3.85,4.55,3.08,0,0.0,0,0.0,0.77,0.0,0,0.0,0.0,0,0.0,0,0.0,0.0,0.0,0.0,0.77,100.0,0.77,100.0,0.0,0.0,0.0,0.0,0.0,1.54,0.0,0.0,0.0,0.0,28.46,0.77,0.0,34.62,95.56,13.08,94.12,3.85,100.0,11.54,100.0,33.85,95.45,0.0,0.0,12.87,0.0,0.0,0.0,0.0,0.0,0.0,0.0,0.0,2.31,100.0,0.77,100.0,0.0,0.0,0.0,0.77,1.54,100.0,0,,0,,0,0.0,0.0,0.0,,,0.77,,,0.0,0.0,0.0,0.0,0,0.0
Graham Clairmont,Team 5,Team 5,CF,26,2500000,2028-06-30,20,2021,12,14.26,2,1.07,19.64,33.11,Sweden,Sweden,right,180,77,yes,1.91,1.96,31.82,2.76,17.74,0.09,0.12,0.18,1.2,1.66,1.91,3,0.13,0,0.0,2.81,0.53,10,0.45,0.63,0,0.0,57,2.54,54.39,21.053,0.09,0.76,11.76,0.36,0.0,0.4,22.22,0.0,2.45,54.55,10.47,37.87,3.79,1.25,0.22,7.57,1.38,2.72,8.64,73.71,1.29,68.97,3.38,85.53,2.05,71.74,7.75,79.89,0.22,40.0,16.33,9.85,0.05,0.4,0.0,0.0,0.0,0.0,0.45,0.4,77.78,0.71,43.75,0.0,0.0,0.27,0.13,0.45,70.0,0,,0,,0,0.0,0.0,0.0,,,0.0,,,0.0,0.0,0.0,0.0,2,100.0
Bastien Davenport,Team 5,Team 5,"RWB, RB, RCB",30,1500000,2028-12-31,17,1678,0,0.72,5,1.99,7.99,48.99,Austria,Austria,right,175,72,yes,5.31,3.49,53.85,1.13,33.33,0.16,0.23,0.32,3.27,4.69,0.91,5,0.27,0,0.0,0.75,0.0,0,0.0,0.04,0,0.0,7,0.38,42.86,0.0,0.27,1.56,27.59,0.0,0.0,1.56,27.59,0.16,0.21,75.0,1.98,54.05,0.8,0.97,0.21,26.76,2.15,0.91,35.88,81.17,13.57,70.36,5.95,92.79,11.64,84.79,30.14,86.83,4.24,59.49,18.3,34.53,0.11,0.75,0.05,0.0,0.05,0.0,0.59,5.31,67.68,2.41,48.89,0.43,50.0,0.91,0.48,8.9,74.7,0,,0,,0,0.0,0.0,0.0,,,0.21,,,0.05,0.0,0.0,0.11,0,0.0
Leon Northfield,Team 5,Team 5,"RCB, LCB, CB",19,650000,2028-12-31,19,1863,0,0.37,0,0.0,8.26,52.63,Japan,Japan,right,187,80,yes,6.81,3.48,63.89,1.64,41.18,0.14,0.2,0.63,4.44,6.2,0.87,6,0.29,0,0.0,0.19,0.0,0,0.0,0.02,0,0.0,5,0.24,0.0,0.0,0.0,0.14,33.33,0.05,0.0,0.1,50.0,0.0,0.24,40.0,1.3,48.15,0.29,1.06,0.05,29.08,0.19,0.58,41.16,88.5,17.68,81.69,2.08,95.35,18.41,96.33,35.02,92.69,5.99,65.32,22.39,40.25,0.0,0.05,0.0,0.0,0.05,100.0,0.1,5.7,77.97,0.53,36.36,0.19,50.0,0.14,0.05,8.16,74.56,0,,0,,0,0.0,0.0,0.0,,,1.16,,,0.0,0.0,0.0,0.0,0,0.0
Aaron Irvine,Team 5,Team 5,"LCMF, AMF, LW",24,1600000,2028-07-01,15,778,0,1.01,1,0.91,12.96,39.29,Sweden,Sweden,right,181,72,yes,5.21,3.59,58.06,1.27,45.45,0.23,0.34,0.12,2.89,4.26,1.04,4,0.46,1,0.12,1.62,0.0,0,0.0,0.12,0,0.0,10,1.16,10.0,0.0,0.12,1.62,28.57,1.04,44.44,0.35,0.0,0.12,2.43,42.86,6.59,31.58,0.93,1.16,0.23,26.14,0.81,0.81,35.75,79.29,10.41,71.11,4.4,89.47,15.27,83.33,30.77,83.46,3.47,66.67,17.95,28.51,0.1,1.39,0.35,0.0,0.12,0.0,0.23,5.67,71.43,2.54,54.55,0.46,25.0,0.93,0.58,6.02,76.92,0,,0,,0,0.0,0.0,0.0,,,0.0,,,0.93,0.35,0.0,1.97,0,0.0
Casper Calder,Team 5,Team 5,"LCMF, DMF",24,1400000,2027-12-31,7,422,0,0.26,0,0.0,11.52,46.3,Hungary,Hungary,left,183,77,yes,6.82,5.12,66.67,1.71,37.5,0.85,1.13,0.43,2.56,3.4,1.49,2,0.43,0,0.0,0.64,0.0,0,0.0,0.06,0,0.0,2,0.43,0.0,0.0,0.0,0.64,66.67,0.43,100.0,0.21,0.0,0.0,1.07,20.0,3.41,6.25,0.43,0.0,0.0,17.49,0.21,0.0,26.87,88.1,3.84,77.78,5.12,95.83,13.22,91.94,24.74,91.38,1.71,50.0,16.43,26.65,0.0,0.0,0.0,0.0,0.0,0.0,0.0,1.49,71.43,0.43,50.0,0.0,0.0,0.0,0.21,2.56,50.0,0,,0,,0,0.0,0.0,0.0,,,0.0,,,0.0,0.0,0.0,0.0,0,0.0
Maxim Dunmore,Team 29,Team 29,CF,24,7000000,2027-12-31,18,1263,9,5.86,1,0.47,19.81,30.94,Scotland,Scotland,right,181,73,yes,2.64,2.92,46.34,3.21,28.89,0.21,0.34,0.0,1.07,1.68,1.35,0,0.0,1,0.07,3.35,0.64,9,0.64,0.42,1,0.07,37,2.64,70.27,24.324,0.07,0.29,0.0,0.21,0.0,0.07,0.0,0.0,3.28,43.48,10.55,29.05,3.71,1.07,0.14,11.76,1.21,0.64,15.75,79.19,2.49,60.0,4.35,88.52,4.28,86.67,14.96,81.9,0.5,42.86,12.94,10.3,0.03,0.57,0.14,0.0,0.07,100.0,0.36,0.64,55.56,0.57,87.5,0.14,100.0,0.5,0.0,1.35,57.89,0,,0,,0,0.0,0.0,0.0,,,0.0,,,0.0,0.0,0.0,0.0,0,0.0
Casper Waverley,Team 29,Team 29,"LAMF, LW",29,7000000,2028-12-31,14,725,0,1.06,0,1.69,15.52,45.6,Ghana,Ghana,left,160,54,yes,2.86,2.61,47.62,0.5,25.0,0.12,0.21,0.0,1.49,2.5,0.25,0,0.0,0,0.0,6.58,0.0,0,0.0,0.13,0,0.0,10,1.24,40.0,0.0,0.0,4.34,51.43,3.97,46.88,0.37,100.0,0.87,6.7,57.41,11.67,48.94,4.97,5.83,0.62,29.79,1.61,1.37,36.0,84.14,3.6,82.76,12.91,96.15,11.3,81.32,30.29,90.16,1.49,58.33,17.29,26.09,0.21,1.99,0.12,0.12,0.0,0.0,0.74,0.99,87.5,2.98,66.67,0.0,0.0,0.87,2.11,3.72,70.0,0,,0,,0,0.0,0.0,0.0,,,0.0,,,0.25,0.12,0.0,0.62,0,0.0
Lars Kensington,Team 29,Team 29,"RAMF, LAMF, AMF",29,5000000,2029-12-31,17,1261,3,3.1,2,2.53,12.06,42.6,Serbia,Serbia,right,168,60,yes,2.21,2.5,51.43,0.79,27.27,0.0,0.0,0.0,0.93,1.51,0.43,2,0.14,0,0.0,3.64,0.21,2,0.14,0.22,0,0.0,37,2.64,35.14,8.108,0.14,1.93,44.44,0.43,33.33,1.5,47.62,0.0,2.78,66.67,7.14,43.0,2.36,1.86,0.0,34.54,1.28,1.14,40.9,86.39,7.85,74.55,10.78,94.04,13.85,88.14,36.76,90.1,2.21,61.29,16.58,38.42,0.18,1.86,0.21,0.0,0.14,0.0,0.64,4.28,73.33,3.0,59.52,0.14,0.0,1.57,0.79,5.07,78.87,0,,0,,0,0.0,0.0,0.0,,,0.0,,,0.79,0.21,0.0,3.21,1,100.0
Callum Vance,Team 29,Team 29,"RAMF, RW",27,5000000,2028-12-31,14,1194,4,3.15,2,2.05,17.86,50.63,Nigeria,Nigeria,right,175,69,yes,5.65,5.73,60.53,0.98,46.15,0.08,0.12,0.3,2.11,3.35,1.58,3,0.23,1,0.08,3.99,0.3,4,0.3,0.24,1,0.08,27,2.04,44.44,14.815,0.15,3.39,26.67,0.3,50.0,3.09,24.39,0.68,3.69,59.18,9.35,48.39,3.17,2.19,0.3,30.3,2.49,1.66,36.26,80.46,7.54,73.0,10.55,93.57,9.2,66.39,31.88,87.47,1.13,40.0,14.59,18.39,0.15,1.36,0.0,0.0,0.0,0.0,0.68,2.49,72.73,4.52,41.67,0.08,0.0,1.43,0.75,3.92,75.0,0,,0,,0,0.0,0.0,0.0,,,0.15,,,0.0,0.0,0.0,0.15,0,0.0
Milo Vance,Team 29,Team 29,"LDMF, RDMF, LCMF",32,4500000,2027-12-31,5,214,0,0.02,0,0.0,9.67,56.52,Morocco,Morocco,right,176,73,yes,7.99,6.73,68.75,0.0,0.0,1.26,2.25,0.0,2.1,3.75,0.84,1,0.42,0,0.0,1.26,0.0,0,0.0,0.01,0,0.0,1,0.42,100.0,0.0,0.0,0.42,100.0,0.0,0.0,0.42,100.0,0.0,0.84,50.0,2.1,40.0,0.42,0.0,0.0,46.68,0.42,0.42,62.66,93.96,13.88,87.88,2.94,100.0,33.22,97.47,59.3,95.74,2.94,57.14,17.51,32.88,0.0,0.0,0.0,0.42,0.0,0.0,0.0,6.73,81.25,1.26,66.67,0.0,0.0,0.42,0.42,6.31,80.0,0,,0,,0,0.0,0.0,0.0,,,0.0,,,0.0,0.0,0.0,0.0,0,0.0
Casper Thornton,Team 29,Team 29,RB,27,3000000,2029-12-31,13,1009,0,0.03,2,0.88,12.04,48.15,Ghana,Ghana,right,174,69,yes,7.76,5.89,57.58,2.05,30.43,0.36,0.56,0.18,4.01,6.34,0.71,2,0.18,0,0.0,1.78,0.0,0,0.0,0.0,0,0.0,3,0.27,0.0,0.0,0.18,2.94,33.33,0.0,0.0,2.85,31.25,0.36,0.98,81.82,2.59,62.07,0.8,1.43,0.18,37.37,1.25,0.62,48.08,86.83,14.72,80.0,8.92,98.0,14.54,88.34,42.19,92.81,3.03,52.94,17.22,31.05,0.08,1.07,0.09,0.0,0.0,0.0,0.62,5.89,80.3,2.77,54.84,0.09,100.0,0.54,0.89,7.31,79.27,0,,0,,0,0.0,0.0,0.0,,,0.54,,,0.0,0.0,0.0,0.0,0,0.0
Oliver Mercer,Team 29,Team 29,"LDMF, RCMF, LCMF",33,2000000,2027-12-31,8,309,0,0.06,1,0.18,13.11,51.11,Scotland,Scotland,right,174,73,yes,6.7,5.83,65.0,3.5,33.33,0.29,0.51,0.87,2.62,4.58,1.46,3,0.87,0,0.0,0.87,0.0,0,0.0,0.02,0,0.0,1,0.29,100.0,0.0,0.29,0.58,50.0,0.29,100.0,0.29,0.0,0.0,0.29,100.0,3.2,54.55,0.58,1.46,0.0,48.64,0.29,1.46,55.92,91.67,13.69,74.47,11.94,95.12,21.26,100.0,52.72,95.03,2.62,33.33,17.63,11.91,0.05,0.58,0.29,0.29,0.0,0.0,0.29,6.7,91.3,0.87,33.33,0.29,0.0,0.29,0.29,5.24,55.56,0,,0,,0,0.0,0.0,0.0,,,0.87,,,0.29,0.0,0.0,0.0,0,0.0
Matthias Ingram,Team 29,Team 29,LCB,31,2000000,2027-12-31,1,34,0,0.02,0,0.0,,,Serbia,"Serbia, Germany",right,190,90,yes,,,,,,,4.29,,,4.29,,0,,0,,,,0,,,0,,1,,,0.0,,,,,,,,,,,,,,,,,,,,,,,,,,,,,,,20.76,0.0,,,,,,,,,,,,,,,,,,0,,0,,0,0.0,0.0,,,,,,,,,,,0,0.0
Dylan Fletcher,Team 29,Team 29,CF,40,1800000,2027-12-31,15,1263,2,4.16,3,2.07,17.32,35.39,Sweden,Sweden,left,180,85,yes,2.21,2.14,56.67,2.42,14.71,0.07,0.1,0.07,0.93,1.3,0.43,1,0.07,0,0.0,2.14,0.14,1,0.07,0.3,0,0.0,40,2.85,25.0,5.0,0.21,1.21,17.65,0.71,30.0,0.5,0.0,0.29,2.57,47.22,10.4,36.3,1.78,1.21,0.07,15.25,1.78,2.21,19.81,71.94,4.49,58.73,4.99,91.43,5.84,60.98,17.17,76.76,1.5,61.9,16.07,31.87,0.15,1.0,0.07,0.0,0.14,0.0,0.43,2.49,51.43,2.21,35.48,0.29,25.0,0.64,0.21,1.78,60.0,0,,0,,0,0.0,0.0,0.0,,,0.14,,,1.78,0.93,30.77,3.06,1,100.0
Theo Waverley,Team 29,Team 29,RCB,29,1500000,2028-06-30,10,818,1,0.83,0,0.16,11.66,62.26,England,"England, Spain",right,190,92,yes,6.93,3.85,80.0,4.18,63.16,0.11,0.19,0.44,3.74,6.58,0.88,2,0.22,0,0.0,0.22,0.11,1,0.11,0.09,1,0.11,6,0.66,16.67,16.667,0.0,0.11,0.0,0.0,0.0,0.11,0.0,0.0,0.22,50.0,2.09,26.32,0.99,0.33,0.0,34.66,0.11,0.66,45.99,91.39,15.84,80.56,3.74,100.0,20.35,97.3,43.02,93.86,2.86,57.69,19.03,28.32,0.02,0.22,0.0,0.0,0.0,0.0,0.11,4.62,88.1,0.11,0.0,0.0,0.0,0.11,0.0,5.61,60.78,0,,0,,0,0.0,0.0,0.0,,,3.08,,,0.0,0.0,0.0,0.0,0,0.0
Roman Redmond,Team 29,Team 29,RDMF,28,1500000,2028-12-31,8,535,1,0.86,1,1.44,10.93,58.46,Finland,Finland,right,175,73,yes,7.91,6.73,50.0,1.35,62.5,0.17,0.23,0.5,4.37,6.09,1.51,3,0.5,0,0.0,0.84,0.17,1,0.17,0.14,0,0.0,2,0.34,50.0,50.0,0.17,0.67,25.0,0.0,0.0,0.67,25.0,0.17,0.5,100.0,1.85,81.82,1.01,1.51,0.17,38.69,0.17,0.84,54.5,88.58,15.48,78.26,7.57,95.56,20.86,92.74,50.3,92.31,3.53,47.62,17.4,34.25,0.24,1.01,0.17,0.0,0.0,0.0,0.5,6.39,78.95,2.36,71.43,0.34,0.0,1.18,0.17,6.73,65.0,0,,0,,0,0.0,0.0,0.0,,,0.34,,,0.0,0.0,0.0,0.0,0,0.0
Owen Grantham,Team 29,Team 29,"CF, AMF",38,1400000,2026-12-31,7,140,0,0.94,0,0.28,7.71,33.33,Slovakia,Slovakia,right,177,72,yes,1.29,1.29,50.0,1.93,33.33,0.0,0.0,0.64,0.64,1.58,0.0,0,0.0,0,0.0,3.21,0.0,0,0.0,0.61,0,0.0,7,4.5,42.86,0.0,0.0,1.29,50.0,0.0,0.0,1.29,50.0,0.0,0.64,100.0,3.21,40.0,6.43,0.0,0.0,10.93,1.93,0.0,12.86,65.0,1.29,50.0,4.5,71.43,4.5,71.43,10.29,62.5,1.29,100.0,17.58,10.32,0.18,0.64,0.0,0.0,0.0,0.0,0.64,0.64,100.0,0.0,0.0,0.0,0.0,0.0,0.64,1.93,33.33,0,,0,,0,0.0,0.0,0.0,,,0.0,,,0.0,0.0,0.0,0.0,0,0.0
Kasper Radcliffe,Team 29,Team 29,"LAMF, RAMF",28,1200000,2028-12-31,20,1290,1,2.78,1,1.33,16.81,45.64,Scotland,Scotland,right,181,73,yes,4.88,4.26,54.1,2.72,38.46,0.0,0.0,0.07,2.58,4.1,1.19,1,0.07,0,0.0,2.86,0.07,1,0.07,0.19,0,0.0,23,1.6,21.74,4.348,0.07,2.37,17.65,1.47,14.29,0.91,23.08,0.42,3.7,52.83,8.44,42.15,3.14,3.35,0.42,20.09,2.65,1.53,25.12,76.67,4.33,66.13,8.51,92.62,6.63,67.37,21.7,84.24,1.19,52.94,16.64,22.56,0.09,0.56,0.0,0.0,0.14,100.0,0.28,1.47,61.9,2.09,36.67,0.07,100.0,0.63,0.49,3.0,55.81,0,,0,,0,0.0,0.0,0.0,,,0.0,,,0.0,0.0,0.0,0.14,0,0.0
Adrian Ashford,Team 29,Team 29,"RCB, LCB",41,1000000,2026-12-31,2,122,0,0.03,0,0.01,5.9,37.5,Serbia,Serbia,right,181,79,yes,5.9,1.48,0.0,4.43,50.0,0.0,0.0,2.21,5.9,8.28,0.74,1,0.74,0,0.0,0.0,0.0,0,0.0,0.02,0,0.0,1,0.74,0.0,0.0,0.0,0.0,0.0,0.0,0.0,0.0,0.0,0.0,0.0,0.0,0.0,0.0,0.74,0.74,0.0,39.84,0.0,0.74,50.16,89.71,19.18,80.77,2.95,100.0,24.34,93.94,45.0,95.08,5.16,42.86,20.12,42.53,0.0,0.74,0.0,0.0,0.0,0.0,0.0,5.16,71.43,0.0,0.0,0.74,0.0,0.0,0.0,4.43,66.67,0,,0,,0,0.0,0.0,0.0,,,2.21,,,0.0,0.0,0.0,0.0,0,0.0
Florian Kingsbury,Team 29,Team 29,LB,33,900000,2027-12-31,14,1236,0,0.38,2,1.26,13.18,55.25,Albania,Albania,left,174,72,yes,8.59,5.75,63.29,2.55,54.29,0.8,1.22,0.36,4.15,6.31,0.73,1,0.07,0,0.0,0.8,0.0,0,0.0,0.03,0,0.0,6,0.44,50.0,0.0,0.15,0.95,30.77,0.87,25.0,0.07,100.0,0.0,0.22,66.67,2.99,53.66,0.95,2.04,0.29,38.59,0.73,0.8,49.22,85.21,18.2,78.8,5.75,89.87,15.58,89.72,44.71,88.6,3.57,57.14,16.52,28.0,0.09,0.8,0.0,0.0,0.15,100.0,0.29,6.7,84.78,1.89,53.85,0.36,80.0,0.87,0.36,8.88,68.03,0,,0,,0,0.0,0.0,0.0,,,0.51,,,0.51,0.0,0.0,1.02,0,0.0
Adrian Stratford,Team 29,Team 29,LCB,26,800000,2028-12-31,18,1776,0,0.85,0,0.05,9.48,60.43,Romania,Romania,left,186,81,yes,6.59,4.16,65.85,2.74,59.26,0.1,0.17,0.35,3.75,6.34,0.71,4,0.2,0,0.0,0.2,0.0,0,0.0,0.04,0,0.0,14,0.71,0.0,0.0,0.0,0.25,20.0,0.25,20.0,0.0,0.0,0.0,0.25,60.0,1.01,45.0,0.66,0.51,0.1,47.18,0.56,0.61,60.66,88.97,22.4,79.19,3.5,98.55,27.31,94.81,53.01,94.17,7.4,54.11,20.87,39.87,0.0,0.15,0.0,0.0,0.05,0.0,0.1,8.36,70.3,0.66,30.77,0.3,33.33,0.15,0.05,10.24,70.3,0,,0,,0,0.0,0.0,0.0,,,2.28,,,0.0,0.0,0.0,0.1,0,0.0
Emil Lansbury,Team 29,Team 29,"AMF, CF",36,600000,2026-12-31,12,422,0,0.42,0,0.47,9.6,44.44,Cameroon,Cameroon,left,184,78,yes,2.35,3.2,46.67,1.07,60.0,0.21,0.41,0.0,0.64,1.23,1.07,1,0.21,0,0.0,1.07,0.0,0,0.0,0.09,0,0.0,3,0.64,66.67,0.0,0.0,0.64,66.67,0.0,0.0,0.64,66.67,0.0,0.43,50.0,3.84,33.33,0.85,0.85,0.0,49.91,1.07,1.07,56.94,91.39,16.85,86.08,9.81,95.65,18.55,91.95,54.38,93.33,1.92,44.44,14.02,9.56,0.1,1.28,0.0,0.0,0.21,0.0,0.43,9.17,88.37,1.92,66.67,0.21,0.0,0.85,0.43,7.89,94.59,0,,0,,0,0.0,0.0,0.0,,,0.21,,,1.28,0.21,100.0,2.77,0,0.0
Bastien Bradford,Team 29,Team 29,RB,36,400000,2027-12-31,13,1183,0,0.25,0,0.42,12.93,53.53,Portugal,"Portugal, Germany",right,166,67,yes,6.85,5.48,54.17,1.6,66.67,0.46,0.76,0.23,3.42,5.72,1.14,3,0.23,0,0.0,0.91,0.0,0,0.0,0.02,0,0.0,6,0.46,33.33,0.0,0.0,1.37,27.78,0.0,0.0,1.37,27.78,0.3,0.46,66.67,4.18,47.27,0.91,1.52,0.08,40.17,1.83,1.75,47.24,89.53,16.51,82.95,9.81,97.67,11.56,92.11,43.36,93.68,2.66,54.29,15.92,30.03,0.03,0.23,0.0,0.0,0.08,100.0,0.15,5.17,91.18,1.6,38.1,0.23,66.67,0.3,0.3,6.09,68.75,0,,0,,0,0.0,0.0,0.0,,,0.61,,,0.0,0.0,0.0,0.0,0,0.0
Emil Stafford,Team 29,Team 29,GK,45,200000,2027-12-31,21,2180,0,0.0,0,0.0,0.29,85.71,Croatia,Croatia,right,190,93,yes,0.66,0.08,50.0,0.08,100.0,0.0,0.0,0.0,0.62,1.0,0.04,1,0.04,0,0.0,0.0,0.0,0,0.0,0.0,0,0.0,0,0.0,0.0,0.0,0.0,0.0,0.0,0.0,0.0,0.0,0.0,0.0,0.0,0.0,0.12,100.0,0.0,0.0,0.0,8.5,0.0,0.17,12.18,88.47,6.11,79.05,0.0,0.0,5.53,97.76,8.59,98.56,3.59,64.37,26.68,39.29,0.0,0.0,0.0,0.0,0.0,0.0,0.0,0.25,66.67,0.0,0.0,0.0,0.0,0.0,0.0,2.77,61.19,25,1.03,95,3.92,4,73.68,27.01,1.12,2.01,0.083,0.0,0.99,0.08,,,,0.0,0,0.0
Dorian Blackwood,Team 29,Team 29,LW,18,1100000,,1,20,0,0.0,0,0.0,,,Denmark,Denmark,right,174,72,yes,,,,,,,0.0,,,30.0,,0,,0,,,,0,,,0,,0,,,0.0,,,,,,,,,,,,,,,,,,,,,,,,,,,,,,,28.29,54.65,,,,,,,,,,,,,,,,,,0,,0,,0,0.0,0.0,,,,,,,,,,,0,0.0
Florian Westlake,Team 29,Team 29,RCB,26,1600000,2030-12-31,15,1334,0,0.33,0,0.04,10.25,63.16,Turkey,Turkey,right,187,73,yes,6.61,4.39,72.31,3.44,54.9,0.0,0.0,0.27,3.44,5.28,0.67,3,0.2,0,0.0,0.27,0.0,0,0.0,0.02,0,0.0,2,0.13,0.0,0.0,0.0,0.0,0.0,0.0,0.0,0.0,0.0,0.0,0.27,100.0,1.21,61.11,0.34,0.74,0.13,38.66,0.27,0.54,49.32,89.06,16.53,75.92,3.04,88.89,20.98,96.14,45.81,92.93,3.51,38.46,18.21,35.85,0.0,0.13,0.0,0.0,0.0,0.0,0.07,3.24,68.75,0.13,50.0,0.07,0.0,0.07,0.0,5.87,50.57,0,,0,,0,0.0,0.0,0.0,,,1.55,,,0.0,0.0,0.0,0.0,0,0.0
Casper Drayton,Team 29,Team 29,"LCB, CB",28,2000000,2029-12-31,4,349,0,0.05,0,0.39,12.12,57.45,Brazil,Brazil,left,186,75,yes,8.51,5.93,52.17,5.42,66.67,0.0,0.0,0.77,5.42,7.59,1.55,1,0.26,0,0.0,0.26,0.0,0,0.0,0.01,0,0.0,3,0.77,33.33,0.0,0.0,0.0,0.0,0.0,0.0,0.0,0.0,0.0,0.0,0.0,0.26,0.0,1.29,0.0,0.0,34.04,0.0,0.0,46.42,86.67,18.57,76.39,0.52,100.0,22.44,93.1,41.26,90.0,5.16,60.0,19.27,41.72,0.1,0.26,0.0,0.0,0.0,0.0,0.26,2.84,72.73,0.26,0.0,0.0,0.0,0.26,0.0,8.25,50.0,0,,0,,0,0.0,0.0,0.0,,,0.26,,,0.0,0.0,0.0,0.0,0,0.0
Emil Fenwick,Team 29,Team 29,CF,27,2500000,2030-12-31,12,613,3,1.78,1,0.13,23.34,36.48,Ireland,"Ireland, France",right,187,78,yes,3.23,3.08,47.62,7.63,40.38,0.15,0.29,0.0,1.62,3.14,2.79,1,0.15,0,0.0,1.47,0.44,3,0.44,0.26,2,0.29,16,2.35,43.75,18.75,0.15,0.0,0.0,0.0,0.0,0.0,0.0,0.0,0.59,50.0,8.08,32.73,4.11,0.73,0.0,16.88,0.88,1.91,21.0,83.92,3.52,66.67,7.19,95.92,5.58,86.84,20.7,83.69,0.29,100.0,12.56,5.09,0.02,0.59,0.15,0.0,0.15,100.0,0.29,1.32,100.0,0.88,16.67,0.15,100.0,0.73,0.0,1.17,100.0,0,,0,,0,0.0,0.0,0.0,,,0.0,,,0.0,0.0,0.0,0.0,0,0.0
Soren Arden,Team 29,Team 29,"RW, RAMF",19,1300000,2030-08-31,3,64,0,0.0,0,0.0,23.91,47.06,Denmark,Denmark,right,179,73,yes,5.63,8.44,50.0,0.0,0.0,0.0,0.0,0.0,1.41,3.0,4.22,1,1.41,0,0.0,5.63,0.0,0,0.0,0.0,0,0.0,0,0.0,0.0,0.0,0.0,5.63,25.0,0.0,0.0,5.63,25.0,2.81,8.44,50.0,15.47,45.45,0.0,2.81,0.0,36.56,4.22,1.41,46.41,72.73,8.44,33.33,8.44,100.0,25.31,77.78,37.97,81.48,2.81,50.0,19.31,27.35,0.0,0.0,1.41,0.0,0.0,0.0,0.0,5.63,50.0,5.63,25.0,0.0,0.0,0.0,2.81,8.44,50.0,0,,0,,0,0.0,0.0,0.0,,,0.0,,,1.41,0.0,0.0,0.0,0,0.0
Zachary Garrison,Team 29,Team 29,"RDMF, LDMF, RCMF",25,2600000,2029-12-31,19,1299,3,1.88,0,0.49,12.47,48.89,Finland,Finland,right,178,75,yes,5.33,6.58,52.63,1.11,50.0,0.07,0.12,0.14,1.8,3.12,1.94,2,0.14,0,0.0,1.18,0.21,3,0.21,0.13,0,0.0,28,1.94,35.71,10.714,0.0,0.62,11.11,0.0,0.0,0.62,11.11,0.07,0.83,41.67,3.46,36.0,1.04,1.04,0.07,39.77,0.28,0.42,47.81,91.59,11.71,84.62,5.75,96.39,20.99,93.73,44.48,94.55,2.7,61.54,17.56,32.23,0.03,0.62,0.07,0.14,0.07,100.0,0.21,7.34,89.62,1.52,54.55,0.14,50.0,0.83,0.14,6.03,81.61,0,,0,,0,0.0,0.0,0.0,,,0.21,,,0.0,0.0,0.0,0.0,0,0.0
Adrian Garrison,Team 29,Team 29,"LDMF, RDMF",24,2800000,2030-12-31,15,1324,0,0.99,1,0.88,11.15,54.27,Czech Republic,Czech Republic,right,177,75,yes,6.8,4.96,63.01,1.63,50.0,0.07,0.11,0.27,3.6,5.6,1.43,3,0.2,0,0.0,0.82,0.0,0,0.0,0.07,0,0.0,13,0.88,30.77,0.0,0.07,0.0,0.0,0.0,0.0,0.0,0.0,0.0,0.82,58.33,3.33,46.94,0.61,0.75,0.0,46.84,0.07,0.54,63.01,92.13,18.01,84.15,6.53,98.96,28.14,96.86,59.68,92.94,3.33,77.55,17.61,41.39,0.06,0.88,0.0,0.2,0.14,50.0,0.2,7.61,88.39,1.02,60.0,0.2,33.33,0.88,0.0,7.61,73.21,0,,0,,0,0.0,0.0,0.0,,,0.34,,,0.0,0.0,0.0,0.0,0,0.0
Arthur Zimmerman,Team 29,Team 29,AMF,32,2400000,2029-12-31,17,1269,3,2.87,4,4.28,12.98,44.81,England,"England, Italy",right,160,60,yes,4.4,3.97,48.21,0.64,0.0,0.28,0.46,0.07,2.2,3.58,1.13,5,0.35,0,0.0,3.4,0.21,3,0.21,0.2,1,0.07,27,1.91,33.33,11.111,0.28,1.56,63.64,0.85,33.33,0.64,100.0,0.14,2.62,59.46,6.67,52.13,3.19,2.55,0.28,41.21,1.56,1.21,48.79,83.72,14.54,72.2,8.79,96.77,14.68,85.02,45.04,85.83,2.2,54.84,14.96,32.6,0.3,2.55,0.0,0.0,0.64,33.33,1.49,6.67,82.98,4.75,58.21,0.92,30.77,2.27,0.99,7.73,87.16,0,,0,,0,0.0,0.0,0.0,,,0.0,,,0.28,0.14,0.0,0.57,0,0.0
Malcolm Ashford,Team 29,Team 29,LB,29,3000000,2029-12-31,14,979,1,1.01,0,0.53,9.84,51.4,Uruguay,"Uruguay, Italy",left,176,66,yes,5.61,4.69,62.75,1.47,37.5,0.28,0.49,0.18,2.39,4.22,0.92,2,0.18,0,0.0,1.56,0.09,1,0.09,0.09,0,0.0,13,1.2,38.46,7.692,0.0,1.38,40.0,1.38,40.0,0.0,0.0,0.09,1.01,54.55,2.76,50.0,1.29,1.1,0.18,43.76,1.38,0.55,54.06,90.65,17.19,84.49,9.56,99.04,16.46,93.85,50.56,93.27,2.11,60.87,16.95,18.84,0.05,0.64,0.0,0.0,0.0,0.0,0.0,6.71,91.78,1.47,62.5,0.09,0.0,0.37,0.55,8.18,79.78,0,,0,,0,0.0,0.0,0.0,,,0.55,,,0.37,0.0,0.0,1.1,0,0.0
Gabriel Ravensdale,Team 9,Team 9,CF,22,9000000,2031-12-31,2,171,0,0.48,0,0.0,9.47,44.44,Uruguay,Uruguay,right,187,77,yes,2.63,4.74,33.33,3.68,42.86,0.0,0.0,0.53,1.05,1.5,2.11,0,0.0,0,0.0,0.0,0.0,0,0.0,0.25,0,0.0,4,2.11,0.0,0.0,0.0,0.0,0.0,0.0,0.0,0.0,0.0,0.0,0.0,0.0,0.53,100.0,2.11,0.0,0.0,5.26,0.53,0.53,5.79,100.0,1.05,100.0,2.63,100.0,2.11,100.0,5.79,100.0,0.0,0.0,9.27,0.0,0.0,0.0,0.0,0.0,0.0,0.0,0.0,0.0,0.0,0.0,0.0,0.0,0.0,0.53,0.0,0.0,0.0,0,,0,,0,0.0,0.0,0.0,,,0.0,,,0.0,0.0,0.0,0.0,0,0.0
Colin Thornton,Team 9,Team 9,"LCMF, RCMF, AMF",25,9000000,2030-12-31,14,859,1,1.36,3,2.12,15.09,48.61,Albania,Albania,right,175,65,yes,7.23,6.6,53.97,0.94,44.44,0.1,0.18,0.42,3.56,5.96,1.68,3,0.31,0,0.0,2.41,0.1,0,0.0,0.14,0,0.0,24,2.51,16.67,4.167,0.31,2.2,33.33,1.47,28.57,0.73,42.86,0.42,2.72,46.15,6.08,43.1,2.41,2.2,0.0,29.44,0.63,0.63,39.6,84.39,10.48,75.0,6.92,95.45,13.52,89.92,35.73,88.56,1.78,64.71,17.98,25.26,0.22,1.15,0.1,0.0,0.0,0.0,0.31,4.92,87.23,2.2,38.1,0.21,50.0,0.73,0.63,5.13,73.47,0,,0,,0,0.0,0.0,0.0,,,0.21,,,1.47,0.42,25.0,3.67,1,100.0
Declan Drayton,Team 9,Team 9,"DMF, RCMF",27,6500000,2028-12-31,11,586,0,0.09,0,0.78,15.05,50.0,Cameroon,Cameroon,right,175,68,yes,8.6,7.22,61.7,0.92,0.0,0.92,1.62,0.31,3.23,5.68,1.84,1,0.15,0,0.0,1.23,0.0,0,0.0,0.01,0,0.0,4,0.61,0.0,0.0,0.0,1.54,50.0,0.15,100.0,1.38,44.44,0.0,0.77,60.0,5.22,44.12,0.46,2.76,0.0,45.46,0.0,2.0,60.2,89.03,17.82,75.0,9.06,94.92,20.27,96.97,54.52,92.11,4.15,62.96,17.73,34.09,0.12,1.08,0.0,0.0,0.31,0.0,0.31,8.91,77.59,3.53,56.52,1.38,22.22,0.92,0.77,7.06,76.09,0,,0,,0,0.0,0.0,0.0,,,0.31,,,0.0,0.0,0.0,0.0,0,0.0
Stefan Halloway,Team 9,Team 9,CF,34,5000000,2026-12-31,20,1178,3,5.7,1,1.79,10.08,33.33,Norway,"Norway, Italy",right,186,87,yes,2.22,1.76,43.48,3.21,45.24,0.0,0.0,0.08,1.45,2.28,1.07,0,0.0,0,0.0,0.76,0.23,2,0.15,0.44,1,0.08,18,1.38,38.89,16.667,0.08,0.23,33.33,0.08,100.0,0.15,0.0,0.0,0.31,25.0,3.74,18.37,2.14,0.23,0.0,12.68,0.61,0.46,17.57,80.43,3.97,59.62,4.05,86.79,5.42,84.51,16.58,81.57,0.76,70.0,13.6,11.72,0.14,1.3,0.08,0.0,0.08,100.0,0.69,2.29,66.67,0.53,85.71,0.15,100.0,0.69,0.15,1.76,56.52,0,,0,,0,0.0,0.0,0.0,,,0.0,,,0.15,0.08,0.0,0.0,2,50.0
Ruben Arden,Team 9,Team 9,"RB, DMF",27,4500000,2031-12-31,19,1877,0,1.49,0,0.39,16.97,50.0,Uruguay,Uruguay,right,173,78,yes,9.21,7.58,53.8,2.35,55.1,0.62,0.95,0.19,4.51,6.86,2.01,6,0.29,0,0.0,1.34,0.0,0,0.0,0.07,0,0.0,21,1.01,28.57,0.0,0.0,0.62,46.15,0.14,66.67,0.48,40.0,0.0,1.44,50.0,5.37,46.43,0.86,2.06,0.1,42.63,1.2,1.2,57.54,84.92,24.74,76.74,4.7,95.92,19.32,94.04,51.31,89.72,5.66,45.76,18.18,34.98,0.02,0.29,0.0,0.05,0.14,33.33,0.29,9.25,76.17,1.49,48.39,0.48,10.0,0.43,0.29,9.64,73.13,0,,0,,0,0.0,0.0,0.0,,,0.91,,,0.0,0.0,0.0,0.0,0,0.0
Ethan Thornton,Team 9,Team 9,RWF,24,4000000,2027-12-31,16,1082,1,2.36,1,0.79,18.3,55.45,Italy,"Italy, Portugal",right,172,66,yes,4.91,4.33,63.46,1.16,14.29,0.42,0.63,0.08,1.75,2.65,1.0,1,0.08,0,0.0,5.74,0.08,1,0.08,0.2,0,0.0,21,1.75,61.9,4.762,0.08,3.74,28.89,0.58,42.86,3.16,26.32,0.42,5.24,68.25,10.81,60.0,2.83,2.0,0.33,26.04,2.74,2.91,31.36,79.58,5.91,76.06,9.73,94.87,8.07,72.16,27.12,87.12,0.75,55.56,15.03,16.42,0.07,0.67,0.0,0.08,0.08,0.0,0.33,1.66,80.0,2.83,44.12,0.25,33.33,1.0,0.83,3.91,80.85,0,,0,,0,0.0,0.0,0.0,,,0.0,,,0.08,0.0,0.0,0.17,0,0.0
Ruben Clairmont,Team 9,Team 9,"RCMF, DMF",28,4000000,2029-12-31,16,1196,2,2.39,0,0.95,12.87,45.61,Czech Republic,Czech Republic,right,176,67,yes,5.79,5.49,39.73,2.03,48.15,0.15,0.25,0.38,3.46,5.73,1.58,5,0.38,0,0.0,1.43,0.15,2,0.15,0.18,1,0.08,16,1.2,37.5,12.5,0.0,0.53,57.14,0.08,0.0,0.45,66.67,0.0,1.05,64.29,4.29,50.88,1.28,1.51,0.08,21.9,0.38,1.28,29.05,91.19,7.15,83.16,6.55,94.25,9.86,97.71,27.62,92.37,0.9,75.0,16.35,17.04,0.07,0.45,0.08,0.08,0.0,0.0,0.23,2.93,87.18,1.05,78.57,0.08,0.0,0.6,0.3,2.48,81.82,0,,0,,0,0.0,0.0,0.0,,,0.6,,,0.0,0.0,0.0,0.0,0,0.0
Hugo Brecken,Team 9,Team 9,LB,29,4000000,2028-12-31,4,164,0,0.01,0,0.87,11.52,47.62,Uruguay,Uruguay,left,181,67,yes,7.13,4.94,77.78,1.1,0.0,0.0,0.0,0.0,3.29,6.92,1.65,0,0.0,0,0.0,1.65,0.0,0,0.0,0.0,0,0.0,2,1.1,0.0,0.0,0.0,3.29,50.0,3.29,50.0,0.0,0.0,1.65,1.1,0.0,4.94,33.33,2.2,1.65,1.1,33.48,1.65,0.55,42.26,81.82,10.98,75.0,8.23,93.33,11.52,80.95,36.22,86.36,2.74,60.0,19.74,24.05,0.48,1.65,0.0,0.0,0.0,0.0,1.1,3.29,83.33,4.39,50.0,0.0,0.0,1.1,1.65,7.13,76.92,0,,0,,0,0.0,0.0,0.0,,,0.55,,,0.0,0.0,0.0,0.0,0,0.0
Dominic Waverley,Team 9,Team 9,"LCB, RCB",29,3500000,2027-12-31,3,267,0,0.0,0,0.0,7.42,45.45,Brazil,"Brazil, Portugal",right,186,80,yes,5.06,3.03,44.44,2.36,57.14,0.0,0.0,0.67,3.71,6.47,1.01,2,0.67,0,0.0,0.0,0.0,0,0.0,0.0,0,0.0,0,0.0,0.0,0.0,0.0,0.0,0.0,0.0,0.0,0.0,0.0,0.0,0.0,0.0,0.67,50.0,0.0,0.67,0.0,33.71,0.67,0.34,45.51,94.81,11.8,85.71,5.06,100.0,22.25,98.48,43.15,96.88,2.36,57.14,18.53,34.82,0.0,0.0,0.0,0.0,0.0,0.0,0.0,2.7,87.5,0.34,100.0,0.0,0.0,0.34,0.0,4.72,78.57,0,,0,,0,0.0,0.0,0.0,,,4.04,,,0.0,0.0,0.0,0.0,0,0.0
Finn Hensley,Team 9,Team 9,"RWF, RW, RWB",31,3000000,2026-12-31,21,984,1,1.51,0,0.94,20.4,50.67,Paraguay,"Paraguay, Germany",left,172,67,yes,4.66,5.3,53.45,2.47,18.52,0.27,0.44,0.09,1.55,2.51,1.46,2,0.18,0,0.0,5.85,0.09,1,0.09,0.14,0,0.0,22,2.01,31.82,4.545,0.0,4.21,26.09,0.0,0.0,4.21,26.09,0.46,6.22,66.18,11.16,56.56,3.38,4.02,0.55,18.29,2.01,2.47,23.05,73.02,3.93,76.74,5.3,94.83,8.23,63.33,18.2,83.92,0.91,60.0,15.95,14.91,0.09,1.1,0.09,0.18,0.0,0.0,0.37,1.74,84.21,3.66,45.0,0.0,0.0,0.91,1.1,3.38,81.08,0,,0,,0,0.0,0.0,0.0,,,0.0,,,0.0,0.0,0.0,0.37,0,0.0
Elias Dunmore,Team 9,Team 9,"RCMF, AMF",37,2300000,2026-12-31,17,1160,0,1.67,4,2.38,17.07,48.18,Ireland,Ireland,left,174,68,yes,7.6,6.05,56.41,1.09,35.71,0.62,0.92,0.23,3.57,5.29,0.85,1,0.08,0,0.0,2.72,0.0,0,0.0,0.13,0,0.0,15,1.16,26.67,0.0,0.31,2.64,41.18,0.7,77.78,1.86,25.0,0.31,1.78,60.87,7.76,47.0,2.25,2.17,0.23,37.01,0.85,2.02,48.65,78.31,17.38,69.2,7.6,90.82,13.97,83.89,41.28,82.52,4.89,63.49,17.72,29.0,0.18,2.25,0.0,0.0,0.39,60.0,0.85,7.68,68.69,4.42,52.63,1.01,46.15,1.4,1.09,7.84,79.21,0,,0,,0,0.0,0.0,0.0,,,0.62,,,1.09,0.0,0.0,3.03,0,0.0
Colin Kren,Team 9,Team 9,"RCMF, LCMF",29,1500000,2028-12-31,13,353,0,0.21,0,0.06,22.69,46.07,Germany,Germany,left,178,74,yes,9.18,9.18,61.11,3.57,28.57,0.25,0.41,0.0,3.31,5.34,2.04,1,0.25,1,0.25,1.02,0.0,0,0.0,0.05,0,0.0,5,1.27,20.0,0.0,0.0,0.25,0.0,0.25,0.0,0.0,0.0,0.25,2.29,33.33,7.39,31.03,0.76,1.27,0.51,26.01,0.51,1.02,33.65,85.61,8.67,88.24,8.41,87.88,9.69,86.84,32.63,86.72,0.76,66.67,14.43,5.96,0.01,0.25,0.0,0.0,0.0,0.0,0.0,4.08,87.5,1.02,50.0,0.25,100.0,0.25,0.0,2.8,81.82,0,,0,,0,0.0,0.0,0.0,,,0.25,,,0.25,0.0,0.0,0.51,0,0.0
Finnegan Montague,Team 9,Team 9,GK,29,1200000,2029-12-31,12,1182,0,0.0,0,0.0,0.46,66.67,Ecuador,Ecuador,right,194,87,yes,0.84,0.0,0.0,0.3,75.0,0.0,0.0,0.0,0.84,1.26,0.0,2,0.15,0,0.0,0.0,0.0,0,0.0,0.0,0,0.0,0,0.0,0.0,0.0,0.0,0.0,0.0,0.0,0.0,0.0,0.0,0.0,0.0,0.0,0.08,100.0,0.0,0.0,0.0,13.4,0.3,0.15,20.25,89.1,10.43,82.48,0.0,0.0,8.83,97.41,14.85,98.46,5.33,64.29,27.17,41.69,0.0,0.0,0.0,0.0,0.0,0.0,0.0,1.52,50.0,0.15,0.0,0.08,0.0,0.0,0.0,3.81,70.0,6,0.46,45,3.43,5,86.67,10.17,0.77,4.17,0.318,0.0,1.37,0.3,,,,0.0,0,0.0
Jasper Linwood,Team 9,Team 9,RCB,31,1000000,2027-12-31,14,1433,3,1.82,1,0.33,10.11,70.19,Brazil,Brazil,right,193,89,yes,6.47,3.64,63.79,4.9,80.77,0.13,0.2,0.5,4.02,6.3,0.69,3,0.19,0,0.0,0.38,0.19,3,0.19,0.11,2,0.13,11,0.69,54.55,27.273,0.06,0.0,0.0,0.0,0.0,0.0,0.0,0.0,0.06,0.0,0.57,44.44,0.94,1.32,0.0,34.54,0.25,0.38,45.41,90.87,15.01,77.41,3.64,98.28,22.74,97.79,40.64,95.98,4.77,47.37,20.61,46.82,0.02,0.13,0.0,0.0,0.0,0.0,0.06,6.15,67.35,0.63,20.0,0.5,37.5,0.19,0.0,6.03,79.17,0,,0,,0,0.0,0.0,0.0,,,2.26,,,0.0,0.0,0.0,0.0,0,0.0
Kasper Winterbottom,Team 9,Team 9,CF,35,650000,2026-12-31,16,776,4,3.17,0,0.49,16.47,50.0,Japan,Japan,right,182,87,yes,3.6,3.48,43.33,4.52,56.41,0.58,1.01,0.12,1.51,2.62,1.39,2,0.23,0,0.0,1.74,0.46,4,0.46,0.37,3,0.35,17,1.97,41.18,23.529,0.0,0.81,28.57,0.23,0.0,0.58,40.0,0.12,1.16,60.0,6.61,47.37,3.48,0.81,0.23,6.15,0.93,1.86,9.51,68.29,1.97,58.82,1.97,76.47,3.71,71.88,8.47,71.23,0.23,100.0,13.14,4.06,0.06,0.7,0.0,0.12,0.0,0.0,0.0,0.81,57.14,1.39,58.33,0.0,0.0,0.58,0.12,0.93,62.5,0,,0,,0,0.0,0.0,0.0,,,0.0,,,0.12,0.0,0.0,0.0,0,0.0
Sean Underwood,Team 9,Team 9,GK,35,100000,2026-12-31,16,1584,0,0.0,0,0.0,0.68,66.67,Spain,"Spain, Portugal",right,193,83,yes,1.65,0.23,50.0,0.23,100.0,0.0,0.0,0.0,1.53,2.04,0.0,0,0.0,0,0.0,0.0,0.0,0,0.0,0.0,0,0.0,0,0.0,0.0,0.0,0.0,0.0,0.0,0.0,0.0,0.0,0.0,0.0,0.06,0.0,0.11,50.0,0.0,0.0,0.0,9.83,0.11,0.11,17.39,88.56,7.56,77.44,0.0,0.0,8.64,97.37,13.64,97.92,3.75,54.55,25.26,37.55,0.0,0.0,0.0,0.0,0.0,0.0,0.0,0.4,28.57,0.11,0.0,0.06,0.0,0.0,0.0,2.78,46.94,23,1.31,94,5.34,2,75.53,23.01,1.31,0.01,0.001,0.0,1.36,0.23,,,,0.0,0,0.0
Maxim Ashford,Team 9,Team 9,"CF, LWF",18,4000000,2028-12-31,4,97,0,0.28,0,0.0,35.26,31.58,Georgia,Georgia,right,174,81,yes,2.78,5.57,33.33,12.99,42.86,0.93,1.5,0.0,0.0,0.0,3.71,0,0.0,1,0.93,1.86,0.0,0,0.0,0.26,0,0.0,2,1.86,50.0,0.0,0.0,0.0,0.0,0.0,0.0,0.0,0.0,0.0,0.93,100.0,11.13,25.0,2.78,0.0,0.0,8.35,1.86,2.78,11.13,75.0,0.93,0.0,1.86,100.0,2.78,66.67,10.21,81.82,0.93,0.0,21.33,14.57,0.0,0.0,0.0,0.0,0.0,0.0,0.0,0.93,0.0,0.0,0.0,0.0,0.0,0.0,0.0,0.0,0.0,0,,0,,0,0.0,0.0,0.0,,,0.0,,,0.0,0.0,0.0,0.0,0,0.0
Leon Pendleton,Team 9,Team 9,CF,19,1400000,,1,14,0,0.0,0,0.11,,,Slovenia,Slovenia,right,184,81,yes,,,,,,,0.0,,,60.0,,0,,0,,,,0,,,0,,0,,,0.0,,,,,,,,,,,,,,,,,,,,,,,,,,,,,,,20.78,0.0,,,,,,,,,,,,,,,,,,0,,0,,0,0.0,0.0,,,,,,,,,,,0,0.0
Kasper Ravensdale,Team 9,Team 9,"RWB, RWF, RAMF",17,1100000,,4,83,0,0.03,0,0.22,34.7,53.13,Brazil,Brazil,left,173,69,yes,5.42,8.67,50.0,4.34,25.0,0.0,0.0,0.0,1.08,1.58,1.08,0,0.0,0,0.0,5.42,0.0,0,0.0,0.03,0,0.0,2,2.17,50.0,0.0,0.0,1.08,100.0,0.0,0.0,1.08,100.0,0.0,5.42,60.0,17.35,62.5,3.25,1.08,0.0,18.43,0.0,5.42,23.86,81.82,4.34,75.0,5.42,100.0,5.42,80.0,22.77,80.95,0.0,0.0,9.0,0.0,0.24,1.08,0.0,0.0,0.0,0.0,1.08,1.08,100.0,4.34,50.0,0.0,0.0,2.17,1.08,3.25,100.0,0,,0,,0,0.0,0.0,0.0,,,0.0,,,0.0,0.0,0.0,0.0,0,0.0
Sebastian Kessler,Team 9,Team 9,CF,18,1300000,2030-12-31,1,23,0,0.0,0,0.0,,,Uruguay,Uruguay,both,183,80,yes,,,,,,,0.0,,,0.0,,0,,0,,,,0,,,0,,0,,,0.0,,,,,,,,,,,,,,,,,,,,,,,,,,,,,,,24.05,0.0,,,,,,,,,,,,,,,,,,0,,0,,0,0.0,0.0,,,,,,,,,,,0,0.0
Nikolai Stafford,Team 9,Team 9,"RDMF, DMF, AMF",18,450000,,3,47,0,0.0,0,0.15,15.32,50.0,Cameroon,Cameroon,right,182,72,yes,1.91,1.91,100.0,1.91,100.0,0.0,0.0,0.0,0.0,0.0,1.91,0,0.0,0,0.0,0.0,0.0,0,0.0,0.0,0,0.0,0,0.0,0.0,0.0,0.0,0.0,0.0,0.0,0.0,0.0,0.0,0.0,0.0,0.0,7.66,25.0,1.91,1.91,1.91,24.89,0.0,0.0,42.13,95.45,22.98,100.0,1.91,100.0,9.57,100.0,40.21,95.24,1.91,100.0,16.63,8.88,0.29,3.83,0.0,0.0,0.0,0.0,3.83,3.83,100.0,1.91,100.0,0.0,0.0,3.83,0.0,5.74,100.0,0,,0,,0,0.0,0.0,0.0,,,1.91,,,0.0,0.0,0.0,0.0,0,0.0
Callum Montague,Team 9,Team 9,"RB, RCB",22,1700000,2030-12-31,7,720,1,0.72,0,0.02,17.63,53.9,Cameroon,"Cameroon, France",right,181,72,yes,10.63,7.38,62.71,3.13,60.0,0.63,0.99,0.63,5.38,8.54,1.13,1,0.13,0,0.0,1.38,0.13,1,0.13,0.09,1,0.13,8,1.0,12.5,12.5,0.0,0.63,40.0,0.0,0.0,0.63,40.0,0.0,2.5,40.0,5.63,44.44,1.0,1.25,0.0,29.0,0.75,0.5,39.0,86.22,13.88,77.48,5.38,93.02,13.75,92.73,35.0,91.07,3.38,44.44,18.08,46.81,0.0,0.25,0.13,0.0,0.0,0.0,0.0,4.88,69.23,0.63,40.0,0.0,0.0,0.0,0.25,4.63,62.16,0,,0,,0,0.0,0.0,0.0,,,1.75,,,0.0,0.0,0.0,0.0,0,0.0
Alexander Carrington,Team 9,Team 9,"LB, LWB",21,1500000,2029-12-31,4,338,0,0.03,0,0.0,17.31,56.92,United States,United States,left,181,79,yes,10.12,7.99,60.0,1.6,66.67,0.27,0.47,0.0,5.06,8.91,1.33,3,0.8,0,0.0,2.66,0.0,0,0.0,0.01,0,0.0,3,0.8,33.33,0.0,0.0,4.26,12.5,4.26,12.5,0.0,0.0,0.8,2.93,63.64,6.39,50.0,2.66,1.33,0.27,29.82,2.4,1.33,39.14,78.23,10.65,72.5,9.32,94.29,9.85,64.86,32.49,89.34,2.4,44.44,17.52,47.81,0.0,0.27,0.0,0.0,0.0,0.0,0.0,3.46,61.54,3.99,26.67,0.0,0.0,0.8,0.53,5.59,61.9,0,,0,,0,0.0,0.0,0.0,,,0.8,,,0.0,0.0,0.0,0.0,0,0.0
Nils Crestwood,Team 9,Team 9,"LWF, CF, LW",22,3000000,2030-12-31,12,398,2,2.43,0,0.57,20.8,53.26,Turkey,"Turkey, Portugal",right,178,72,yes,3.84,4.97,50.0,0.9,25.0,0.0,0.0,0.0,1.36,2.65,1.58,1,0.23,0,0.0,5.2,0.45,2,0.45,0.55,0,0.0,12,2.71,33.33,16.667,0.0,3.62,12.5,2.94,15.38,0.68,0.0,0.68,7.01,54.84,13.57,56.67,2.94,3.84,1.13,14.7,1.58,2.49,18.09,71.25,2.04,55.56,5.88,88.46,5.43,62.5,14.25,85.71,0.23,100.0,17.33,4.03,0.13,0.68,0.0,0.0,0.0,0.0,0.45,0.9,50.0,2.26,40.0,0.0,0.0,0.68,0.45,2.04,88.89,0,,0,,0,0.0,0.0,0.0,,,0.23,,,0.0,0.0,0.0,0.0,0,0.0
Dylan Sterling,Team 9,Team 9,RCB,24,2400000,2027-12-31,4,163,0,0.0,0,0.0,9.39,47.06,Morocco,Morocco,right,184,71,yes,11.6,3.87,71.43,1.1,0.0,0.0,0.0,2.76,8.83,12.0,0.55,0,0.0,0,0.0,0.0,0.0,0,0.0,0.0,0,0.0,0,0.0,0.0,0.0,0.0,0.0,0.0,0.0,0.0,0.0,0.0,0.0,0.0,0.0,2.21,25.0,0.0,0.0,0.0,29.26,0.55,0.0,45.28,86.59,19.88,75.0,4.42,100.0,19.88,94.44,39.75,91.67,5.52,50.0,20.53,16.87,0.0,0.0,0.0,0.0,0.0,0.0,0.0,2.76,100.0,0.0,0.0,0.0,0.0,0.0,0.0,8.28,53.33,0,,0,,0,0.0,0.0,0.0,,,3.87,,,0.0,0.0,0.0,0.0,0,0.0
Sean Lowell,Team 9,Team 9,"LWF, CF",25,3500000,2029-12-31,21,1639,0,1.62,1,0.89,18.34,47.01,Turkey,Turkey,right,169,70,yes,4.72,5.33,50.52,1.76,12.5,0.44,0.68,0.0,1.59,2.48,1.32,3,0.16,0,0.0,3.68,0.0,0,0.0,0.09,0,0.0,18,0.99,44.44,0.0,0.05,2.91,24.53,2.2,22.5,0.71,30.77,0.38,3.73,66.18,9.72,52.54,3.18,3.02,0.66,16.25,1.15,2.42,20.48,75.07,3.95,73.61,5.6,93.14,6.26,67.54,17.02,83.87,0.88,62.5,17.49,22.1,0.05,0.55,0.05,0.05,0.05,100.0,0.16,1.32,79.17,2.42,47.73,0.05,100.0,1.04,0.66,2.86,75.0,0,,0,,0,0.0,0.0,0.0,,,0.0,,,0.0,0.0,0.0,0.71,0,0.0
Oliver Brecken,Team 9,Team 9,LCB,24,2700000,2029-12-31,19,1918,0,0.67,0,0.28,7.84,53.29,Serbia,Serbia,left,186,76,yes,6.33,3.0,53.13,2.86,55.74,0.19,0.29,0.75,4.55,6.95,0.7,3,0.14,0,0.0,0.42,0.0,0,0.0,0.03,0,0.0,6,0.28,83.33,0.0,0.0,0.09,0.0,0.09,0.0,0.0,0.0,0.0,0.19,75.0,0.66,50.0,0.42,1.08,0.23,33.88,0.75,0.56,43.22,90.55,20.55,85.62,2.3,97.96,16.28,95.97,38.85,95.05,4.27,51.65,19.59,40.4,0.01,0.14,0.0,0.0,0.05,100.0,0.0,7.98,77.06,0.38,25.0,0.19,50.0,0.14,0.0,7.7,78.66,0,,0,,0,0.0,0.0,0.0,,,1.64,,,0.0,0.0,0.0,0.0,0,0.0
Tristan Talbot,Team 9,Team 9,LB,26,6000000,2029-12-31,17,1616,7,3.09,1,1.76,9.69,52.87,Colombia,Colombia,left,176,70,yes,6.91,4.51,62.96,1.73,41.94,0.0,0.0,0.11,4.07,6.12,0.56,2,0.11,0,0.0,2.28,0.39,5,0.28,0.17,0,0.0,20,1.11,60.0,35.0,0.06,1.67,50.0,1.62,48.28,0.06,100.0,0.11,1.0,77.78,2.34,52.38,0.72,1.23,0.11,29.02,1.39,0.56,41.05,84.12,11.42,66.83,7.91,97.89,15.59,89.64,35.75,88.94,3.73,52.24,19.56,34.64,0.1,1.28,0.11,0.06,0.22,0.0,0.22,4.46,61.25,1.95,68.57,0.5,22.22,0.61,0.78,6.07,64.22,0,,0,,0,0.0,0.0,0.0,,,0.95,,,1.0,0.22,50.0,1.39,3,66.667
Cillian Sinclair,Team 9,Team 9,"LCMF, LDMF",28,3750000,2028-12-31,18,1511,2,1.85,2,2.43,14.47,37.45,Morocco,Morocco,right,181,76,yes,5.0,5.78,45.36,1.13,26.32,0.06,0.09,0.36,2.32,3.59,1.85,2,0.12,0,0.0,1.61,0.12,2,0.12,0.11,0,0.0,16,0.95,25.0,12.5,0.12,1.01,35.29,0.54,33.33,0.48,37.5,0.12,1.85,51.61,6.49,32.11,1.55,1.19,0.48,21.62,0.48,0.95,27.58,87.26,5.96,75.0,5.24,96.59,9.29,89.74,25.61,90.47,1.01,52.94,16.49,21.78,0.14,0.66,0.12,0.0,0.24,25.0,0.54,2.74,82.61,1.19,50.0,0.24,25.0,0.66,0.42,2.92,75.51,0,,0,,0,0.0,0.0,0.0,,,0.54,,,0.0,0.0,0.0,0.06,0,0.0
Casper Vance,Team 49,Team 49,"LDMF, RDMF, RCMF",24,5000000,2029-12-31,6,260,0,0.0,0,0.06,11.42,51.52,Germany,"Germany, France",right,178,75,yes,6.92,6.23,44.44,1.73,20.0,0.69,0.9,0.35,3.46,4.48,2.77,1,0.35,2,0.69,0.35,0.0,0,0.0,0.0,0,0.0,0,0.0,0.0,0.0,0.0,0.0,0.0,0.0,0.0,0.0,0.0,0.0,0.35,100.0,2.08,83.33,0.69,0.69,0.0,21.46,0.0,1.38,31.15,81.11,9.69,64.29,3.81,81.82,11.77,100.0,28.38,81.71,2.77,75.0,12.79,21.28,0.02,0.69,0.0,0.0,0.0,0.0,0.0,5.88,70.59,0.0,0.0,0.69,50.0,0.0,0.0,4.15,66.67,0,,0,,0,0.0,0.0,0.0,,,0.0,,,0.0,0.0,0.0,0.0,0,0.0
Tobias Prescott,Team 49,Team 49,"LAMF, LW",27,5000000,2027-12-31,10,420,2,1.3,1,0.82,19.29,46.67,Brazil,"Brazil, Germany",right,176,72,yes,5.14,4.5,57.14,2.36,36.36,0.0,0.0,0.0,2.57,3.5,1.29,0,0.0,0,0.0,5.36,0.43,2,0.43,0.28,0,0.0,12,2.57,41.67,16.667,0.21,1.71,50.0,1.5,42.86,0.21,100.0,0.0,5.14,66.67,10.5,46.94,3.21,5.14,0.64,20.14,3.86,1.93,23.57,82.73,5.79,74.07,7.93,97.3,5.36,80.0,20.79,85.57,1.07,80.0,15.94,16.39,0.18,0.86,0.0,0.0,0.21,0.0,0.86,3.0,85.71,3.21,60.0,0.21,0.0,1.07,0.86,3.86,83.33,0,,0,,0,0.0,0.0,0.0,,,0.0,,,0.0,0.0,0.0,0.0,0,0.0
Soren Zimmerman,Team 49,Team 49,LB,23,4000000,2030-12-31,1,14,0,0.0,0,0.0,,,Albania,Albania,left,184,74,yes,,,,,,,0.0,,,15.0,,0,,0,,,,0,,,0,,0,,,0.0,,,,,,,,,,,,,,,,,,,,,,,,,,,,,,,14.62,0.0,,,,,,,,,,,,,,,,,,0,,0,,0,0.0,0.0,,,,,,,,,,,0,0.0
Nils Garrison,Team 49,Team 49,CF,26,4000000,2028-12-31,18,1324,6,5.74,2,0.7,11.22,38.18,Greece,Greece,right,183,88,yes,1.63,1.29,36.84,3.53,44.23,0.0,0.0,0.07,1.16,1.85,1.29,2,0.14,0,0.0,1.16,0.41,6,0.41,0.39,1,0.07,37,2.52,32.43,16.216,0.14,0.34,60.0,0.07,0.0,0.27,75.0,0.0,0.48,28.57,3.47,37.25,3.4,0.41,0.07,8.7,1.5,0.75,12.92,74.74,2.31,50.0,4.42,86.15,3.47,84.31,11.9,76.0,0.75,63.64,16.1,14.33,0.05,0.48,0.0,0.0,0.0,0.0,0.27,0.95,42.86,0.48,57.14,0.0,0.0,0.54,0.07,1.02,73.33,0,,0,,0,0.0,0.0,0.0,,,0.82,,,0.0,0.0,0.0,0.0,1,0.0
Graham Mercer,Team 49,Team 49,"RDMF, LDMF, RCMF",25,4000000,2026-12-31,13,590,0,0.72,0,0.1,9.31,44.26,Wales,Wales,right,174,67,yes,5.19,5.34,51.43,0.92,16.67,0.0,0.0,0.15,2.44,3.45,1.37,1,0.15,0,0.0,0.15,0.0,0,0.0,0.11,0,0.0,2,0.31,0.0,0.0,0.0,0.0,0.0,0.0,0.0,0.0,0.0,0.0,0.46,33.33,2.9,42.11,0.61,0.61,0.0,19.37,0.31,0.76,29.9,86.22,7.78,68.63,5.95,92.31,10.83,97.18,28.07,88.04,1.83,58.33,16.51,13.71,0.02,0.46,0.0,0.0,0.0,0.0,0.15,3.97,69.23,0.15,0.0,0.0,0.0,0.15,0.0,2.29,66.67,0,,0,,0,0.0,0.0,0.0,,,0.46,,,0.0,0.0,0.0,0.0,0,0.0
Florian Ravensdale,Team 49,Team 49,GK,28,4000000,2027-12-31,7,729,0,0.0,0,0.01,0.74,83.33,Argentina,Argentina,right,190,82,yes,2.47,0.25,100.0,0.25,100.0,0.0,0.0,0.0,2.22,3.72,0.0,1,0.12,0,0.0,0.0,0.0,0,0.0,0.0,0,0.0,0,0.0,0.0,0.0,0.0,0.0,0.0,0.0,0.0,0.0,0.0,0.0,0.0,0.0,0.12,100.0,0.12,0.0,0.0,14.94,0.12,0.0,25.19,91.18,12.22,82.83,0.0,0.0,12.35,99.0,18.15,98.64,7.04,71.93,31.13,45.39,0.0,0.12,0.0,0.0,0.0,0.0,0.0,2.1,64.71,0.12,100.0,0.25,100.0,0.12,0.0,5.68,80.43,8,0.99,24,2.96,2,66.67,6.45,0.8,-1.55,-0.191,0.0,0.86,0.25,,,,0.0,0,0.0
Colin Hayward,Team 49,Team 49,"RCB, LCB",30,3500000,2026-12-31,13,1038,0,0.02,0,0.0,11.01,64.57,Iceland,Iceland,right,188,82,yes,7.72,3.99,73.91,4.34,60.0,0.09,0.13,0.69,4.68,7.14,0.69,3,0.26,0,0.0,0.17,0.0,0,0.0,0.0,0,0.0,1,0.09,100.0,0.0,0.0,0.26,0.0,0.0,0.0,0.26,0.0,0.0,0.09,100.0,0.69,50.0,0.26,0.78,0.0,22.54,0.26,0.95,32.95,82.89,14.39,75.9,2.08,87.5,14.31,87.88,25.32,91.1,7.37,57.65,20.46,32.64,0.0,0.0,0.0,0.09,0.0,0.0,0.0,7.28,69.05,1.39,37.5,0.69,37.5,0.43,0.0,7.54,81.61,0,,0,,0,0.0,0.0,0.0,,,1.39,,,0.0,0.0,0.0,0.0,0,0.0
Henry Ravensdale,Team 49,Team 49,RB,28,3000000,2027-12-31,8,528,0,0.48,1,1.01,10.91,60.94,Austria,Austria,right,173,72,yes,8.01,5.45,59.38,3.07,61.11,0.34,0.52,0.34,4.43,6.78,1.19,1,0.17,1,0.17,1.7,0.0,0,0.0,0.08,0,0.0,5,0.85,40.0,0.0,0.17,3.24,31.58,0.0,0.0,3.24,31.58,0.85,0.51,66.67,2.05,66.67,1.02,1.02,0.34,18.75,1.88,0.85,29.66,71.84,13.64,67.5,3.75,100.0,8.01,68.09,23.52,79.71,3.07,50.0,17.8,33.33,0.17,1.7,0.17,0.0,0.0,0.0,0.51,2.56,60.0,2.56,46.67,0.34,100.0,0.17,1.02,6.31,70.27,0,,0,,0,0.0,0.0,0.0,,,1.02,,,1.02,0.0,0.0,3.41,0,0.0
Milo Norwood,Team 49,Team 49,LB,29,3000000,2028-12-31,17,1722,3,1.05,2,2.46,14.9,51.58,Norway,Norway,left,176,63,yes,7.84,5.91,52.21,3.4,58.46,0.31,0.51,0.16,4.44,7.18,1.72,9,0.47,0,0.0,1.88,0.16,3,0.16,0.06,1,0.05,20,1.05,30.0,15.0,0.1,2.46,27.66,2.4,28.26,0.05,0.0,0.42,1.2,73.91,3.97,51.32,1.52,1.46,0.21,28.9,2.51,1.1,38.47,79.08,13.38,71.09,5.91,95.58,14.01,83.58,32.14,86.18,4.02,51.95,20.5,38.44,0.13,0.99,0.05,0.0,0.0,0.0,0.52,6.01,72.17,2.98,42.11,0.63,25.0,0.68,0.84,8.99,73.84,0,,0,,0,0.0,0.0,0.0,,,1.41,,,0.78,0.26,60.0,0.42,0,0.0
Dorian Irvine,Team 49,Team 49,"AMF, RAMF, RW",25,2000000,2029-12-31,18,1827,4,4.33,2,1.75,17.44,43.79,Croatia,Croatia,left,194,84,yes,5.32,4.83,44.9,3.3,49.25,0.05,0.08,0.25,3.1,4.81,1.77,5,0.25,0,0.0,2.61,0.2,4,0.2,0.21,1,0.05,43,2.12,37.21,9.302,0.1,1.87,23.68,0.49,40.0,1.38,17.86,0.25,2.66,44.44,7.73,39.49,2.41,2.22,0.54,16.21,1.67,1.67,20.3,68.93,6.26,58.27,4.38,84.27,6.35,70.54,15.81,76.95,2.66,51.85,20.87,35.78,0.09,0.99,0.05,0.05,0.25,80.0,0.49,2.27,56.52,2.36,41.67,0.39,50.0,1.08,0.39,3.25,63.64,0,,0,,0,0.0,0.0,0.0,,,0.1,,,0.0,0.0,0.0,0.0,0,0.0
Isaac Lansbury,Team 49,Team 49,"RDMF, LDMF, RCMF",28,2000000,2027-12-31,12,747,0,0.28,1,0.25,12.89,59.81,Mexico,Mexico,right,183,70,yes,7.83,5.06,69.05,2.29,73.68,0.24,0.4,0.0,4.1,6.85,1.45,2,0.24,0,0.0,0.72,0.0,0,0.0,0.03,0,0.0,12,1.45,8.33,0.0,0.12,0.24,50.0,0.12,100.0,0.12,0.0,0.0,0.96,37.5,3.61,40.0,0.48,0.84,0.24,19.28,0.0,0.48,30.36,86.9,9.16,75.0,4.58,94.74,11.81,89.8,28.07,88.41,2.05,70.59,16.92,26.12,0.03,0.6,0.0,0.0,0.12,100.0,0.24,5.18,79.07,1.2,70.0,0.24,100.0,0.84,0.12,4.7,79.49,0,,0,,0,0.0,0.0,0.0,,,0.96,,,0.0,0.0,0.0,0.0,0,0.0
Tobias Yardley,Team 49,Team 49,RB,24,1800000,2027-12-31,14,1158,1,0.71,0,0.52,10.18,54.2,Cameroon,"Cameroon, Spain",right,178,69,yes,6.61,4.59,61.02,2.49,43.75,0.16,0.25,0.08,3.65,5.92,0.7,2,0.16,0,0.0,1.55,0.08,1,0.08,0.06,0,0.0,14,1.09,21.43,7.143,0.0,2.18,35.71,0.0,0.0,2.18,35.71,0.16,0.62,75.0,2.18,50.0,0.85,0.7,0.08,24.17,3.5,0.47,35.91,80.3,14.92,72.92,4.74,95.08,11.5,85.81,29.84,86.72,3.89,56.0,19.69,34.49,0.04,0.7,0.0,0.08,0.08,100.0,0.23,5.05,83.08,2.1,40.74,0.23,66.67,0.23,0.78,8.16,77.14,0,,0,,0,0.0,0.0,0.0,,,1.17,,,0.0,0.0,0.0,0.16,0,0.0
Adrian Ellwood,Team 49,Team 49,"CF, AMF",34,1800000,2027-12-31,16,1003,1,4.3,0,0.28,8.52,44.21,Germany,Germany,right,173,65,yes,2.6,0.81,44.44,3.23,52.78,0.0,0.0,0.09,2.24,3.54,0.18,1,0.09,0,0.0,1.53,0.09,1,0.09,0.39,1,0.09,18,1.62,38.89,5.556,0.0,1.53,29.41,0.27,66.67,1.26,21.43,0.27,0.81,55.56,3.32,40.54,3.23,0.99,0.36,15.16,2.42,0.99,20.1,75.45,5.2,67.24,4.58,84.31,5.29,77.97,17.23,79.69,1.35,73.33,16.42,18.79,0.02,0.63,0.09,0.0,0.18,0.0,0.18,2.6,72.41,1.53,52.94,0.09,0.0,0.72,0.45,2.69,80.0,0,,0,,0,0.0,0.0,0.0,,,0.45,,,0.0,0.0,0.0,0.0,2,0.0
Ethan Barrington,Team 49,Team 49,"LDMF, RDMF, RCMF",34,1800000,2026-12-31,16,1318,2,0.43,0,0.32,7.99,49.57,Argentina,Argentina,right,170,69,yes,5.33,4.1,56.67,1.16,41.18,0.34,0.54,0.07,2.66,4.22,1.09,5,0.34,0,0.0,1.09,0.14,2,0.14,0.03,1,0.07,17,1.16,41.18,11.765,0.0,0.75,72.73,0.2,33.33,0.55,87.5,0.0,0.27,25.0,1.5,36.36,0.27,0.61,0.07,25.68,0.0,0.55,37.69,88.59,9.7,69.72,6.15,97.78,15.77,95.67,33.8,91.11,3.14,65.22,18.47,30.14,0.02,0.41,0.07,0.07,0.07,0.0,0.2,5.67,77.11,1.5,68.18,0.27,25.0,0.27,0.55,4.51,80.3,0,,0,,0,0.0,0.0,0.0,,,1.02,,,0.0,0.0,0.0,0.0,0,0.0
Damian Fenwick,Team 49,Team 49,GK,35,1500000,2026-12-31,13,1340,2,1.52,0,0.24,0.27,100.0,Paraguay,"Paraguay, France",right,189,81,yes,0.87,0.13,100.0,0.07,100.0,0.0,0.0,0.0,0.74,1.08,0.0,1,0.07,0,0.0,0.2,0.13,0,0.0,0.1,0,0.0,2,0.13,100.0,100.0,0.0,0.0,0.0,0.0,0.0,0.0,0.0,0.0,0.07,100.0,0.07,100.0,0.0,0.0,0.0,16.86,0.6,0.0,27.13,83.42,14.98,73.09,0.0,0.0,11.55,96.51,15.58,99.57,11.42,62.35,38.31,53.87,0.02,0.13,0.0,0.0,0.0,0.0,0.13,4.84,51.39,0.74,18.18,0.13,50.0,0.13,0.0,7.46,81.98,12,0.81,51,3.43,5,76.47,12.93,0.87,0.93,0.062,0.0,1.07,0.07,,,,0.0,2,100.0
Emil Prescott,Team 49,Team 49,RCB,26,1000000,2028-12-31,17,1523,0,0.54,0,0.06,12.17,55.34,Ecuador,Ecuador,right,195,76,yes,8.98,5.2,51.14,3.25,67.27,0.06,0.09,0.53,6.26,9.44,1.89,6,0.35,1,0.06,0.77,0.0,0,0.0,0.03,0,0.0,6,0.35,33.33,0.0,0.0,0.06,100.0,0.0,0.0,0.06,100.0,0.0,0.77,76.92,1.77,46.67,0.65,0.18,0.06,23.87,0.47,0.35,38.0,83.36,15.54,70.72,2.95,96.0,16.19,93.43,31.79,89.59,6.15,50.96,23.25,38.77,0.0,0.12,0.0,0.06,0.0,0.0,0.12,6.26,63.21,0.53,55.56,0.53,22.22,0.3,0.06,7.56,71.09,0,,0,,0,0.0,0.0,0.0,,,2.19,,,0.0,0.0,0.0,0.0,0,0.0
Sean Vance,Team 49,Team 49,"LCB, RB",28,900000,2028-12-29,3,141,0,0.04,0,0.0,7.66,50.0,Greece,"Greece, Spain",right,196,90,yes,3.83,5.11,50.0,1.28,50.0,0.0,0.0,0.0,1.28,1.62,0.64,0,0.0,0,0.0,0.0,0.0,0,0.0,0.02,0,0.0,1,0.64,0.0,0.0,0.0,0.0,0.0,0.0,0.0,0.0,0.0,0.0,0.0,0.0,0.64,0.0,0.64,0.64,0.0,23.62,0.64,0.0,35.74,87.5,14.68,78.26,3.83,83.33,11.49,94.44,31.28,91.84,4.47,57.14,22.16,47.53,0.0,0.0,0.0,0.0,0.0,0.0,0.0,3.83,66.67,1.28,50.0,1.28,50.0,0.64,0.0,5.74,77.78,0,,0,,0,0.0,0.0,0.0,,,2.55,,,0.0,0.0,0.0,0.0,0,0.0
Elias Kitteridge,Team 49,Team 49,"RAMF, AMF",21,3750000,2030-03-31,2,39,0,0.43,0,0.01,,,Germany,"Germany, France",right,174,69,yes,,,,,,,0.0,,,0.0,,0,,0,,,,0,,,0,,4,,,0.0,,,,,,,,,,,,,,,,,,,,,,,,,,,,,,,13.62,0.0,,,,,,,,,,,,,,,,,,0,,0,,0,0.0,0.0,,,,,,,,,,,0,0.0
Matthias Monroe,Team 49,Team 49,"RW, RAMF",21,2700000,2028-05-31,4,220,0,0.36,1,0.15,12.68,38.71,Portugal,Portugal,right,178,71,yes,4.09,3.68,44.44,3.68,11.11,0.41,0.65,0.0,2.05,3.26,1.64,0,0.0,0,0.0,3.27,0.0,0,0.0,0.15,0,0.0,3,1.23,33.33,0.0,0.41,2.86,28.57,0.0,0.0,2.86,28.57,0.0,2.45,83.33,3.68,77.78,3.27,0.41,0.0,13.5,2.05,0.82,20.45,74.0,3.68,55.56,3.68,100.0,8.18,75.0,15.95,84.62,2.05,60.0,16.37,26.81,0.06,0.82,0.0,0.0,0.0,0.0,0.0,2.86,71.43,2.86,57.14,0.0,0.0,1.64,0.41,2.86,85.71,0,,0,,0,0.0,0.0,0.0,,,0.0,,,0.0,0.0,0.0,0.0,0,0.0
Liam Kingsbury,Team 49,Team 49,"RAMF, RW, CF",23,4000000,2029-12-31,16,961,1,1.41,1,1.74,17.61,47.34,South Korea,South Korea,left,172,68,yes,6.65,6.18,56.06,2.43,34.62,0.09,0.14,0.19,3.09,4.71,1.97,3,0.28,0,0.0,2.72,0.09,1,0.09,0.13,0,0.0,20,1.87,30.0,5.0,0.09,2.06,27.27,0.37,25.0,1.69,27.78,0.56,2.72,58.62,7.12,43.42,2.43,1.97,0.47,19.95,2.06,0.84,24.35,66.92,7.21,55.84,4.31,89.13,6.93,70.27,20.42,72.02,2.25,50.0,19.41,26.2,0.16,0.75,0.09,0.0,0.09,0.0,0.66,2.15,69.57,1.78,31.58,0.37,25.0,1.03,0.56,3.56,52.63,0,,0,,0,0.0,0.0,0.0,,,0.19,,,0.09,0.0,0.0,0.28,0,0.0
Tristan Northfield,Team 49,Team 49,LAMF,22,1100000,2029-03-31,9,352,0,0.05,1,0.53,17.13,52.24,Colombia,Colombia,right,174,64,yes,4.09,3.84,53.33,1.79,71.43,0.77,1.36,0.0,1.28,2.27,0.51,0,0.0,0,0.0,4.09,0.0,0,0.0,0.01,0,0.0,2,0.51,50.0,0.0,0.26,2.56,50.0,2.56,50.0,0.0,0.0,0.26,4.86,52.63,9.97,48.72,2.05,3.84,0.0,16.11,3.07,3.32,18.15,84.51,3.84,93.33,4.09,100.0,5.63,81.82,15.09,89.83,0.51,100.0,16.2,5.09,0.14,1.28,0.26,0.0,0.0,0.0,0.26,0.77,66.67,2.56,60.0,0.0,0.0,0.77,1.53,2.05,100.0,0,,0,,0,0.0,0.0,0.0,,,0.0,,,0.0,0.0,0.0,0.0,0,0.0
Leon Ellington,Team 49,Team 49,"LAMF, LW",24,3750000,2027-12-31,16,1249,0,2.86,2,2.43,21.62,46.67,Croatia,"Croatia, Germany",right,175,68,yes,3.53,3.82,49.06,0.58,50.0,0.07,0.12,0.07,1.59,2.57,1.15,4,0.29,0,0.0,6.63,0.0,0,0.0,0.21,0,0.0,34,2.45,32.35,0.0,0.14,2.59,44.44,2.31,46.88,0.29,25.0,0.36,7.71,59.81,16.29,46.9,3.75,5.04,0.5,16.65,2.88,0.94,23.13,77.88,4.32,61.67,6.49,95.56,7.28,76.24,19.67,83.88,0.94,46.15,17.44,15.04,0.18,1.66,0.07,0.0,0.07,100.0,1.01,1.3,77.78,3.03,45.24,0.14,50.0,1.37,1.08,3.31,78.26,0,,0,,0,0.0,0.0,0.0,,,0.22,,,0.0,0.0,0.0,0.0,0,0.0
Dylan Barton,Team 49,Team 49,"LCMF, AMF, LDMF",22,2600000,2029-12-31,14,737,1,0.9,1,1.72,15.63,47.66,Norway,Norway,right,175,68,yes,6.11,7.2,59.32,1.1,33.33,0.0,0.0,0.0,1.83,3.13,1.71,1,0.12,0,0.0,2.69,0.12,1,0.12,0.11,0,0.0,9,1.1,55.56,11.111,0.12,1.95,37.5,1.22,30.0,0.61,60.0,0.37,1.59,76.92,6.72,36.36,1.71,1.95,0.0,17.22,0.49,0.61,24.67,77.23,7.57,72.58,3.54,89.66,9.4,80.52,20.64,83.43,2.2,50.0,17.55,22.55,0.21,1.59,0.0,0.0,0.37,33.33,0.73,3.05,76.0,2.44,40.0,0.49,25.0,1.1,0.98,3.79,70.97,0,,0,,0,0.0,0.0,0.0,,,0.0,,,0.24,0.0,0.0,2.93,0,0.0
Florian Garrison,Team 49,Team 49,"RDMF, AMF, LDMF",22,2500000,2030-12-31,15,509,0,0.45,0,0.4,20.33,54.78,Switzerland,Switzerland,right,175,70,yes,8.66,8.13,65.22,1.59,55.56,0.53,0.82,0.0,2.83,4.36,2.65,5,0.88,0,0.0,1.94,0.0,0,0.0,0.08,0,0.0,5,0.88,20.0,0.0,0.0,0.88,40.0,0.35,50.0,0.53,33.33,0.0,2.12,58.33,9.02,47.06,1.06,2.48,0.53,25.82,0.53,3.01,33.77,79.58,10.61,71.67,5.83,84.85,12.73,86.11,30.06,86.47,2.83,18.75,17.6,17.5,0.07,1.06,0.0,0.0,0.18,100.0,0.35,6.19,65.71,1.59,44.44,1.06,16.67,0.35,0.35,4.77,74.07,0,,0,,0,0.0,0.0,0.0,,,0.71,,,0.71,0.0,0.0,2.48,0,0.0
Lars Barrington,Team 49,Team 49,"LCMF, AMF, LDMF",22,3250000,2030-12-31,11,579,2,1.03,1,0.49,11.97,37.66,Italy,Italy,right,186,74,yes,4.04,4.82,41.94,0.93,50.0,0.0,0.0,0.16,2.02,3.1,2.02,3,0.47,0,0.0,1.87,0.31,2,0.31,0.16,0,0.0,10,1.55,40.0,20.0,0.16,0.62,50.0,0.31,50.0,0.31,50.0,0.16,1.71,54.55,5.44,34.29,1.87,1.09,0.31,20.21,0.47,0.93,23.47,86.09,5.75,78.38,4.66,90.0,7.77,88.0,21.76,87.86,1.09,71.43,16.4,15.51,0.08,0.93,0.0,0.0,0.0,0.0,0.16,3.42,77.27,0.78,80.0,0.16,100.0,0.62,0.31,2.33,100.0,0,,0,,0,0.0,0.0,0.0,,,0.47,,,0.62,0.0,0.0,3.58,0,0.0
Magnus Northfield,Team 49,Team 49,LCB,24,2400000,2030-06-30,18,1700,0,0.91,0,0.02,8.47,56.88,Hungary,Hungary,right,189,85,yes,7.09,3.02,59.65,3.23,52.46,0.11,0.16,0.74,5.19,8.03,0.64,3,0.16,0,0.0,0.26,0.0,0,0.0,0.05,0,0.0,10,0.53,40.0,0.0,0.0,0.16,0.0,0.16,0.0,0.0,0.0,0.0,0.05,100.0,0.53,70.0,0.9,0.42,0.0,27.16,0.42,0.58,40.29,87.39,14.56,75.27,4.66,96.59,17.84,95.85,35.47,93.13,4.66,46.59,22.65,42.06,0.0,0.21,0.0,0.05,0.0,0.0,0.0,5.56,65.71,0.48,22.22,0.21,25.0,0.11,0.0,7.36,69.78,0,,0,,0,0.0,0.0,0.0,,,3.39,,,0.05,0.0,0.0,0.0,0,0.0
Kasper Vance,Team 23,Team 23,"RDMF, LDMF, LCMF",28,8500000,2029-06-30,20,1142,0,0.45,0,0.21,10.88,58.7,Brazil,Brazil,right,173,71,yes,6.86,5.12,61.54,1.34,41.18,0.24,0.38,0.71,3.47,5.5,1.02,3,0.24,0,0.0,0.79,0.0,0,0.0,0.04,0,0.0,9,0.71,11.11,0.0,0.0,0.39,20.0,0.16,50.0,0.24,0.0,0.08,1.02,61.54,3.23,60.98,0.63,3.07,0.39,30.97,0.32,1.5,43.27,89.44,12.69,81.99,5.04,95.31,18.44,94.44,40.9,90.94,1.97,72.0,16.97,22.07,0.02,0.55,0.08,0.0,0.0,0.0,0.16,6.94,84.09,0.87,45.45,0.16,0.0,0.39,0.08,6.62,77.38,0,,0,,0,0.0,0.0,0.0,,,0.16,,,0.0,0.0,0.0,0.0,0,0.0
Quinn Sinclair,Team 23,Team 23,"LAMF, LW",31,8000000,2027-12-31,16,549,1,0.73,0,0.0,16.23,37.37,Romania,Romania,right,176,74,yes,4.26,4.92,50.0,0.82,60.0,0.0,0.0,0.49,1.8,3.2,1.15,0,0.0,0,0.0,2.13,0.16,1,0.16,0.12,0,0.0,13,2.13,30.77,7.692,0.0,1.64,30.0,1.15,42.86,0.49,0.0,0.33,3.61,27.27,8.85,29.63,2.13,3.44,0.33,19.51,1.31,0.49,23.44,80.42,5.25,78.13,7.21,97.73,5.9,61.11,21.15,85.27,0.66,50.0,14.72,6.33,0.0,0.0,0.0,0.0,0.0,0.0,0.16,1.8,72.73,1.64,40.0,0.0,0.0,0.49,0.66,2.62,75.0,0,,0,,0,0.0,0.0,0.0,,,0.16,,,0.16,0.0,0.0,0.98,0,0.0
Gabriel Clairmont,Team 23,Team 23,"RW, RAMF",23,7000000,2028-12-31,2,97,0,0.0,0,0.0,16.7,44.44,Czech Republic,"Czech Republic, Spain",left,175,67,yes,4.64,3.71,25.0,4.64,60.0,0.0,0.0,0.0,3.71,6.32,1.86,0,0.0,0,0.0,0.93,0.0,0,0.0,0.0,0,0.0,0,0.0,0.0,0.0,0.0,1.86,0.0,0.0,0.0,1.86,0.0,0.0,0.0,0.0,6.49,42.86,0.93,1.86,0.93,17.63,0.0,2.78,23.2,80.0,4.64,60.0,7.42,100.0,5.57,50.0,20.41,90.91,1.86,0.0,13.08,25.29,0.0,0.0,0.0,0.0,0.93,100.0,0.93,5.57,50.0,1.86,0.0,0.93,100.0,0.0,0.0,2.78,66.67,0,,0,,0,0.0,0.0,0.0,,,0.0,,,0.0,0.0,0.0,0.93,0,0.0
Liam Underwood,Team 23,Team 23,"CF, AMF",29,3500000,2028-12-31,13,436,0,0.9,1,0.43,21.06,45.1,Norway,Norway,right,177,73,yes,3.72,4.75,47.83,3.72,33.33,0.21,0.35,0.21,1.24,2.12,1.65,0,0.0,0,0.0,1.86,0.0,0,0.0,0.18,0,0.0,5,1.03,20.0,0.0,0.21,0.83,50.0,0.62,66.67,0.21,0.0,0.0,2.06,50.0,9.29,46.67,2.89,2.89,0.21,23.53,1.86,2.68,31.17,74.83,10.11,69.39,6.61,84.38,6.61,87.5,29.11,78.01,1.24,16.67,13.94,13.89,0.09,0.41,0.0,0.0,0.41,50.0,0.62,2.89,57.14,3.1,46.67,1.03,20.0,1.24,0.41,4.13,85.0,0,,0,,0,0.0,0.0,0.0,,,0.21,,,0.62,0.21,100.0,0.41,0,0.0
Marcus Dunmore,Team 23,Team 23,"RDMF, LDMF, RCMF",32,3200000,2027-12-31,14,1115,1,0.76,3,0.17,12.03,48.99,Romania,"Romania, France",right,170,68,yes,6.94,5.17,51.56,1.21,33.33,0.81,1.25,0.24,3.47,5.38,1.29,3,0.24,0,0.0,0.73,0.08,1,0.08,0.06,0,0.0,8,0.65,62.5,12.5,0.24,0.24,0.0,0.0,0.0,0.24,0.0,0.0,0.65,50.0,2.66,54.55,0.32,1.13,0.24,38.91,0.24,1.29,53.03,86.91,19.7,75.41,5.49,95.59,19.05,94.92,48.27,90.47,4.52,53.57,17.32,31.65,0.01,0.81,0.0,0.0,0.08,0.0,0.32,9.28,76.52,1.45,38.89,0.48,16.67,0.65,0.0,7.83,74.23,0,,0,,0,0.0,0.0,0.0,,,0.65,,,0.08,0.0,0.0,0.0,0,0.0
Marcus Vance,Team 23,Team 23,RB,31,3000000,2026-12-31,11,726,0,0.4,1,1.14,13.64,50.0,Albania,Albania,right,171,68,yes,9.55,5.95,56.25,2.73,40.91,0.5,0.77,0.25,5.7,8.9,0.99,2,0.25,1,0.12,3.1,0.0,0,0.0,0.05,0,0.0,7,0.87,42.86,0.0,0.12,5.08,39.02,0.0,0.0,5.08,39.02,0.87,0.99,62.5,3.22,34.62,0.74,0.62,0.12,29.88,1.61,0.37,42.77,77.1,12.77,70.87,8.43,94.12,13.64,73.64,32.98,86.47,5.33,51.16,19.52,28.51,0.14,1.36,0.12,0.0,0.12,100.0,0.74,3.35,62.96,4.46,41.67,0.99,37.5,0.25,1.98,7.81,76.19,0,,0,,0,0.0,0.0,0.0,,,1.36,,,1.36,0.25,0.0,1.74,0,0.0
Owen Redmond,Team 23,Team 23,LCB,31,2000000,2026-12-31,10,770,0,0.07,0,0.15,9.58,50.0,Brazil,Brazil,left,177,73,yes,6.55,4.09,54.29,3.04,38.46,0.47,0.75,0.35,3.86,6.15,1.52,0,0.0,0,0.0,0.47,0.0,0,0.0,0.01,0,0.0,3,0.35,33.33,0.0,0.0,0.82,14.29,0.82,14.29,0.0,0.0,0.0,0.35,66.67,0.82,57.14,0.35,2.34,0.12,42.66,0.94,0.47,58.68,87.05,22.68,75.77,3.74,96.88,26.42,95.13,48.51,93.73,9.35,58.75,23.78,34.63,0.02,0.35,0.0,0.0,0.0,0.0,0.0,7.83,70.15,1.29,27.27,0.47,25.0,0.35,0.12,10.99,72.34,0,,0,,0,0.0,0.0,0.0,,,1.64,,,0.0,0.0,0.0,0.0,0,0.0
Finn Linwood,Team 23,Team 23,"LCB, RCB",26,1500000,2028-12-31,6,384,0,0.0,0,0.0,8.91,55.26,Serbia,Serbia,right,190,84,yes,6.56,2.81,50.0,3.75,68.75,0.7,1.15,0.47,4.45,7.31,0.94,0,0.0,0,0.0,0.0,0.0,0,0.0,0.0,0,0.0,0,0.0,0.0,0.0,0.0,0.0,0.0,0.0,0.0,0.0,0.0,0.0,0.0,0.0,0.23,100.0,0.47,1.88,1.17,33.05,0.47,0.47,48.05,93.66,20.16,86.05,1.64,100.0,22.27,98.95,44.77,96.86,3.28,50.0,19.87,28.31,0.0,0.0,0.0,0.0,0.0,0.0,0.0,6.8,79.31,0.0,0.0,0.0,0.0,0.0,0.0,6.09,76.92,0,,0,,0,0.0,0.0,0.0,,,0.7,,,0.0,0.0,0.0,0.0,0,0.0
Dominic Callow,Team 23,Team 23,"CF, RAMF",31,850000,2027-12-31,7,246,1,0.31,0,0.06,13.9,39.47,Uruguay,Uruguay,right,185,74,yes,1.46,3.66,40.0,3.66,70.0,0.0,0.0,0.0,0.0,0.0,1.46,0,0.0,0,0.0,1.1,0.37,1,0.37,0.11,1,0.37,4,1.46,75.0,25.0,0.0,0.73,0.0,0.37,0.0,0.37,0.0,0.0,0.0,0.0,3.66,10.0,3.66,0.0,0.0,9.51,2.93,0.37,13.17,66.67,2.93,50.0,4.39,83.33,2.56,57.14,12.44,70.59,0.0,0.0,16.45,0.0,0.02,0.73,0.0,0.0,0.37,0.0,0.37,0.0,0.0,1.1,33.33,0.37,0.0,0.37,0.0,0.73,100.0,0,,0,,0,0.0,0.0,0.0,,,0.0,,,0.0,0.0,0.0,0.0,0,0.0
Ruben Underwood,Team 23,Team 23,"LDMF, RDMF, LCMF",33,800000,2027-12-31,14,684,0,0.05,0,0.47,8.95,47.06,Hungary,"Hungary, Portugal",right,181,76,yes,5.66,3.82,55.17,1.45,45.45,0.39,0.65,0.13,3.16,5.18,1.05,5,0.66,0,0.0,0.39,0.0,0,0.0,0.01,0,0.0,4,0.53,0.0,0.0,0.0,0.53,25.0,0.13,0.0,0.39,33.33,0.26,1.05,25.0,2.24,29.41,0.39,1.05,0.0,28.29,0.13,0.26,39.08,88.89,7.5,77.19,6.84,96.15,19.21,89.73,35.92,91.94,2.63,60.0,18.48,26.61,0.06,0.66,0.13,0.0,0.0,0.0,0.13,5.13,89.74,0.79,33.33,0.0,0.0,0.13,0.26,3.29,72.0,0,,0,,0,0.0,0.0,0.0,,,0.39,,,0.13,0.13,0.0,0.79,0,0.0
Leo Waverley,Team 23,Team 23,RB,37,500000,2026-12-31,14,985,0,0.0,3,1.35,12.06,44.7,Portugal,Portugal,right,168,67,yes,7.22,7.31,48.75,1.74,47.37,0.09,0.14,0.37,3.56,5.44,1.64,3,0.27,0,0.0,1.46,0.0,0,0.0,0.0,0,0.0,0,0.0,0.0,0.0,0.27,3.2,31.43,0.0,0.0,3.2,31.43,0.37,0.82,44.44,2.38,34.62,0.55,0.91,0.09,27.96,1.74,0.55,34.54,77.51,12.79,71.43,6.21,94.12,10.32,69.03,27.87,86.23,3.84,52.38,16.95,30.2,0.12,0.91,0.0,0.0,0.27,33.33,0.73,5.3,62.07,3.93,37.21,0.82,22.22,0.91,1.01,7.31,72.5,0,,0,,0,0.0,0.0,0.0,,,0.18,,,0.18,0.0,0.0,0.64,0,0.0
Leo Pemberton,Team 23,Team 23,GK,39,400000,2027-05-31,5,480,0,0.0,0,0.0,0.94,60.0,Japan,Japan,right,196,92,yes,0.94,0.38,0.0,0.19,100.0,0.0,0.0,0.0,0.94,1.46,0.0,0,0.0,0,0.0,0.0,0.0,0,0.0,0.0,0,0.0,0,0.0,0.0,0.0,0.0,0.0,0.0,0.0,0.0,0.0,0.0,0.0,0.0,0.0,0.19,100.0,0.0,0.0,0.0,5.81,0.0,0.38,9.75,82.69,4.69,72.0,0.0,0.0,4.69,96.0,6.75,97.22,3.0,50.0,30.63,38.75,0.0,0.0,0.0,0.0,0.0,0.0,0.0,0.75,0.0,0.38,0.0,0.38,0.0,0.0,0.0,1.5,62.5,10,1.88,22,4.13,0,54.55,9.8,1.84,-0.2,-0.038,0.0,1.31,0.19,,,,0.0,0,0.0
Nathan Sterling,Team 23,Team 23,LB,17,950000,2027-12-31,1,16,0,0.0,0,0.0,,,Germany,Germany,left,179,75,yes,,,,,,,0.0,,,15.0,,0,,0,,,,0,,,0,,0,,,0.0,,,,,,,,,,,,,,,,,,,,,,,,,,,,,,,29.5,0.0,,,,,,,,,,,,,,,,,,0,,0,,0,0.0,0.0,,,,,,,,,,,0,0.0
Malcolm Redmond,Team 23,Team 23,RDMF,20,1900000,2029-01-31,1,9,0,0.0,0,0.0,,,Cameroon,Cameroon,right,181,73,yes,,,,,,,0.0,,,0.0,,0,,0,,,,0,,,0,,0,,,0.0,,,,,,,,,,,,,,,,,,,,,,,,,,,,,,,20.83,0.0,,,,,,,,,,,,,,,,,,0,,0,,0,0.0,0.0,,,,,,,,,,,0,0.0
Ethan Kren,Team 23,Team 23,"RAMF, LAMF",20,1900000,2028-12-31,8,264,1,0.23,0,0.36,14.66,34.88,Italy,Italy,right,176,72,yes,4.43,4.43,30.77,2.05,0.0,0.68,1.2,0.0,2.39,4.2,1.02,2,0.68,0,0.0,5.11,0.34,1,0.34,0.08,0,0.0,6,2.05,50.0,16.667,0.0,4.43,38.46,0.34,100.0,4.09,33.33,0.0,4.77,50.0,6.82,45.0,1.7,1.02,0.0,20.45,0.34,0.68,26.59,75.64,3.41,60.0,6.48,94.74,10.23,66.67,21.82,84.38,0.68,50.0,18.35,13.17,0.12,0.68,0.34,0.0,0.0,0.0,1.02,1.02,66.67,3.75,36.36,0.0,0.0,0.34,1.36,3.07,88.89,0,,0,,0,0.0,0.0,0.0,,,0.0,,,0.0,0.0,0.0,0.0,0,0.0
Declan Faulkner,Team 23,Team 23,CF,21,3750000,2030-12-31,12,635,2,3.75,1,0.55,13.32,36.17,Georgia,Georgia,right,186,79,yes,2.55,2.13,46.67,2.98,9.52,0.14,0.22,0.0,1.42,2.22,1.13,0,0.0,0,0.0,1.56,0.28,2,0.28,0.53,0,0.0,18,2.55,38.89,11.111,0.14,0.43,0.0,0.28,0.0,0.14,0.0,0.14,0.99,57.14,5.39,47.37,3.97,0.57,0.43,6.52,1.84,2.13,7.94,69.64,1.28,33.33,2.27,87.5,2.55,66.67,7.37,73.08,0.14,100.0,12.94,3.91,0.08,0.85,0.0,0.0,0.0,0.0,0.71,0.71,20.0,0.71,40.0,0.0,0.0,0.71,0.0,0.71,60.0,0,,0,,0,0.0,0.0,0.0,,,0.0,,,0.0,0.0,0.0,0.0,0,0.0
Sean Somerset,Team 23,Team 23,RAMF,25,2400000,2031-06-30,1,71,0,0.29,0,0.0,16.48,69.23,Turkey,Turkey,left,178,70,yes,8.87,6.34,80.0,1.27,0.0,0.0,0.0,0.0,3.8,6.43,1.27,0,0.0,0,0.0,3.8,0.0,0,0.0,0.37,0,0.0,3,3.8,66.67,0.0,0.0,0.0,0.0,0.0,0.0,0.0,0.0,0.0,1.27,100.0,7.61,66.67,1.27,2.54,0.0,5.07,0.0,2.54,7.61,100.0,1.27,100.0,5.07,100.0,0.0,0.0,7.61,100.0,0.0,0.0,10.0,0.0,0.0,0.0,0.0,0.0,0.0,0.0,0.0,1.27,100.0,0.0,0.0,0.0,0.0,0.0,0.0,0.0,0.0,0,,0,,0,0.0,0.0,0.0,,,0.0,,,0.0,0.0,0.0,0.0,0,0.0
Magnus Crestwood,Team 23,Team 23,"AMF, CF",30,3750000,2028-12-31,18,1803,5,3.47,1,4.45,14.33,50.52,South Korea,"South Korea, France",left,175,74,yes,3.0,3.79,35.53,1.55,32.26,0.2,0.32,0.05,1.45,2.34,1.65,8,0.4,0,0.0,2.15,0.25,5,0.25,0.17,0,0.0,45,2.25,31.11,11.111,0.05,1.65,33.33,1.0,30.0,0.65,38.46,0.15,1.55,51.61,7.44,65.77,2.9,1.55,0.35,30.0,1.45,3.64,37.39,79.44,10.33,69.08,7.89,94.3,10.58,79.25,33.79,82.87,2.25,55.56,15.58,33.45,0.22,2.05,0.25,0.05,0.25,40.0,0.95,4.89,71.43,3.49,51.43,0.7,28.57,2.05,0.6,5.64,81.42,0,,0,,0,0.0,0.0,0.0,,,0.0,,,1.4,0.45,22.22,3.34,0,0.0
Tristan Westlake,Team 23,Team 23,"LDMF, RDMF",29,3000000,2030-12-31,19,1668,0,0.92,2,1.36,16.4,53.62,England,England,left,184,78,yes,4.96,4.64,53.49,1.46,62.96,0.32,0.52,0.32,2.16,3.5,1.24,2,0.11,0,0.0,1.73,0.0,0,0.0,0.05,0,0.0,15,0.81,46.67,0.0,0.11,0.86,31.25,0.65,25.0,0.22,50.0,0.05,1.62,63.33,8.58,52.83,1.62,2.16,0.16,39.77,0.43,2.32,50.56,89.86,17.27,83.13,6.1,94.69,17.97,94.89,45.81,93.29,3.94,61.64,17.48,37.81,0.07,0.49,0.05,0.05,0.11,50.0,0.27,9.01,85.03,1.89,42.86,0.65,33.33,0.59,0.27,6.37,84.75,0,,0,,0,0.0,0.0,0.0,,,0.22,,,0.0,0.0,0.0,0.0,0,0.0
Fabian Carrington,Team 23,Team 23,"RB, LB",19,1400000,2030-08-31,10,532,2,0.18,1,0.23,20.64,50.0,South Korea,South Korea,right,175,71,yes,10.15,10.83,56.25,2.2,38.46,0.17,0.31,0.34,3.89,7.19,2.37,2,0.34,0,0.0,2.2,0.34,2,0.34,0.03,0,0.0,4,0.68,75.0,50.0,0.17,2.88,23.53,0.0,0.0,2.88,23.53,0.51,2.2,46.15,5.92,45.71,0.85,1.02,0.51,26.05,1.86,2.03,32.99,74.87,11.84,58.57,5.58,100.0,8.63,68.63,26.73,84.81,3.55,38.1,17.11,23.33,0.04,0.17,0.0,0.0,0.0,0.0,0.34,3.38,60.0,3.05,50.0,0.17,0.0,0.85,0.68,6.26,64.86,0,,0,,0,0.0,0.0,0.0,,,0.68,,,0.0,0.0,0.0,0.34,0,0.0
Anton Stansfield,Team 23,Team 23,AMF,20,1500000,2029-12-31,1,19,0,0.0,0,0.0,,,France,"France, Portugal",right,177,70,yes,,,,,,,0.0,,,0.0,,0,,0,,,,0,,,0,,0,,,0.0,,,,,,,,,,,,,,,,,,,,,,,,,,,,,,,15.3,0.0,,,,,,,,,,,,,,,,,,0,,0,,0,0.0,0.0,,,,,,,,,,,0,0.0
Matthias Grantham,Team 23,Team 23,RAMF,20,3000000,2029-12-31,17,1092,2,1.68,1,1.66,15.41,48.13,Germany,Germany,left,176,67,yes,4.37,3.96,56.25,1.4,41.18,0.16,0.27,0.0,1.98,3.21,1.32,5,0.41,1,0.08,4.86,0.16,2,0.16,0.14,0,0.0,31,2.55,38.71,6.452,0.08,3.87,21.28,0.49,33.33,3.38,19.51,1.32,4.7,63.16,8.49,48.54,3.3,2.14,0.16,24.4,1.48,1.65,30.25,76.84,5.85,61.97,7.58,96.74,9.15,72.07,24.89,85.76,1.73,66.67,17.05,28.55,0.14,0.99,0.0,0.16,0.08,100.0,0.66,2.39,68.97,3.3,37.5,0.16,50.0,0.91,0.82,3.87,74.47,0,,0,,0,0.0,0.0,0.0,,,0.16,,,0.41,0.41,60.0,0.16,0,0.0
Anton Redmond,Team 23,Team 23,GK,20,1300000,2028-12-31,8,823,0,0.0,0,0.0,0.22,100.0,Scotland,Scotland,right,192,82,yes,0.66,0.0,0.0,0.0,0.0,0.0,0.0,0.0,0.66,1.13,0.0,2,0.22,0,0.0,0.0,0.0,0,0.0,0.0,0,0.0,0,0.0,0.0,0.0,0.0,0.0,0.0,0.0,0.0,0.0,0.0,0.0,0.0,0.0,0.11,100.0,0.0,0.0,0.0,9.51,0.33,0.22,15.31,77.14,8.86,64.2,0.0,0.0,5.91,94.44,9.4,93.02,5.91,51.85,32.49,50.68,0.0,0.0,0.0,0.0,0.0,0.0,0.0,1.42,23.08,0.0,0.0,0.0,0.0,0.0,0.0,4.16,52.63,9,0.98,29,3.17,1,68.97,8.56,0.94,-0.44,-0.048,0.0,1.53,0.0,,,,0.0,0,0.0
Sebastian Sinclair,Team 23,Team 23,LCB,22,1600000,2029-06-30,13,1208,0,0.9,0,0.25,10.88,58.22,Poland,"Poland, Spain",right,187,77,yes,8.42,4.4,62.71,2.68,58.33,0.22,0.36,0.67,5.44,8.8,0.97,2,0.15,0,0.0,0.45,0.0,0,0.0,0.07,0,0.0,9,0.67,11.11,0.0,0.0,0.0,0.0,0.0,0.0,0.0,0.0,0.0,0.45,83.33,1.34,61.11,0.82,0.75,0.0,29.73,0.52,0.37,44.7,93.83,14.68,87.82,3.43,95.65,22.13,99.33,41.95,95.38,2.76,70.27,20.83,39.02,0.02,0.07,0.0,0.0,0.0,0.0,0.07,3.8,94.12,0.07,100.0,0.0,0.0,0.15,0.0,4.32,67.24,0,,0,,0,0.0,0.0,0.0,,,2.38,,,0.0,0.0,0.0,0.0,0,0.0
Declan Radcliffe,Team 23,Team 23,CF,24,3750000,2030-12-31,15,1306,5,6.39,0,1.42,8.82,37.5,Germany,"Germany, France",right,182,71,yes,1.1,0.83,66.67,2.62,23.68,0.0,0.0,0.0,0.55,0.94,0.28,1,0.07,0,0.0,1.58,0.34,2,0.14,0.44,1,0.07,28,1.93,35.71,17.857,0.0,0.69,40.0,0.41,66.67,0.28,0.0,0.07,1.17,52.94,4.55,39.39,3.31,1.65,0.48,12.61,2.14,0.9,15.37,79.82,3.58,75.0,3.86,89.29,4.07,74.58,13.71,81.91,1.1,68.75,15.05,25.05,0.1,0.76,0.07,0.0,0.0,0.0,0.41,1.31,68.42,1.17,64.71,0.0,0.0,0.69,0.21,1.31,89.47,0,,0,,0,0.0,0.0,0.0,,,0.0,,,0.07,0.07,0.0,0.0,3,100.0
Fabian Pemberton,Team 23,Team 23,LB,29,1600000,2029-12-31,3,273,0,0.0,0,0.13,16.15,53.06,Mexico,Mexico,left,173,73,yes,7.58,8.57,46.15,1.65,40.0,0.0,0.0,0.33,3.63,5.79,2.31,0,0.0,0,0.0,1.65,0.0,0,0.0,0.0,0,0.0,0,0.0,0.0,0.0,0.0,3.63,36.36,3.63,36.36,0.0,0.0,0.0,0.66,50.0,2.97,55.56,0.33,0.99,0.0,33.3,3.63,0.99,37.91,71.3,14.18,60.47,7.58,86.96,12.53,68.42,31.32,77.89,3.63,45.45,18.84,51.53,0.04,0.99,0.0,0.0,0.33,0.0,0.33,2.64,37.5,5.27,37.5,0.33,0.0,0.99,1.32,10.55,56.25,0,,0,,0,0.0,0.0,0.0,,,0.33,,,0.66,0.0,0.0,1.32,0,0.0
Quinn Callow,Team 23,Team 23,RCB,30,2000000,2030-12-31,20,2013,0,0.72,0,0.67,7.82,69.14,Denmark,"Denmark, Spain",right,192,90,yes,5.37,3.22,63.89,3.58,76.25,0.13,0.22,0.36,3.17,5.1,0.45,5,0.22,0,0.0,0.4,0.0,0,0.0,0.03,0,0.0,11,0.49,27.27,0.0,0.0,0.27,33.33,0.04,100.0,0.22,20.0,0.0,0.18,100.0,0.31,71.43,0.89,0.76,0.09,38.27,0.63,0.22,51.24,90.84,20.07,82.85,2.68,98.33,23.83,96.62,46.05,94.47,4.92,60.0,21.15,37.86,0.03,0.18,0.0,0.0,0.0,0.0,0.22,6.71,82.67,0.63,21.43,0.22,20.0,0.09,0.09,9.25,74.4,0,,0,,0,0.0,0.0,0.0,,,1.88,,,0.0,0.0,0.0,0.0,0,0.0
Hugo Irvine,Team 23,Team 23,"LAMF, LW",27,3500000,2028-12-31,8,396,1,2.09,0,0.46,15.45,47.06,Scotland,Scotland,right,172,70,yes,3.41,3.64,43.75,3.41,40.0,0.0,0.0,0.0,1.82,3.2,1.82,0,0.0,0,0.0,3.18,0.23,1,0.23,0.48,0,0.0,12,2.73,25.0,8.333,0.0,0.68,100.0,0.68,100.0,0.0,0.0,0.23,2.95,61.54,6.36,50.0,4.09,3.18,0.23,16.82,1.14,0.23,21.14,88.17,4.32,89.47,5.23,91.3,5.45,95.83,19.77,87.36,0.68,100.0,13.55,14.46,0.11,0.68,0.0,0.0,0.0,0.0,0.23,1.36,66.67,0.91,100.0,0.0,0.0,0.68,0.68,3.18,85.71,0,,0,,0,0.0,0.0,0.0,,,0.0,,,0.0,0.0,0.0,0.0,0,0.0
Aaron Kitteridge,Team 11,Team 11,CF,28,14000000,2028-12-31,17,1525,7,4.91,1,1.04,15.82,39.18,Croatia,Croatia,right,186,89,yes,2.66,1.95,48.48,5.55,37.23,0.0,0.0,0.18,1.71,2.42,1.59,3,0.18,0,0.0,1.65,0.41,7,0.41,0.29,0,0.0,36,2.12,50.0,19.444,0.06,0.18,33.33,0.06,0.0,0.12,50.0,0.0,1.06,44.44,5.55,36.17,3.07,0.65,0.0,9.03,1.12,1.24,12.75,76.39,3.66,59.68,4.01,92.65,2.3,66.67,11.86,78.11,0.77,61.54,13.83,16.38,0.06,0.41,0.0,0.0,0.06,100.0,0.41,1.48,60.0,0.47,75.0,0.18,33.33,0.65,0.06,1.3,72.73,0,,0,,0,0.0,0.0,0.0,,,0.0,,,0.0,0.0,0.0,0.0,0,0.0
Leo Kitteridge,Team 11,Team 11,"LAMF, LW, CF",23,7000000,2028-12-31,18,1172,4,2.98,0,0.42,18.74,35.25,Japan,Japan,right,179,77,yes,3.69,3.23,47.62,1.15,20.0,0.15,0.22,0.15,2.0,2.85,0.69,2,0.15,0,0.0,3.69,0.31,4,0.31,0.23,0,0.0,30,2.3,53.33,13.333,0.0,1.31,35.29,0.92,41.67,0.38,20.0,0.15,4.07,49.06,12.82,32.34,2.69,3.15,0.31,20.5,1.77,1.61,27.11,83.29,6.99,73.63,6.45,95.24,8.91,80.17,24.5,87.46,1.38,55.56,16.65,25.95,0.03,0.69,0.15,0.08,0.0,0.0,0.38,3.15,68.29,2.23,48.28,0.0,0.0,0.69,0.46,2.76,75.0,0,,0,,0,0.0,0.0,0.0,,,0.23,,,0.15,0.0,0.0,0.08,0,0.0
Matthias Kingsbury,Team 11,Team 11,CF,31,6000000,2027-12-31,6,230,0,0.09,1,0.14,14.09,47.22,Greece,Greece,right,188,78,yes,2.74,2.74,71.43,3.13,50.0,0.0,0.0,0.0,0.78,1.25,0.78,3,1.17,0,0.0,0.39,0.0,0,0.0,0.03,0,0.0,1,0.39,0.0,0.0,0.39,0.78,50.0,0.0,0.0,0.78,50.0,0.39,0.39,0.0,5.48,42.86,1.96,2.74,0.39,21.52,1.96,1.96,26.61,82.35,7.04,72.22,8.61,90.91,7.83,85.0,25.04,84.38,0.78,50.0,17.3,15.48,0.05,0.78,0.0,0.0,0.0,0.0,0.39,2.74,85.71,1.17,66.67,0.0,0.0,0.39,0.0,1.96,60.0,0,,0,,0,0.0,0.0,0.0,,,0.0,,,0.0,0.0,0.0,0.78,0,0.0
Magnus Huntington,Team 11,Team 11,"LB, LWB",33,6000000,2026-12-31,18,1585,2,1.74,3,2.08,9.31,46.34,Belgium,Belgium,left,181,69,yes,5.28,4.6,45.68,1.59,42.86,0.06,0.08,0.17,3.12,4.33,1.36,3,0.17,0,0.0,1.36,0.11,0,0.0,0.1,0,0.0,9,0.51,22.22,22.222,0.17,2.27,35.0,2.21,33.33,0.06,100.0,0.28,0.57,80.0,2.16,47.37,0.34,1.08,0.06,21.29,1.53,0.45,28.45,81.84,9.77,71.51,4.88,98.84,9.26,82.82,22.94,90.84,3.63,56.25,20.29,39.75,0.12,1.08,0.06,0.0,0.0,0.0,0.06,3.35,66.1,2.04,33.33,0.23,25.0,0.23,0.4,5.39,74.74,0,,0,,0,0.0,0.0,0.0,,,0.34,,,1.93,0.23,0.0,2.67,2,100.0
Malcolm Mercer,Team 11,Team 11,"RB, RWB",27,5000000,2029-12-31,18,1578,0,0.51,1,1.19,12.32,54.63,Ecuador,Ecuador,right,175,67,yes,8.61,6.73,57.63,1.37,41.67,0.23,0.31,0.91,4.51,6.17,0.97,3,0.17,0,0.0,1.65,0.0,0,0.0,0.03,0,0.0,5,0.29,0.0,0.0,0.06,2.62,32.61,0.06,0.0,2.57,33.33,0.4,1.37,58.33,2.91,54.9,0.57,1.31,0.11,23.67,1.48,0.97,31.03,74.08,11.98,63.81,5.48,92.71,7.98,77.14,24.92,82.38,3.54,46.77,19.51,35.55,0.07,0.51,0.0,0.0,0.0,0.0,0.4,3.02,62.26,2.51,40.91,0.06,0.0,0.34,0.86,6.39,65.18,0,,0,,0,0.0,0.0,0.0,,,0.4,,,0.0,0.0,0.0,0.0,0,0.0
Anton Norwood,Team 11,Team 11,GK,29,4500000,2027-06-30,2,202,0,0.0,0,0.0,0.45,100.0,Czech Republic,Czech Republic,right,190,87,yes,0.0,0.0,0.0,0.0,0.0,0.0,0.0,0.0,0.0,0.0,0.0,1,0.45,0,0.0,0.0,0.0,0,0.0,0.0,0,0.0,0,0.0,0.0,0.0,0.0,0.0,0.0,0.0,0.0,0.0,0.0,0.0,0.0,0.0,0.0,0.0,0.0,0.0,0.0,8.02,0.0,0.45,17.82,77.5,10.25,60.87,0.0,0.0,7.13,100.0,8.91,100.0,8.91,55.0,35.11,45.99,0.0,0.0,0.0,0.0,0.0,0.0,0.0,0.45,0.0,0.0,0.0,0.0,0.0,0.0,0.0,6.24,57.14,0,0.0,7,3.12,2,100.0,1.24,0.55,1.24,0.552,0.0,1.34,0.0,,,,0.0,0,0.0
Anton Harrington,Team 11,Team 11,"RAMF, RWF, LW",26,4500000,2028-12-31,13,617,0,0.16,0,0.69,18.96,46.15,Norway,Norway,right,175,63,yes,5.11,5.4,51.35,1.9,53.85,0.15,0.21,0.15,2.19,3.19,1.9,1,0.15,0,0.0,2.19,0.0,0,0.0,0.02,0,0.0,1,0.15,0.0,0.0,0.0,2.48,17.65,1.46,20.0,0.88,16.67,0.29,2.19,66.67,10.5,47.22,1.46,1.46,0.44,22.76,1.17,2.63,31.22,79.91,10.06,62.32,4.81,100.0,11.09,88.16,27.13,87.63,1.6,45.45,17.7,20.33,0.1,0.73,0.0,0.0,0.29,100.0,0.15,3.79,65.38,3.79,46.15,0.29,100.0,1.02,0.44,5.4,75.68,0,,0,,0,0.0,0.0,0.0,,,0.0,,,0.44,0.0,0.0,0.29,0,0.0
Zachary Winterbottom,Team 11,Team 11,"CF, RW, RAMF",31,4000000,2028-12-31,9,471,1,1.04,0,0.03,21.02,34.55,Ireland,Ireland,right,188,85,yes,2.48,2.48,46.15,4.01,19.05,0.38,0.47,0.0,0.96,1.17,1.15,2,0.38,0,0.0,2.68,0.19,1,0.19,0.2,0,0.0,6,1.15,66.67,16.667,0.0,1.53,12.5,0.19,0.0,1.15,16.67,0.0,2.68,64.29,11.46,41.67,2.29,1.72,0.38,7.26,1.34,1.53,12.04,65.08,2.29,75.0,2.48,76.92,3.25,70.59,10.51,72.73,0.38,50.0,21.91,12.65,0.01,0.19,0.0,0.0,0.19,0.0,0.0,1.15,66.67,0.38,0.0,0.19,0.0,0.19,0.0,1.34,57.14,0,,0,,0,0.0,0.0,0.0,,,0.0,,,0.0,0.0,0.0,0.0,0,0.0
Christian Harrington,Team 11,Team 11,"DMF, RCMF, LCMF",35,3500000,2026-12-31,10,523,0,0.09,0,0.25,12.91,46.67,Hungary,Hungary,right,175,68,yes,9.64,7.23,59.52,1.55,22.22,1.38,1.75,0.69,3.96,5.04,2.07,3,0.52,0,0.0,0.34,0.0,0,0.0,0.02,0,0.0,2,0.34,0.0,0.0,0.0,0.17,100.0,0.0,0.0,0.17,100.0,0.0,0.52,33.33,2.07,41.67,0.34,0.86,0.0,32.87,0.52,0.86,43.19,85.26,14.11,76.83,6.2,91.67,15.83,91.3,36.83,89.25,6.2,61.11,20.45,30.56,0.04,0.17,0.0,0.0,0.0,0.0,0.17,4.3,88.0,0.52,66.67,0.17,0.0,0.17,0.17,6.71,64.1,0,,0,,0,0.0,0.0,0.0,,,1.38,,,0.0,0.0,0.0,0.0,0,0.0
Arthur Montague,Team 11,Team 11,"RCB, LCB",27,3500000,2027-12-31,16,1278,1,0.78,0,0.22,10.63,60.93,Ukraine,"Ukraine, Portugal",right,190,80,yes,10.21,5.49,52.56,3.1,68.18,0.85,1.17,0.63,6.48,8.93,1.2,4,0.28,0,0.0,0.14,0.07,1,0.07,0.06,1,0.07,4,0.28,25.0,25.0,0.0,0.21,33.33,0.14,50.0,0.07,0.0,0.0,0.07,0.0,0.49,57.14,0.63,0.56,0.14,28.38,0.49,0.56,42.25,87.17,18.8,76.03,2.11,100.0,17.61,96.8,36.2,93.0,5.85,53.01,21.6,31.81,0.02,0.07,0.0,0.0,0.0,0.0,0.07,5.77,63.41,0.77,18.18,0.42,16.67,0.14,0.07,7.39,76.19,0,,0,,0,0.0,0.0,0.0,,,1.2,,,0.0,0.0,0.0,0.0,0,0.0
Soren Underwood,Team 11,Team 11,"RB, RCB, RWB",23,1500000,2028-06-30,10,688,0,0.49,1,0.26,12.03,55.43,Austria,"Austria, Germany",right,183,77,yes,6.8,5.36,56.1,1.83,57.14,0.13,0.19,0.39,3.66,5.19,0.92,4,0.52,0,0.0,1.7,0.0,0,0.0,0.06,0,0.0,1,0.13,0.0,0.0,0.13,1.18,55.56,0.13,0.0,1.05,62.5,0.0,1.96,53.33,4.19,53.13,0.65,0.78,0.13,21.72,1.31,0.78,29.17,84.3,8.5,67.69,3.92,93.33,11.64,93.26,25.64,88.78,2.35,50.0,17.66,27.76,0.03,0.65,0.13,0.0,0.26,0.0,0.26,2.22,70.59,1.57,58.33,0.39,0.0,0.39,0.65,3.92,56.67,0,,0,,0,0.0,0.0,0.0,,,0.39,,,0.0,0.0,0.0,0.0,0,0.0
Leon Huntington,Team 11,Team 11,"AMF, RCMF, RAMF",36,1200000,2026-12-31,16,826,4,2.89,2,1.94,11.22,42.72,United States,United States,right,175,74,yes,4.03,3.92,50.0,1.42,38.46,0.0,0.0,0.22,2.07,2.79,1.2,2,0.22,0,0.0,1.63,0.44,4,0.44,0.32,1,0.11,14,1.53,42.86,28.571,0.22,0.76,42.86,0.22,50.0,0.54,40.0,0.11,1.63,40.0,4.69,37.21,2.83,0.98,0.44,20.38,1.09,0.65,26.91,85.83,7.3,77.61,5.56,92.16,8.06,95.95,24.52,89.33,1.74,50.0,15.89,25.35,0.21,0.98,0.0,0.0,0.0,0.0,0.65,3.6,69.7,0.87,62.5,0.33,0.0,0.98,0.33,3.49,78.13,0,,0,,0,0.0,0.0,0.0,,,0.0,,,0.11,0.11,100.0,0.33,0,0.0
Graham Harrington,Team 11,Team 11,"RCB, LCB",35,800000,2026-12-31,6,592,0,0.0,0,0.0,9.73,50.0,United States,United States,right,184,77,yes,6.54,5.47,61.11,1.67,27.27,0.15,0.21,0.76,3.04,4.2,1.37,1,0.15,0,0.0,0.0,0.0,0,0.0,0.0,0,0.0,0,0.0,0.0,0.0,0.0,0.0,0.0,0.0,0.0,0.0,0.0,0.0,0.0,0.0,0.91,16.67,0.3,0.0,0.0,33.29,0.61,0.3,46.52,93.79,15.51,86.27,2.74,100.0,22.96,98.01,42.26,96.4,4.26,67.86,19.95,39.47,0.0,0.0,0.0,0.0,0.0,0.0,0.0,3.5,91.3,0.46,100.0,0.46,66.67,0.3,0.0,8.06,73.58,0,,0,,0,0.0,0.0,0.0,,,2.43,,,0.0,0.0,0.0,0.0,0,0.0
Lucas Fenwick,Team 11,Team 11,"LB, LCB, LWB",37,600000,2026-12-31,7,286,0,0.12,0,0.1,10.38,24.24,Finland,Finland,left,178,72,yes,5.35,4.72,13.33,3.78,25.0,0.0,0.0,0.94,4.72,8.65,2.2,0,0.0,0,0.0,2.52,0.0,0,0.0,0.04,0,0.0,3,0.94,66.67,0.0,0.0,2.52,62.5,2.52,62.5,0.0,0.0,0.0,0.63,50.0,0.94,33.33,1.26,0.31,0.0,29.58,0.63,0.31,42.8,82.35,19.51,70.97,6.29,95.0,11.33,94.44,37.45,85.71,2.83,55.56,21.88,24.17,0.03,0.63,0.0,0.0,0.31,0.0,0.31,5.03,81.25,2.2,85.71,0.31,0.0,0.0,1.57,10.07,68.75,0,,0,,0,0.0,0.0,0.0,,,1.57,,,0.94,0.31,0.0,1.89,0,0.0
Zachary Monroe,Team 11,Team 11,LB,24,400000,2027-11-30,3,139,0,0.05,1,0.7,14.24,54.55,Belgium,Belgium,left,182,71,yes,9.06,6.47,80.0,3.24,40.0,0.0,0.0,1.29,3.88,5.29,0.0,0,0.0,0,0.0,3.24,0.0,0,0.0,0.03,0,0.0,1,0.65,0.0,0.0,0.65,6.47,50.0,6.47,50.0,0.0,0.0,0.0,0.65,0.0,3.24,40.0,1.94,3.24,1.29,20.07,1.94,1.29,27.84,67.44,5.83,33.33,4.53,85.71,12.3,78.95,16.83,84.62,4.53,28.57,23.03,20.84,0.45,2.59,0.0,0.65,0.0,0.0,1.94,3.24,40.0,5.83,44.44,0.65,0.0,0.65,3.24,8.42,53.85,0,,0,,0,0.0,0.0,0.0,,,0.0,,,0.0,0.0,0.0,0.65,0,0.0
Owen Talbot,Team 11,Team 11,GK,29,100000,2027-12-31,8,787,0,0.0,0,0.0,0.69,100.0,Austria,"Austria, Italy",right,190,78,yes,0.8,0.0,0.0,0.46,100.0,0.0,0.0,0.0,0.8,1.04,0.0,1,0.11,0,0.0,0.0,0.0,0,0.0,0.0,0,0.0,0,0.0,0.0,0.0,0.0,0.0,0.0,0.0,0.0,0.0,0.0,0.0,0.0,0.0,0.11,100.0,0.0,0.0,0.0,13.38,0.23,0.23,19.1,88.62,8.01,74.29,0.0,0.0,9.61,98.81,14.52,99.21,4.57,55.0,27.28,38.94,0.0,0.0,0.0,0.0,0.0,0.0,0.0,0.69,50.0,0.0,0.0,0.11,0.0,0.0,0.0,2.86,56.0,17,1.94,47,5.37,0,63.83,14.0,1.6,-3.0,-0.343,0.0,1.6,0.46,,,,0.0,0,0.0
Gabriel Vance,Team 11,Team 11,RDMF,19,1400000,,1,16,0,0.0,0,0.0,,,Slovenia,Slovenia,right,183,77,yes,,,,,,,0.0,,,0.0,,0,,0,,,,0,,,0,,0,,,0.0,,,,,,,,,,,,,,,,,,,,,,,,,,,,,,,20.76,26.29,,,,,,,,,,,,,,,,,,0,,0,,0,0.0,0.0,,,,,,,,,,,0,0.0
Henry Somerset,Team 11,Team 11,LB,20,1500000,2026-12-31,1,51,0,0.0,0,0.0,8.82,60.0,Netherlands,"Netherlands, Italy",left,177,74,yes,5.29,3.53,100.0,3.53,50.0,0.0,0.0,0.0,1.76,2.5,0.0,0,0.0,0,0.0,0.0,0.0,0,0.0,0.0,0,0.0,0,0.0,0.0,0.0,0.0,1.76,0.0,1.76,0.0,0.0,0.0,0.0,0.0,0.0,1.76,0.0,0.0,0.0,0.0,22.94,1.76,0.0,30.0,88.24,7.06,75.0,14.12,100.0,5.29,66.67,26.47,93.33,1.76,100.0,14.55,21.31,0.0,0.0,0.0,0.0,0.0,0.0,0.0,0.0,0.0,1.76,0.0,0.0,0.0,0.0,0.0,5.29,66.67,0,,0,,0,0.0,0.0,0.0,,,1.76,,,0.0,0.0,0.0,0.0,0,0.0
Gabriel Underwood,Team 11,Team 11,RCB,21,1200000,2027-12-31,1,50,0,0.0,0,0.0,12.6,71.43,Paraguay,Paraguay,right,188,83,yes,12.6,10.8,66.67,1.8,100.0,1.8,3.0,0.0,3.6,6.0,1.8,1,1.8,0,0.0,0.0,0.0,0,0.0,0.0,0,0.0,0,0.0,0.0,0.0,0.0,0.0,0.0,0.0,0.0,0.0,0.0,0.0,0.0,0.0,0.0,0.0,0.0,0.0,0.0,18.0,0.0,0.0,39.6,63.64,18.0,30.0,3.6,100.0,12.6,85.71,30.6,76.47,9.0,20.0,18.85,26.72,0.0,0.0,0.0,0.0,0.0,0.0,0.0,1.8,0.0,0.0,0.0,0.0,0.0,0.0,0.0,9.0,0.0,0,,0,,0,0.0,0.0,0.0,,,0.0,,,0.0,0.0,0.0,0.0,0,0.0
Jasper Vance,Team 11,Team 11,"LB, LAMF",21,1700000,2029-12-31,4,105,0,0.0,1,0.11,11.14,84.62,Germany,Germany,right,176,71,yes,7.71,6.86,75.0,0.86,100.0,0.0,0.0,0.0,2.57,4.29,1.71,0,0.0,0,0.0,0.86,0.0,0,0.0,0.0,0,0.0,0,0.0,0.0,0.0,0.86,0.86,0.0,0.86,0.0,0.0,0.0,0.0,0.86,100.0,3.43,100.0,1.71,0.86,0.86,18.0,0.86,2.57,24.86,79.31,8.57,60.0,2.57,100.0,9.43,90.91,21.43,88.0,2.57,33.33,24.09,27.81,0.09,0.86,0.0,0.0,0.0,0.0,0.86,4.29,40.0,2.57,66.67,0.0,0.0,2.57,0.0,5.14,66.67,0,,0,,0,0.0,0.0,0.0,,,0.0,,,0.0,0.0,0.0,0.0,0,0.0
Simon Ellwood,Team 11,Team 11,"CF, AMF, LAMF",19,2900000,2029-12-31,11,347,1,2.17,1,0.33,25.42,38.78,Slovenia,Slovenia,right,182,82,yes,4.93,7.0,33.33,7.78,40.0,0.52,0.92,0.0,2.07,3.69,4.41,2,0.52,0,0.0,3.37,0.26,1,0.26,0.56,0,0.0,12,3.11,33.33,8.333,0.26,0.78,33.33,0.52,0.0,0.26,100.0,0.26,2.59,80.0,7.52,44.83,4.67,1.82,0.26,6.74,1.56,1.3,9.34,72.22,1.56,33.33,2.07,87.5,3.37,69.23,8.3,78.13,0.52,0.0,15.2,6.34,0.09,0.78,0.0,0.0,0.0,0.0,0.78,0.52,0.0,0.52,100.0,0.0,0.0,0.78,0.26,0.52,50.0,0,,0,,0,0.0,0.0,0.0,,,0.0,,,0.0,0.0,0.0,0.0,0,0.0
Elias Kessler,Team 11,Team 11,"RDMF, RCMF, DMF",19,2200000,2030-03-31,6,576,1,0.28,0,0.08,14.53,43.01,Ecuador,"Ecuador, Spain",right,180,77,yes,7.81,7.03,42.22,0.78,20.0,0.47,0.65,0.47,4.38,6.09,1.88,3,0.47,0,0.0,1.25,0.16,1,0.16,0.04,0,0.0,10,1.56,30.0,10.0,0.0,0.16,100.0,0.0,0.0,0.16,100.0,0.0,0.94,66.67,4.84,51.61,0.16,0.78,0.16,15.16,0.0,1.41,26.25,83.33,7.03,64.44,3.59,95.65,11.41,91.78,24.22,85.81,1.88,50.0,17.24,27.05,0.01,0.31,0.0,0.0,0.0,0.0,0.31,2.97,73.68,0.94,66.67,0.0,0.0,0.47,0.16,4.06,46.15,0,,0,,0,0.0,0.0,0.0,,,0.47,,,0.0,0.0,0.0,0.0,0,0.0
Florian Callow,Team 11,Team 11,"RCB, LCB",20,1800000,2028-11-30,9,672,1,0.22,0,0.07,10.18,63.16,Wales,"Wales, Germany",right,187,81,yes,7.9,4.02,73.33,2.95,45.45,0.27,0.37,0.8,4.69,6.44,0.27,1,0.13,0,0.0,0.4,0.13,1,0.13,0.03,1,0.13,3,0.4,66.67,33.333,0.0,0.0,0.0,0.0,0.0,0.0,0.0,0.0,0.27,50.0,1.74,61.54,0.4,0.4,0.13,16.07,0.4,0.94,25.85,88.08,8.3,80.65,1.74,92.31,13.53,94.06,23.71,92.09,2.14,43.75,20.36,29.16,0.01,0.13,0.0,0.0,0.0,0.0,0.0,2.54,57.89,0.0,0.0,0.13,0.0,0.0,0.0,2.81,57.14,0,,0,,0,0.0,0.0,0.0,,,1.21,,,0.0,0.0,0.0,0.0,0,0.0
Oscar Sinclair,Team 11,Team 11,"AMF, LAMF, LW",19,3000000,2029-12-31,17,1227,0,1.14,1,0.83,16.94,55.84,Brazil,Brazil,right,170,70,yes,4.25,3.81,57.69,0.95,15.38,0.07,0.11,0.07,1.98,2.89,0.88,3,0.22,0,0.0,3.3,0.0,0,0.0,0.08,0,0.0,16,1.17,37.5,0.0,0.07,0.73,60.0,0.51,57.14,0.22,66.67,0.07,3.59,63.27,11.08,59.6,1.03,1.61,0.07,21.56,1.54,1.69,30.59,80.58,10.78,71.43,7.19,89.8,7.26,85.86,27.07,84.82,2.86,46.15,16.65,29.94,0.06,0.73,0.15,0.0,0.29,50.0,0.07,4.11,69.64,2.64,58.33,0.44,33.33,0.95,0.44,6.38,79.31,0,,0,,0,0.0,0.0,0.0,,,0.07,,,0.44,0.0,0.0,0.29,0,0.0
Matthias Prescott,Team 11,Team 11,"CF, LAMF, RAMF",20,4000000,2029-12-31,5,314,0,0.63,0,0.25,14.9,34.62,Argentina,"Argentina, Germany",right,188,78,yes,4.3,4.59,43.75,2.29,12.5,0.0,0.0,0.0,2.29,3.12,2.01,0,0.0,0,0.0,0.86,0.0,0,0.0,0.18,0,0.0,5,1.43,20.0,0.0,0.0,1.15,25.0,0.86,33.33,0.29,0.0,0.0,0.57,50.0,7.17,36.0,2.58,3.15,0.86,9.46,1.15,1.43,12.9,77.78,2.87,70.0,4.3,86.67,4.01,78.57,11.18,84.62,1.15,50.0,18.01,31.88,0.07,0.29,0.0,0.0,0.29,0.0,0.0,1.15,50.0,0.57,50.0,0.29,0.0,0.57,0.0,0.86,66.67,0,,0,,0,0.0,0.0,0.0,,,0.0,,,0.0,0.0,0.0,0.0,0,0.0
Damian Sterling,Team 11,Team 11,"LAMF, LCMF, RAMF",20,3750000,2029-12-31,11,447,1,1.01,0,0.09,15.7,41.03,Finland,Finland,right,175,65,yes,6.44,5.84,58.62,1.61,37.5,0.81,1.25,0.0,2.21,3.44,1.41,0,0.0,0,0.0,2.21,0.2,1,0.2,0.2,0,0.0,10,2.01,50.0,10.0,0.0,1.21,50.0,1.01,60.0,0.2,0.0,0.2,2.21,27.27,6.85,26.47,2.62,1.61,0.4,18.12,0.81,1.01,22.75,86.73,5.64,89.29,3.83,89.47,9.26,84.78,20.54,92.16,1.01,20.0,15.76,22.22,0.02,0.2,0.0,0.0,0.0,0.0,0.2,2.82,71.43,1.41,42.86,0.0,0.0,0.4,0.81,2.62,76.92,0,,0,,0,0.0,0.0,0.0,,,0.0,,,0.0,0.0,0.0,0.0,0,0.0
Owen Vance,Team 11,Team 11,"RAMF, RW",25,3750000,2029-12-31,12,589,1,0.4,0,1.04,19.1,40.8,Poland,Poland,right,182,67,yes,6.26,5.81,57.89,3.51,39.13,0.61,0.94,0.15,2.29,3.52,1.07,2,0.31,0,0.0,2.75,0.15,1,0.15,0.06,1,0.15,6,0.92,33.33,16.667,0.0,4.13,22.22,0.0,0.0,4.13,22.22,0.46,3.67,41.67,7.64,28.0,2.75,1.68,1.38,10.39,0.92,0.15,16.96,56.76,4.74,41.94,1.99,76.92,6.72,59.09,11.92,67.95,1.38,44.44,18.4,23.09,0.16,0.76,0.0,0.0,0.0,0.0,0.61,1.38,77.78,3.21,33.33,0.15,100.0,0.92,0.92,3.97,61.54,0,,0,,0,0.0,0.0,0.0,,,0.0,,,0.0,0.0,0.0,0.0,0,0.0
Finn Sinclair,Team 11,Team 11,"RCMF, AMF, LCMF",25,6250000,2029-06-30,14,1315,7,1.96,2,1.57,11.02,45.34,England,"England, Germany",left,176,69,yes,5.48,3.56,65.38,1.23,33.33,0.27,0.4,0.41,2.87,4.16,0.62,1,0.07,0,0.0,2.05,0.48,7,0.48,0.13,1,0.07,27,1.85,44.44,25.926,0.14,0.62,11.11,0.07,0.0,0.55,12.5,0.0,2.12,51.61,4.72,33.33,1.71,1.37,0.21,28.13,0.21,0.48,36.89,84.23,11.5,76.79,5.06,93.24,14.58,89.2,33.26,88.27,3.08,53.33,19.27,40.31,0.11,0.96,0.0,0.07,0.14,50.0,0.41,5.0,72.6,1.1,56.25,0.21,33.33,0.89,0.07,5.75,71.43,0,,0,,0,0.0,0.0,0.0,,,0.68,,,0.41,0.14,0.0,0.62,0,0.0
Gabriel Radcliffe,Team 11,Team 11,"LDMF, LCMF, RDMF",24,3000000,2029-12-31,14,1245,1,2.18,0,0.34,14.6,54.95,Paraguay,Paraguay,right,178,70,yes,6.51,4.99,56.52,1.52,47.62,0.14,0.21,0.43,3.54,5.09,1.16,4,0.29,1,0.07,0.65,0.07,1,0.07,0.16,0,0.0,14,1.01,14.29,7.143,0.0,0.51,14.29,0.22,0.0,0.22,33.33,0.14,0.72,60.0,6.14,52.94,1.37,2.39,0.58,24.36,0.29,1.73,33.04,88.62,9.18,74.02,5.35,94.59,13.08,92.82,30.29,93.32,2.24,41.94,18.01,31.36,0.02,0.43,0.07,0.07,0.0,0.0,0.0,4.92,75.0,1.08,40.0,0.29,0.0,0.36,0.07,3.54,77.55,0,,0,,0,0.0,0.0,0.0,,,0.51,,,0.0,0.0,0.0,0.07,0,0.0
Christian Vance,Team 20,Team 20,"LDMF, LCMF",29,6000000,2027-12-31,16,881,0,0.92,0,0.45,8.99,51.14,Ireland,"Ireland, Germany",left,172,74,yes,5.21,4.8,46.81,0.92,55.56,0.2,0.32,0.0,2.76,4.35,1.63,4,0.41,1,0.1,1.02,0.0,0,0.0,0.09,0,0.0,6,0.61,33.33,0.0,0.0,1.02,40.0,0.82,37.5,0.2,50.0,0.1,0.51,80.0,2.15,61.9,0.51,0.92,0.2,42.19,0.1,0.92,55.27,88.91,17.47,78.36,6.03,100.0,23.7,93.1,49.95,92.23,4.39,62.79,19.43,32.44,0.05,0.41,0.0,0.0,0.0,0.0,0.2,9.7,78.95,1.43,57.14,0.51,20.0,0.31,0.31,7.97,75.64,0,,0,,0,0.0,0.0,0.0,,,0.92,,,0.0,0.0,0.0,0.0,0,0.0
Cillian Kessler,Team 20,Team 20,"LAMF, CF, LW",33,5000000,2026-12-31,11,594,0,1.04,0,0.37,10.45,37.68,Ghana,Ghana,right,175,62,yes,4.24,3.79,48.0,1.36,22.22,0.15,0.23,0.61,2.27,3.38,1.67,2,0.3,0,0.0,1.67,0.0,0,0.0,0.16,0,0.0,7,1.06,42.86,0.0,0.0,1.82,33.33,1.52,30.0,0.3,50.0,0.0,1.52,40.0,3.79,28.0,1.21,0.91,0.15,24.85,1.36,0.76,30.3,82.0,8.79,77.59,7.12,91.49,6.06,77.5,27.73,86.89,0.76,20.0,14.86,15.06,0.06,0.61,0.0,0.0,0.0,0.0,0.3,3.33,81.82,2.42,68.75,0.15,0.0,1.21,0.61,5.61,72.97,0,,0,,0,0.0,0.0,0.0,,,0.3,,,0.0,0.0,0.0,0.3,0,0.0
Matthias Northfield,Team 20,Team 20,RB,25,5000000,2028-12-31,17,1639,1,0.35,1,1.87,10.27,58.82,Scotland,Scotland,right,171,65,yes,8.46,4.78,73.56,1.15,61.9,0.55,0.87,0.16,4.39,6.94,0.93,4,0.22,1,0.05,2.31,0.05,1,0.05,0.02,0,0.0,11,0.6,45.45,9.091,0.05,2.91,45.28,0.0,0.0,2.86,46.15,0.11,1.32,54.17,2.86,46.15,0.88,1.48,0.16,32.23,2.36,0.6,41.57,82.83,14.83,74.44,7.47,94.85,13.34,83.95,34.92,88.99,4.06,54.05,19.37,37.43,0.1,0.99,0.05,0.0,0.0,0.0,0.44,5.71,72.12,2.64,60.42,0.05,100.0,0.6,1.32,8.18,79.19,0,,0,,0,0.0,0.0,0.0,,,0.77,,,0.49,0.05,0.0,0.33,0,0.0
Dara Carrington,Team 20,Team 20,"LDMF, LCMF, RDMF",29,3500000,2028-12-31,18,1579,1,1.45,0,0.3,14.88,56.32,Netherlands,Netherlands,right,184,78,yes,9.4,6.38,61.61,3.02,50.94,0.51,0.77,0.4,4.96,7.41,1.6,5,0.28,0,0.0,0.85,0.06,1,0.06,0.08,1,0.06,13,0.74,15.38,7.692,0.0,0.4,28.57,0.06,100.0,0.34,16.67,0.0,1.03,61.11,3.7,56.92,1.31,0.28,0.06,21.09,0.68,1.6,30.55,83.4,11.34,74.87,3.36,91.53,11.57,93.6,28.33,85.92,1.88,57.58,18.02,30.95,0.02,0.17,0.0,0.0,0.0,0.0,0.06,3.13,81.82,0.57,30.0,0.0,0.0,0.17,0.11,4.62,67.9,0,,0,,0,0.0,0.0,0.0,,,0.11,,,0.0,0.0,0.0,0.0,0,0.0
Graham Talbot,Team 20,Team 20,"CF, AMF",29,3000000,2028-12-31,8,225,0,0.08,0,0.0,18.4,36.96,Ireland,Ireland,right,193,86,yes,1.2,1.6,25.0,7.2,55.56,0.0,0.0,0.0,0.8,1.94,2.0,1,0.4,0,0.0,0.0,0.0,0,0.0,0.03,0,0.0,2,0.8,0.0,0.0,0.0,0.0,0.0,0.0,0.0,0.0,0.0,0.0,0.0,0.0,4.4,36.36,1.2,0.0,0.0,4.0,0.8,1.2,6.4,81.25,0.8,100.0,2.0,100.0,1.2,66.67,6.4,81.25,0.0,0.0,6.74,0.0,0.0,0.0,0.0,0.0,0.0,0.0,0.0,1.2,66.67,0.0,0.0,0.0,0.0,0.0,0.0,0.4,100.0,0,,0,,0,0.0,0.0,0.0,,,0.0,,,0.0,0.0,0.0,0.0,0,0.0
Finn Huntington,Team 20,Team 20,RCB,34,2500000,2026-12-31,7,647,0,0.09,0,0.13,10.02,65.28,Slovenia,Slovenia,right,182,78,yes,5.84,2.5,66.67,4.59,75.76,0.28,0.48,0.28,3.89,6.67,0.7,4,0.56,0,0.0,0.28,0.0,0,0.0,0.01,0,0.0,2,0.28,0.0,0.0,0.0,0.42,33.33,0.0,0.0,0.42,33.33,0.0,0.14,100.0,0.7,40.0,0.56,2.23,0.0,42.57,0.97,1.11,56.48,91.38,21.98,84.18,3.34,95.83,24.9,96.09,52.44,95.49,3.62,38.46,20.34,42.45,0.02,0.28,0.0,0.0,0.0,0.0,0.14,6.68,79.17,0.7,40.0,0.14,100.0,0.14,0.14,9.32,82.09,0,,0,,0,0.0,0.0,0.0,,,1.39,,,0.0,0.0,0.0,0.0,0,0.0
Malcolm Hayward,Team 20,Team 20,"LAMF, LW",32,2000000,2026-12-31,8,413,0,0.44,0,0.39,22.23,43.14,Wales,Wales,right,180,75,yes,5.67,5.01,69.57,3.92,33.33,0.0,0.0,0.0,2.18,3.95,1.31,0,0.0,0,0.0,5.01,0.0,0,0.0,0.1,0,0.0,10,2.18,20.0,0.0,0.0,3.27,53.33,3.05,57.14,0.22,0.0,0.44,6.76,41.94,12.42,35.09,1.31,2.4,0.22,18.09,1.53,1.09,25.71,78.81,5.88,66.67,6.54,96.67,8.93,80.49,21.79,83.0,0.65,66.67,18.52,15.2,0.08,1.09,0.22,0.0,0.0,0.0,0.44,2.4,63.64,4.14,73.68,0.0,0.0,1.53,1.74,6.1,92.86,0,,0,,0,0.0,0.0,0.0,,,0.44,,,0.65,0.22,0.0,0.87,0,0.0
Malcolm Fairfax,Team 20,Team 20,LB,27,2000000,2027-12-31,16,1557,2,1.01,1,1.07,15.55,56.51,United States,United States,left,172,72,yes,7.92,5.72,65.66,1.45,60.0,0.35,0.54,0.12,3.82,5.93,1.16,5,0.29,0,0.0,1.79,0.12,2,0.12,0.06,0,0.0,11,0.64,27.27,18.182,0.06,2.49,25.58,2.37,26.83,0.06,0.0,0.35,1.56,62.96,6.65,53.91,1.56,1.85,0.23,29.54,2.6,2.54,39.02,81.33,12.25,73.11,5.95,92.23,12.83,86.49,32.83,87.85,3.93,60.29,20.11,39.33,0.06,0.75,0.0,0.0,0.0,0.0,0.35,3.87,70.15,2.08,33.33,0.29,20.0,0.46,0.46,7.63,71.97,0,,0,,0,0.0,0.0,0.0,,,0.23,,,0.17,0.0,0.0,0.12,0,0.0
Magnus Pemberton,Team 20,Team 20,LDMF,31,2000000,2027-12-31,1,17,0,0.0,0,0.0,,,Belgium,"Belgium, Italy",right,182,74,yes,,,,,,,0.0,,,15.0,,0,,0,,,,0,,,0,,0,,,0.0,,,,,,,,,,,,,,,,,,,,,,,,,,,,,,,24.57,0.0,,,,,,,,,,,,,,,,,,0,,0,,0,0.0,0.0,,,,,,,,,,,0,0.0
Adrian Chamberlain,Team 20,Team 20,RCB,35,2000000,2027-12-31,16,1657,1,1.23,0,0.02,7.88,64.83,Ecuador,Ecuador,right,185,80,yes,5.97,3.04,64.29,3.15,72.41,0.22,0.32,0.33,3.8,5.68,0.87,4,0.22,0,0.0,0.22,0.05,1,0.05,0.07,1,0.05,11,0.6,18.18,9.091,0.0,0.11,50.0,0.0,0.0,0.11,50.0,0.0,0.16,33.33,0.38,57.14,0.6,0.71,0.0,30.14,0.33,0.43,42.15,89.95,14.01,77.91,1.96,88.89,20.75,97.12,38.56,93.8,3.48,48.44,19.62,37.81,0.0,0.11,0.0,0.0,0.05,0.0,0.0,4.35,72.5,0.43,25.0,0.22,0.0,0.05,0.05,6.19,68.42,0,,0,,0,0.0,0.0,0.0,,,1.19,,,0.0,0.0,0.0,0.05,0,0.0
Casper Zimmerman,Team 20,Team 20,"RDMF, RW, LDMF",35,1500000,2026-12-31,17,932,0,0.29,1,0.15,12.75,53.03,France,"France, Portugal",right,180,77,yes,5.21,6.37,50.0,0.97,60.0,0.19,0.3,0.29,1.83,2.85,2.32,2,0.19,0,0.0,1.06,0.0,0,0.0,0.03,0,0.0,4,0.39,0.0,0.0,0.1,1.06,18.18,0.19,0.0,0.77,12.5,0.29,0.97,90.0,3.86,60.0,0.39,1.06,0.0,33.03,0.39,0.58,44.61,90.04,13.33,84.78,7.82,91.36,17.77,93.48,40.08,93.01,3.48,77.78,16.97,29.4,0.01,0.29,0.0,0.1,0.0,0.0,0.1,5.89,86.89,1.26,23.08,0.39,75.0,0.29,0.19,5.41,76.79,0,,0,,0,0.0,0.0,0.0,,,0.58,,,0.19,0.0,0.0,0.1,0,0.0
Magnus Mercer,Team 20,Team 20,"RDMF, LCMF, AMF",28,1200000,2027-12-31,14,641,0,0.1,0,0.19,9.97,52.11,Georgia,Georgia,left,183,76,yes,7.86,4.63,63.64,1.26,55.56,0.28,0.45,0.28,4.63,7.39,1.83,1,0.14,0,0.0,1.26,0.0,0,0.0,0.01,0,0.0,8,1.12,25.0,0.0,0.0,0.84,50.0,0.42,66.67,0.42,33.33,0.14,0.42,66.67,2.95,42.86,0.28,1.54,0.0,38.33,0.0,0.42,50.41,84.68,16.99,72.73,8.42,91.67,16.85,91.67,44.79,88.4,4.77,55.88,18.8,29.73,0.03,0.28,0.0,0.0,0.28,100.0,0.28,9.83,77.14,1.97,57.14,0.0,0.0,0.7,0.42,8.28,81.36,0,,0,,0,0.0,0.0,0.0,,,1.12,,,0.0,0.0,0.0,0.14,0,0.0
Declan Hayward,Team 20,Team 20,LCB,33,1000000,2027-12-31,17,1766,0,1.19,0,0.28,9.17,66.67,Cameroon,Cameroon,right,196,86,yes,6.01,3.72,67.12,3.57,68.57,0.1,0.15,0.87,3.41,5.18,1.02,3,0.15,0,0.0,0.25,0.0,0,0.0,0.06,0,0.0,13,0.66,30.77,0.0,0.0,0.0,0.0,0.0,0.0,0.0,0.0,0.0,0.1,50.0,0.56,54.55,0.97,0.25,0.0,26.96,0.46,0.51,38.22,92.0,12.38,82.72,2.9,94.74,18.81,98.1,35.52,94.4,2.7,60.38,19.83,35.71,0.01,0.1,0.0,0.0,0.0,0.0,0.05,3.36,83.33,0.36,28.57,0.1,0.0,0.2,0.0,5.1,65.0,0,,0,,0,0.0,0.0,0.0,,,2.04,,,0.0,0.0,0.0,0.0,0,0.0
Lucas Ravensdale,Team 20,Team 20,LB,32,1000000,2026-12-31,8,487,1,0.02,0,0.27,11.83,56.25,Colombia,Colombia,left,185,84,yes,8.5,5.73,58.06,1.66,88.89,0.55,0.9,0.55,4.62,7.5,0.74,3,0.55,0,0.0,1.85,0.18,1,0.18,0.0,0,0.0,2,0.37,50.0,50.0,0.0,3.14,29.41,3.14,29.41,0.0,0.0,0.74,1.29,57.14,3.33,38.89,0.18,1.85,0.18,31.23,0.92,0.92,41.21,82.06,15.52,77.38,4.62,92.0,13.68,85.14,34.19,90.81,4.25,52.17,18.58,28.03,0.05,0.37,0.0,0.0,0.0,0.0,0.18,6.84,83.78,2.77,33.33,0.0,0.0,0.18,0.92,10.16,76.36,0,,0,,0,0.0,0.0,0.0,,,0.74,,,0.37,0.18,0.0,0.0,0,0.0
Nikolai Vance,Team 20,Team 20,"RAMF, AMF, RCMF",30,1000000,2028-12-31,4,216,0,0.0,0,0.0,12.92,51.61,Greece,Greece,right,187,81,yes,6.25,6.25,53.33,2.92,57.14,0.42,0.63,0.0,2.5,3.75,2.5,0,0.0,0,0.0,0.0,0.0,0,0.0,0.0,0,0.0,0,0.0,0.0,0.0,0.0,0.0,0.0,0.0,0.0,0.0,0.0,0.0,0.0,0.0,1.25,33.33,0.83,0.0,0.0,17.5,0.42,0.42,22.08,79.25,4.58,63.64,4.58,90.91,7.92,73.68,21.25,82.35,0.83,0.0,13.33,20.22,0.0,0.0,0.0,0.0,0.0,0.0,0.0,2.08,80.0,0.42,0.0,0.0,0.0,0.0,0.0,2.08,40.0,0,,0,,0,0.0,0.0,0.0,,,0.42,,,0.0,0.0,0.0,0.0,0,0.0
Damian Calder,Team 20,Team 20,"LAMF, AMF, LW",33,700000,2026-12-31,11,306,1,0.4,1,1.18,10.59,33.33,Ukraine,Ukraine,both,175,74,yes,2.65,3.82,38.46,0.88,33.33,0.0,0.0,0.0,1.18,2.0,1.76,1,0.29,0,0.0,1.18,0.29,1,0.29,0.12,0,0.0,5,1.47,20.0,20.0,0.29,2.06,28.57,1.76,16.67,0.29,100.0,0.29,1.47,20.0,4.12,35.71,1.47,1.18,0.0,20.59,1.47,0.88,27.06,73.91,6.76,65.22,4.71,87.5,8.53,68.97,22.94,83.33,2.06,14.29,14.66,16.57,0.35,1.76,0.29,0.0,0.0,0.0,1.47,3.53,75.0,2.65,44.44,0.0,0.0,1.18,0.59,4.41,66.67,0,,0,,0,0.0,0.0,0.0,,,0.29,,,0.59,0.29,0.0,1.76,0,0.0
Xavier Aldridge,Team 20,Team 20,"LW, LCMF, AMF",22,1200000,2027-06-30,6,277,0,0.05,0,0.02,14.62,48.89,England,England,right,175,71,yes,5.85,6.5,65.0,0.97,33.33,0.32,0.5,0.0,1.3,2.0,0.32,0,0.0,0,0.0,1.62,0.0,0,0.0,0.02,0,0.0,2,0.65,50.0,0.0,0.0,1.95,0.0,1.95,0.0,0.0,0.0,0.0,3.25,40.0,6.5,40.0,1.3,1.3,0.0,16.57,1.3,0.97,24.04,75.68,8.12,68.0,6.17,94.74,5.2,68.75,20.14,88.71,1.95,16.67,17.27,23.63,0.01,0.32,0.0,0.0,0.0,0.0,0.0,1.3,75.0,2.27,42.86,0.0,0.0,0.97,0.0,5.2,56.25,0,,0,,0,0.0,0.0,0.0,,,0.0,,,0.0,0.0,0.0,0.0,0,0.0
Xavier Barton,Team 20,Team 20,CF,32,2700000,,8,515,1,0.6,0,0.48,14.5,31.33,Senegal,Senegal,right,178,78,yes,0.87,1.05,50.0,1.4,25.0,0.0,0.0,0.0,0.35,0.61,0.87,0,0.0,0,0.0,1.05,0.17,1,0.17,0.1,0,0.0,6,1.05,33.33,16.667,0.0,0.87,20.0,0.17,0.0,0.52,33.33,0.17,1.75,30.0,9.26,35.85,2.97,0.87,0.35,22.54,1.75,1.22,29.88,81.87,6.82,66.67,8.21,87.23,7.69,90.91,27.26,83.97,1.92,81.82,16.24,21.35,0.08,1.05,0.35,0.17,0.0,0.0,0.35,3.5,70.0,1.22,57.14,0.17,0.0,1.75,0.0,3.15,94.44,0,,0,,0,0.0,0.0,0.0,,,1.22,,,1.22,0.52,0.0,1.57,0,0.0
Florian Norwood,Team 20,Team 20,"CF, LW",19,1100000,2030-06-30,5,158,0,0.0,0,0.44,16.52,44.83,South Korea,"South Korea, Italy",right,189,76,yes,7.41,6.84,75.0,1.71,33.33,0.57,1.03,0.0,1.71,3.1,1.71,0,0.0,0,0.0,1.14,0.0,0,0.0,0.0,0,0.0,0,0.0,0.0,0.0,0.0,1.14,50.0,0.0,0.0,1.14,50.0,0.0,1.14,50.0,3.99,28.57,1.14,0.57,0.0,5.7,0.0,0.57,11.39,95.0,0.0,0.0,4.56,100.0,3.42,83.33,10.25,100.0,0.0,0.0,10.43,0.0,0.25,0.57,0.0,0.0,0.0,0.0,0.57,0.0,0.0,1.14,50.0,0.0,0.0,0.57,0.57,0.57,100.0,0,,0,,0,0.0,0.0,0.0,,,0.0,,,0.0,0.0,0.0,0.0,0,0.0
Adrian Vanderveer,Team 20,Team 20,CF,25,2900000,2030-06-30,17,1590,3,4.75,2,0.48,16.08,34.51,Albania,Albania,right,182,78,yes,2.6,2.43,44.19,4.08,30.56,0.0,0.0,0.06,1.53,2.31,1.36,2,0.11,0,0.0,2.04,0.17,3,0.17,0.27,0,0.0,35,1.98,48.57,8.571,0.11,0.45,12.5,0.17,33.33,0.28,0.0,0.17,1.47,65.38,5.72,35.64,3.06,0.85,0.17,10.92,2.09,0.57,12.85,74.01,2.32,58.54,3.68,80.0,3.74,72.73,12.17,76.74,0.23,50.0,14.18,11.12,0.03,0.62,0.0,0.06,0.11,50.0,0.28,1.19,52.38,0.85,40.0,0.06,100.0,0.68,0.0,1.19,76.19,0,,0,,0,0.0,0.0,0.0,,,0.0,,,0.0,0.0,0.0,0.0,0,0.0
Jonas Brecken,Team 20,Team 20,GK,27,2000000,2030-12-31,19,1964,0,0.0,0,0.0,0.23,80.0,Spain,Spain,right,199,87,yes,1.1,0.14,66.67,0.0,0.0,0.05,0.07,0.0,0.96,1.54,0.05,2,0.09,0,0.0,0.05,0.0,0,0.0,0.0,0,0.0,0,0.0,0.0,0.0,0.0,0.0,0.0,0.0,0.0,0.0,0.0,0.0,0.05,100.0,0.09,100.0,0.05,0.0,0.0,12.37,0.27,0.0,17.55,84.07,8.16,70.22,0.0,0.0,8.2,97.21,12.24,96.25,5.22,57.02,29.67,50.69,0.0,0.0,0.0,0.0,0.0,0.0,0.0,1.65,66.67,0.18,0.0,0.05,100.0,0.0,0.0,4.4,62.5,17,0.78,60,2.75,8,71.67,15.23,0.7,-1.77,-0.081,0.0,0.5,0.0,,,,0.0,0,0.0
Quinn Whitmore,Team 20,Team 20,"RAMF, LAMF",18,1100000,2029-12-31,10,249,1,0.19,0,0.0,18.43,60.78,Uruguay,Uruguay,right,174,73,yes,5.06,3.61,70.0,2.17,50.0,0.0,0.0,0.72,2.53,4.77,0.36,0,0.0,0,0.0,6.14,0.36,1,0.36,0.07,0,0.0,4,1.45,25.0,25.0,0.0,3.25,44.44,1.08,0.0,2.17,66.67,0.72,5.42,80.0,11.93,60.61,1.08,1.45,0.0,20.6,1.08,1.81,26.39,82.19,5.06,64.29,9.76,100.0,6.87,68.42,22.77,87.3,0.72,100.0,13.97,3.91,0.0,0.36,0.0,0.0,0.0,0.0,0.36,1.45,75.0,2.89,37.5,0.0,0.0,0.0,1.08,2.17,66.67,0,,0,,0,0.0,0.0,0.0,,,0.36,,,0.0,0.0,0.0,0.36,0,0.0
Malcolm Thorpe,Team 20,Team 20,"RDMF, LW, AMF",20,1600000,2029-12-31,17,1124,3,1.18,2,0.11,16.01,47.0,Morocco,"Morocco, France",right,180,74,yes,5.52,5.36,65.67,2.32,48.28,0.08,0.13,0.0,1.92,3.12,1.36,1,0.08,2,0.16,0.96,0.24,3,0.24,0.09,0,0.0,14,1.12,28.57,21.429,0.16,0.0,0.0,0.0,0.0,0.0,0.0,0.0,1.76,36.36,6.57,32.93,1.04,0.72,0.08,15.21,0.24,1.28,20.18,86.11,5.12,70.31,2.8,94.29,6.89,93.02,19.62,86.94,0.56,57.14,13.85,12.05,0.01,0.32,0.0,0.0,0.08,0.0,0.16,2.16,85.19,0.56,71.43,0.08,0.0,0.4,0.0,2.08,69.23,0,,0,,0,0.0,0.0,0.0,,,0.0,,,0.0,0.0,0.0,0.0,0,0.0
Lars Huntington,Team 20,Team 20,"RAMF, LAMF, RW",21,1300000,2029-12-31,19,1442,2,1.44,1,1.17,16.35,50.76,Netherlands,Netherlands,left,174,70,yes,6.18,6.18,50.51,1.19,42.11,0.44,0.66,0.31,2.62,3.99,1.37,2,0.12,0,0.0,1.19,0.12,2,0.12,0.09,0,0.0,13,0.81,23.08,15.385,0.06,0.31,0.0,0.06,0.0,0.25,0.0,0.0,1.56,60.0,7.12,52.63,0.75,1.31,0.0,27.15,0.94,2.93,34.95,86.61,10.67,74.27,7.74,94.35,9.61,89.61,32.21,89.53,2.43,58.97,16.56,26.21,0.07,0.69,0.06,0.0,0.12,50.0,0.19,5.24,84.52,1.19,36.84,0.5,25.0,0.44,0.0,4.68,77.33,0,,0,,0,0.0,0.0,0.0,,,0.31,,,0.0,0.0,0.0,0.25,0,0.0
Christian Montague,Team 20,Team 20,LCB,22,850000,2030-12-31,2,205,1,0.3,0,0.0,8.34,52.63,Colombia,Colombia,right,192,81,yes,7.46,3.95,44.44,3.51,50.0,0.44,0.77,1.76,5.27,9.23,1.32,1,0.44,0,0.0,0.88,0.44,1,0.44,0.13,1,0.44,2,0.88,50.0,50.0,0.0,0.0,0.0,0.0,0.0,0.0,0.0,0.0,0.44,100.0,0.44,100.0,1.32,0.44,0.0,32.93,0.0,0.44,45.66,95.19,10.98,84.0,3.07,100.0,27.66,98.41,41.71,96.84,3.95,77.78,20.34,33.96,0.0,0.0,0.0,0.0,0.0,0.0,0.0,1.32,66.67,0.0,0.0,0.0,0.0,0.0,0.0,4.83,72.73,0,,0,,0,0.0,0.0,0.0,,,1.32,,,0.0,0.0,0.0,0.0,0,0.0
Owen Kessler,Team 20,Team 20,GK,22,900000,2029-12-31,2,210,0,0.0,0,0.0,0.86,100.0,Ukraine,Ukraine,right,192,95,yes,1.29,0.43,100.0,0.0,0.0,0.0,0.0,0.0,0.86,1.02,0.0,1,0.43,0,0.0,0.0,0.0,0,0.0,0.0,0,0.0,0,0.0,0.0,0.0,0.0,0.0,0.0,0.0,0.0,0.0,0.0,0.0,0.0,0.0,0.43,100.0,0.0,0.0,0.0,8.14,0.43,0.43,14.14,87.88,9.0,80.95,0.0,0.0,4.71,100.0,7.29,94.12,6.86,81.25,35.96,54.43,0.0,0.0,0.0,0.0,0.0,0.0,0.0,2.14,60.0,0.43,0.0,0.0,0.0,0.0,0.0,5.57,92.31,3,1.29,15,6.43,1,80.0,2.92,1.25,-0.08,-0.034,0.0,0.43,0.0,,,,0.0,0,0.0
Sebastian Yardley,Team 20,Team 20,"RAMF, RW, AMF",22,1700000,2028-06-30,9,566,2,0.84,1,0.17,21.94,60.14,Ghana,Ghana,left,168,66,yes,7.16,5.25,75.76,1.59,40.0,0.64,1.01,0.0,2.54,4.03,0.95,2,0.32,0,0.0,5.25,0.32,2,0.32,0.13,1,0.16,10,1.59,60.0,20.0,0.16,1.59,40.0,0.16,100.0,1.43,33.33,0.16,5.72,63.89,14.15,57.3,2.23,3.02,0.16,22.58,0.32,3.34,25.92,81.6,6.36,75.0,7.63,93.75,6.68,85.71,23.53,85.81,0.8,40.0,15.7,15.5,0.03,0.64,0.32,0.0,0.0,0.0,0.32,1.91,50.0,2.23,71.43,0.16,0.0,0.64,0.64,3.18,85.0,0,,0,,0,0.0,0.0,0.0,,,0.0,,,0.0,0.0,0.0,0.0,0,0.0
Dylan Holbrook,Team 20,Team 20,"AMF, CF",28,3000000,2028-12-31,20,1486,2,1.98,5,3.09,12.96,50.93,Norway,"Norway, France",left,174,70,yes,3.39,3.51,53.45,0.42,14.29,0.0,0.0,0.0,1.51,2.37,1.09,4,0.24,0,0.0,2.54,0.12,2,0.12,0.12,0,0.0,30,1.82,46.67,6.667,0.3,1.21,45.0,0.79,38.46,0.42,57.14,0.24,1.64,62.96,7.21,54.62,1.39,0.85,0.06,30.83,1.45,3.21,38.28,80.06,13.2,65.14,6.36,94.29,11.93,88.32,32.77,82.81,4.36,68.06,18.39,33.53,0.19,1.88,0.06,0.06,0.36,33.33,0.73,7.57,72.8,4.0,45.45,0.85,42.86,1.15,0.61,6.54,81.48,0,,0,,0,0.0,0.0,0.0,,,1.27,,,2.0,0.48,62.5,3.51,0,0.0
Ethan Bradford,Team 20,Team 20,RB,24,1500000,2029-12-31,5,384,0,0.0,0,0.01,13.83,52.54,Finland,Finland,right,171,69,yes,7.5,5.86,56.0,2.81,41.67,0.0,0.0,0.23,4.22,6.14,1.17,0,0.0,0,0.0,0.0,0.0,0,0.0,0.0,0,0.0,1,0.23,0.0,0.0,0.0,0.47,0.0,0.0,0.0,0.47,0.0,0.23,0.23,0.0,3.75,56.25,0.23,0.47,0.0,22.5,2.11,1.17,29.3,81.6,10.08,69.77,8.2,94.29,5.63,79.17,25.78,86.36,3.05,53.85,15.14,23.22,0.0,0.23,0.0,0.0,0.0,0.0,0.0,2.58,72.73,0.7,0.0,0.23,0.0,0.0,0.0,4.92,61.9,0,,0,,0,0.0,0.0,0.0,,,0.47,,,0.0,0.0,0.0,0.0,0,0.0
Aaron Dunmore,Team 7,Team 7,"RW, RWF, AMF",32,8000000,2027-12-31,10,386,1,1.01,0,0.37,14.92,43.75,Denmark,Denmark,left,176,74,yes,3.03,3.03,53.85,3.03,61.54,0.0,0.0,0.0,1.4,2.09,0.47,0,0.0,0,0.0,4.43,0.23,1,0.23,0.24,0,0.0,14,3.26,21.43,7.143,0.0,4.2,61.11,0.93,50.0,3.26,64.29,0.7,3.5,33.33,7.93,35.29,2.1,1.63,0.23,30.54,2.8,1.17,40.34,69.36,12.12,46.15,6.76,89.66,14.46,82.26,30.54,75.57,5.6,41.67,20.35,35.88,0.09,0.93,0.0,0.0,0.23,0.0,0.0,5.83,56.0,4.9,61.9,0.47,0.0,0.7,2.56,8.86,65.79,0,,0,,0,0.0,0.0,0.0,,,0.47,,,0.7,0.0,0.0,3.5,0,0.0
Marcus Mercer,Team 7,Team 7,"AMF, CF, RW",23,6000000,2030-12-31,10,427,2,0.95,1,1.04,19.39,34.78,Colombia,Colombia,right,171,67,yes,3.37,2.95,57.14,2.11,30.0,0.0,0.0,0.0,1.69,2.26,0.42,0,0.0,0,0.0,4.64,0.42,2,0.42,0.2,0,0.0,10,2.11,50.0,20.0,0.21,1.48,42.86,0.0,0.0,1.48,42.86,0.21,5.06,58.33,11.59,30.91,2.95,3.79,1.05,18.55,1.48,1.05,21.29,82.18,2.74,61.54,5.9,89.29,6.96,93.94,19.39,84.78,0.42,100.0,15.25,4.35,0.22,1.26,0.21,0.0,0.0,0.0,0.84,1.26,100.0,2.11,80.0,0.0,0.0,1.05,0.63,2.53,83.33,0,,0,,0,0.0,0.0,0.0,,,0.42,,,0.0,0.0,0.0,0.21,0,0.0
Felix Sinclair,Team 7,Team 7,"LW, LAMF, AMF",34,5000000,2027-12-31,13,415,2,1.82,0,0.86,13.88,50.0,Switzerland,Switzerland,right,167,63,yes,3.47,2.17,50.0,0.87,0.0,0.22,0.34,0.22,2.17,3.41,0.65,0,0.0,0,0.0,6.29,0.43,2,0.43,0.4,0,0.0,13,2.82,61.54,15.385,0.0,1.95,33.33,1.95,33.33,0.0,0.0,0.22,4.99,78.26,10.19,57.45,3.69,3.04,0.43,24.29,2.39,1.95,29.71,84.67,5.64,76.92,8.89,95.12,9.98,82.61,26.24,90.08,1.52,57.14,18.02,16.72,0.19,1.52,0.0,0.0,0.0,0.0,0.22,2.39,72.73,2.17,40.0,0.0,0.0,1.52,0.65,4.12,84.21,0,,0,,0,0.0,0.0,0.0,,,0.22,,,0.22,0.0,0.0,0.0,0,0.0
Oscar Ellington,Team 7,Team 7,"LCMF, RCMF, DMF",29,4500000,2028-12-31,12,1049,2,1.76,0,0.44,6.61,50.65,Iceland,Iceland,left,178,72,yes,5.23,3.86,60.0,0.51,50.0,0.09,0.11,0.26,2.83,3.72,0.77,0,0.0,0,0.0,0.26,0.17,0,0.0,0.15,0,0.0,9,0.77,33.33,22.222,0.0,0.26,0.0,0.09,0.0,0.17,0.0,0.0,0.17,0.0,1.8,33.33,0.34,0.0,0.09,26.51,0.09,0.34,36.12,87.89,10.12,72.88,5.06,96.61,15.1,92.61,31.74,94.05,4.12,45.83,18.59,35.42,0.04,0.51,0.0,0.0,0.17,0.0,0.0,6.26,84.93,1.72,25.0,0.09,0.0,0.26,0.0,5.75,76.12,0,,0,,0,0.0,0.0,0.0,,,0.43,,,0.6,0.0,0.0,1.12,2,100.0
Colin Linwood,Team 7,Team 7,"LCMF, RDMF, RCMF",27,4000000,2026-12-31,6,289,1,0.34,0,0.04,10.9,45.71,Nigeria,Nigeria,right,183,73,yes,5.61,4.36,50.0,0.93,33.33,0.0,0.0,0.0,3.43,4.71,0.93,1,0.31,0,0.0,1.56,0.31,1,0.31,0.11,0,0.0,2,0.62,50.0,50.0,0.0,0.93,100.0,0.31,100.0,0.62,100.0,0.0,0.31,100.0,3.43,36.36,0.62,0.0,0.0,34.57,0.93,0.93,44.84,86.81,7.79,80.0,11.52,97.3,16.51,86.79,40.8,89.31,3.11,50.0,16.57,24.35,0.01,0.62,0.31,0.0,0.0,0.0,0.0,4.36,78.57,2.18,71.43,0.31,0.0,0.62,0.93,7.16,69.57,0,,0,,0,0.0,0.0,0.0,,,1.25,,,0.31,0.31,0.0,0.31,0,0.0
Maxim Prescott,Team 7,Team 7,"LCMF, RCMF, RB",27,3500000,2027-12-31,15,1456,0,0.47,1,1.1,9.02,54.11,South Korea,"South Korea, Germany",right,174,73,yes,6.68,5.56,57.78,1.67,62.96,0.0,0.0,0.31,3.46,4.65,1.48,3,0.19,0,0.0,0.68,0.0,0,0.0,0.03,0,0.0,5,0.31,40.0,0.0,0.06,0.56,55.56,0.0,0.0,0.56,55.56,0.0,0.25,100.0,1.11,38.89,0.87,0.06,0.0,21.88,0.68,0.37,29.48,87.63,9.46,79.74,4.76,90.91,10.26,91.57,27.07,91.1,1.85,46.67,16.36,26.24,0.07,0.49,0.0,0.0,0.0,0.0,0.19,3.89,87.3,0.8,46.15,0.12,0.0,0.31,0.31,4.64,74.67,0,,0,,0,0.0,0.0,0.0,,,0.99,,,0.0,0.0,0.0,0.0,0,0.0
Graham Bradford,Team 7,Team 7,"CF, AMF",24,3500000,2029-12-31,15,706,1,2.86,1,0.47,15.3,35.83,Serbia,Serbia,right,185,82,yes,2.68,3.06,45.83,2.68,28.57,0.0,0.0,0.25,1.27,2.01,1.02,1,0.13,0,0.0,1.66,0.13,1,0.13,0.37,0,0.0,16,2.04,56.25,6.25,0.13,0.13,0.0,0.0,0.0,0.13,0.0,0.0,1.15,22.22,8.29,33.85,3.44,0.51,0.25,24.6,2.17,1.02,34.29,88.48,8.16,84.38,9.43,98.65,9.56,84.0,32.89,89.92,1.27,60.0,13.63,18.43,0.06,1.53,0.0,0.0,0.25,100.0,0.76,4.08,84.38,1.27,80.0,0.25,100.0,1.27,0.0,3.06,70.83,0,,0,,0,0.0,0.0,0.0,,,0.51,,,0.0,0.0,0.0,0.13,0,0.0
Nikolai Bradford,Team 7,Team 7,"LW, RWB, AMF",26,3000000,2028-12-31,18,1405,2,3.37,1,2.23,18.77,42.32,Mexico,"Mexico, Italy",right,178,64,yes,5.7,3.91,50.82,1.09,23.53,0.19,0.27,0.13,3.52,4.94,1.02,1,0.06,0,0.0,3.84,0.13,2,0.13,0.22,0,0.0,41,2.63,29.27,4.878,0.06,2.56,30.0,1.28,25.0,1.28,35.0,0.19,4.36,50.0,11.53,41.11,3.65,4.04,0.32,23.83,3.84,1.86,31.58,74.04,7.43,62.93,7.17,94.64,10.31,73.91,26.78,80.14,2.69,47.62,18.01,33.89,0.14,0.96,0.0,0.0,0.26,50.0,0.96,2.43,60.53,2.75,53.49,0.38,33.33,1.47,0.9,5.06,78.48,0,,0,,0,0.0,0.0,0.0,,,0.26,,,0.13,0.13,50.0,0.64,0,0.0
Felix Lowell,Team 7,Team 7,"LCB, RCB, CB",29,3000000,2029-12-31,9,711,0,0.17,0,0.1,11.01,49.43,Cameroon,Cameroon,right,187,83,yes,7.59,4.18,51.52,3.67,55.17,0.51,0.66,0.38,4.94,6.43,1.27,3,0.38,1,0.13,0.0,0.0,0,0.0,0.02,0,0.0,4,0.51,0.0,0.0,0.0,0.25,0.0,0.0,0.0,0.25,0.0,0.0,0.25,0.0,1.65,38.46,0.38,1.27,0.13,25.95,0.0,0.76,38.99,91.88,11.9,81.91,4.56,100.0,19.62,96.13,35.44,95.36,3.42,59.26,26.9,40.53,0.01,0.13,0.0,0.0,0.0,0.0,0.0,5.44,83.72,0.25,0.0,0.13,0.0,0.0,0.13,5.06,77.5,0,,0,,0,0.0,0.0,0.0,,,3.42,,,0.25,0.0,0.0,0.0,0,0.0
Emil Kingsbury,Team 7,Team 7,"RCB, CB",27,2500000,2030-06-30,17,1680,2,0.84,0,0.16,11.41,61.97,Japan,Japan,right,187,78,yes,8.84,4.71,67.05,3.54,57.58,0.32,0.43,1.13,5.36,7.16,0.86,6,0.32,0,0.0,0.48,0.11,2,0.11,0.05,2,0.11,6,0.32,50.0,33.333,0.0,0.05,0.0,0.0,0.0,0.05,0.0,0.0,0.43,75.0,1.66,61.29,0.54,0.8,0.0,26.2,0.38,0.75,37.34,89.38,13.55,78.66,4.93,96.74,15.43,96.53,33.48,93.92,3.8,50.7,20.36,39.56,0.01,0.05,0.0,0.0,0.0,0.0,0.05,4.55,72.94,0.59,36.36,0.32,33.33,0.21,0.05,5.68,68.87,0,,0,,0,0.0,0.0,0.0,,,4.13,,,0.0,0.0,0.0,0.0,0,0.0
Roman Montague,Team 7,Team 7,"AMF, RW",33,2500000,2027-12-31,17,977,1,1.28,3,1.53,13.45,44.52,Norway,Norway,right,164,60,yes,5.25,5.07,49.09,0.92,10.0,0.0,0.0,0.18,2.76,3.44,1.01,0,0.0,0,0.0,2.49,0.09,1,0.09,0.12,1,0.09,9,0.83,22.22,11.111,0.28,1.66,38.89,1.11,33.33,0.55,50.0,0.55,2.21,75.0,6.63,48.61,1.2,2.03,0.18,21.28,1.29,1.29,29.66,83.54,6.91,74.67,7.55,95.12,8.66,80.85,25.98,86.88,2.12,78.26,16.52,27.84,0.14,1.66,0.09,0.09,0.0,0.0,0.64,3.32,75.0,2.12,65.22,0.0,0.0,0.83,0.55,3.87,76.19,0,,0,,0,0.0,0.0,0.0,,,0.46,,,0.83,0.09,0.0,2.03,0,0.0
Zachary Halston,Team 7,Team 7,"RB, RCB, RWB",24,2000000,2028-12-31,13,1150,0,0.27,1,0.22,15.81,54.95,Colombia,Colombia,right,172,67,yes,8.61,7.12,59.34,1.96,64.0,0.47,0.58,0.47,3.91,4.82,1.17,0,0.0,1,0.08,1.57,0.0,0,0.0,0.02,0,0.0,7,0.55,14.29,0.0,0.08,1.96,20.0,0.0,0.0,1.88,20.83,0.31,1.72,63.64,5.17,51.52,1.33,1.25,0.23,28.25,2.43,1.8,34.28,81.96,13.7,78.29,6.89,92.05,9.31,84.03,29.5,90.45,2.97,36.84,18.54,32.93,0.02,0.39,0.0,0.08,0.0,0.0,0.23,3.83,69.39,1.57,35.0,0.08,0.0,0.39,0.31,6.18,63.29,0,,0,,0,0.0,0.0,0.0,,,1.1,,,0.0,0.0,0.0,0.0,0,0.0
Felix Pendleton,Team 7,Team 7,GK,36,1800000,2027-12-31,20,2006,0,0.0,1,0.52,0.58,84.62,Iceland,"Iceland, Portugal",right,192,86,yes,1.08,0.0,0.0,0.36,87.5,0.0,0.0,0.0,1.08,1.41,0.0,0,0.0,0,0.0,0.0,0.0,0,0.0,0.0,0,0.0,0,0.0,0.0,0.0,0.04,0.0,0.0,0.0,0.0,0.0,0.0,0.0,0.0,0.0,0.09,100.0,0.0,0.0,0.0,15.21,0.22,0.27,27.86,76.65,18.71,67.87,0.0,0.0,8.48,95.77,12.07,98.14,15.7,60.57,36.98,48.34,0.02,0.04,0.0,0.0,0.0,0.0,0.04,3.63,37.04,0.45,10.0,0.31,28.57,0.04,0.0,10.59,69.92,25,1.12,93,4.17,4,73.12,20.8,0.93,-4.2,-0.188,0.0,1.48,0.36,,,,0.0,0,0.0
Caleb Drayton,Team 7,Team 7,LCB,35,1500000,2028-12-31,7,523,1,0.48,0,0.0,8.26,70.83,Paraguay,"Paraguay, Spain",left,187,80,yes,7.74,3.79,68.18,3.44,75.0,0.17,0.2,1.03,4.99,5.84,0.34,1,0.17,0,0.0,0.17,0.17,1,0.17,0.08,1,0.17,2,0.34,50.0,50.0,0.0,0.0,0.0,0.0,0.0,0.0,0.0,0.0,0.0,0.0,0.0,0.0,0.69,0.0,0.0,22.54,0.34,0.86,30.8,92.18,10.67,82.26,1.72,100.0,14.63,100.0,29.08,94.67,1.72,50.0,18.21,21.85,0.0,0.0,0.0,0.0,0.0,0.0,0.0,2.07,75.0,0.0,0.0,0.0,0.0,0.0,0.0,4.47,80.77,0,,0,,0,0.0,0.0,0.0,,,1.55,,,0.0,0.0,0.0,0.0,0,0.0
Bastien Westlake,Team 7,Team 7,"RCMF, RDMF",19,2500000,2030-12-31,10,301,1,0.74,0,0.17,18.54,51.61,Serbia,Serbia,right,183,71,yes,7.48,8.07,59.26,2.69,44.44,0.0,0.0,0.3,2.69,3.86,1.5,0,0.0,0,0.0,2.39,0.3,1,0.3,0.22,0,0.0,7,2.09,28.57,14.286,0.0,0.3,100.0,0.0,0.0,0.3,100.0,0.0,1.79,66.67,6.88,47.83,0.9,1.2,0.3,27.51,0.6,1.79,37.08,83.87,8.37,57.14,4.49,100.0,17.04,92.98,34.68,85.34,2.09,57.14,19.96,24.41,0.05,0.9,0.0,0.0,0.3,100.0,0.3,5.08,58.82,0.6,50.0,0.0,0.0,0.3,0.3,2.99,60.0,0,,0,,0,0.0,0.0,0.0,,,0.9,,,0.0,0.0,0.0,0.0,0,0.0
Dominic Beaumont,Team 7,Team 7,CF,18,2800000,2027-12-31,5,70,0,0.09,0,0.0,19.29,46.67,Romania,Romania,right,187,80,yes,5.14,3.86,100.0,3.86,33.33,0.0,0.0,0.0,1.29,1.67,0.0,0,0.0,0,0.0,1.29,0.0,0,0.0,0.12,0,0.0,1,1.29,100.0,0.0,0.0,0.0,0.0,0.0,0.0,0.0,0.0,0.0,1.29,0.0,6.43,20.0,0.0,1.29,0.0,6.43,2.57,1.29,10.29,75.0,1.29,0.0,3.86,100.0,2.57,50.0,10.29,75.0,0.0,0.0,10.0,0.0,0.0,0.0,0.0,0.0,0.0,0.0,0.0,1.29,0.0,1.29,0.0,0.0,0.0,0.0,0.0,0.0,0.0,0,,0,,0,0.0,0.0,0.0,,,0.0,,,0.0,0.0,0.0,0.0,0,0.0
Julian Drayton,Team 7,Team 7,"LB, LW",18,1200000,2030-12-31,4,148,0,0.0,0,0.0,10.34,70.59,Scotland,Scotland,left,175,76,yes,4.26,4.86,87.5,2.43,50.0,0.0,0.0,0.0,0.0,0.0,1.22,0,0.0,0,0.0,1.82,0.0,0,0.0,0.0,0,0.0,0,0.0,0.0,0.0,0.0,3.04,40.0,2.43,25.0,0.0,0.0,0.61,0.61,100.0,3.04,60.0,0.0,1.22,0.0,31.01,0.61,0.0,40.14,83.33,13.38,63.64,6.69,100.0,13.38,90.91,33.45,94.55,3.65,16.67,20.83,32.11,0.0,0.0,0.0,0.0,0.0,0.0,0.0,6.08,90.0,3.04,40.0,0.0,0.0,0.0,1.22,8.51,64.29,0,,0,,0,0.0,0.0,0.0,,,0.0,,,0.0,0.0,0.0,0.0,0,0.0
Leo Monroe,Team 7,Team 7,"RCMF, LCMF, DMF",20,1600000,2029-06-30,12,865,0,0.31,0,0.01,8.53,47.56,Portugal,Portugal,right,178,77,yes,7.28,4.58,54.55,1.14,63.64,0.83,1.03,0.83,3.95,4.91,1.25,2,0.21,0,0.0,0.31,0.0,0,0.0,0.03,0,0.0,4,0.42,50.0,0.0,0.0,0.1,0.0,0.0,0.0,0.1,0.0,0.0,0.21,50.0,1.77,35.29,0.31,0.1,0.1,26.95,0.0,0.31,37.35,86.07,12.59,76.86,3.33,93.75,13.84,93.98,34.02,90.52,3.23,41.94,17.9,36.12,0.0,0.1,0.0,0.0,0.0,0.0,0.0,5.2,74.0,0.31,33.33,0.0,0.0,0.0,0.0,5.83,64.29,0,,0,,0,0.0,0.0,0.0,,,0.42,,,0.0,0.0,0.0,0.0,0,0.0
Damian Whitmore,Team 7,Team 7,"RCB, CB",20,2800000,2029-12-31,6,489,1,0.75,0,0.0,15.83,53.49,Serbia,"Serbia, Spain",right,183,76,yes,8.47,9.2,50.0,3.68,65.0,0.18,0.22,0.0,3.68,4.44,2.21,3,0.55,0,0.0,0.55,0.18,1,0.18,0.14,1,0.18,3,0.55,33.33,33.333,0.0,0.18,0.0,0.0,0.0,0.18,0.0,0.0,0.55,66.67,1.1,66.67,0.55,0.0,0.0,15.64,0.0,0.37,24.48,70.68,14.36,57.69,3.13,100.0,5.34,89.66,19.51,78.3,4.79,42.31,19.98,35.07,0.0,0.0,0.0,0.0,0.0,0.0,0.0,2.76,60.0,0.37,50.0,0.0,0.0,0.37,0.0,4.6,48.0,0,,0,,0,0.0,0.0,0.0,,,2.39,,,0.0,0.0,0.0,0.0,0,0.0
Milo Mercer,Team 7,Team 7,"LCMF, RCMF",22,1600000,2029-12-31,5,118,0,0.2,0,0.19,25.17,51.52,Sweden,Sweden,left,178,67,yes,6.86,10.68,50.0,1.53,0.0,0.0,0.0,0.0,1.53,2.61,1.53,1,0.76,0,0.0,3.05,0.0,0,0.0,0.16,0,0.0,2,1.53,0.0,0.0,0.0,0.76,100.0,0.76,100.0,0.0,0.0,0.0,3.81,60.0,11.44,66.67,1.53,0.76,0.0,26.69,0.76,3.05,28.22,94.59,6.1,100.0,3.81,100.0,13.73,94.44,25.17,93.94,2.29,100.0,14.13,12.9,0.15,1.53,0.0,0.0,0.0,0.0,0.76,5.34,100.0,1.53,50.0,0.0,0.0,0.76,0.76,2.29,66.67,0,,0,,0,0.0,0.0,0.0,,,0.0,,,0.0,0.0,0.0,0.0,0,0.0
Sebastian Vance,Team 7,Team 7,"RW, LCMF, AMF",22,2000000,2030-12-31,17,1454,4,2.52,1,1.34,14.36,45.69,Scotland,Scotland,left,184,81,yes,3.4,2.72,56.82,2.29,40.54,0.06,0.08,0.12,1.8,2.36,0.19,0,0.0,0,0.0,2.29,0.25,4,0.25,0.16,0,0.0,16,0.99,62.5,25.0,0.06,1.3,38.1,0.5,25.0,0.8,46.15,0.31,2.54,43.9,8.11,45.8,1.42,2.04,0.25,23.77,1.05,0.99,31.51,81.34,9.78,68.35,6.19,95.0,11.2,83.98,27.48,85.14,2.91,63.83,18.65,36.15,0.08,0.8,0.06,0.0,0.12,50.0,0.5,5.63,73.63,2.17,48.57,0.31,60.0,0.68,0.43,4.33,80.0,0,,0,,0,0.0,0.0,0.0,,,0.43,,,0.12,0.06,0.0,0.19,0,0.0
Soren Garrison,Team 7,Team 7,CF,29,3000000,2029-12-31,16,956,2,2.88,1,0.53,13.65,37.93,Norway,Norway,right,186,76,yes,1.13,1.41,46.67,5.84,27.42,0.0,0.0,0.09,0.47,0.61,0.94,1,0.09,0,0.0,1.13,0.19,2,0.19,0.27,1,0.09,20,1.88,40.0,10.0,0.09,0.0,0.0,0.0,0.0,0.0,0.0,0.0,0.75,50.0,4.42,44.68,2.54,0.66,0.19,10.36,1.04,0.75,14.5,88.96,3.77,85.0,3.86,95.12,3.77,87.5,14.4,88.89,0.09,100.0,12.63,2.34,0.05,0.56,0.09,0.0,0.0,0.0,0.19,0.94,90.0,0.85,88.89,0.0,0.0,0.66,0.0,1.41,73.33,0,,0,,0,0.0,0.0,0.0,,,0.09,,,0.0,0.0,0.0,0.0,0,0.0
Maxim Chamberlain,Team 7,Team 7,"RWB, RB, RCB",28,2800000,2029-12-31,8,509,0,0.53,0,0.0,17.15,60.82,Ecuador,Ecuador,right,173,74,yes,9.19,7.78,56.82,3.36,52.63,0.18,0.23,0.53,4.6,5.86,1.77,2,0.35,0,0.0,2.12,0.0,0,0.0,0.09,0,0.0,3,0.53,0.0,0.0,0.0,2.48,7.14,0.0,0.0,2.48,7.14,0.18,2.3,84.62,4.77,70.37,1.41,1.41,0.18,18.39,2.48,1.94,27.76,66.24,11.85,58.21,3.54,95.0,6.54,70.27,21.57,78.69,3.89,31.82,19.95,29.48,0.0,0.0,0.0,0.0,0.0,0.0,0.18,3.71,42.86,2.65,20.0,0.18,0.0,0.18,0.0,4.6,46.15,0,,0,,0,0.0,0.0,0.0,,,1.41,,,0.0,0.0,0.0,0.0,0,0.0
Jonas Mercer,Team 7,Team 7,"LB, LWB",28,3500000,2030-12-31,19,1876,0,1.3,2,1.66,14.58,52.63,Mexico,Mexico,left,173,68,yes,6.86,5.95,52.42,2.11,34.09,0.29,0.38,0.24,3.45,4.59,1.54,3,0.14,1,0.05,2.21,0.0,0,0.0,0.06,0,0.0,25,1.2,28.0,0.0,0.1,2.93,24.59,2.88,25.0,0.0,0.0,0.38,1.49,77.42,5.18,60.19,1.68,2.06,0.24,30.42,2.11,2.11,37.76,84.5,10.6,77.38,8.59,96.09,11.8,83.33,31.57,92.86,3.31,57.97,19.38,38.58,0.08,0.72,0.0,0.0,0.0,0.0,0.38,3.6,77.33,2.54,30.19,0.38,37.5,0.38,0.91,5.85,70.49,0,,0,,0,0.0,0.0,0.0,,,1.58,,,0.19,0.0,0.0,0.14,0,0.0
Noah Fenwick,Team 21,Team 21,"AMF, LDMF, RW",31,2000000,2026-12-31,3,68,0,0.0,0,0.0,15.88,50.0,Greece,Greece,right,178,70,yes,9.26,6.62,80.0,3.97,33.33,1.32,1.67,0.0,2.65,3.33,0.0,0,0.0,0,0.0,1.32,0.0,0,0.0,0.0,0,0.0,0,0.0,0.0,0.0,0.0,0.0,0.0,0.0,0.0,0.0,0.0,0.0,1.32,100.0,5.29,25.0,0.0,1.32,0.0,7.94,0.0,0.0,15.88,75.0,3.97,33.33,3.97,100.0,6.62,80.0,13.24,80.0,2.65,50.0,20.13,19.69,0.0,0.0,0.0,0.0,0.0,0.0,0.0,2.65,50.0,0.0,0.0,0.0,0.0,0.0,0.0,1.32,100.0,0,,0,,0,0.0,0.0,0.0,,,0.0,,,0.0,0.0,0.0,0.0,0,0.0
Arthur Ellwood,Team 21,Team 21,"LB, LWB",28,2000000,2027-12-31,14,706,0,0.39,0,0.25,10.58,57.83,Brazil,Brazil,left,176,77,yes,6.12,3.82,63.33,3.19,48.0,0.0,0.0,0.25,3.7,4.39,0.38,0,0.0,0,0.0,1.4,0.0,0,0.0,0.05,0,0.0,6,0.76,33.33,0.0,0.0,1.66,30.77,1.53,25.0,0.0,0.0,0.13,1.02,62.5,2.8,54.55,1.02,0.25,0.0,26.39,1.91,0.76,32.76,85.6,9.94,78.21,5.61,97.73,9.18,87.5,28.17,90.5,3.19,68.0,16.71,29.07,0.03,0.38,0.0,0.13,0.0,0.0,0.13,3.31,73.08,1.15,55.56,0.13,0.0,0.51,0.51,4.97,79.49,0,,0,,0,0.0,0.0,0.0,,,0.76,,,0.51,0.0,0.0,0.51,0,0.0
Nils Lowell,Team 21,Team 21,"LAMF, LW",30,1800000,2029-12-31,18,1325,8,3.38,2,2.41,12.02,46.89,Albania,Albania,right,178,72,yes,2.38,2.58,39.47,1.02,40.0,0.0,0.0,0.14,1.36,1.62,0.54,3,0.2,0,0.0,3.87,0.54,8,0.54,0.23,0,0.0,21,1.43,61.9,38.095,0.14,2.11,32.26,1.63,33.33,0.48,28.57,0.14,3.53,65.38,7.54,51.35,2.51,2.92,0.68,17.32,2.11,1.7,22.96,80.77,4.28,71.43,7.54,93.69,6.11,82.22,19.83,86.99,1.02,60.0,17.23,17.96,0.16,0.75,0.14,0.0,0.0,0.0,0.68,1.22,61.11,1.83,62.96,0.0,0.0,0.88,0.75,3.12,63.04,0,,0,,0,0.0,0.0,0.0,,,0.34,,,0.07,0.0,0.0,0.27,0,0.0
Sean Kessler,Team 21,Team 21,"LW, RAMF",21,1500000,2029-12-31,19,1036,5,2.46,1,0.41,10.6,45.9,Germany,Germany,left,174,68,yes,4.43,4.78,60.0,1.39,25.0,0.52,0.64,0.0,1.04,1.29,1.04,3,0.26,0,0.0,1.74,0.43,5,0.43,0.21,0,0.0,14,1.22,50.0,35.714,0.09,1.39,31.25,0.96,36.36,0.43,20.0,0.09,0.96,72.73,2.95,44.12,1.3,0.61,0.26,17.46,2.26,0.61,22.15,74.51,5.21,51.67,7.12,92.68,4.69,77.78,19.2,79.64,1.56,50.0,16.7,30.88,0.04,0.35,0.0,0.0,0.09,0.0,0.26,2.08,45.83,1.74,55.0,0.17,0.0,0.61,0.43,3.04,57.14,0,,0,,0,0.0,0.0,0.0,,,0.09,,,0.0,0.0,0.0,0.09,0,0.0
Ethan Waverley,Team 21,Team 21,CF,31,1500000,2026-12-31,20,1699,4,4.67,1,0.34,15.26,34.03,Morocco,"Morocco, Portugal",right,175,72,yes,3.07,2.17,58.54,3.5,28.79,0.05,0.06,0.05,1.75,2.03,1.06,1,0.05,1,0.05,2.01,0.21,4,0.21,0.25,1,0.05,34,1.8,41.18,11.765,0.05,0.37,42.86,0.16,66.67,0.16,33.33,0.0,2.65,42.0,6.67,34.13,2.44,0.85,0.11,8.9,1.91,1.27,11.34,69.63,2.97,64.29,2.54,79.17,3.18,71.67,10.59,71.0,0.37,57.14,15.62,8.62,0.02,0.26,0.16,0.0,0.0,0.0,0.16,1.27,83.33,0.26,20.0,0.0,0.0,0.16,0.11,1.8,67.65,0,,0,,0,0.0,0.0,0.0,,,0.0,,,0.0,0.0,0.0,0.05,0,0.0
Isaac Ashford,Team 21,Team 21,RB,32,1200000,2026-12-31,14,1243,0,0.27,2,0.76,12.02,58.43,Romania,"Romania, France",right,179,78,yes,8.69,5.0,62.32,4.27,52.54,0.43,0.5,0.8,5.14,5.97,0.22,0,0.0,0,0.0,1.16,0.0,0,0.0,0.02,0,0.0,5,0.36,20.0,0.0,0.14,1.81,44.0,0.07,100.0,1.74,41.67,0.14,0.43,66.67,1.74,66.67,1.01,1.16,0.0,20.64,1.38,0.58,30.63,73.05,13.18,67.58,4.27,93.22,8.33,70.43,25.12,79.83,3.84,41.51,20.17,39.98,0.05,0.8,0.14,0.0,0.07,0.0,0.29,3.26,66.67,1.52,47.62,0.22,33.33,0.07,0.8,7.67,59.43,0,,0,,0,0.0,0.0,0.0,,,0.36,,,0.0,0.0,0.0,0.0,0,0.0
Matthias Thorpe,Team 21,Team 21,"LCMF, CF",23,1000000,2028-12-31,4,75,0,0.23,0,0.0,6.0,80.0,Switzerland,"Switzerland, Italy",right,178,70,yes,7.2,2.4,100.0,1.2,0.0,1.2,1.3,0.0,3.6,3.91,0.0,0,0.0,0,0.0,0.0,0.0,0,0.0,0.28,0,0.0,2,2.4,0.0,0.0,0.0,1.2,0.0,1.2,0.0,0.0,0.0,1.2,0.0,0.0,2.4,100.0,3.6,1.2,0.0,18.0,0.0,1.2,20.4,88.24,3.6,66.67,4.8,75.0,10.8,88.89,19.2,93.75,0.0,0.0,18.67,0.0,0.0,0.0,0.0,0.0,0.0,0.0,0.0,0.0,0.0,0.0,0.0,0.0,0.0,0.0,0.0,1.2,100.0,0,,0,,0,0.0,0.0,0.0,,,0.0,,,1.2,0.0,0.0,0.0,0,0.0
Simon Sinclair,Team 21,Team 21,CF,30,1000000,2027-06-30,1,33,0,0.0,0,0.0,,,Morocco,Morocco,right,191,86,yes,,,,,,,0.0,,,0.0,,0,,0,,,,0,,,0,,0,,,0.0,,,,,,,,,,,,,,,,,,,,,,,,,,,,,,,11.17,0.0,,,,,,,,,,,,,,,,,,0,,0,,0,0.0,0.0,,,,,,,,,,,0,0.0
Marcus Blackwood,Team 21,Team 21,"RDMF, LDMF",27,900000,2029-06-30,2,38,0,0.08,0,0.1,,,Czech Republic,Czech Republic,right,172,70,yes,,,,,,,0.0,,,0.0,,0,,0,,,,0,,,0,,1,,,0.0,,,,,,,,,,,,,,,,,,,,,,,,,,,,,,,19.77,7.91,,,,,,,,,,,,,,,,,,0,,0,,0,0.0,0.0,,,,,,,,,,,0,0.0
Anton Thorne,Team 21,Team 21,"LAMF, LW",36,800000,2026-12-31,6,156,0,0.57,0,0.0,17.31,46.67,Georgia,Georgia,right,178,66,yes,2.31,4.04,28.57,3.46,50.0,0.0,0.0,0.0,1.15,2.31,1.15,0,0.0,0,0.0,2.88,0.0,0,0.0,0.33,0,0.0,2,1.15,50.0,0.0,0.0,2.31,25.0,2.31,25.0,0.0,0.0,0.0,4.04,42.86,8.08,42.86,2.31,2.88,0.58,8.08,1.15,2.31,14.42,56.0,3.46,50.0,3.46,83.33,5.19,66.67,12.12,61.9,0.0,0.0,12.86,0.0,0.0,0.0,0.0,0.0,0.0,0.0,0.0,1.15,50.0,2.88,40.0,0.0,0.0,0.58,0.58,3.46,66.67,0,,0,,0,0.0,0.0,0.0,,,0.0,,,0.0,0.0,0.0,0.0,0,0.0
Caleb Monroe,Team 21,Team 21,GK,26,600000,2028-12-31,16,1623,0,0.0,0,0.0,0.94,82.35,Hungary,Hungary,right,192,88,yes,1.0,0.17,100.0,0.61,81.82,0.06,0.07,0.0,0.78,0.93,0.0,1,0.06,0,0.0,0.0,0.0,0,0.0,0.0,0,0.0,0,0.0,0.0,0.0,0.0,0.0,0.0,0.0,0.0,0.0,0.0,0.0,0.0,0.0,0.06,100.0,0.0,0.0,0.0,12.2,0.33,0.22,19.52,72.16,11.59,57.42,0.06,0.0,7.26,94.66,10.87,96.43,8.65,41.67,36.65,54.64,0.0,0.0,0.0,0.0,0.0,0.0,0.0,3.99,40.28,0.55,0.0,0.28,20.0,0.0,0.0,5.55,60.0,21,1.16,79,4.38,6,73.42,18.08,1.0,-2.92,-0.162,0.0,1.66,0.61,,,,0.0,0,0.0
Alexander Davenport,Team 21,Team 21,"AMF, CF",35,600000,2026-12-31,20,1706,1,1.81,9,4.09,11.08,43.33,Albania,Albania,left,174,75,yes,3.32,3.64,44.93,0.69,7.69,0.58,0.73,0.05,1.11,1.38,1.06,2,0.11,1,0.05,1.69,0.05,0,0.0,0.1,0,0.0,18,0.95,33.33,5.556,0.47,2.16,36.59,1.27,33.33,0.9,41.18,0.58,1.06,50.0,5.01,47.37,0.58,0.69,0.0,37.19,1.06,1.58,47.74,82.54,17.62,76.05,8.39,94.97,13.87,81.75,39.83,89.01,5.75,55.05,19.29,39.55,0.22,1.9,0.05,0.0,0.16,33.33,0.69,10.18,71.5,3.9,45.95,0.53,40.0,1.0,0.95,10.08,81.15,0,,0,,0,0.0,0.0,0.0,,,1.74,,,1.69,0.16,100.0,2.74,1,100.0
Alastair Clairmont,Team 21,Team 21,"RDMF, RCMF",28,500000,2028-12-31,12,517,0,0.04,0,0.17,17.58,50.5,Serbia,"Serbia, Portugal",right,184,73,yes,12.53,8.18,48.94,2.44,64.29,2.09,2.55,0.35,6.44,7.87,2.44,3,0.52,0,0.0,0.35,0.0,0,0.0,0.01,0,0.0,2,0.35,0.0,0.0,0.0,0.17,0.0,0.0,0.0,0.17,0.0,0.0,1.22,28.57,4.87,46.43,0.17,0.17,0.17,13.06,0.0,1.22,21.93,76.98,7.66,56.82,2.79,100.0,6.62,84.21,20.02,78.26,1.74,70.0,16.84,17.19,0.03,0.17,0.0,0.0,0.52,0.0,0.17,2.44,42.86,0.52,33.33,0.7,25.0,0.17,0.0,3.31,36.84,0,,0,,0,0.0,0.0,0.0,,,0.35,,,0.0,0.0,0.0,0.0,0,0.0
Nils Linwood,Team 21,Team 21,"LCMF, LDMF, RCMF",25,500000,2027-12-31,20,928,0,0.57,0,0.31,15.23,55.41,United States,United States,right,179,71,yes,9.5,7.56,66.67,1.16,58.33,0.19,0.23,0.19,4.27,5.0,0.87,3,0.29,0,0.0,0.58,0.0,0,0.0,0.06,0,0.0,8,0.78,12.5,0.0,0.0,0.48,0.0,0.19,0.0,0.29,0.0,0.0,0.78,62.5,4.36,40.0,0.87,1.65,0.29,14.16,0.19,0.97,24.25,86.0,7.18,77.03,5.24,98.15,6.21,87.5,23.18,89.54,0.58,16.67,12.09,7.33,0.03,0.39,0.0,0.1,0.0,0.0,0.1,2.13,81.82,0.97,40.0,0.1,0.0,0.39,0.0,2.13,68.18,0,,0,,0,0.0,0.0,0.0,,,0.68,,,0.0,0.0,0.0,0.0,0,0.0
Theo Holbrook,Team 21,Team 21,"RCB, LCB",22,400000,2027-12-31,18,1347,1,0.44,0,0.24,8.89,55.64,Ireland,Ireland,right,187,81,yes,8.55,4.28,50.0,2.94,61.36,0.13,0.17,1.07,6.28,8.01,1.14,1,0.07,1,0.07,0.2,0.07,1,0.07,0.03,0,0.0,4,0.27,50.0,25.0,0.0,0.0,0.0,0.0,0.0,0.0,0.0,0.0,0.07,100.0,0.73,45.45,0.6,0.33,0.07,19.78,0.2,0.33,29.6,88.94,10.36,77.42,3.74,96.43,12.09,95.58,26.12,94.63,3.47,46.15,21.5,39.74,0.02,0.2,0.0,0.0,0.0,0.0,0.2,1.87,50.0,0.2,0.0,0.13,0.0,0.2,0.0,4.01,65.0,0,,0,,0,0.0,0.0,0.0,,,2.87,,,0.0,0.0,0.0,0.0,0,0.0
Nils Faulkner,Team 21,Team 21,"LB, LCB",33,400000,2026-12-31,19,1645,1,1.3,0,0.19,7.6,57.55,Serbia,"Serbia, Germany",left,186,78,yes,5.64,3.83,58.57,2.13,61.54,0.05,0.06,0.16,3.34,3.92,0.44,1,0.05,1,0.05,0.33,0.05,1,0.05,0.07,1,0.05,8,0.44,12.5,12.5,0.0,0.71,38.46,0.71,38.46,0.0,0.0,0.0,0.11,0.0,1.15,52.38,0.71,0.49,0.05,25.71,1.26,0.55,33.7,83.28,14.55,69.17,6.18,95.58,8.26,92.05,28.12,91.83,4.92,40.0,19.22,30.33,0.01,0.38,0.0,0.05,0.0,0.0,0.16,3.01,65.45,0.82,40.0,0.16,0.0,0.16,0.27,6.07,64.86,0,,0,,0,0.0,0.0,0.0,,,1.15,,,0.0,0.0,0.0,0.0,0,0.0
Rowan Arden,Team 21,Team 21,LCB,38,250000,2026-12-31,2,135,1,0.07,0,0.0,8.67,69.23,Chile,Chile,right,188,84,yes,2.67,1.33,100.0,6.0,55.56,0.0,0.0,0.0,1.33,1.67,0.0,0,0.0,0,0.0,1.33,0.67,1,0.67,0.05,1,0.67,1,0.67,100.0,100.0,0.0,0.0,0.0,0.0,0.0,0.0,0.0,0.0,0.67,100.0,0.67,100.0,0.67,0.0,0.0,9.33,0.0,1.33,15.33,78.26,6.67,60.0,0.0,0.0,5.33,100.0,12.0,88.89,3.33,40.0,24.74,27.23,0.0,0.0,0.0,0.0,0.0,0.0,0.0,2.0,33.33,1.33,50.0,0.0,0.0,0.67,0.0,2.67,25.0,0,,0,,0,0.0,0.0,0.0,,,0.0,,,0.0,0.0,0.0,0.0,0,0.0
Tobias Callow,Team 21,Team 21,"RCB, LCB, CB",37,250000,2026-12-31,13,1135,0,0.09,0,0.0,6.9,59.77,Spain,Spain,right,191,80,yes,6.74,2.7,61.76,2.38,63.33,0.24,0.27,0.95,4.84,5.53,0.48,0,0.0,1,0.08,0.0,0.0,0,0.0,0.01,0,0.0,1,0.08,0.0,0.0,0.0,0.0,0.0,0.0,0.0,0.0,0.0,0.0,0.08,0.0,0.32,50.0,0.32,0.0,0.0,13.24,0.16,0.32,21.73,86.13,8.96,72.57,2.14,96.3,9.52,95.83,17.6,89.64,4.12,71.15,23.16,35.25,0.0,0.08,0.0,0.0,0.0,0.0,0.0,1.59,70.0,0.16,50.0,0.0,0.0,0.08,0.0,4.2,60.38,0,,0,,0,0.0,0.0,0.0,,,1.74,,,0.0,0.0,0.0,0.0,0,0.0
Simon Stratford,Team 21,Team 21,"RDMF, LDMF, RCB",36,250000,2026-12-31,14,754,0,0.55,0,0.0,12.41,57.69,Nigeria,Nigeria,right,181,78,yes,8.36,7.4,53.23,2.27,68.42,0.12,0.14,0.24,4.3,5.22,1.79,5,0.6,0,0.0,0.24,0.0,0,0.0,0.07,0,0.0,4,0.48,50.0,0.0,0.0,0.12,0.0,0.0,0.0,0.12,0.0,0.0,0.0,0.0,1.55,69.23,0.48,0.0,0.12,14.8,0.36,1.31,23.28,86.15,7.52,77.78,4.42,97.3,7.16,88.33,20.65,89.02,2.51,66.67,16.26,20.78,0.0,0.0,0.0,0.0,0.0,0.0,0.0,3.1,69.23,0.48,25.0,0.36,66.67,0.24,0.0,3.1,61.54,0,,0,,0,0.0,0.0,0.0,,,1.43,,,0.0,0.0,0.0,0.0,0,0.0
Gabriel Monroe,Team 21,Team 21,"LCB, RCB",29,100000,2028-12-31,18,1557,1,0.78,0,0.26,12.2,57.82,Poland,Poland,right,192,83,yes,10.35,5.09,61.36,4.57,58.23,0.35,0.42,1.21,6.88,8.28,0.69,2,0.12,1,0.06,0.23,0.06,1,0.06,0.05,1,0.06,9,0.52,11.11,11.111,0.0,0.0,0.0,0.0,0.0,0.0,0.0,0.0,0.17,66.67,1.21,47.62,0.81,0.69,0.12,18.5,0.4,0.98,28.32,83.88,12.54,71.89,2.2,100.0,10.52,94.51,25.03,88.68,3.29,47.37,21.18,32.79,0.02,0.23,0.0,0.0,0.06,100.0,0.06,2.49,60.47,0.17,66.67,0.06,100.0,0.17,0.0,4.8,60.24,0,,0,,0,0.0,0.0,0.0,,,1.79,,,0.0,0.0,0.0,0.0,0,0.0
Felix Stratford,Team 21,Team 21,LAMF,18,1600000,,1,2,0,0.0,0,0.0,,,Portugal,"Portugal, France",right,178,68,yes,,,,,,,0.0,,,0.0,,0,,0,,,,0,,,0,,0,,,0.0,,,,,,,,,,,,,,,,,,,,,,,,,,,,,,,8.51,0.0,,,,,,,,,,,,,,,,,,0,,0,,0,0.0,0.0,,,,,,,,,,,0,0.0
Marcus Monroe,Team 21,Team 21,"RB, RWB",19,700000,,3,132,0,0.0,0,0.0,15.0,40.91,Scotland,Scotland,right,175,67,yes,12.95,8.86,53.85,2.05,0.0,0.0,0.0,0.68,8.18,9.0,2.05,1,0.68,0,0.0,1.36,0.0,0,0.0,0.0,0,0.0,1,0.68,0.0,0.0,0.0,1.36,0.0,0.0,0.0,1.36,0.0,0.0,1.36,100.0,2.73,50.0,0.0,0.68,0.0,25.23,0.68,0.68,34.09,70.0,17.73,69.23,4.77,85.71,6.82,40.0,26.59,84.62,6.14,22.22,17.69,33.45,0.0,0.0,0.0,0.0,0.0,0.0,0.0,4.09,66.67,2.73,0.0,1.36,50.0,0.0,0.0,7.5,54.55,0,,0,,0,0.0,0.0,0.0,,,0.68,,,0.0,0.0,0.0,0.0,0,0.0
Casper Sinclair,Team 21,Team 21,"CF, RDMF, RAMF",26,800000,2027-12-31,7,147,0,0.35,0,0.12,11.63,31.58,Iceland,Iceland,left,180,75,yes,3.06,3.67,33.33,1.22,100.0,0.0,0.0,0.0,1.84,3.1,1.22,1,0.61,0,0.0,1.84,0.0,0,0.0,0.21,0,0.0,2,1.22,50.0,0.0,0.0,1.22,50.0,0.61,0.0,0.61,100.0,0.0,3.06,20.0,5.51,22.22,0.61,0.61,0.0,15.92,0.61,0.0,20.82,82.35,3.06,80.0,3.06,80.0,9.18,86.67,19.59,84.38,0.0,0.0,21.65,0.0,0.07,0.61,0.0,0.0,0.0,0.0,0.61,1.22,100.0,1.22,100.0,0.0,0.0,0.61,0.61,1.84,66.67,0,,0,,0,0.0,0.0,0.0,,,0.0,,,0.0,0.0,0.0,0.0,0,0.0
Zachary Linwood,Team 21,Team 21,CF,22,800000,2027-12-31,7,222,0,0.54,0,0.03,18.65,41.3,Uruguay,"Uruguay, Spain",right,180,71,yes,1.62,2.43,33.33,9.32,34.78,0.0,0.0,0.0,0.81,1.07,1.62,0,0.0,1,0.41,1.22,0.0,0,0.0,0.22,0,0.0,6,2.43,16.67,0.0,0.0,0.0,0.0,0.0,0.0,0.0,0.0,0.0,1.22,66.67,6.08,60.0,2.43,0.0,0.0,9.32,2.03,1.62,14.59,66.67,4.86,50.0,3.65,88.89,4.05,70.0,12.97,68.75,1.62,50.0,17.8,12.43,0.01,0.41,0.0,0.0,0.0,0.0,0.41,2.43,50.0,0.81,0.0,0.41,0.0,0.41,0.0,1.22,100.0,0,,0,,0,0.0,0.0,0.0,,,0.0,,,0.0,0.0,0.0,0.0,0,0.0
Alastair Kitteridge,Team 21,Team 21,"LDMF, LCMF, RCMF",30,700000,2028-12-31,17,1442,0,0.91,0,0.12,13.48,54.63,Morocco,Morocco,left,172,72,yes,8.99,7.68,54.47,1.12,55.56,0.31,0.36,0.31,4.49,5.23,1.5,3,0.19,0,0.0,0.44,0.0,0,0.0,0.06,0,0.0,15,0.94,26.67,0.0,0.0,0.19,0.0,0.12,0.0,0.0,0.0,0.0,0.31,60.0,2.75,52.27,0.75,0.44,0.06,16.29,0.37,1.19,24.65,86.33,8.11,74.62,4.81,96.1,7.36,91.53,22.84,90.16,1.62,42.31,15.9,26.3,0.01,0.31,0.12,0.0,0.0,0.0,0.06,2.68,79.07,0.5,12.5,0.12,0.0,0.06,0.0,2.68,67.44,0,,0,,0,0.0,0.0,0.0,,,0.25,,,0.0,0.0,0.0,0.0,0,0.0
Henry Chamberlain,Team 21,Team 21,RDMF,19,1500000,2029-04-10,2,71,0,0.05,0,0.0,7.61,50.0,Chile,Chile,right,178,75,yes,2.54,3.8,33.33,0.0,0.0,0.0,0.0,0.0,1.27,2.5,1.27,0,0.0,0,0.0,0.0,0.0,0,0.0,0.06,0,0.0,1,1.27,0.0,0.0,0.0,0.0,0.0,0.0,0.0,0.0,0.0,0.0,0.0,0.0,3.8,66.67,0.0,1.27,0.0,27.89,0.0,2.54,38.03,93.33,7.61,66.67,6.34,100.0,12.68,100.0,38.03,93.33,0.0,0.0,10.81,0.0,0.0,0.0,0.0,0.0,0.0,0.0,0.0,1.27,100.0,0.0,0.0,0.0,0.0,0.0,0.0,0.0,0.0,0,,0,,0,0.0,0.0,0.0,,,0.0,,,0.0,0.0,0.0,0.0,0,0.0
Kasper Norwood,Team 21,Team 21,RB,20,800000,2027-12-31,12,782,0,0.23,0,0.51,9.21,57.5,Scotland,"Scotland, France",right,181,73,yes,7.48,4.49,69.23,1.5,61.54,0.12,0.15,0.12,4.26,5.5,0.35,0,0.0,0,0.0,1.04,0.0,0,0.0,0.03,0,0.0,4,0.46,25.0,0.0,0.0,2.19,26.32,0.23,50.0,1.96,23.53,0.23,0.69,50.0,2.42,33.33,0.81,0.46,0.12,19.22,0.81,0.46,25.66,74.44,10.24,70.79,4.49,89.74,6.1,69.81,21.52,82.35,2.07,38.89,18.29,25.97,0.06,0.58,0.12,0.12,0.0,0.0,0.23,2.07,72.22,1.84,25.0,0.0,0.0,0.12,0.58,4.95,51.16,0,,0,,0,0.0,0.0,0.0,,,0.35,,,0.46,0.0,0.0,0.35,0,0.0
Nils Kren,Team 21,Team 21,GK,22,650000,2027-12-31,5,508,0,0.0,0,0.0,0.35,50.0,Ireland,Ireland,right,190,84,yes,0.89,0.0,0.0,0.18,0.0,0.0,0.0,0.0,0.89,1.08,0.18,1,0.18,0,0.0,0.0,0.0,0,0.0,0.0,0,0.0,0,0.0,0.0,0.0,0.0,0.0,0.0,0.0,0.0,0.0,0.0,0.0,0.0,0.0,0.18,100.0,0.0,0.0,0.0,14.0,0.35,0.18,23.21,85.5,11.87,74.63,0.0,0.0,10.45,96.61,13.11,97.3,10.1,70.18,35.7,51.96,0.0,0.0,0.0,0.0,0.0,0.0,0.0,3.01,64.71,0.18,100.0,0.18,100.0,0.0,0.0,6.91,84.62,7,1.24,32,5.67,0,78.13,10.37,1.84,3.37,0.597,0.0,1.77,0.18,,,,0.0,0,0.0
Simon Carrington,Team 21,Team 21,CF,21,900000,2027-12-31,2,45,1,0.09,0,0.0,24.0,33.33,Japan,"Japan, Italy",right,187,79,yes,6.0,8.0,75.0,2.0,0.0,0.0,0.0,0.0,0.0,0.0,2.0,1,2.0,0,0.0,2.0,2.0,1,2.0,0.18,0,0.0,1,2.0,100.0,100.0,0.0,0.0,0.0,0.0,0.0,0.0,0.0,0.0,0.0,0.0,12.0,16.67,4.0,4.0,0.0,4.0,0.0,0.0,12.0,83.33,2.0,100.0,4.0,100.0,6.0,66.67,12.0,83.33,0.0,0.0,22.39,0.0,0.0,0.0,0.0,0.0,0.0,0.0,0.0,2.0,100.0,2.0,0.0,0.0,0.0,2.0,0.0,2.0,100.0,0,,0,,0,0.0,0.0,0.0,,,0.0,,,0.0,0.0,0.0,0.0,0,0.0
Oscar Harrington,Team 21,Team 21,"RAMF, RW",21,850000,2027-12-31,18,1579,1,2.59,3,2.24,22.57,47.22,South Korea,South Korea,left,165,60,yes,7.01,6.33,57.66,2.68,31.91,0.17,0.2,0.11,3.19,3.78,1.03,3,0.17,0,0.0,3.42,0.06,1,0.06,0.15,1,0.06,34,1.94,26.47,2.941,0.17,1.54,33.33,0.17,66.67,1.37,29.17,0.06,3.7,63.08,11.57,48.77,2.56,2.74,0.23,20.23,1.65,2.74,26.56,78.76,6.44,69.03,6.33,90.09,8.38,79.59,22.69,83.42,2.45,62.79,17.6,32.15,0.13,0.8,0.06,0.11,0.06,100.0,0.46,2.68,80.85,1.65,55.17,0.34,50.0,0.8,0.4,3.59,61.9,0,,0,,0,0.0,0.0,0.0,,,0.51,,,0.23,0.06,0.0,0.34,0,0.0
Elias Valen,Team 57,Team 57,LCB,25,7000000,2026-12-31,14,1224,0,0.7,2,0.51,9.71,62.12,Finland,Finland,left,184,76,yes,7.06,3.16,65.12,3.6,73.47,0.15,0.22,0.44,4.85,7.36,0.66,1,0.07,1,0.07,0.59,0.0,0,0.0,0.05,0,0.0,9,0.66,33.33,0.0,0.15,0.59,50.0,0.59,50.0,0.0,0.0,0.0,0.29,25.0,1.25,35.29,1.1,0.37,0.15,25.0,0.81,0.59,32.5,88.69,11.69,81.13,2.35,100.0,14.93,94.58,29.19,92.44,2.72,56.76,21.59,48.75,0.04,0.22,0.0,0.0,0.0,0.0,0.22,2.72,72.97,0.74,30.0,0.22,33.33,0.07,0.29,4.63,63.49,0,,0,,0,0.0,0.0,0.0,,,1.54,,,0.07,0.0,0.0,0.0,0,0.0
Henry Barton,Team 57,Team 57,"LCMF, RCMF",31,6000000,2028-12-31,2,36,0,0.01,0,0.0,,,Morocco,Morocco,right,188,75,yes,,,,,,,0.0,,,8.57,,0,,0,,,,0,,,0,,1,,,0.0,,,,,,,,,,,,,,,,,,,,,,,,,,,,,,,19.54,34.06,,,,,,,,,,,,,,,,,,0,,0,,0,0.0,0.0,,,,,,,,,,,0,0.0
Dominic Stansfield,Team 57,Team 57,RCB,27,3000000,2027-06-30,2,102,0,0.1,0,0.0,7.06,75.0,Sweden,"Sweden, Italy",right,184,80,yes,3.53,2.65,33.33,2.65,100.0,0.0,0.0,0.0,2.65,3.91,0.88,0,0.0,0,0.0,0.0,0.0,0,0.0,0.09,0,0.0,1,0.88,0.0,0.0,0.0,0.0,0.0,0.0,0.0,0.0,0.0,0.0,0.0,0.0,0.0,0.0,0.88,0.0,0.0,17.65,0.0,0.0,27.35,80.65,11.47,61.54,0.88,100.0,15.0,94.12,23.82,88.89,3.53,25.0,22.1,45.59,0.0,0.0,0.0,0.0,0.0,0.0,0.0,6.18,57.14,0.88,0.0,0.88,0.0,0.0,0.0,4.41,40.0,0,,0,,0,0.0,0.0,0.0,,,0.88,,,0.0,0.0,0.0,0.0,0,0.0
Noah Sinclair,Team 57,Team 57,"RB, RWB",26,3000000,2027-06-30,2,112,0,0.0,0,0.0,10.45,38.46,Germany,"Germany, France",right,175,68,yes,5.63,2.41,33.33,0.8,100.0,0.0,0.0,0.0,4.82,7.5,1.61,1,0.8,0,0.0,0.8,0.0,0,0.0,0.0,0,0.0,0,0.0,0.0,0.0,0.0,1.61,0.0,0.8,0.0,0.8,0.0,0.0,0.8,100.0,6.43,37.5,0.8,0.0,0.0,19.29,0.0,1.61,28.93,69.44,12.05,60.0,5.63,85.71,4.82,83.33,26.52,75.76,0.8,0.0,14.36,15.26,0.0,0.0,0.0,0.0,0.0,0.0,0.0,0.8,0.0,0.8,0.0,0.0,0.0,0.0,0.0,3.21,25.0,0,,0,,0,0.0,0.0,0.0,,,0.0,,,0.0,0.0,0.0,0.0,0,0.0
Rowan Sterling,Team 57,Team 57,LB,25,2500000,2027-12-31,18,1764,2,0.65,1,1.44,13.78,52.22,Portugal,Portugal,left,179,70,yes,7.19,6.02,56.78,2.24,54.55,0.15,0.21,0.15,3.62,4.98,1.28,3,0.15,0,0.0,2.35,0.1,2,0.1,0.03,0,0.0,8,0.41,50.0,25.0,0.05,2.96,34.48,2.96,34.48,0.0,0.0,0.2,1.79,62.86,4.23,50.6,0.61,1.38,0.2,24.13,2.35,0.71,32.14,75.87,9.54,62.03,6.33,95.16,10.15,80.9,26.84,83.65,2.55,40.0,20.07,42.76,0.07,0.92,0.05,0.0,0.0,0.0,0.46,3.88,59.21,2.81,41.82,0.26,40.0,0.41,0.97,6.48,75.59,0,,0,,0,0.0,0.0,0.0,,,0.51,,,0.41,0.0,0.0,0.46,0,0.0
Isaac Kensington,Team 57,Team 57,"RCB, LCB",27,2000000,2028-12-31,16,1548,1,0.43,0,0.0,8.31,56.64,Slovakia,Slovakia,right,187,77,yes,6.63,3.26,60.71,3.37,56.9,0.12,0.16,0.87,4.53,6.38,0.58,4,0.23,1,0.06,0.12,0.06,1,0.06,0.03,0,0.0,5,0.29,40.0,20.0,0.0,0.0,0.0,0.0,0.0,0.0,0.0,0.0,0.06,0.0,0.87,26.67,0.41,0.29,0.06,22.79,0.12,0.23,31.69,87.52,10.47,70.0,2.15,97.3,16.4,97.52,28.78,91.11,2.91,52.0,20.54,38.07,0.0,0.0,0.0,0.0,0.0,0.0,0.0,2.62,64.44,0.17,0.0,0.0,0.0,0.06,0.0,4.59,54.43,0,,0,,0,0.0,0.0,0.0,,,1.74,,,0.0,0.0,0.0,0.0,0,0.0
Maxim Oakley,Team 57,Team 57,"LW, LAMF",30,1800000,2027-06-30,8,399,0,0.16,0,0.46,11.73,34.62,Turkey,"Turkey, Italy",left,178,67,yes,4.51,2.93,46.15,2.93,15.38,0.0,0.0,0.23,3.16,4.12,1.13,1,0.23,0,0.0,0.9,0.0,0,0.0,0.04,0,0.0,1,0.23,100.0,0.0,0.0,1.35,33.33,0.9,25.0,0.45,50.0,0.0,0.9,25.0,4.74,47.62,1.35,1.13,0.0,17.37,1.58,1.8,23.46,80.77,6.77,66.67,4.29,94.74,5.64,84.0,21.43,85.26,0.68,33.33,18.97,14.73,0.1,1.58,0.0,0.0,0.0,0.0,0.23,3.83,76.47,0.9,75.0,0.0,0.0,0.45,0.45,4.96,72.73,0,,0,,0,0.0,0.0,0.0,,,0.0,,,2.26,0.0,0.0,3.61,0,0.0
Matthias Barrington,Team 57,Team 57,"LWF, CF",28,1500000,2029-12-31,19,1301,2,2.56,1,0.76,14.87,50.23,Argentina,Argentina,left,165,59,yes,3.25,2.84,56.1,1.73,36.0,0.07,0.1,0.0,1.59,2.29,0.48,3,0.21,0,0.0,2.97,0.14,1,0.07,0.18,0,0.0,27,1.87,48.15,7.407,0.07,1.52,31.82,1.18,29.41,0.35,40.0,0.14,2.35,67.65,8.51,54.47,1.59,1.45,0.21,18.54,1.04,2.14,24.9,83.61,6.36,73.91,5.6,96.3,6.99,83.17,21.72,88.22,1.66,70.83,15.79,18.84,0.05,0.62,0.07,0.0,0.0,0.0,0.21,2.7,69.23,2.01,51.72,0.35,60.0,0.48,0.55,2.97,76.74,0,,0,,0,0.0,0.0,0.0,,,0.14,,,0.97,0.07,100.0,1.38,1,100.0
Ruben Sinclair,Team 57,Team 57,"RW, RWF, RAMF",28,1200000,2028-12-31,19,1543,2,1.78,3,3.03,13.82,48.1,Ireland,"Ireland, Germany",left,173,65,yes,3.09,3.73,50.0,0.64,27.27,0.06,0.08,0.0,1.17,1.67,0.41,1,0.06,0,0.0,2.92,0.12,1,0.06,0.1,0,0.0,23,1.34,34.78,8.696,0.17,1.98,38.24,0.06,100.0,1.92,36.36,0.12,3.21,50.91,8.81,49.67,1.28,1.4,0.35,23.74,1.28,2.27,31.26,73.88,9.62,62.42,6.42,92.73,10.73,74.46,23.97,79.08,5.31,63.74,21.38,38.65,0.18,1.22,0.12,0.06,0.17,33.33,0.52,5.66,60.82,3.32,52.63,0.7,41.67,0.87,0.82,7.82,71.64,0,,0,,0,0.0,0.0,0.0,,,0.0,,,0.52,0.17,0.0,1.11,1,100.0
Ruben Vance,Team 57,Team 57,"LCMF, DMF",32,1200000,2027-12-31,17,1479,0,0.55,0,0.7,13.39,47.73,Scotland,Scotland,right,177,66,yes,7.67,6.21,56.86,0.97,25.0,0.24,0.34,0.24,3.89,5.47,1.76,7,0.43,0,0.0,0.67,0.0,0,0.0,0.03,0,0.0,8,0.49,12.5,0.0,0.0,0.37,66.67,0.3,60.0,0.06,100.0,0.0,0.61,60.0,4.26,40.0,0.61,0.97,0.06,24.89,0.43,1.64,35.84,88.62,11.26,76.22,5.9,96.91,12.29,92.08,32.56,91.78,2.98,57.14,17.34,26.6,0.04,0.43,0.06,0.0,0.06,0.0,0.24,4.87,77.5,0.73,41.67,0.24,25.0,0.49,0.12,4.75,75.64,0,,0,,0,0.0,0.0,0.0,,,0.43,,,0.12,0.06,0.0,0.0,0,0.0
Dorian Pendleton,Team 57,Team 57,RB,23,1000000,2028-12-31,13,1206,0,0.15,1,0.19,12.54,51.79,Slovenia,Slovenia,right,182,79,yes,9.03,6.12,59.76,2.31,38.71,0.75,0.98,0.22,4.63,6.06,1.04,3,0.22,0,0.0,0.9,0.0,0,0.0,0.01,0,0.0,2,0.15,0.0,0.0,0.07,0.75,40.0,0.0,0.0,0.75,40.0,0.0,1.04,50.0,2.61,45.71,0.45,1.27,0.22,21.42,1.27,0.67,30.9,82.85,11.72,74.52,5.6,98.67,8.43,88.5,28.28,86.81,1.87,40.0,16.26,26.35,0.01,0.15,0.0,0.0,0.07,100.0,0.07,3.28,65.91,0.67,44.44,0.15,50.0,0.3,0.15,4.55,63.93,0,,0,,0,0.0,0.0,0.0,,,0.67,,,0.0,0.0,0.0,0.0,0,0.0
Ethan Ellington,Team 57,Team 57,GK,33,1000000,2028-12-31,4,405,0,0.0,0,0.05,0.44,100.0,Greece,"Greece, France",right,194,86,yes,0.44,0.0,0.0,0.22,100.0,0.0,0.0,0.0,0.44,0.66,0.0,0,0.0,0,0.0,0.0,0.0,0,0.0,0.0,0,0.0,0,0.0,0.0,0.0,0.0,0.0,0.0,0.0,0.0,0.0,0.0,0.0,0.0,0.0,0.22,100.0,0.0,0.0,0.22,8.22,0.0,0.22,12.22,81.82,7.78,71.43,0.0,0.0,4.22,100.0,5.33,100.0,6.89,67.74,38.2,51.29,0.01,0.22,0.0,0.0,0.0,0.0,0.22,2.44,36.36,0.22,0.0,0.0,0.0,0.0,0.0,4.89,81.82,10,2.22,15,3.33,1,33.33,6.05,1.34,-3.95,-0.878,0.0,1.11,0.22,,,,0.0,0,0.0
Owen Mercer,Team 57,Team 57,"LB, RB",27,1000000,2026-12-31,10,639,0,0.43,0,0.02,15.77,53.57,Paraguay,Paraguay,left,177,77,yes,8.59,6.48,63.04,2.11,60.0,0.0,0.0,0.28,4.51,7.06,0.42,1,0.14,0,0.0,1.69,0.0,0,0.0,0.06,0,0.0,3,0.42,0.0,0.0,0.0,1.69,16.67,1.41,10.0,0.28,50.0,0.14,2.96,47.62,6.34,48.89,0.56,0.85,0.0,21.83,0.7,1.27,32.39,82.17,11.69,78.31,5.63,92.5,10.0,76.06,27.18,90.16,3.8,48.15,16.99,34.82,0.0,0.28,0.0,0.0,0.0,0.0,0.0,2.68,68.42,1.41,10.0,0.0,0.0,0.14,0.28,4.93,57.14,0,,0,,0,0.0,0.0,0.0,,,0.85,,,0.28,0.14,0.0,0.0,0,0.0
Maxim Linwood,Team 57,Team 57,GK,27,1000000,2028-12-31,17,1765,0,0.0,0,0.0,0.36,85.71,Ukraine,"Ukraine, Germany",right,189,88,yes,0.76,0.1,50.0,0.2,100.0,0.0,0.0,0.0,0.71,0.99,0.05,1,0.05,0,0.0,0.0,0.0,0,0.0,0.0,0,0.0,0,0.0,0.0,0.0,0.0,0.0,0.0,0.0,0.0,0.0,0.0,0.0,0.0,0.0,0.05,100.0,0.0,0.0,0.0,11.42,0.15,0.0,16.57,77.23,9.64,62.96,0.05,100.0,6.73,97.73,8.77,95.93,7.75,56.58,37.66,50.25,0.0,0.0,0.05,0.0,0.0,0.0,0.0,2.29,44.44,0.05,0.0,0.05,0.0,0.0,0.0,5.46,70.09,21,1.07,82,4.18,7,74.39,21.62,1.1,0.62,0.032,0.0,0.76,0.2,,,,0.0,0,0.0
Ruben Kingsbury,Team 57,Team 57,CF,30,1000000,2027-03-31,15,844,4,3.23,1,0.28,19.62,28.8,Japan,Japan,right,178,68,yes,2.45,2.56,29.17,5.86,18.18,0.0,0.0,0.0,1.71,2.38,1.71,3,0.32,0,0.0,2.03,0.43,3,0.32,0.34,1,0.11,16,1.71,50.0,25.0,0.11,0.43,50.0,0.0,0.0,0.43,50.0,0.0,1.28,75.0,6.4,38.33,2.35,0.96,0.0,7.78,1.17,1.39,11.52,68.52,3.41,56.25,2.13,80.0,3.73,68.57,10.45,70.41,0.75,57.14,16.76,13.34,0.03,0.43,0.0,0.0,0.0,0.0,0.43,1.49,57.14,1.28,58.33,0.0,0.0,0.43,0.21,1.6,80.0,0,,0,,0,0.0,0.0,0.0,,,0.0,,,0.11,0.11,100.0,0.0,2,50.0
Finnegan Sinclair,Team 57,Team 57,"RCMF, LCMF",27,1000000,2028-12-31,18,1735,2,1.37,2,1.06,11.36,49.77,Chile,Chile,right,178,73,yes,7.21,5.45,51.43,0.99,31.58,0.31,0.42,0.41,4.1,5.56,1.5,4,0.21,0,0.0,1.14,0.1,2,0.1,0.07,0,0.0,20,1.04,20.0,10.0,0.1,0.62,41.67,0.21,25.0,0.41,50.0,0.05,1.09,52.38,3.73,51.39,0.78,1.04,0.1,19.35,0.36,1.14,27.91,84.01,8.2,70.89,4.46,91.86,10.01,88.08,24.74,87.0,2.54,65.31,17.84,33.96,0.05,0.41,0.0,0.0,0.1,100.0,0.47,3.79,80.82,1.04,60.0,0.26,100.0,0.26,0.26,4.93,64.21,0,,0,,0,0.0,0.0,0.0,,,0.26,,,0.0,0.0,0.0,0.0,0,0.0
Ruben Mercer,Team 57,Team 57,"LCMF, RW, LB",26,1000000,2026-12-31,4,54,0,0.0,0,0.0,21.67,53.85,Nigeria,Nigeria,right,182,74,yes,3.33,3.33,100.0,3.33,100.0,0.0,0.0,0.0,0.0,0.0,0.0,1,1.67,0,0.0,1.67,0.0,0,0.0,0.0,0,0.0,0,0.0,0.0,0.0,0.0,1.67,0.0,0.0,0.0,1.67,0.0,0.0,5.0,33.33,11.67,28.57,1.67,0.0,0.0,13.33,0.0,1.67,15.0,77.78,0.0,0.0,6.67,100.0,3.33,100.0,13.33,87.5,0.0,0.0,10.43,0.0,0.0,0.0,0.0,0.0,0.0,0.0,0.0,0.0,0.0,0.0,0.0,0.0,0.0,0.0,0.0,1.67,0.0,0,,0,,0,0.0,0.0,0.0,,,0.0,,,0.0,0.0,0.0,1.67,0,0.0
Fabian Mercer,Team 57,Team 57,"RB, AMF, RDMF",29,800000,2028-06-30,7,189,0,0.03,0,0.38,15.71,45.45,Georgia,"Georgia, France",right,171,74,yes,7.14,6.19,46.15,0.95,0.0,0.0,0.0,0.48,4.29,6.92,2.38,1,0.48,0,0.0,0.95,0.0,0,0.0,0.01,0,0.0,4,1.9,0.0,0.0,0.0,0.48,100.0,0.0,0.0,0.48,100.0,0.0,0.95,50.0,6.19,38.46,0.48,2.38,0.95,21.43,0.0,0.48,29.05,96.72,5.24,90.91,5.71,91.67,10.0,100.0,27.14,96.49,1.9,100.0,15.31,13.38,0.18,0.48,0.0,0.0,0.0,0.0,0.0,1.9,100.0,0.48,100.0,0.48,100.0,0.0,0.48,1.43,66.67,0,,0,,0,0.0,0.0,0.0,,,0.0,,,1.43,0.48,0.0,0.0,0,0.0
Alastair Somerset,Team 57,Team 57,"CF, RWF",25,800000,2026-12-31,9,269,0,0.68,0,0.0,26.77,26.25,Colombia,"Colombia, Portugal",right,186,77,yes,5.02,4.35,53.85,7.03,19.05,0.67,0.91,0.33,2.01,2.73,1.0,0,0.0,0,0.0,1.67,0.0,0,0.0,0.23,0,0.0,6,2.01,50.0,0.0,0.0,1.0,0.0,0.33,0.0,0.67,0.0,0.0,2.34,28.57,11.38,20.59,3.01,1.67,1.0,3.35,1.34,1.0,7.03,57.14,0.67,0.0,1.67,80.0,3.01,66.67,5.69,64.71,0.33,100.0,14.21,2.12,0.0,0.0,0.0,0.0,0.0,0.0,0.0,0.0,0.0,1.0,0.0,0.0,0.0,0.0,0.0,0.33,0.0,0,,0,,0,0.0,0.0,0.0,,,0.0,,,0.0,0.0,0.0,0.0,0,0.0
Felix Beaumont,Team 57,Team 57,"RCB, RB",34,800000,2027-12-31,2,116,0,0.43,0,0.0,10.09,61.54,Chile,Chile,right,178,75,yes,10.09,4.66,66.67,4.66,50.0,0.0,0.0,0.78,6.98,9.0,2.33,1,0.78,0,0.0,0.0,0.0,0,0.0,0.33,0,0.0,2,1.55,0.0,0.0,0.0,0.78,0.0,0.0,0.0,0.78,0.0,0.0,0.0,0.0,0.78,100.0,3.1,0.0,0.0,11.64,0.78,0.78,17.07,77.27,10.09,69.23,1.55,100.0,4.66,83.33,13.97,83.33,2.33,66.67,19.7,20.75,0.0,0.0,0.0,0.0,0.0,0.0,0.0,3.1,75.0,0.78,0.0,0.0,0.0,0.78,0.0,3.88,80.0,0,,0,,0,0.0,0.0,0.0,,,1.55,,,0.0,0.0,0.0,0.0,0,0.0
Owen Lowell,Team 57,Team 57,"RWF, RW, RB",36,600000,2026-12-31,8,209,0,0.39,0,0.0,16.79,43.59,Albania,Albania,left,169,65,yes,6.03,4.31,70.0,2.15,20.0,0.0,0.0,0.0,3.01,4.77,2.15,0,0.0,0,0.0,0.86,0.0,0,0.0,0.17,0,0.0,6,2.58,16.67,0.0,0.0,0.43,0.0,0.0,0.0,0.43,0.0,0.0,3.88,11.11,8.61,40.0,2.15,1.29,0.0,13.78,1.29,3.44,16.36,86.84,4.74,72.73,4.74,100.0,2.58,66.67,15.5,88.89,0.43,100.0,12.0,6.14,0.0,0.0,0.0,0.0,0.0,0.0,0.0,1.29,100.0,1.72,75.0,0.0,0.0,0.86,0.43,3.01,57.14,0,,0,,0,0.0,0.0,0.0,,,0.0,,,1.29,0.43,0.0,0.0,0,0.0
Lars Callow,Team 57,Team 57,LCB,26,500000,2028-12-31,1,79,0,0.0,0,0.0,3.42,100.0,Georgia,"Georgia, France",right,185,88,yes,3.42,1.14,100.0,1.14,100.0,0.0,0.0,0.0,2.28,2.73,0.0,0,0.0,0,0.0,0.0,0.0,0,0.0,0.0,0,0.0,0,0.0,0.0,0.0,0.0,0.0,0.0,0.0,0.0,0.0,0.0,0.0,0.0,0.0,1.14,100.0,0.0,0.0,0.0,33.04,0.0,0.0,42.15,91.89,14.81,84.62,2.28,100.0,22.78,95.0,34.18,100.0,7.97,57.14,24.66,46.53,0.0,0.0,0.0,0.0,0.0,0.0,0.0,7.97,71.43,0.0,0.0,1.14,100.0,0.0,0.0,7.97,71.43,0,,0,,0,0.0,0.0,0.0,,,2.28,,,0.0,0.0,0.0,0.0,0,0.0
Magnus Ingram,Team 57,Team 57,"RCB, CB",32,500000,2026-12-31,8,696,0,0.15,0,0.16,8.92,62.32,Ireland,Ireland,right,189,80,yes,6.85,3.23,72.0,3.23,64.0,0.39,0.5,0.91,4.14,5.33,0.39,0,0.0,0,0.0,0.0,0.0,0,0.0,0.02,0,0.0,1,0.13,0.0,0.0,0.0,0.0,0.0,0.0,0.0,0.0,0.0,0.0,0.0,0.0,0.78,66.67,0.26,0.13,0.0,14.35,0.0,0.52,23.41,82.32,9.31,63.89,1.03,87.5,10.99,97.65,19.91,88.96,3.49,44.44,20.08,40.02,0.02,0.13,0.0,0.0,0.0,0.0,0.13,2.72,57.14,0.13,100.0,0.13,0.0,0.13,0.0,4.27,54.55,0,,0,,0,0.0,0.0,0.0,,,0.52,,,0.0,0.0,0.0,0.0,0,0.0
Graham Davenport,Team 57,Team 57,"DMF, RCB, RCMF",30,500000,2027-12-31,18,1542,0,0.01,0,0.06,13.02,58.74,Norway,Norway,right,178,72,yes,7.47,5.72,66.33,1.93,48.48,0.06,0.08,0.35,3.62,5.22,1.05,3,0.18,0,0.0,0.29,0.0,0,0.0,0.0,0,0.0,2,0.12,50.0,0.0,0.0,0.06,100.0,0.0,0.0,0.06,100.0,0.0,0.41,42.86,3.09,50.94,0.0,0.41,0.0,22.41,0.18,1.17,34.84,87.77,11.61,73.87,2.68,95.65,15.41,95.83,33.21,89.98,1.58,40.74,19.08,30.64,0.0,0.12,0.06,0.0,0.0,0.0,0.0,4.96,69.41,0.18,33.33,0.0,0.0,0.0,0.06,4.67,60.0,0,,0,,0,0.0,0.0,0.0,,,1.11,,,0.0,0.0,0.0,0.0,0,0.0
Felix Vance,Team 57,Team 57,"LCMF, RCMF",27,450000,2026-12-31,3,182,1,0.2,0,0.04,27.69,60.71,Serbia,Serbia,left,186,81,yes,7.42,9.4,63.16,3.96,62.5,0.49,0.68,0.0,0.99,1.36,1.48,0,0.0,0,0.0,3.46,0.49,1,0.49,0.1,0,0.0,1,0.49,100.0,100.0,0.0,0.0,0.0,0.0,0.0,0.0,0.0,0.0,5.44,54.55,12.86,57.69,0.49,0.49,0.0,23.24,0.0,3.46,31.65,84.38,13.85,82.14,3.96,87.5,10.38,95.24,30.16,83.61,1.48,100.0,15.77,15.86,0.02,0.99,0.49,0.0,0.0,0.0,0.0,5.44,81.82,0.49,0.0,0.0,0.0,0.49,0.0,2.97,100.0,0,,0,,0,0.0,0.0,0.0,,,0.0,,,0.0,0.0,0.0,0.0,0,0.0
Elias Kensington,Team 57,Team 57,"LW, LCMF",39,175000,,2,27,0,0.03,0,0.0,,,Slovenia,Slovenia,right,169,62,yes,,,,,,,0.0,,,6.0,,0,,0,,,,0,,,0,,1,,,0.0,,,,,,,,,,,,,,,,,,,,,,,,,,,,,,,20.35,16.61,,,,,,,,,,,,,,,,,,0,,0,,0,0.0,0.0,,,,,,,,,,,0,0.0
Colin Irvine,Team 57,Team 57,"RCMF, DMF, CB",22,1700000,2028-12-31,2,48,0,0.0,0,0.0,9.38,40.0,Hungary,Hungary,right,178,72,yes,5.63,5.63,33.33,1.88,100.0,0.0,0.0,0.0,3.75,5.45,1.88,0,0.0,0,0.0,0.0,0.0,0,0.0,0.0,0,0.0,0,0.0,0.0,0.0,0.0,0.0,0.0,0.0,0.0,0.0,0.0,0.0,0.0,0.0,1.88,0.0,0.0,0.0,0.0,9.38,0.0,0.0,16.88,88.89,1.88,100.0,1.88,100.0,7.5,75.0,15.0,100.0,1.88,0.0,17.38,25.7,0.0,0.0,0.0,0.0,0.0,0.0,0.0,1.88,100.0,0.0,0.0,0.0,0.0,0.0,0.0,0.0,0.0,0,,0,,0,0.0,0.0,0.0,,,0.0,,,0.0,0.0,0.0,0.0,0,0.0
Gabriel Fenwick,Team 57,Team 57,"LW, LWF, RW",23,1300000,,4,108,0,0.37,0,0.11,25.83,32.26,Turkey,Turkey,right,180,70,yes,7.5,8.33,50.0,2.5,66.67,0.0,0.0,0.0,3.33,4.62,0.83,1,0.83,0,0.0,0.83,0.0,0,0.0,0.3,0,0.0,3,2.5,0.0,0.0,0.0,0.0,0.0,0.0,0.0,0.0,0.0,0.0,4.17,20.0,11.67,14.29,2.5,4.17,3.33,7.5,0.0,0.0,15.0,72.22,6.67,50.0,1.67,100.0,2.5,100.0,14.17,76.47,0.83,0.0,9.17,12.82,0.09,1.67,0.0,0.0,0.0,0.0,0.0,3.33,25.0,0.83,100.0,0.0,0.0,1.67,0.0,2.5,66.67,0,,0,,0,0.0,0.0,0.0,,,0.0,,,0.0,0.0,0.0,0.0,0,0.0
Emil Halston,Team 57,Team 57,"RB, RCB, DMF",21,950000,2028-12-31,8,441,0,0.06,0,0.0,11.22,49.09,Belgium,Belgium,right,177,71,yes,6.94,6.53,59.38,2.45,33.33,0.41,0.54,0.41,2.65,3.48,1.43,2,0.41,1,0.2,0.0,0.0,0,0.0,0.01,0,0.0,1,0.2,0.0,0.0,0.0,0.0,0.0,0.0,0.0,0.0,0.0,0.0,0.2,0.0,1.22,50.0,0.41,0.2,0.0,21.63,0.0,0.2,29.59,90.34,11.22,80.0,5.1,100.0,9.39,95.65,26.73,95.42,2.86,42.86,18.9,22.23,0.0,0.0,0.0,0.0,0.0,0.0,0.0,2.65,84.62,0.0,0.0,0.0,0.0,0.0,0.0,4.9,79.17,0,,0,,0,0.0,0.0,0.0,,,3.27,,,0.0,0.0,0.0,0.0,0,0.0
Rowan Zimmerman,Team 57,Team 57,"LW, LAMF, CF",23,1800000,2027-12-31,16,624,2,1.75,1,0.56,21.78,43.71,Iceland,Iceland,right,177,75,yes,5.48,6.49,48.89,2.31,43.75,0.43,0.71,0.14,1.88,3.1,1.59,1,0.14,0,0.0,3.46,0.29,2,0.29,0.25,0,0.0,18,2.6,55.56,11.111,0.14,1.59,27.27,1.44,20.0,0.14,100.0,0.29,3.32,47.83,10.96,43.42,2.6,1.59,0.29,13.99,2.16,1.59,19.18,78.95,3.89,77.78,5.05,91.43,6.35,70.45,16.73,84.48,0.87,66.67,16.47,8.97,0.08,0.87,0.0,0.0,0.0,0.0,0.58,1.59,81.82,2.45,52.94,0.0,0.0,0.87,0.43,2.6,77.78,0,,0,,0,0.0,0.0,0.0,,,0.29,,,1.3,0.14,0.0,1.88,0,0.0
Florian Vance,Team 57,Team 57,CF,22,650000,2029-12-31,14,1031,5,3.36,1,0.12,16.85,38.34,Poland,Poland,right,183,70,yes,3.14,1.92,50.0,5.32,24.59,0.17,0.27,0.17,2.01,3.11,0.79,2,0.17,0,0.0,3.06,0.44,5,0.44,0.29,2,0.17,28,2.44,60.71,17.857,0.09,0.7,25.0,0.44,40.0,0.26,0.0,0.0,2.18,64.0,7.25,49.4,3.75,2.18,0.35,10.39,2.44,2.27,11.26,71.32,1.83,66.67,3.06,91.43,2.27,65.38,10.04,75.65,0.61,42.86,15.77,15.47,0.01,0.26,0.0,0.09,0.0,0.0,0.26,0.87,30.0,0.79,55.56,0.09,0.0,0.7,0.09,0.7,50.0,0,,0,,0,0.0,0.0,0.0,,,0.09,,,0.0,0.0,0.0,0.0,0,0.0
Gabriel Ellwood,Team 57,Team 57,RB,27,950000,2028-12-31,3,158,0,0.0,0,0.14,13.1,60.87,Romania,"Romania, Italy",right,175,63,yes,7.41,5.13,55.56,2.85,20.0,0.57,0.81,0.0,3.99,5.68,0.57,0,0.0,0,0.0,1.14,0.0,0,0.0,0.0,0,0.0,0,0.0,0.0,0.0,0.0,2.28,25.0,0.0,0.0,2.28,25.0,0.0,0.57,100.0,2.85,100.0,1.14,0.0,0.0,15.95,0.0,1.71,27.91,69.39,13.67,62.5,3.42,100.0,6.27,45.45,22.22,82.05,3.42,16.67,17.01,20.62,0.08,1.14,0.0,0.0,0.0,0.0,0.57,2.85,80.0,2.85,60.0,0.0,0.0,1.14,0.57,7.97,57.14,0,,0,,0,0.0,0.0,0.0,,,0.0,,,0.57,0.0,0.0,0.57,0,0.0
Declan Kren,Team 57,Team 57,"LCMF, LDMF, RCMF",26,1500000,2027-04-10,13,938,1,0.41,0,0.57,28.88,53.49,Belgium,Belgium,right,194,80,yes,8.73,7.68,56.25,9.59,65.0,0.1,0.14,0.38,4.32,6.4,2.4,3,0.29,0,0.0,0.96,0.1,1,0.1,0.04,0,0.0,10,0.96,20.0,10.0,0.0,0.86,22.22,0.1,0.0,0.77,25.0,0.19,0.67,85.71,7.48,46.15,0.86,1.06,0.1,26.58,1.06,1.82,38.76,83.91,10.17,67.92,6.81,92.96,14.39,90.0,34.83,87.05,3.17,63.64,16.96,27.28,0.06,0.48,0.0,0.0,0.0,0.0,0.38,5.76,80.0,1.06,36.36,0.19,0.0,0.29,0.29,4.89,68.63,0,,0,,0,0.0,0.0,0.0,,,0.48,,,0.1,0.1,100.0,0.0,0,0.0
Tobias Stansfield,Team 57,Team 57,"LW, LCMF",30,1300000,2027-12-31,4,157,0,0.16,0,0.3,10.89,36.84,Cameroon,Cameroon,right,180,72,yes,5.73,5.73,50.0,2.87,20.0,0.0,0.0,0.0,2.87,4.05,1.15,0,0.0,0,0.0,2.87,0.0,0,0.0,0.09,0,0.0,4,2.29,50.0,0.0,0.0,2.87,40.0,2.87,40.0,0.0,0.0,0.57,1.72,33.33,2.29,25.0,1.72,2.87,0.0,13.76,0.57,0.0,23.5,60.98,9.17,62.5,1.15,100.0,8.6,66.67,16.62,68.97,4.01,42.86,28.75,38.04,0.17,2.29,0.0,0.0,0.0,0.0,0.0,4.59,37.5,2.87,40.0,0.0,0.0,0.0,1.72,6.88,83.33,0,,0,,0,0.0,0.0,0.0,,,0.0,,,2.29,0.0,0.0,4.59,0,0.0
Nikolai Whitmore,Team 43,Team 43,CF,35,2700000,2027-12-31,7,426,0,1.71,0,0.07,11.62,36.36,Ireland,Ireland,right,187,89,yes,1.48,0.85,75.0,4.01,21.05,0.0,0.0,0.0,0.85,1.54,1.27,1,0.21,0,0.0,1.48,0.0,0,0.0,0.36,0,0.0,12,2.54,33.33,0.0,0.0,0.21,0.0,0.21,0.0,0.0,0.0,0.0,1.06,60.0,4.86,43.48,2.75,0.42,0.21,10.56,1.69,1.48,15.0,80.28,1.27,66.67,5.07,95.83,4.86,65.22,13.94,83.33,0.85,50.0,14.91,20.83,0.02,0.42,0.0,0.0,0.21,0.0,0.21,1.06,40.0,0.42,50.0,0.21,0.0,0.63,0.0,0.0,0.0,0,,0,,0,0.0,0.0,0.0,,,0.0,,,0.0,0.0,0.0,0.0,0,0.0
Graham Chamberlain,Team 43,Team 43,"AMF, LCMF",32,2500000,2026-12-15,7,317,0,0.92,1,0.41,15.05,47.17,Switzerland,Switzerland,left,187,82,yes,5.11,3.41,41.67,3.12,54.55,1.42,3.19,0.0,2.27,5.11,1.42,1,0.28,0,0.0,1.99,0.0,0,0.0,0.26,0,0.0,14,3.97,28.57,0.0,0.28,1.42,20.0,0.85,33.33,0.57,0.0,0.28,1.42,40.0,6.25,40.91,2.27,0.57,0.0,38.04,1.14,1.99,46.28,84.66,13.63,81.25,6.81,91.67,15.33,81.48,42.59,86.67,2.27,87.5,15.79,22.66,0.12,0.85,0.0,0.0,0.0,0.0,0.28,9.09,87.5,3.69,46.15,0.0,0.0,0.85,0.28,7.67,85.19,0,,0,,0,0.0,0.0,0.0,,,0.0,,,0.85,0.57,50.0,2.27,0,0.0
Sebastian Stafford,Team 43,Team 43,"CB, LCB",30,2000000,2026-12-31,8,551,1,0.41,0,0.01,6.7,51.22,Poland,Poland,right,187,83,yes,7.51,3.43,42.86,1.31,75.0,0.16,0.19,1.31,5.88,6.79,0.33,1,0.16,0,0.0,0.65,0.16,1,0.16,0.07,0,0.0,3,0.49,33.33,33.333,0.0,0.0,0.0,0.0,0.0,0.0,0.0,0.0,0.82,60.0,1.31,50.0,0.33,0.49,0.0,20.09,0.16,0.16,28.42,85.63,12.74,73.08,1.96,100.0,11.27,97.1,24.83,91.45,3.59,45.45,18.67,38.81,0.0,0.16,0.0,0.0,0.16,0.0,0.0,5.06,64.52,0.33,50.0,0.49,0.0,0.16,0.0,4.57,78.57,0,,0,,0,0.0,0.0,0.0,,,0.98,,,0.0,0.0,0.0,0.0,0,0.0
Magnus Hayward,Team 43,Team 43,"CF, AMF",32,1500000,2026-12-31,12,536,1,0.81,0,0.25,13.6,37.04,Czech Republic,Czech Republic,right,184,78,yes,2.69,1.68,50.0,5.04,40.0,0.0,0.0,0.0,1.85,2.44,1.01,1,0.17,0,0.0,0.34,0.17,1,0.17,0.14,0,0.0,4,0.67,25.0,25.0,0.0,0.17,0.0,0.0,0.0,0.17,0.0,0.0,0.84,20.0,5.37,31.25,2.01,0.34,0.17,10.75,1.51,1.85,14.1,71.43,2.35,50.0,5.37,68.75,2.85,88.24,13.94,72.29,0.0,0.0,11.66,0.0,0.04,0.5,0.0,0.0,0.0,0.0,0.34,0.34,50.0,0.34,50.0,0.0,0.0,0.67,0.0,1.01,16.67,0,,0,,0,0.0,0.0,0.0,,,0.0,,,0.0,0.0,0.0,0.0,0,0.0
Sean Mercer,Team 43,Team 43,"AMF, LCMF",36,1000000,2026-12-31,13,738,2,2.06,0,0.17,10.0,43.9,Japan,Japan,right,184,72,yes,3.17,2.68,45.45,3.9,43.75,0.37,0.53,0.24,1.59,2.31,1.1,1,0.12,1,0.12,0.73,0.24,2,0.24,0.25,0,0.0,13,1.59,30.77,15.385,0.0,0.61,20.0,0.37,33.33,0.24,0.0,0.0,0.73,16.67,2.56,42.86,2.68,0.49,0.12,22.2,0.73,1.1,26.83,85.0,8.05,80.3,3.9,81.25,9.63,88.61,24.27,88.44,1.95,62.5,17.16,20.8,0.02,0.24,0.12,0.0,0.0,0.0,0.12,4.39,72.22,0.73,50.0,0.24,50.0,0.24,0.24,3.17,80.77,0,,0,,0,0.0,0.0,0.0,,,0.12,,,0.0,0.0,0.0,0.0,0,0.0
Noah Northfield,Team 43,Team 43,"RAMF, LAMF, RW",26,1000000,2028-12-31,11,373,0,0.74,0,0.25,13.99,36.21,Serbia,Serbia,right,170,67,yes,2.9,3.38,35.71,1.69,0.0,0.0,0.0,0.0,1.69,2.76,0.48,1,0.24,0,0.0,2.9,0.0,0,0.0,0.18,0,0.0,6,1.45,66.67,0.0,0.0,1.69,42.86,0.48,50.0,1.21,40.0,0.24,1.69,57.14,6.51,51.85,2.41,1.45,0.48,16.41,2.41,1.69,20.03,80.72,3.62,73.33,6.03,92.0,5.55,78.26,17.61,86.3,0.72,33.33,16.78,9.11,0.06,0.48,0.24,0.0,0.24,100.0,0.24,1.21,40.0,0.97,50.0,0.24,100.0,0.48,0.48,3.14,46.15,0,,0,,0,0.0,0.0,0.0,,,0.24,,,0.0,0.0,0.0,0.0,0,0.0
Alastair Halloway,Team 43,Team 43,"RAMF, CF, RW",29,900000,2026-12-31,13,658,1,1.54,1,0.7,16.69,39.34,Iceland,Iceland,right,173,68,yes,4.65,3.97,48.28,2.33,35.29,0.0,0.0,0.0,2.74,3.66,1.09,1,0.14,0,0.0,2.33,0.14,0,0.0,0.21,0,0.0,11,1.5,9.09,9.091,0.14,2.74,20.0,0.27,0.0,2.46,22.22,0.41,3.01,54.55,9.03,37.88,2.74,1.37,0.27,12.58,2.6,1.91,16.0,69.23,3.69,44.44,3.83,96.43,5.47,62.5,11.9,81.61,1.5,63.64,18.52,17.62,0.1,0.68,0.0,0.0,0.0,0.0,0.27,0.96,85.71,1.5,18.18,0.0,0.0,0.14,0.55,1.64,58.33,0,,0,,0,0.0,0.0,0.0,,,0.14,,,0.0,0.0,0.0,0.0,1,100.0
Damian Talbot,Team 43,Team 43,"RDMF, LDMF, DMF",29,800000,2026-12-31,12,825,0,0.87,0,0.04,8.84,56.79,Paraguay,"Paraguay, Portugal",right,177,70,yes,8.29,4.91,62.22,1.31,83.33,0.55,0.77,0.44,4.69,6.65,1.09,3,0.33,0,0.0,0.22,0.0,0,0.0,0.1,0,0.0,10,1.09,20.0,0.0,0.0,0.33,0.0,0.33,0.0,0.0,0.0,0.0,0.11,0.0,1.09,40.0,0.44,0.22,0.0,39.71,0.44,0.65,49.42,87.64,16.91,76.77,4.8,93.18,21.05,95.85,45.16,89.86,3.93,69.44,19.06,29.56,0.0,0.33,0.0,0.0,0.0,0.0,0.11,7.75,83.1,1.42,69.23,0.33,66.67,0.98,0.0,8.07,74.32,0,,0,,0,0.0,0.0,0.0,,,0.22,,,0.11,0.0,0.0,0.0,0,0.0
Dorian Hensley,Team 43,Team 43,"RB, RWB, LB",33,600000,2026-12-31,5,421,0,0.06,0,0.33,12.19,66.67,Nigeria,Nigeria,right,174,68,yes,7.05,5.34,68.0,2.57,66.67,0.43,0.61,0.43,2.99,4.24,0.43,0,0.0,0,0.0,2.35,0.0,0,0.0,0.01,0,0.0,5,1.07,20.0,0.0,0.0,3.21,40.0,0.64,33.33,2.57,41.67,0.21,1.07,80.0,3.63,64.71,0.64,1.07,0.43,28.43,1.5,1.5,35.06,85.37,9.83,84.78,6.84,100.0,10.05,78.72,30.78,89.58,1.07,100.0,17.63,20.53,0.07,0.64,0.0,0.0,0.0,0.0,0.64,2.99,92.86,3.21,46.67,0.21,100.0,0.21,1.28,5.77,85.19,0,,0,,0,0.0,0.0,0.0,,,0.64,,,0.0,0.0,0.0,0.0,0,0.0
Magnus Carrington,Team 43,Team 43,"LAMF, CF, LW",27,550000,2028-12-31,18,1368,0,2.89,4,1.89,20.99,41.07,United States,United States,right,173,68,yes,6.05,6.05,58.7,2.11,34.38,0.0,0.0,0.07,2.5,3.47,1.05,1,0.07,0,0.0,4.08,0.0,0,0.0,0.19,0,0.0,29,1.91,48.28,0.0,0.26,3.62,38.18,3.36,39.22,0.26,25.0,0.66,4.41,38.81,10.99,32.93,2.76,2.76,0.53,19.54,1.71,1.58,26.51,78.66,6.18,69.15,8.09,96.75,7.24,70.91,21.78,86.1,1.25,63.16,17.83,20.38,0.12,0.86,0.07,0.0,0.13,50.0,0.72,1.84,57.14,3.22,59.18,0.26,50.0,0.72,1.45,4.47,83.82,0,,0,,0,0.0,0.0,0.0,,,0.0,,,0.0,0.0,0.0,0.0,0,0.0
Elias Montague,Team 43,Team 43,"LB, LWB",36,500000,2026-12-31,17,1593,0,0.55,3,4.94,9.44,48.5,Slovakia,Slovakia,left,178,79,yes,5.42,3.62,54.69,1.19,42.86,0.17,0.23,0.45,3.28,4.52,0.62,4,0.23,0,0.0,1.75,0.0,0,0.0,0.03,0,0.0,20,1.13,10.0,0.0,0.17,3.05,29.63,2.99,28.3,0.06,100.0,0.45,1.41,48.0,3.56,44.44,1.02,1.98,0.4,28.25,1.81,0.62,35.71,72.78,16.95,69.67,3.79,88.06,9.27,71.34,27.29,81.78,5.76,50.0,20.98,42.63,0.28,2.43,0.0,0.11,0.17,33.33,0.51,7.23,68.75,4.18,44.59,0.56,40.0,1.02,0.96,10.96,73.2,0,,0,,0,0.0,0.0,0.0,,,0.23,,,1.92,0.34,16.67,3.62,0,0.0
Owen Stratford,Team 43,Team 43,LB,33,500000,2026-12-10,7,397,0,0.02,0,0.81,11.34,36.0,Netherlands,"Netherlands, France",left,177,81,yes,4.53,7.03,38.71,2.72,25.0,0.23,0.34,0.23,1.59,2.41,1.81,2,0.45,0,0.0,0.23,0.0,0,0.0,0.01,0,0.0,3,0.68,0.0,0.0,0.0,1.59,14.29,1.36,16.67,0.0,0.0,0.0,0.23,0.0,0.91,50.0,0.23,1.59,0.0,36.5,1.13,0.45,43.75,90.16,15.42,82.35,9.75,100.0,9.29,90.24,39.45,93.68,2.72,83.33,21.62,39.66,0.18,1.36,0.0,0.0,0.0,0.0,0.45,5.21,73.91,2.49,54.55,0.45,100.0,0.91,0.23,6.35,92.86,0,,0,,0,0.0,0.0,0.0,,,0.91,,,0.91,0.23,0.0,0.68,0,0.0
Kasper Huntington,Team 43,Team 43,LCMF,30,500000,2026-12-31,1,18,0,0.0,0,0.0,,,Poland,Poland,right,178,66,yes,,,,,,,5.0,,,10.0,,0,,0,,,,0,,,0,,0,,,0.0,,,,,,,,,,,,,,,,,,,,,,,,,,,,,,,29.74,73.76,,,,,,,,,,,,,,,,,,0,,0,,0,0.0,0.0,,,,,,,,,,,0,0.0
Callum Fairfax,Team 43,Team 43,"RAMF, LAMF",26,450000,2027-12-31,9,907,2,0.52,0,2.49,15.88,45.63,Slovakia,Slovakia,right,171,62,yes,5.06,3.27,54.55,0.89,11.11,0.1,0.16,0.1,3.18,5.11,0.5,3,0.3,0,0.0,3.77,0.2,2,0.2,0.05,0,0.0,15,1.49,40.0,13.333,0.0,3.57,41.67,1.69,52.94,1.89,31.58,0.5,3.08,51.61,9.92,47.0,2.28,2.18,0.4,24.61,1.19,1.79,33.84,82.7,7.74,80.77,6.45,96.92,10.72,82.41,29.17,87.41,1.39,71.43,17.24,39.96,0.25,1.59,0.1,0.0,0.2,50.0,0.69,2.68,92.59,3.47,62.86,0.3,33.33,0.89,1.79,5.16,78.85,0,,0,,0,0.0,0.0,0.0,,,0.4,,,0.6,0.0,0.0,2.68,0,0.0
Nathan Clairmont,Team 43,Team 43,"RB, RWB",27,400000,2026-12-31,17,1572,4,2.14,1,1.88,17.06,54.03,Turkey,Turkey,right,177,77,yes,10.48,8.36,60.27,2.86,62.0,0.17,0.24,0.34,5.27,7.24,1.55,2,0.11,0,0.0,2.69,0.23,4,0.23,0.12,1,0.06,17,0.97,41.18,23.529,0.06,3.15,34.55,0.11,100.0,3.03,32.08,0.29,2.12,56.76,4.81,40.48,1.6,2.35,0.11,24.68,2.52,0.4,32.35,77.7,11.28,67.51,6.47,92.04,8.65,74.83,26.97,84.71,2.35,51.22,17.35,31.38,0.11,0.92,0.0,0.0,0.06,0.0,0.23,3.03,66.04,2.81,46.94,0.34,33.33,0.34,1.15,5.78,67.33,0,,0,,0,0.0,0.0,0.0,,,0.34,,,0.06,0.0,0.0,0.0,0,0.0
Erik Callow,Team 43,Team 43,"LWF, LAMF",29,400000,2026-12-31,2,39,0,0.0,0,0.1,,,Ukraine,Ukraine,right,175,70,yes,,,,,,,0.0,,,4.62,,0,,0,,,,0,,,0,,0,,,0.0,,,,,,,,,,,,,,,,,,,,,,,,,,,,,,,8.4,0.0,,,,,,,,,,,,,,,,,,0,,0,,0,0.0,0.0,,,,,,,,,,,0,0.0
Dara Hawthorne,Team 43,Team 43,"LDMF, AMF, RDMF",35,350000,2026-12-31,5,91,0,0.0,0,0.0,13.85,57.14,Switzerland,Switzerland,right,175,69,yes,5.93,7.91,50.0,2.97,33.33,0.0,0.0,0.0,1.98,2.22,1.98,0,0.0,0,0.0,0.99,0.0,0,0.0,0.0,0,0.0,0,0.0,0.0,0.0,0.0,0.0,0.0,0.0,0.0,0.0,0.0,0.0,0.99,100.0,2.97,100.0,0.0,0.0,0.0,19.78,0.0,1.98,32.64,69.7,14.84,46.67,5.93,100.0,4.95,80.0,27.69,78.57,4.95,20.0,17.52,20.8,0.0,0.0,0.0,0.0,0.0,0.0,0.0,6.92,42.86,0.0,0.0,0.99,0.0,0.0,0.0,7.91,50.0,0,,0,,0,0.0,0.0,0.0,,,0.0,,,0.0,0.0,0.0,0.0,0,0.0
Nathan Kensington,Team 43,Team 43,GK,38,250000,2026-12-31,19,1965,0,0.0,0,0.0,0.09,50.0,Slovenia,"Slovenia, France",right,188,82,yes,0.64,0.05,0.0,0.05,100.0,0.05,0.06,0.0,0.6,0.83,0.05,3,0.14,0,0.0,0.0,0.0,0,0.0,0.0,0,0.0,0,0.0,0.0,0.0,0.0,0.0,0.0,0.0,0.0,0.0,0.0,0.0,0.0,0.0,0.0,0.0,0.0,0.0,0.0,10.95,0.14,0.0,19.37,91.02,8.52,83.87,0.0,0.0,10.08,97.27,15.71,98.25,3.66,60.0,26.56,44.1,0.0,0.0,0.0,0.0,0.0,0.0,0.0,1.24,37.04,0.05,0.0,0.09,0.0,0.0,0.0,2.47,70.37,26,1.19,81,3.71,1,67.9,23.01,1.05,-2.99,-0.137,0.0,1.1,0.05,,,,0.0,0,0.0
Leo Arden,Team 43,Team 43,RCB,28,250000,2027-12-31,20,2063,1,1.08,1,0.06,8.64,62.63,Spain,Spain,right,188,80,yes,6.46,2.7,61.29,4.28,70.41,0.09,0.12,1.27,4.71,6.61,0.52,1,0.04,0,0.0,0.31,0.04,1,0.04,0.05,1,0.04,8,0.35,37.5,12.5,0.04,0.09,50.0,0.0,0.0,0.09,50.0,0.0,0.13,100.0,0.57,53.85,0.57,0.35,0.04,30.15,0.39,0.26,41.44,93.05,14.4,87.58,2.31,100.0,20.5,95.53,37.95,95.17,3.45,70.89,20.6,41.54,0.0,0.09,0.0,0.0,0.0,0.0,0.04,3.62,77.11,0.17,25.0,0.0,0.0,0.04,0.0,5.1,77.78,0,,0,,0,0.0,0.0,0.0,,,1.7,,,0.0,0.0,0.0,0.0,0,0.0
Christian Whitmore,Team 43,Team 43,"CF, LAMF, RWF",29,100000,2028-12-31,14,799,2,1.87,0,1.18,22.3,40.91,Finland,Finland,right,179,83,yes,5.07,5.18,45.65,3.04,22.22,0.11,0.16,0.23,2.59,3.63,1.8,4,0.45,0,0.0,3.27,0.23,2,0.23,0.21,1,0.11,15,1.69,33.33,13.333,0.0,1.69,33.33,1.24,27.27,0.45,50.0,0.11,3.83,55.88,12.62,44.64,2.82,2.14,0.56,14.76,1.13,0.9,18.81,65.87,4.39,46.15,4.96,75.0,4.51,65.0,16.56,68.71,0.68,83.33,16.15,12.2,0.13,0.79,0.11,0.0,0.11,0.0,0.56,1.91,58.82,2.14,42.11,0.11,0.0,0.68,0.56,1.8,62.5,0,,0,,0,0.0,0.0,0.0,,,0.0,,,0.0,0.0,0.0,0.0,0,0.0
Leo Fletcher,Team 43,Team 43,LCB,29,100000,2028-12-31,16,1600,1,0.71,1,0.58,10.29,68.31,Cameroon,Cameroon,left,186,90,yes,7.82,4.11,63.01,3.88,71.01,0.17,0.24,0.73,5.06,7.28,0.56,3,0.17,0,0.0,0.39,0.06,1,0.06,0.04,1,0.06,8,0.45,50.0,12.5,0.06,0.28,40.0,0.23,25.0,0.06,100.0,0.0,0.06,100.0,0.68,50.0,0.68,1.52,0.0,32.18,0.28,0.68,45.0,88.75,17.89,78.62,2.64,97.87,18.17,95.98,40.05,92.42,4.67,60.24,20.22,35.3,0.03,0.28,0.0,0.0,0.0,0.0,0.11,5.79,73.79,0.39,14.29,0.34,33.33,0.11,0.11,7.14,71.65,0,,0,,0,0.0,0.0,0.0,,,2.03,,,0.0,0.0,0.0,0.0,0,0.0
Jasper Northfield,Team 43,Team 43,CF,29,75000,2026-12-31,3,277,1,1.24,0,0.85,13.97,32.56,Croatia,Croatia,right,185,80,yes,1.3,2.27,14.29,3.9,25.0,0.0,0.0,0.0,0.97,1.27,1.62,0,0.0,0,0.0,2.27,0.32,1,0.32,0.4,0,0.0,4,1.3,25.0,25.0,0.0,1.3,50.0,0.65,50.0,0.65,50.0,0.0,1.3,75.0,6.5,45.0,2.6,0.65,0.0,10.72,0.97,0.97,13.97,69.77,2.92,55.56,4.87,66.67,3.57,81.82,12.02,72.97,0.65,50.0,12.59,14.22,0.28,1.3,0.0,0.0,0.32,100.0,0.97,1.3,75.0,1.62,60.0,0.32,100.0,0.32,0.65,2.27,57.14,0,,0,,0,0.0,0.0,0.0,,,0.0,,,0.0,0.0,0.0,0.0,0,0.0
Matthias Stratford,Team 43,Team 43,"LDMF, RDMF, RCMF",28,50000,2027-12-31,17,1373,0,0.3,1,0.85,14.62,42.15,Serbia,"Serbia, Germany",right,175,70,yes,7.08,5.97,52.75,2.56,53.85,0.2,0.27,0.2,3.74,5.2,1.64,7,0.46,0,0.0,1.18,0.0,0,0.0,0.02,0,0.0,10,0.66,40.0,0.0,0.07,0.79,41.67,0.52,25.0,0.26,75.0,0.07,1.44,31.82,4.72,27.78,0.39,0.72,0.2,36.18,0.26,0.66,50.67,86.93,17.17,75.95,6.49,94.95,18.49,92.55,44.71,91.06,5.18,58.23,19.03,40.2,0.06,1.18,0.07,0.0,0.2,66.67,0.39,9.31,76.76,2.03,51.61,0.59,44.44,0.85,0.33,9.31,82.39,0,,0,,0,0.0,0.0,0.0,,,0.2,,,0.13,0.0,0.0,0.07,0,0.0
Lucas Winterbottom,Team 43,Team 43,"CF, AMF, RWB",29,500000,2027-06-30,8,298,0,0.65,0,0.29,13.59,35.56,France,"France, Italy",left,177,76,yes,1.81,1.21,50.0,3.02,20.0,0.3,0.55,0.0,0.91,1.64,0.3,0,0.0,0,0.0,2.11,0.0,0,0.0,0.2,0,0.0,5,1.51,20.0,0.0,0.0,1.81,33.33,1.21,25.0,0.6,50.0,0.0,2.42,50.0,7.25,29.17,2.11,0.91,0.0,17.21,1.51,1.21,22.95,78.95,3.93,69.23,5.13,88.24,7.55,80.0,21.14,82.86,0.0,0.0,15.32,0.0,0.09,0.91,0.0,0.0,0.0,0.0,0.6,2.42,50.0,1.21,75.0,0.0,0.0,0.6,0.6,1.21,50.0,0,,0,,0,0.0,0.0,0.0,,,0.0,,,0.0,0.0,0.0,2.42,0,0.0
Ethan Langley,Team 43,Team 43,LCB,22,550000,2027-12-31,3,247,0,0.07,0,0.0,8.74,58.33,Italy,Italy,right,185,80,yes,9.11,3.28,44.44,4.01,72.73,0.0,0.0,0.73,7.65,9.55,0.73,1,0.36,0,0.0,0.0,0.0,0,0.0,0.02,0,0.0,1,0.36,0.0,0.0,0.0,0.0,0.0,0.0,0.0,0.0,0.0,0.0,0.0,0.0,0.73,50.0,0.73,0.73,0.36,30.24,0.0,0.0,43.72,87.5,17.13,76.6,2.19,100.0,21.86,96.67,38.99,91.59,4.74,53.85,22.34,44.31,0.0,0.0,0.0,0.0,0.0,0.0,0.0,4.01,27.27,0.0,0.0,0.0,0.0,0.0,0.0,4.01,72.73,0,,0,,0,0.0,0.0,0.0,,,1.09,,,0.0,0.0,0.0,0.0,0,0.0
Cillian Stafford,Team 43,Team 43,"LCMF, LDMF, CF",22,450000,2030-12-31,6,326,1,0.63,0,0.0,16.84,63.93,Chile,Chile,left,186,76,yes,8.01,5.25,63.16,1.66,83.33,0.0,0.0,0.83,4.69,6.89,1.1,0,0.0,0,0.0,1.93,0.28,1,0.28,0.17,1,0.28,9,2.48,44.44,11.111,0.0,0.28,0.0,0.28,0.0,0.0,0.0,0.28,1.38,60.0,7.18,61.54,2.48,1.1,0.0,20.15,0.28,2.48,27.88,88.12,9.66,74.29,6.35,100.0,8.83,96.88,26.78,90.72,0.83,33.33,16.8,21.06,0.0,0.0,0.28,0.0,0.0,0.0,0.0,4.69,70.59,1.66,50.0,0.0,0.0,0.83,0.0,3.31,58.33,0,,0,,0,0.0,0.0,0.0,,,0.28,,,0.0,0.0,0.0,0.28,0,0.0
Alexander Talbot,Team 43,Team 43,"LDMF, RCMF",25,500000,2028-12-31,13,831,1,0.35,1,0.41,16.57,49.67,Slovakia,Slovakia,right,180,75,yes,8.88,8.77,51.85,0.97,55.56,0.11,0.15,0.22,4.22,5.74,2.38,2,0.22,0,0.0,0.65,0.11,1,0.11,0.04,0,0.0,6,0.65,33.33,16.667,0.11,0.11,0.0,0.0,0.0,0.11,0.0,0.11,0.65,66.67,5.2,52.08,0.22,0.32,0.0,29.35,0.22,1.62,45.27,87.08,12.67,74.36,6.06,94.64,17.11,92.41,42.45,90.56,2.71,36.0,16.2,30.83,0.04,0.43,0.0,0.0,0.11,0.0,0.11,4.22,61.54,1.41,38.46,0.54,20.0,0.65,0.0,3.68,58.82,0,,0,,0,0.0,0.0,0.0,,,0.22,,,0.0,0.0,0.0,0.0,0,0.0
Viktor Lansbury,Team 43,Team 43,GK,35,450000,2026-12-31,1,98,0,0.0,0,0.0,0.0,0.0,Ireland,Ireland,right,191,89,yes,0.0,0.0,0.0,0.0,0.0,0.0,0.0,0.0,0.0,0.0,0.0,0,0.0,0,0.0,0.0,0.0,0,0.0,0.0,0,0.0,0,0.0,0.0,0.0,0.0,0.0,0.0,0.0,0.0,0.0,0.0,0.0,0.0,0.0,0.0,0.0,0.0,0.0,0.0,19.29,0.0,0.0,25.71,96.43,5.51,83.33,0.0,0.0,18.37,100.0,22.04,100.0,3.67,75.0,23.48,45.37,0.0,0.0,0.0,0.0,0.0,0.0,0.0,0.92,100.0,0.0,0.0,0.0,0.0,0.0,0.0,3.67,75.0,1,0.92,3,2.76,0,66.67,0.37,0.34,-0.63,-0.579,0.0,0.0,0.0,,,,0.0,0,0.0
Finn Stratford,Team 43,Team 43,AMF,29,550000,2026-12-31,16,992,1,0.4,1,0.59,9.53,39.05,Croatia,Croatia,left,178,70,yes,5.08,4.72,55.77,1.09,33.33,0.18,0.24,0.18,2.27,3.02,1.09,0,0.0,0,0.0,1.09,0.09,1,0.09,0.04,0,0.0,10,0.91,40.0,10.0,0.09,1.27,28.57,1.0,27.27,0.18,50.0,0.18,0.73,37.5,2.63,27.59,1.09,0.73,0.0,28.76,0.73,0.09,36.93,86.49,10.43,78.26,8.8,94.85,10.07,85.59,33.3,90.19,2.45,62.96,15.95,23.67,0.05,0.82,0.0,0.0,0.09,100.0,0.45,4.99,76.36,1.81,50.0,0.36,0.0,0.54,0.36,4.17,86.96,0,,0,,0,0.0,0.0,0.0,,,0.54,,,0.09,0.0,0.0,0.09,0,0.0
Malcolm Waverley,Team 43,Team 43,"RAMF, RWF",28,750000,2027-06-30,2,112,0,0.47,0,0.0,10.45,38.46,Ghana,Ghana,right,168,63,yes,3.21,1.61,50.0,1.61,0.0,0.0,0.0,0.0,2.41,3.91,0.8,0,0.0,0,0.0,2.41,0.0,0,0.0,0.38,0,0.0,1,0.8,100.0,0.0,0.0,0.0,0.0,0.0,0.0,0.0,0.0,0.0,3.21,50.0,6.43,37.5,3.21,0.8,0.0,18.48,0.0,1.61,24.91,80.65,6.43,100.0,9.64,83.33,4.82,66.67,24.11,80.0,0.8,100.0,11.95,12.64,0.0,0.0,0.0,0.0,0.0,0.0,0.0,1.61,100.0,1.61,50.0,0.0,0.0,0.8,0.0,0.8,100.0,0,,0,,0,0.0,0.0,0.0,,,0.0,,,0.0,0.0,0.0,0.8,0,0.0
Magnus Norwood,Team 52,Team 52,"AMF, CF, RW",26,10000000,2028-12-31,16,687,3,2.62,1,1.84,16.51,42.86,Morocco,Morocco,left,175,75,yes,4.32,4.72,52.78,1.31,30.0,0.0,0.0,0.26,1.83,2.75,1.31,1,0.13,0,0.0,3.01,0.39,1,0.13,0.34,0,0.0,16,2.1,43.75,18.75,0.13,1.57,33.33,0.66,40.0,0.92,28.57,0.13,2.88,45.45,9.69,40.54,1.44,1.7,0.13,42.05,1.57,0.52,51.48,79.9,15.46,64.41,9.04,92.75,15.2,86.21,46.77,83.47,3.28,48.0,15.59,30.39,0.24,2.36,0.0,0.0,0.26,100.0,1.05,5.63,76.74,4.32,45.45,0.66,60.0,2.1,0.52,7.6,72.41,0,,0,,0,0.0,0.0,0.0,,,0.0,,,1.18,0.13,100.0,2.23,2,100.0
Julian Kitteridge,Team 52,Team 52,"RW, RCMF",25,9000000,2028-12-31,10,549,1,0.52,0,0.66,18.03,57.27,Netherlands,Netherlands,right,180,78,yes,9.34,6.07,67.57,2.62,68.75,0.98,1.55,0.16,4.26,6.72,1.15,2,0.33,0,0.0,3.61,0.16,1,0.16,0.08,0,0.0,13,2.13,46.15,7.692,0.0,2.13,46.15,0.66,50.0,1.48,44.44,0.0,3.11,47.37,7.21,52.27,1.31,1.8,0.0,28.69,1.15,2.13,37.87,82.25,13.11,77.5,5.74,91.43,12.3,85.33,32.13,87.24,3.61,59.09,16.89,20.64,0.11,1.64,0.0,0.0,0.16,100.0,0.49,6.72,82.93,3.44,61.9,0.66,0.0,1.31,1.15,7.7,80.85,0,,0,,0,0.0,0.0,0.0,,,0.33,,,0.16,0.16,0.0,2.79,0,0.0
Tobias Radcliffe,Team 52,Team 52,"CF, LW, RW",31,9000000,2029-12-31,16,1046,0,1.52,0,0.54,19.1,42.79,Spain,Spain,right,166,65,yes,6.54,5.68,53.03,4.22,22.45,1.38,1.86,0.09,2.15,2.91,1.55,3,0.26,0,0.0,1.29,0.0,0,0.0,0.13,0,0.0,17,1.46,23.53,0.0,0.0,2.15,20.0,0.77,11.11,1.38,25.0,0.17,1.12,46.15,6.02,45.71,1.89,0.95,0.26,15.66,2.93,2.24,21.42,69.48,4.3,68.0,5.51,85.94,6.97,61.73,17.81,75.85,1.55,66.67,16.63,19.93,0.05,0.43,0.0,0.0,0.0,0.0,0.17,2.32,77.78,2.5,34.48,0.0,0.0,0.6,0.43,3.01,62.86,0,,0,,0,0.0,0.0,0.0,,,0.0,,,0.0,0.0,0.0,0.09,0,0.0
Anton Kensington,Team 52,Team 52,CF,29,8000000,2028-12-31,13,999,7,3.94,2,1.03,6.76,30.67,Ecuador,Ecuador,left,178,73,yes,1.26,1.17,46.15,0.81,22.22,0.0,0.0,0.0,0.72,1.05,0.54,5,0.45,1,0.09,1.44,0.63,6,0.54,0.36,2,0.18,26,2.34,30.77,26.923,0.18,0.9,30.0,0.54,33.33,0.36,25.0,0.09,0.63,42.86,3.24,30.56,3.33,1.17,0.18,22.61,0.9,0.72,27.39,86.51,6.85,75.0,7.12,96.2,8.74,90.72,24.14,89.55,2.34,76.92,16.1,33.56,0.09,0.72,0.0,0.0,0.27,66.67,0.27,3.6,72.5,2.34,61.54,0.63,57.14,1.08,0.18,2.88,81.25,0,,0,,0,0.0,0.0,0.0,,,0.0,,,0.18,0.18,0.0,0.09,1,100.0
Leon Somerset,Team 52,Team 52,"RCB, LCB",31,6000000,2028-12-31,13,1325,0,1.59,0,0.45,9.78,54.86,Slovakia,Slovakia,right,188,77,yes,8.22,3.53,51.92,4.08,60.0,0.07,0.09,0.41,6.32,8.25,1.02,2,0.14,0,0.0,0.27,0.0,0,0.0,0.11,0,0.0,7,0.48,28.57,0.0,0.0,0.07,0.0,0.0,0.0,0.07,0.0,0.0,0.14,100.0,0.88,46.15,0.68,0.2,0.07,20.85,0.2,0.48,33.01,88.89,13.72,83.17,2.38,97.14,12.77,94.68,30.84,92.51,2.11,38.71,17.52,32.27,0.03,0.14,0.07,0.0,0.0,0.0,0.07,2.51,64.86,0.34,20.0,0.0,0.0,0.2,0.0,4.28,58.73,0,,0,,0,0.0,0.0,0.0,,,1.77,,,0.0,0.0,0.0,0.0,0,0.0
Sean Bradford,Team 52,Team 52,"LW, LAMF, LB",25,5000000,2028-12-31,17,1214,4,1.33,1,0.63,14.75,46.23,Japan,"Japan, Spain",left,172,66,yes,7.41,5.34,52.78,1.33,22.22,0.59,0.85,0.44,4.0,5.72,1.41,5,0.37,1,0.07,2.74,0.3,4,0.3,0.1,0,0.0,28,2.08,35.71,14.286,0.07,2.89,17.95,2.82,18.42,0.07,0.0,0.37,2.52,58.82,6.38,47.67,2.74,1.78,0.15,28.32,1.63,0.96,37.14,75.65,10.97,66.22,6.6,92.13,10.97,74.32,30.54,82.77,3.86,59.62,17.85,37.77,0.05,0.96,0.0,0.0,0.07,0.0,0.3,4.6,64.52,2.52,38.24,0.15,0.0,0.82,0.44,6.75,64.84,0,,0,,0,0.0,0.0,0.0,,,0.0,,,0.67,0.22,33.33,0.89,0,0.0
Colin Norwood,Team 52,Team 52,RCB,28,5000000,2028-12-31,8,765,1,0.44,0,0.02,9.76,77.11,Japan,Japan,right,180,78,yes,7.65,4.47,84.21,2.59,86.36,0.35,0.54,0.47,3.53,5.39,0.47,1,0.12,0,0.0,0.71,0.12,1,0.12,0.05,0,0.0,5,0.59,60.0,20.0,0.0,0.12,0.0,0.0,0.0,0.12,0.0,0.0,0.47,75.0,0.82,57.14,0.35,0.47,0.12,22.47,0.12,0.35,33.41,86.97,12.82,76.15,2.94,100.0,13.88,94.07,30.12,92.58,3.18,37.04,19.27,42.67,0.0,0.12,0.0,0.0,0.0,0.0,0.12,2.35,35.0,0.47,0.0,0.0,0.0,0.0,0.0,3.65,48.39,0,,0,,0,0.0,0.0,0.0,,,1.29,,,0.0,0.0,0.0,0.0,0,0.0
Malcolm Garrison,Team 52,Team 52,LCMF,33,4500000,2027-12-31,5,195,1,0.6,1,0.07,21.23,41.3,Sweden,Sweden,right,175,71,yes,6.92,6.92,46.67,3.23,42.86,0.92,1.43,0.46,2.77,4.29,2.31,1,0.46,0,0.0,0.92,0.46,1,0.46,0.28,0,0.0,3,1.38,33.33,33.333,0.46,0.92,0.0,0.92,0.0,0.0,0.0,0.0,1.38,33.33,8.31,33.33,1.85,1.85,0.0,30.0,0.46,2.31,41.08,93.26,12.92,85.71,8.77,100.0,10.62,100.0,38.31,96.39,1.85,75.0,20.8,13.88,0.03,0.92,0.0,0.0,0.46,0.0,0.46,5.54,91.67,0.92,50.0,0.46,0.0,0.46,0.0,4.15,100.0,0,,0,,0,0.0,0.0,0.0,,,0.0,,,0.0,0.0,0.0,0.0,0,0.0
Oliver Barton,Team 52,Team 52,RCB,26,3500000,,1,98,0,0.0,0,0.0,11.94,69.23,Albania,"Albania, Germany",right,186,76,yes,5.51,6.43,57.14,3.67,100.0,0.0,0.0,0.0,1.84,3.53,0.92,1,0.92,0,0.0,0.0,0.0,0,0.0,0.0,0,0.0,0,0.0,0.0,0.0,0.0,0.92,0.0,0.0,0.0,0.92,0.0,0.0,0.92,0.0,0.92,0.0,0.92,0.92,0.0,33.98,0.0,0.0,51.43,91.07,17.45,89.47,1.84,50.0,25.71,96.43,49.59,92.59,0.92,100.0,17.74,31.18,0.0,0.0,0.0,0.0,0.0,0.0,0.0,3.67,75.0,0.0,0.0,0.0,0.0,0.0,0.0,3.67,75.0,0,,0,,0,0.0,0.0,0.0,,,0.92,,,0.0,0.0,0.0,0.0,0,0.0
Malcolm Halloway,Team 52,Team 52,RB,33,3000000,2027-12-31,3,249,0,0.11,0,0.0,12.65,54.29,Switzerland,Switzerland,right,179,68,yes,5.42,6.87,52.63,2.53,28.57,0.0,0.0,0.0,1.81,2.42,1.81,1,0.36,0,0.0,1.45,0.0,0,0.0,0.04,0,0.0,1,0.36,100.0,0.0,0.0,1.08,33.33,0.0,0.0,1.08,33.33,0.36,0.72,100.0,2.53,71.43,1.08,0.72,0.36,24.58,1.45,1.45,34.7,83.33,10.84,73.33,5.78,93.75,7.23,85.0,30.72,89.41,2.89,37.5,17.74,30.91,0.0,0.0,0.0,0.0,0.0,0.0,0.0,4.7,76.92,1.08,33.33,0.72,0.0,0.0,0.36,4.7,61.54,0,,0,,0,0.0,0.0,0.0,,,0.36,,,0.0,0.0,0.0,0.0,0,0.0
Henry Dunmore,Team 52,Team 52,"LDMF, RCMF, RDMF",34,2500000,2026-12-31,15,972,0,0.19,0,0.0,11.02,56.3,Italy,Italy,right,181,74,yes,8.15,5.19,66.07,2.96,40.63,0.46,0.63,0.28,4.26,5.8,0.74,1,0.09,0,0.0,0.09,0.0,0,0.0,0.02,0,0.0,1,0.09,0.0,0.0,0.0,0.19,0.0,0.0,0.0,0.19,0.0,0.0,0.19,50.0,1.67,50.0,0.19,0.46,0.0,26.48,0.56,0.46,39.81,86.51,15.83,74.85,3.43,94.59,13.8,93.96,35.28,91.08,4.35,53.19,17.91,36.77,0.0,0.0,0.0,0.0,0.0,0.0,0.0,6.76,78.08,0.74,37.5,0.0,0.0,0.09,0.0,6.67,72.22,0,,0,,0,0.0,0.0,0.0,,,0.19,,,0.0,0.0,0.0,0.0,0,0.0
Maxim Ravensdale,Team 52,Team 52,RB,29,2500000,2028-06-30,15,1462,0,0.09,0,0.36,12.56,48.53,Hungary,Hungary,right,174,70,yes,6.53,5.36,64.37,1.35,36.36,0.31,0.43,0.18,2.77,3.84,0.98,4,0.25,0,0.0,1.72,0.0,0,0.0,0.01,0,0.0,3,0.18,66.67,0.0,0.0,2.15,42.86,0.0,0.0,2.09,41.18,0.25,1.66,40.74,4.99,38.27,0.55,1.11,0.18,28.5,1.42,0.98,38.35,82.34,14.84,76.35,6.46,90.48,9.17,83.22,33.92,86.57,2.34,57.89,15.79,30.72,0.02,0.49,0.0,0.0,0.0,0.0,0.12,4.8,75.64,2.59,54.76,0.18,33.33,0.62,0.92,6.77,70.0,0,,0,,0,0.0,0.0,0.0,,,0.49,,,0.0,0.0,0.0,0.0,0,0.0
Dorian Fletcher,Team 52,Team 52,"CF, LW, LAMF",31,2000000,2028-12-31,13,700,2,2.16,0,0.55,14.27,46.85,Japan,Japan,right,182,73,yes,4.89,3.34,73.08,5.66,43.18,0.13,0.17,0.26,2.31,3.05,0.51,2,0.26,0,0.0,1.03,0.26,2,0.26,0.28,0,0.0,15,1.93,20.0,13.333,0.0,0.9,28.57,0.13,0.0,0.77,33.33,0.0,0.77,50.0,3.21,36.0,2.06,0.26,0.0,10.8,1.93,0.9,14.79,70.43,2.83,59.09,4.37,91.18,4.5,60.0,13.37,73.08,0.51,75.0,13.15,8.64,0.07,0.39,0.0,0.0,0.0,0.0,0.39,1.16,66.67,2.06,56.25,0.13,100.0,1.03,0.26,1.93,73.33,0,,0,,0,0.0,0.0,0.0,,,0.0,,,0.0,0.0,0.0,0.0,0,0.0
Leo Ellington,Team 52,Team 52,"LW, LAMF",29,1500000,2028-12-31,13,457,2,1.52,0,0.12,14.77,37.33,Belgium,Belgium,right,177,80,yes,2.36,2.56,30.77,3.35,52.94,0.0,0.0,0.0,1.58,2.2,0.98,0,0.0,0,0.0,2.76,0.39,2,0.39,0.3,0,0.0,9,1.77,66.67,22.222,0.0,0.59,33.33,0.59,33.33,0.0,0.0,0.0,3.35,41.18,7.09,36.11,2.95,1.77,0.39,20.09,2.76,0.98,21.07,81.31,4.73,66.67,5.51,89.29,6.89,77.14,18.91,85.42,1.58,50.0,15.01,23.68,0.02,0.59,0.0,0.0,0.0,0.0,0.0,1.97,90.0,1.18,50.0,0.0,0.0,0.98,0.39,3.35,64.71,0,,0,,0,0.0,0.0,0.0,,,0.0,,,0.0,0.0,0.0,0.0,0,0.0
Alexander Whitmore,Team 52,Team 52,LCB,32,1300000,2027-12-31,16,1377,0,0.25,0,0.0,9.61,65.31,England,England,left,190,79,yes,7.91,3.92,63.33,2.81,72.09,0.46,0.61,0.92,4.97,6.65,0.92,3,0.2,1,0.07,0.39,0.0,0,0.0,0.02,0,0.0,3,0.2,0.0,0.0,0.0,0.2,66.67,0.2,66.67,0.0,0.0,0.07,0.33,80.0,1.5,73.91,0.26,0.46,0.07,24.44,0.33,0.92,36.41,85.28,16.08,74.39,1.83,92.86,13.66,95.22,31.37,91.67,4.84,44.59,19.62,35.41,0.0,0.0,0.07,0.0,0.0,0.0,0.0,4.64,69.01,0.59,33.33,0.26,25.0,0.07,0.13,7.39,68.14,0,,0,,0,0.0,0.0,0.0,,,0.72,,,0.07,0.0,0.0,0.0,0,0.0
Lars Ashford,Team 52,Team 52,"CF, LW",28,1200000,2028-06-30,8,301,1,0.83,0,0.2,18.24,40.98,Argentina,Argentina,right,181,72,yes,5.08,3.89,69.23,5.68,26.32,0.6,0.77,0.0,1.79,2.31,0.3,0,0.0,0,0.0,2.99,0.3,1,0.3,0.25,0,0.0,7,2.09,28.57,14.286,0.0,1.2,0.0,0.6,0.0,0.6,0.0,0.0,2.99,80.0,6.28,47.62,3.59,1.5,0.9,9.87,1.2,0.3,13.16,70.45,2.39,62.5,3.89,92.31,2.99,70.0,11.96,77.5,0.0,0.0,18.51,0.0,0.06,0.9,0.0,0.0,0.0,0.0,0.3,0.3,100.0,0.3,100.0,0.0,0.0,0.3,0.0,1.2,25.0,0,,0,,0,0.0,0.0,0.0,,,0.0,,,0.0,0.0,0.0,0.0,0,0.0
Lucas Huntington,Team 52,Team 52,"DMF, LCMF, LDMF",33,1000000,2027-12-31,10,710,0,0.29,0,0.32,12.68,53.0,Morocco,Morocco,left,183,80,yes,6.21,6.21,48.98,3.42,66.67,0.25,0.34,0.13,2.92,3.9,1.77,2,0.25,0,0.0,0.13,0.0,0,0.0,0.04,0,0.0,3,0.38,0.0,0.0,0.0,0.13,0.0,0.13,0.0,0.0,0.0,0.0,0.13,100.0,1.39,45.45,0.51,0.0,0.0,28.52,0.0,0.51,42.21,88.89,15.85,84.0,5.96,95.74,14.07,90.99,38.92,90.88,3.17,68.0,16.96,29.17,0.04,0.51,0.0,0.0,0.0,0.0,0.13,6.21,81.63,0.89,42.86,0.25,0.0,0.25,0.0,6.59,76.92,0,,0,,0,0.0,0.0,0.0,,,0.63,,,0.0,0.0,0.0,0.0,0,0.0
Maxim Brecken,Team 52,Team 52,LB,29,600000,2027-12-31,14,1391,0,0.45,1,1.01,13.78,65.26,England,England,left,171,70,yes,10.74,7.25,65.18,2.39,64.86,0.45,0.61,0.32,5.56,7.46,0.91,5,0.32,0,0.0,1.62,0.0,0,0.0,0.03,0,0.0,7,0.45,28.57,0.0,0.06,1.29,45.0,1.29,45.0,0.0,0.0,0.06,1.04,87.5,2.72,66.67,0.91,1.04,0.32,26.66,1.29,0.78,39.47,82.46,17.21,75.94,5.69,89.77,8.09,88.0,35.84,86.1,2.39,45.95,15.49,28.2,0.07,0.26,0.0,0.06,0.0,0.0,0.19,3.36,67.31,1.42,50.0,0.0,0.0,0.39,0.52,6.99,68.52,0,,0,,0,0.0,0.0,0.0,,,0.32,,,0.0,0.0,0.0,0.0,0,0.0
Dorian Ravensdale,Team 52,Team 52,GK,25,100000,2028-12-31,2,206,0,0.0,0,0.0,0.0,0.0,Ecuador,Ecuador,right,186,80,yes,1.31,0.0,0.0,0.0,0.0,0.0,0.0,0.0,1.31,1.58,0.0,1,0.44,0,0.0,0.0,0.0,0,0.0,0.0,0,0.0,0,0.0,0.0,0.0,0.0,0.0,0.0,0.0,0.0,0.0,0.0,0.0,0.0,0.0,0.0,0.0,0.0,0.0,0.0,3.5,0.0,0.0,11.36,65.38,7.86,50.0,0.44,100.0,3.5,100.0,6.55,80.0,4.81,45.45,37.83,52.81,0.0,0.0,0.0,0.0,0.0,0.0,0.0,1.75,0.0,0.44,0.0,0.0,0.0,0.0,0.0,3.5,50.0,2,0.87,9,3.93,1,77.78,2.28,1.0,0.28,0.122,0.0,2.62,0.0,,,,0.0,0,0.0
Rowan Calder,Team 52,Team 52,RAMF,19,1900000,2028-12-31,1,13,0,0.0,0,0.0,,,Ghana,Ghana,right,177,72,yes,,,,,,,0.0,,,0.0,,0,,0,,,,0,,,0,,0,,,0.0,,,,,,,,,,,,,,,,,,,,,,,,,,,,,,,13.8,0.0,,,,,,,,,,,,,,,,,,0,,0,,0,0.0,0.0,,,,,,,,,,,0,0.0
Malcolm Beaumont,Team 52,Team 52,LB,18,1700000,2027-03-31,5,400,0,0.12,0,0.59,13.05,50.0,Wales,"Wales, Spain",left,175,75,yes,7.65,6.53,68.97,2.48,27.27,0.23,0.32,0.23,2.93,4.19,1.35,1,0.23,0,0.0,1.58,0.0,0,0.0,0.03,0,0.0,3,0.68,33.33,0.0,0.0,3.15,35.71,3.15,35.71,0.0,0.0,0.0,1.13,20.0,2.48,9.09,1.8,2.03,0.23,21.6,1.35,0.0,29.25,76.92,11.25,74.0,6.3,92.86,5.4,75.0,24.53,83.49,1.8,62.5,14.88,30.0,0.13,0.9,0.23,0.0,0.0,0.0,0.45,1.8,87.5,1.58,57.14,0.0,0.0,0.45,1.13,5.18,78.26,0,,0,,0,0.0,0.0,0.0,,,0.23,,,0.0,0.0,0.0,0.0,0,0.0
Tobias Sinclair,Team 52,Team 52,"RW, RAMF",18,4750000,2027-04-30,4,69,0,0.25,0,0.0,16.96,46.15,Italy,Italy,right,177,74,yes,6.52,3.91,100.0,1.3,0.0,0.0,0.0,0.0,2.61,6.67,1.3,0,0.0,0,0.0,2.61,0.0,0,0.0,0.32,0,0.0,1,1.3,0.0,0.0,0.0,1.3,0.0,0.0,0.0,1.3,0.0,0.0,5.22,50.0,10.43,37.5,0.0,0.0,0.0,18.26,1.3,1.3,23.48,66.67,1.3,0.0,7.83,66.67,6.52,80.0,22.17,70.59,0.0,0.0,13.46,0.0,0.0,0.0,0.0,0.0,0.0,0.0,0.0,1.3,0.0,1.3,0.0,0.0,0.0,0.0,0.0,0.0,0.0,0,,0,,0,0.0,0.0,0.0,,,0.0,,,0.0,0.0,0.0,0.0,0,0.0
Hugo Huntington,Team 52,Team 52,"RAMF, RW, RCMF",21,2500000,2030-12-31,18,1294,0,0.98,1,1.6,11.89,53.22,Denmark,Denmark,right,176,73,yes,5.43,3.76,64.81,1.81,53.85,0.21,0.28,0.28,2.78,3.7,0.49,2,0.14,0,0.0,1.6,0.0,0,0.0,0.07,0,0.0,11,0.77,18.18,0.0,0.07,1.25,33.33,0.56,50.0,0.63,22.22,0.28,1.95,53.57,5.22,44.0,2.09,2.23,0.42,29.56,0.7,1.32,38.32,84.75,9.67,79.86,8.35,90.83,10.71,86.36,35.61,87.3,1.46,66.67,13.97,15.84,0.11,1.39,0.14,0.0,0.07,0.0,0.63,3.27,87.23,2.16,70.97,0.28,0.0,1.11,0.42,4.73,73.53,0,,0,,0,0.0,0.0,0.0,,,0.07,,,0.28,0.0,0.0,0.9,0,0.0
Matthias Montague,Team 52,Team 52,"AMF, RW, LWF",22,3000000,2029-05-31,9,516,1,1.55,2,1.56,20.41,43.59,Denmark,Denmark,left,177,69,yes,5.93,6.1,48.57,1.4,25.0,0.0,0.0,0.17,2.97,4.32,1.57,1,0.17,0,0.0,3.84,0.17,1,0.17,0.27,0,0.0,12,2.09,33.33,8.333,0.35,2.27,15.38,1.57,11.11,0.7,25.0,0.52,4.01,69.57,10.81,45.16,3.49,2.79,0.35,27.91,0.52,1.22,35.41,81.77,7.33,76.19,8.2,93.62,11.69,83.58,32.44,88.17,0.87,0.0,15.99,13.71,0.27,2.09,0.0,0.0,0.0,0.0,1.05,2.79,62.5,2.09,50.0,0.0,0.0,1.57,0.7,4.53,65.38,0,,0,,0,0.0,0.0,0.0,,,0.0,,,0.17,0.0,0.0,1.92,0,0.0
Cillian Yardley,Team 52,Team 52,"RWF, RW",24,3250000,2028-12-31,2,83,0,0.1,0,0.0,9.76,44.44,Ecuador,"Ecuador, France",right,186,77,yes,3.25,2.17,50.0,2.17,0.0,1.08,2.5,0.0,1.08,2.5,0.0,0,0.0,0,0.0,1.08,0.0,0,0.0,0.11,0,0.0,3,3.25,0.0,0.0,0.0,3.25,0.0,0.0,0.0,3.25,0.0,0.0,2.17,50.0,5.42,60.0,2.17,0.0,0.0,27.11,2.17,2.17,36.87,67.65,8.67,62.5,10.84,100.0,15.18,50.0,31.45,79.31,2.17,0.0,16.25,21.15,0.0,1.08,0.0,0.0,0.0,0.0,0.0,7.59,71.43,7.59,0.0,0.0,0.0,0.0,0.0,3.25,33.33,0,,0,,0,0.0,0.0,0.0,,,1.08,,,0.0,0.0,0.0,0.0,0,0.0
Fabian Valen,Team 52,Team 52,"RCMF, RDMF, LDMF",30,2500000,2028-12-31,14,958,0,0.28,1,0.39,13.15,52.86,Slovenia,Slovenia,right,178,77,yes,7.99,7.05,62.67,1.78,31.58,0.47,0.65,0.38,3.1,4.3,1.6,0,0.0,0,0.0,1.13,0.0,0,0.0,0.03,0,0.0,6,0.56,0.0,0.0,0.09,0.66,42.86,0.19,0.0,0.47,60.0,0.0,1.13,66.67,3.66,43.59,0.66,0.47,0.0,27.62,0.09,0.75,38.8,80.39,15.78,75.0,4.04,88.37,12.87,85.4,34.38,85.79,3.85,36.59,17.72,35.78,0.04,0.19,0.0,0.09,0.19,50.0,0.28,6.67,70.42,1.22,38.46,0.28,0.0,0.56,0.28,7.52,71.25,0,,0,,0,0.0,0.0,0.0,,,0.19,,,0.0,0.0,0.0,0.0,0,0.0
Nathan Brecken,Team 52,Team 52,"CF, AMF, LCMF",34,4250000,2026-12-31,9,864,6,4.64,1,1.39,20.94,42.79,Portugal,Portugal,right,175,68,yes,2.71,2.92,46.43,1.15,45.45,0.1,0.16,0.0,1.25,1.88,1.25,6,0.63,0,0.0,4.27,0.63,4,0.42,0.48,0,0.0,32,3.33,40.63,18.75,0.1,0.83,37.5,0.52,60.0,0.31,0.0,0.1,4.58,52.27,15.52,41.61,4.69,3.54,0.31,33.23,1.04,4.06,37.4,75.21,13.65,70.23,6.25,95.0,8.85,77.65,33.75,77.16,2.92,60.71,15.59,33.23,0.14,1.56,0.21,0.1,0.21,100.0,0.52,5.52,66.04,4.48,53.49,0.73,57.14,2.29,0.31,6.35,91.8,0,,0,,0,0.0,0.0,0.0,,,0.0,,,1.67,0.42,25.0,3.65,2,100.0
Viktor Mercer,Team 52,Team 52,GK,25,2500000,2028-12-31,18,1838,0,0.1,0,0.0,0.49,90.0,Scotland,Scotland,right,192,85,yes,0.83,0.1,50.0,0.39,100.0,0.0,0.0,0.0,0.78,1.09,0.05,3,0.15,0,0.0,0.05,0.0,0,0.0,0.0,0,0.0,1,0.05,100.0,0.0,0.0,0.0,0.0,0.0,0.0,0.0,0.0,0.0,0.0,0.0,0.0,0.0,0.05,0.0,0.0,5.83,0.05,0.05,11.46,88.46,5.29,77.78,0.0,0.0,5.58,98.25,8.08,98.79,3.38,63.77,28.7,46.4,0.0,0.0,0.0,0.0,0.0,0.0,0.0,1.03,57.14,0.0,0.0,0.1,50.0,0.0,0.0,2.5,68.63,31,1.52,84,4.11,3,63.1,24.9,1.22,-6.1,-0.299,0.0,1.32,0.39,,,,0.0,0,0.0
Isaac Stansfield,Team 36,Team 36,"CB, LCB",32,10000000,46934,3,273,0,0.8,0,0.0,11.54,62.86,Belgium,"Belgium, Italy",right,190,83,yes,8.57,4.95,53.33,3.3,80.0,0.33,0.42,0.66,5.6,7.18,1.32,0,0.0,0,0.0,0.66,0.0,0,0.0,0.26,0,0.0,3,0.99,33.33,0.0,0.0,0.0,0.0,0.0,0.0,0.0,0.0,0.0,0.33,100.0,0.99,100.0,0.99,0.0,0.0,23.08,0.0,0.66,37.58,85.96,15.49,72.34,2.97,88.89,15.16,97.83,31.65,92.71,5.93,50.0,21.98,31.47,0.0,0.0,0.0,0.0,0.0,0.0,0.0,8.24,60.0,0.66,100.0,0.0,0.0,0.66,0.0,6.92,85.71,0,,0,,0,0.0,0.0,0.0,,,1.98,,,0.0,0.0,0.0,0.0,0,0.0
Damian Ellington,Team 36,Team 36,"RAMF, AMF, LAMF",23,7000000,47483,6,118,0,0.49,0,0.01,22.88,46.67,Chile,Chile,left,172,68,yes,6.86,6.1,62.5,0.0,0.0,0.0,0.0,0.0,3.05,8.0,0.0,0,0.0,0,0.0,5.34,0.0,0,0.0,0.37,0,0.0,5,3.81,40.0,0.0,0.0,2.29,0.0,0.0,0.0,2.29,0.0,0.76,6.1,62.5,14.49,36.84,6.1,0.0,0.0,29.75,0.76,1.53,37.37,83.67,3.81,60.0,13.73,94.44,11.44,93.33,32.8,93.02,2.29,33.33,20.61,8.27,0.01,0.76,0.0,0.0,0.76,0.0,0.0,0.76,100.0,2.29,66.67,0.76,0.0,2.29,0.0,4.58,83.33,0,,0,,0,0.0,0.0,0.0,,,0.76,,,0.0,0.0,0.0,0.76,0,0.0
Casper Carrington,Team 36,Team 36,"LCMF, DMF",25,7000000,47118,16,1450,0,0.24,0,1.25,11.98,56.99,Uruguay,Uruguay,right,178,77,yes,5.77,5.28,55.29,1.86,60.0,0.25,0.33,0.12,2.61,3.44,1.3,1,0.06,0,0.0,1.06,0.0,0,0.0,0.02,0,0.0,9,0.56,22.22,0.0,0.0,0.56,77.78,0.25,100.0,0.31,60.0,0.06,0.74,66.67,3.91,60.32,0.12,0.81,0.06,25.14,0.0,1.18,38.48,87.42,11.36,75.96,3.6,94.83,18.56,92.64,33.27,92.35,4.78,53.25,20.07,41.06,0.08,0.62,0.0,0.06,0.06,0.0,0.12,7.63,73.98,1.12,50.0,0.25,0.0,0.31,0.43,5.03,85.19,0,,0,,0,0.0,0.0,0.0,,,0.19,,,0.0,0.0,0.0,0.0,0,0.0
Malcolm Kensington,Team 36,Team 36,"RWB, RW, RB",27,7000000,47664,20,1644,1,2.33,3,1.27,18.83,45.64,United States,United States,right,181,75,yes,6.41,5.97,59.63,4.38,32.5,0.27,0.39,0.11,2.57,3.67,1.64,4,0.22,0,0.0,2.68,0.05,1,0.05,0.13,0,0.0,30,1.64,36.67,3.333,0.16,3.56,23.08,0.27,0.0,3.23,23.73,0.6,2.14,58.97,6.57,50.83,3.12,1.37,0.27,22.55,2.03,1.59,28.36,72.59,7.77,60.56,7.12,91.54,7.94,71.03,22.99,83.1,1.92,34.29,18.71,28.72,0.07,0.88,0.0,0.0,0.05,0.0,0.6,2.96,53.7,3.28,43.33,0.16,0.0,1.2,0.88,5.64,76.7,0,,0,,0,0.0,0.0,0.0,,,0.22,,,0.0,0.0,0.0,0.05,0,0.0
Isaac Garrison,Team 36,Team 36,"LCMF, LW",29,6000000,46387,10,221,0,0.04,0,0.0,11.81,58.62,United States,United States,left,179,79,yes,8.96,5.29,84.62,3.26,12.5,0.81,1.2,0.41,3.67,5.4,0.41,0,0.0,0,0.0,0.41,0.0,0,0.0,0.02,0,0.0,1,0.41,100.0,0.0,0.0,0.41,0.0,0.41,0.0,0.0,0.0,0.0,0.0,0.0,1.22,33.33,0.81,1.22,0.41,23.62,0.41,0.81,35.02,87.21,10.18,76.0,6.92,94.12,11.4,96.43,31.36,88.31,3.26,87.5,17.12,14.32,0.0,0.41,0.0,0.0,0.0,0.0,0.0,8.55,95.24,1.22,100.0,0.81,100.0,1.63,0.0,5.7,64.29,0,,0,,0,0.0,0.0,0.0,,,1.22,,,0.0,0.0,0.0,0.0,0,0.0
Sebastian Fenwick,Team 36,Team 36,"RCB, CB, LCB",29,5000000,46752,15,1269,1,1.43,0,0.08,12.7,59.22,Mexico,Mexico,right,187,78,yes,8.01,4.47,74.6,5.18,50.68,0.0,0.0,0.21,4.68,7.33,0.92,3,0.21,0,0.0,0.35,0.07,1,0.07,0.1,0,0.0,6,0.43,16.67,16.667,0.0,0.21,66.67,0.07,0.0,0.14,100.0,0.07,0.21,66.67,0.92,30.77,1.13,0.71,0.0,23.33,0.43,0.28,39.79,86.27,16.17,78.07,3.62,92.16,15.39,95.39,35.6,89.84,4.04,54.39,19.82,32.57,0.01,0.07,0.0,0.07,0.0,0.0,0.07,5.04,69.01,0.64,55.56,0.35,40.0,0.43,0.14,6.81,68.75,0,,0,,0,0.0,0.0,0.0,,,2.34,,,0.0,0.0,0.0,0.0,0,0.0
Arthur Calder,Team 36,Team 36,"AMF, CF, LCMF",35,4000000,46752,16,1183,3,3.05,0,2.38,13.47,44.63,Turkey,Turkey,right,177,70,yes,4.49,2.89,68.42,0.99,0.0,0.08,0.11,0.15,2.43,3.53,0.46,1,0.08,0,0.0,1.98,0.23,2,0.15,0.23,0,0.0,21,1.6,23.81,14.286,0.0,1.14,33.33,0.68,22.22,0.46,50.0,0.23,1.98,50.0,8.29,44.04,2.05,2.05,0.23,25.56,1.07,1.83,32.79,82.6,12.32,71.6,4.95,98.46,9.89,90.77,30.51,86.03,1.22,43.75,16.69,28.18,0.18,2.13,0.0,0.0,0.53,42.86,0.53,5.33,75.71,2.74,52.78,0.68,22.22,1.29,0.46,5.17,80.88,0,,0,,0,0.0,0.0,0.0,,,0.0,,,2.05,0.38,20.0,5.4,1,100.0
Kasper Thorne,Team 36,Team 36,GK,33,3500000,46387,11,1133,0,0.0,0,0.0,0.56,85.71,Nigeria,Nigeria,right,190,82,yes,1.11,0.24,100.0,0.32,75.0,0.0,0.0,0.0,0.87,1.33,0.0,1,0.08,0,0.0,0.0,0.0,0,0.0,0.0,0,0.0,0,0.0,0.0,0.0,0.0,0.0,0.0,0.0,0.0,0.0,0.0,0.0,0.0,0.0,0.0,0.0,0.0,0.0,0.0,9.29,0.4,0.08,17.0,86.92,12.47,82.8,0.0,0.0,4.29,100.0,9.45,98.32,7.55,72.63,35.91,50.17,0.0,0.0,0.0,0.0,0.0,0.0,0.0,2.14,70.37,0.32,0.0,0.24,0.0,0.0,0.0,6.35,78.75,11,0.87,32,2.54,3,65.63,8.65,0.69,-2.35,-0.187,0.0,1.03,0.32,,,,0.0,0,0.0
Callum Callow,Team 36,Team 36,GK,25,3000000,47118,10,963,0,0.0,0,0.0,0.37,100.0,Brazil,Brazil,right,193,90,yes,0.56,0.0,0.0,0.37,100.0,0.0,0.0,0.0,0.56,0.8,0.0,1,0.09,0,0.0,0.0,0.0,0,0.0,0.0,0,0.0,0,0.0,0.0,0.0,0.0,0.0,0.0,0.0,0.0,0.0,0.0,0.0,0.0,0.0,0.0,0.0,0.0,0.0,0.0,11.4,0.28,0.09,17.1,81.97,8.79,69.15,0.0,0.0,7.48,96.25,11.12,96.64,5.98,54.69,32.16,45.12,0.0,0.0,0.0,0.0,0.0,0.0,0.0,2.52,40.74,0.09,0.0,0.19,50.0,0.0,0.0,4.11,75.0,12,1.12,28,2.62,4,57.14,9.89,0.92,-2.11,-0.197,0.0,1.03,0.37,,,,0.0,0,0.0
Dominic Whitmore,Team 36,Team 36,CF,26,3000000,46752,20,1056,3,4.95,3,0.77,20.45,31.25,Sweden,Sweden,right,176,74,yes,2.81,3.07,41.67,5.97,22.86,0.09,0.12,0.09,1.45,2.02,1.62,1,0.09,0,0.0,1.02,0.26,3,0.26,0.42,0,0.0,23,1.96,43.48,13.043,0.26,0.26,33.33,0.09,0.0,0.17,50.0,0.0,0.26,33.33,6.99,34.15,3.32,0.0,0.09,9.46,1.53,1.79,16.11,69.84,4.43,57.69,4.6,79.63,3.92,67.39,15.77,70.27,0.17,50.0,13.55,3.59,0.07,0.51,0.17,0.0,0.0,0.0,0.43,1.88,50.0,1.02,41.67,0.0,0.0,0.51,0.09,1.28,80.0,0,,0,,0,0.0,0.0,0.0,,,0.0,,,0.0,0.0,0.0,0.0,0,0.0
Julian Thornton,Team 36,Team 36,"RCB, RB",25,2500000,46752,21,1897,0,0.53,0,2.25,14.9,58.28,Sweden,Sweden,right,175,77,yes,7.31,5.69,62.5,2.75,46.55,0.09,0.13,0.38,3.65,4.99,0.95,2,0.09,0,0.0,1.33,0.0,0,0.0,0.03,0,0.0,13,0.62,7.69,0.0,0.0,1.19,28.0,0.14,66.67,0.95,25.0,0.24,1.38,65.52,4.46,55.32,0.47,1.28,0.05,29.7,0.62,1.8,42.22,84.27,17.55,75.68,5.65,99.16,13.05,89.82,36.53,89.48,4.55,56.25,18.85,35.26,0.11,0.9,0.05,0.05,0.09,50.0,0.19,8.35,79.55,2.18,41.3,0.43,22.22,0.66,0.38,8.07,78.24,0,,0,,0,0.0,0.0,0.0,,,0.76,,,0.38,0.0,0.0,1.0,0,0.0
Julian Holbrook,Team 36,Team 36,CF,26,2500000,47118,1,17,0,0.0,0,0.0,,,Slovenia,Slovenia,left,173,66,yes,,,,,,,0.0,,,0.0,,0,,0,,,,0,,,0,,0,,,0.0,,,,,,,,,,,,,,,,,,,,,,,,,,,,,,,5.02,0.0,,,,,,,,,,,,,,,,,,0,,0,,0,0.0,0.0,,,,,,,,,,,0,0.0
Nikolai Thornton,Team 36,Team 36,"CF, AMF, LAMF",27,2200000,47483,20,1514,5,4.95,3,2.7,17.83,40.0,Paraguay,"Paraguay, Italy",right,170,71,yes,1.84,2.85,31.25,1.31,31.82,0.0,0.0,0.06,0.95,1.32,1.37,3,0.18,0,0.0,3.45,0.3,5,0.3,0.29,0,0.0,44,2.62,34.09,11.364,0.18,1.9,25.0,0.59,10.0,1.31,31.82,0.3,3.98,49.25,12.13,42.65,3.8,2.91,0.42,21.04,1.37,2.2,25.8,82.03,7.13,75.0,6.84,91.3,5.94,81.0,23.24,86.96,0.83,71.43,15.83,22.89,0.16,1.19,0.12,0.0,0.24,50.0,0.59,3.09,84.62,2.73,56.52,0.36,66.67,1.72,0.3,3.33,85.71,0,,0,,0,0.0,0.0,0.0,,,0.0,,,0.12,0.06,100.0,0.36,0,0.0
Theo Fletcher,Team 36,Team 36,"RB, RCB",26,2000000,47118,14,609,1,0.7,1,0.83,14.04,53.68,Colombia,Colombia,right,175,63,yes,9.31,6.8,71.74,2.66,33.33,0.59,0.98,0.3,3.84,6.39,1.33,1,0.15,0,0.0,2.51,0.15,1,0.15,0.1,0,0.0,11,1.63,36.36,9.091,0.15,5.91,20.0,0.15,0.0,5.76,20.51,1.18,1.33,55.56,3.4,47.83,1.92,0.89,0.0,31.03,1.77,0.3,40.94,72.56,13.3,73.33,5.17,85.71,15.96,73.15,31.33,83.49,3.84,61.54,19.24,23.64,0.12,0.74,0.15,0.0,0.3,0.0,0.59,6.5,70.45,5.62,42.11,0.44,0.0,1.18,1.18,9.75,81.82,0,,0,,0,0.0,0.0,0.0,,,0.74,,,0.0,0.0,0.0,0.15,0,0.0
Felix Mercer,Team 36,Team 36,"LW, LB, LWB",25,2000000,47118,18,1721,4,2.46,1,2.51,18.72,44.97,Slovenia,Slovenia,left,169,65,yes,7.27,7.64,48.63,1.73,39.39,0.21,0.29,0.05,3.35,4.56,1.93,6,0.31,1,0.05,4.13,0.21,4,0.21,0.13,0,0.0,42,2.2,30.95,9.524,0.05,4.24,37.04,4.24,37.04,0.0,0.0,0.21,2.98,61.4,7.48,44.76,2.25,2.04,0.37,23.38,1.46,1.05,32.06,71.13,11.4,62.39,4.65,91.01,10.72,72.2,24.84,80.21,3.24,46.77,18.61,29.09,0.13,1.15,0.05,0.0,0.05,100.0,0.84,3.77,72.22,4.08,46.15,0.21,50.0,1.26,1.36,6.59,70.63,0,,0,,0,0.0,0.0,0.0,,,0.21,,,0.21,0.05,0.0,0.21,0,0.0
Tobias Valen,Team 36,Team 36,"LCMF, LW",26,1500000,47483,7,286,0,0.48,0,0.0,17.62,46.43,Ecuador,"Ecuador, Spain",right,174,63,yes,7.55,9.13,58.62,2.2,28.57,0.0,0.0,0.0,2.2,3.56,1.89,0,0.0,0,0.0,1.26,0.0,0,0.0,0.15,0,0.0,4,1.26,25.0,0.0,0.0,0.63,50.0,0.0,0.0,0.63,50.0,0.0,0.94,33.33,4.09,30.77,0.94,0.94,0.0,24.86,0.31,0.63,33.04,85.71,9.13,75.86,7.55,91.67,7.87,92.0,31.15,86.87,1.26,75.0,14.71,11.71,0.0,0.0,0.0,0.0,0.31,100.0,0.0,4.09,76.92,0.63,50.0,0.31,100.0,0.0,0.31,3.78,91.67,0,,0,,0,0.0,0.0,0.0,,,0.31,,,0.0,0.0,0.0,0.31,0,0.0
Dominic Kessler,Team 36,Team 36,"LB, LWB",26,1200000,46752,13,987,0,0.6,0,0.64,12.67,54.68,Mexico,Mexico,left,181,75,yes,7.93,7.11,61.54,1.09,16.67,0.09,0.11,0.18,3.47,4.27,1.28,2,0.18,0,0.0,1.64,0.0,0,0.0,0.05,0,0.0,6,0.55,33.33,0.0,0.0,2.92,25.0,2.83,22.58,0.09,100.0,0.46,1.09,58.33,3.37,54.05,1.09,1.46,0.36,17.05,1.64,1.28,24.62,69.63,9.21,60.4,5.11,92.86,5.84,67.19,18.69,80.49,3.01,45.45,20.49,37.38,0.06,0.55,0.0,0.09,0.09,100.0,0.27,3.28,50.0,3.28,36.11,0.18,50.0,0.27,0.91,6.02,72.73,0,,0,,0,0.0,0.0,0.0,,,0.46,,,0.0,0.0,0.0,0.0,0,0.0
Alexander Irvine,Team 36,Team 36,LCB,31,1000000,46752,5,310,0,0.02,0,0.0,8.71,70.0,Italy,Italy,left,187,80,yes,7.84,4.06,78.57,3.48,66.67,0.0,0.0,0.58,4.65,6.23,0.0,0,0.0,0,0.0,0.0,0.0,0,0.0,0.0,0,0.0,1,0.29,0.0,0.0,0.0,0.29,0.0,0.29,0.0,0.0,0.0,0.29,0.0,0.0,0.58,0.0,0.58,0.29,0.0,25.55,0.0,0.0,38.9,80.6,19.16,69.7,3.48,91.67,12.48,90.7,31.65,90.83,6.97,37.5,17.49,23.26,0.0,0.0,0.0,0.0,0.0,0.0,0.0,5.52,47.37,1.16,25.0,0.0,0.0,0.29,0.29,8.42,72.41,0,,0,,0,0.0,0.0,0.0,,,1.45,,,0.0,0.0,0.0,0.0,0,0.0
Dominic Mercer,Team 36,Team 36,"RCMF, RDMF",29,1000000,46752,15,834,0,0.89,0,0.31,18.02,54.49,Mexico,Mexico,right,175,66,yes,9.17,8.42,55.13,2.16,50.0,0.76,1.11,0.54,3.78,5.56,2.05,4,0.43,0,0.0,2.16,0.0,0,0.0,0.1,0,0.0,12,1.29,41.67,0.0,0.0,1.19,36.36,0.0,0.0,1.19,36.36,0.11,2.05,57.89,7.01,56.92,1.51,2.37,0.22,30.11,0.76,1.62,42.3,85.97,13.38,78.23,5.61,88.46,14.78,90.51,38.31,89.01,2.81,65.38,16.43,23.37,0.03,0.86,0.0,0.0,0.22,0.0,0.22,6.8,87.3,2.05,31.58,0.43,25.0,0.54,0.43,6.26,72.41,0,,0,,0,0.0,0.0,0.0,,,0.32,,,0.0,0.0,0.0,0.11,0,0.0
Dominic Hayward,Team 36,Team 36,GK,24,800000,47483,9,912,0,0.0,0,0.0,0.49,60.0,Netherlands,Netherlands,right,193,88,yes,1.28,0.2,0.0,0.1,100.0,0.2,0.27,0.0,1.09,1.49,0.0,0,0.0,0,0.0,0.0,0.0,0,0.0,0.0,0,0.0,0,0.0,0.0,0.0,0.0,0.0,0.0,0.0,0.0,0.0,0.0,0.0,0.0,0.0,0.1,100.0,0.0,0.0,0.0,7.3,0.1,0.1,14.51,85.03,7.7,73.08,0.0,0.0,6.32,100.0,9.08,100.0,5.43,60.0,31.96,49.54,0.0,0.0,0.0,0.0,0.0,0.0,0.0,2.07,57.14,0.2,0.0,0.0,0.0,0.0,0.0,4.14,78.57,15,1.48,40,3.95,1,62.5,11.81,1.17,-3.19,-0.315,0.0,1.28,0.1,,,,0.0,0,0.0
Finnegan Vance,Team 36,Team 36,"LCMF, DMF, LDMF",29,700000,46387,8,386,1,0.22,0,0.03,14.69,52.38,Czech Republic,Czech Republic,right,179,69,yes,8.39,8.86,57.89,1.63,28.57,0.23,0.36,0.47,3.03,4.7,2.33,1,0.23,0,0.0,1.17,0.23,1,0.23,0.05,0,0.0,6,1.4,16.67,16.667,0.0,0.23,100.0,0.0,0.0,0.23,100.0,0.23,0.7,100.0,3.26,57.14,0.7,0.7,0.0,28.91,0.0,0.7,39.64,91.18,12.36,81.13,4.66,85.0,17.72,97.37,37.07,93.08,2.33,60.0,15.49,18.09,0.01,0.23,0.0,0.0,0.0,0.0,0.23,5.6,91.67,0.7,0.0,0.23,0.0,0.0,0.23,5.6,91.67,0,,0,,0,0.0,0.0,0.0,,,0.23,,,0.0,0.0,0.0,0.23,0,0.0
Emil Sinclair,Team 36,Team 36,"RCMF, RDMF",36,500000,46387,18,1128,0,1.62,1,1.69,9.18,49.57,Ghana,"Ghana, France",right,180,75,yes,5.19,4.87,54.1,1.6,40.0,0.08,0.1,0.4,2.47,3.13,1.52,0,0.0,0,0.0,0.88,0.0,0,0.0,0.13,0,0.0,18,1.44,22.22,0.0,0.08,1.28,25.0,0.16,0.0,1.12,28.57,0.16,0.24,100.0,1.99,44.0,1.6,0.56,0.0,21.3,0.48,0.48,30.32,79.21,11.25,68.79,4.23,90.57,9.65,85.12,25.45,87.46,3.67,39.13,19.08,30.58,0.13,1.12,0.0,0.0,0.0,0.0,0.48,5.43,67.65,1.6,40.0,0.4,40.0,0.56,0.32,4.71,76.27,0,,0,,0,0.0,0.0,0.0,,,0.08,,,1.28,0.16,100.0,2.15,0,0.0
Finn Halston,Team 36,Team 36,"CB, RCB",39,250000,46387,13,1263,1,1.24,0,0.02,10.19,60.14,Czech Republic,Czech Republic,right,181,85,yes,7.34,4.49,71.43,3.14,47.73,0.43,0.57,0.36,3.71,4.92,1.21,4,0.29,0,0.0,0.21,0.07,1,0.07,0.09,1,0.07,6,0.43,33.33,16.667,0.0,0.07,0.0,0.0,0.0,0.07,0.0,0.0,0.07,100.0,0.57,50.0,0.43,0.14,0.0,19.17,0.07,0.5,32.42,85.05,12.76,72.07,2.57,91.67,14.18,95.48,26.79,91.49,5.56,55.13,21.15,36.56,0.0,0.07,0.0,0.0,0.0,0.0,0.0,5.06,59.15,0.29,0.0,0.29,0.0,0.0,0.0,5.99,75.0,0,,0,,0,0.0,0.0,0.0,,,1.85,,,0.0,0.0,0.0,0.0,0,0.0
Gabriel Redmond,Team 36,Team 36,LCB,22,50000,47483,16,1364,0,0.28,0,0.02,12.34,58.82,Hungary,Hungary,left,182,74,yes,8.58,4.95,64.0,5.15,56.41,0.26,0.37,0.53,5.15,7.29,1.52,7,0.46,1,0.07,0.2,0.0,0,0.0,0.02,0,0.0,4,0.26,25.0,0.0,0.0,0.26,50.0,0.26,50.0,0.0,0.0,0.0,0.0,0.0,0.86,61.54,0.4,1.06,0.07,26.2,0.2,0.59,40.91,84.19,20.19,75.82,2.57,92.31,12.87,93.33,35.37,91.79,5.28,35.0,20.44,32.24,0.0,0.07,0.0,0.0,0.0,0.0,0.07,7.98,70.25,0.99,26.67,0.4,16.67,0.2,0.2,9.3,70.92,0,,0,,0,0.0,0.0,0.0,,,1.65,,,0.0,0.0,0.0,0.0,0,0.0
Graham Carrington,Team 36,Team 36,CF,20,1800000,,1,4,0,0.0,0,0.0,,,Greece,Greece,right,187,76,yes,,,,,,,0.0,,,0.0,,0,,0,,,,0,,,0,,0,,,0.0,,,,,,,,,,,,,,,,,,,,,,,,,,,,,,,11.26,0.0,,,,,,,,,,,,,,,,,,0,,0,,0,0.0,0.0,,,,,,,,,,,0,0.0
Alexander Garrison,Team 36,Team 36,AMF,18,1800000,47150,1,7,0,0.0,0,0.0,,,Portugal,"Portugal, France",right,180,74,yes,,,,,,,0.0,,,0.0,,0,,0,,,,0,,,0,,0,,,0.0,,,,,,,,,,,,,,,,,,,,,,,,,,,,,,,8.16,0.0,,,,,,,,,,,,,,,,,,0,,0,,0,0.0,0.0,,,,,,,,,,,0,0.0
Anton Linwood,Team 36,Team 36,AMF,17,1200000,47848,1,11,0,0.09,0,0.0,,,Austria,Austria,right,178,68,yes,,,,,,,0.0,,,0.0,,0,,0,,,,0,,,0,,1,,,0.0,,,,,,,,,,,,,,,,,,,,,,,,,,,,,,,6.16,0.0,,,,,,,,,,,,,,,,,,0,,0,,0,0.0,0.0,,,,,,,,,,,0,0.0
Noah Monroe,Team 36,Team 36,"RB, LW, LCMF",20,1000000,46752,8,366,0,0.35,0,0.26,17.95,42.47,Scotland,Scotland,right,177,73,yes,6.15,5.16,76.19,1.48,16.67,0.49,0.79,0.0,1.72,2.76,0.49,1,0.25,0,0.0,3.2,0.0,0,0.0,0.09,0,0.0,3,0.74,33.33,0.0,0.0,5.66,26.09,4.18,17.65,1.48,50.0,0.98,4.18,35.29,9.84,32.5,1.97,1.72,0.25,28.03,2.21,1.97,36.89,78.67,7.87,78.13,13.28,96.3,9.59,61.54,30.74,88.0,0.49,100.0,15.43,12.47,0.06,0.25,0.0,0.0,0.0,0.0,0.49,2.46,80.0,4.43,33.33,0.0,0.0,0.49,1.48,4.67,68.42,0,,0,,0,0.0,0.0,0.0,,,0.25,,,0.25,0.0,0.0,0.0,0,0.0
Magnus Beaumont,Team 32,Team 32,"RW, RAMF, RWF",26,10000000,2029-12-31,16,899,2,1.83,0,0.19,18.52,37.84,Switzerland,"Switzerland, Spain",left,175,70,yes,3.1,2.6,42.31,2.9,31.03,0.0,0.0,0.1,2.0,3.03,0.7,0,0.0,0,0.0,3.9,0.2,2,0.2,0.18,0,0.0,25,2.5,40.0,8.0,0.0,2.3,30.43,0.0,0.0,2.3,30.43,0.3,4.91,44.9,12.11,38.84,2.6,2.2,0.4,30.43,1.6,1.3,34.94,82.52,8.71,75.86,10.21,93.14,10.51,80.0,31.03,87.74,1.6,56.25,17.18,20.14,0.02,0.4,0.1,0.1,0.1,0.0,0.3,3.7,72.97,2.6,46.15,0.4,0.0,0.8,0.7,3.1,87.1,0,,0,,0,0.0,0.0,0.0,,,0.1,,,0.4,0.1,0.0,0.5,0,0.0
Nathan Winterbottom,Team 32,Team 32,"RCMF, LDMF, DMF",29,10000000,2029-12-31,2,151,0,0.16,0,0.0,10.73,50.0,Chile,Chile,right,178,74,yes,4.77,4.77,50.0,2.98,60.0,0.0,0.0,0.0,2.38,3.24,0.0,0,0.0,0,0.0,1.19,0.0,0,0.0,0.09,0,0.0,1,0.6,100.0,0.0,0.0,0.0,0.0,0.0,0.0,0.0,0.0,0.0,1.19,50.0,2.98,40.0,0.6,0.0,0.0,38.15,0.6,0.6,49.47,85.54,13.11,59.09,8.34,92.86,22.65,97.37,46.49,89.74,2.98,20.0,18.96,37.19,0.0,0.0,0.0,0.6,0.0,0.0,0.0,5.96,70.0,2.38,25.0,0.0,0.0,0.0,0.0,3.58,83.33,0,,0,,0,0.0,0.0,0.0,,,1.19,,,0.0,0.0,0.0,0.0,0,0.0
Dara Mercer,Team 32,Team 32,LB,29,5000000,2028-12-31,7,682,1,0.16,1,0.57,13.59,47.57,England,England,left,178,78,yes,8.84,6.86,53.85,1.06,25.0,0.53,0.71,0.26,4.62,6.18,1.45,1,0.13,0,0.0,1.45,0.13,1,0.13,0.02,0,0.0,5,0.66,60.0,20.0,0.13,1.98,33.33,1.72,30.77,0.26,50.0,0.0,0.66,60.0,4.22,50.0,0.26,1.58,0.4,32.6,1.72,1.58,39.85,81.13,14.12,71.96,7.26,96.36,12.01,81.32,31.94,88.84,5.94,55.56,21.28,38.6,0.07,0.79,0.0,0.13,0.0,0.0,0.53,8.18,70.97,2.64,50.0,0.79,50.0,0.53,0.53,8.97,79.41,0,,0,,0,0.0,0.0,0.0,,,0.4,,,0.92,0.26,100.0,1.98,0,0.0
Tristan Radcliffe,Team 32,Team 32,"LAMF, LW, LWF",26,5000000,2026-12-31,18,1300,1,1.89,3,1.86,12.39,50.84,Austria,Austria,right,170,66,yes,2.22,2.7,51.28,0.69,30.0,0.14,0.2,0.0,0.69,0.99,0.76,0,0.0,0,0.0,3.46,0.07,1,0.07,0.13,0,0.0,26,1.8,30.77,3.846,0.21,2.49,25.0,2.49,25.0,0.0,0.0,0.14,3.6,59.62,7.89,52.63,1.52,2.15,0.42,20.63,1.73,1.66,25.55,82.11,3.95,64.91,9.97,95.83,7.41,78.5,22.43,88.89,0.69,70.0,17.33,13.72,0.13,0.69,0.0,0.07,0.14,100.0,0.55,1.32,63.16,2.01,44.83,0.14,100.0,0.62,0.62,1.8,65.38,0,,0,,0,0.0,0.0,0.0,,,0.14,,,0.28,0.28,25.0,0.07,0,0.0
Matthias Calder,Team 32,Team 32,RB,30,4500000,2026-12-31,18,1587,0,0.52,3,3.66,13.5,53.78,Spain,Spain,right,174,70,yes,7.26,4.88,65.12,1.64,41.38,0.51,0.74,0.0,3.57,5.19,0.62,4,0.23,0,0.0,3.91,0.0,0,0.0,0.03,0,0.0,12,0.68,33.33,0.0,0.17,4.93,35.63,0.45,25.0,4.42,37.18,0.51,3.01,60.38,5.67,49.0,1.13,2.44,0.34,32.61,1.98,0.34,43.89,80.36,13.1,71.0,6.64,91.45,17.13,83.11,35.33,88.28,4.03,67.61,21.49,33.95,0.21,1.47,0.06,0.0,0.17,66.67,0.68,4.93,77.01,3.86,41.18,0.4,57.14,0.57,1.47,9.07,71.88,0,,0,,0,0.0,0.0,0.0,,,0.68,,,1.08,0.28,60.0,1.7,0,0.0
Milo Ashford,Team 32,Team 32,RB,29,4000000,2027-12-31,5,298,0,0.0,0,0.0,11.78,58.97,Uruguay,Uruguay,right,179,75,yes,7.55,6.04,55.0,1.21,75.0,0.3,0.39,0.3,3.93,5.13,1.81,0,0.0,0,0.0,2.42,0.0,0,0.0,0.0,0,0.0,1,0.3,0.0,0.0,0.0,1.51,40.0,0.0,0.0,1.51,40.0,0.0,2.42,75.0,3.93,61.54,0.3,2.72,0.6,25.37,1.21,0.6,32.32,87.85,11.17,75.68,7.25,100.0,8.76,89.66,27.18,94.44,3.62,58.33,18.03,29.91,0.0,0.0,0.0,0.0,0.0,0.0,0.0,4.53,73.33,1.51,40.0,0.91,0.0,0.0,0.6,4.53,80.0,0,,0,,0,0.0,0.0,0.0,,,0.91,,,0.0,0.0,0.0,0.0,0,0.0
Graham Arden,Team 32,Team 32,CF,31,4000000,2026-12-31,19,1729,10,6.21,0,0.03,14.31,32.36,Sweden,Sweden,left,190,84,yes,1.3,1.93,40.54,3.18,42.62,0.0,0.0,0.0,0.52,0.73,1.3,4,0.21,0,0.0,1.3,0.52,9,0.47,0.32,3,0.16,35,1.82,57.14,28.571,0.0,0.26,0.0,0.16,0.0,0.1,0.0,0.05,0.78,33.33,5.99,28.7,1.98,0.31,0.0,4.32,0.73,0.99,7.08,73.53,1.72,54.55,2.19,90.48,1.41,81.48,6.66,76.56,0.16,66.67,13.48,6.51,0.0,0.05,0.0,0.0,0.05,0.0,0.0,0.57,63.64,0.78,26.67,0.05,0.0,0.1,0.0,0.52,60.0,0,,0,,0,0.0,0.0,0.0,,,0.0,,,0.0,0.0,0.0,0.0,1,100.0
Matthias Brecken,Team 32,Team 32,LB,28,3500000,2028-12-31,8,531,0,0.22,0,0.12,15.76,47.31,Ireland,Ireland,left,184,78,yes,9.32,7.46,56.82,1.02,33.33,0.34,0.47,0.0,4.75,6.56,0.34,0,0.0,0,0.0,1.86,0.0,0,0.0,0.04,0,0.0,3,0.51,0.0,0.0,0.0,3.56,23.81,3.56,23.81,0.0,0.0,0.51,1.86,54.55,5.42,31.25,1.36,2.2,0.34,29.32,2.54,0.68,41.02,82.64,11.86,80.0,7.97,93.62,14.41,81.18,35.08,90.82,2.54,46.67,16.64,19.7,0.02,0.34,0.0,0.0,0.0,0.0,0.51,4.24,76.0,3.22,26.32,0.17,100.0,0.34,0.68,6.78,72.5,0,,0,,0,0.0,0.0,0.0,,,0.34,,,0.0,0.0,0.0,0.0,0,0.0
Julian Crestwood,Team 32,Team 32,"AMF, CF",35,3200000,2027-12-31,13,489,0,0.32,0,0.12,12.33,46.27,United States,"United States, France",right,177,73,yes,2.58,2.02,45.45,3.13,41.18,0.0,0.0,0.0,1.66,2.65,1.29,0,0.0,0,0.0,1.29,0.0,0,0.0,0.06,0,0.0,3,0.55,33.33,0.0,0.0,0.37,50.0,0.37,50.0,0.0,0.0,0.0,1.84,50.0,4.79,53.85,2.58,0.37,0.0,7.55,0.55,0.92,14.17,74.03,3.87,76.19,4.42,87.5,2.94,81.25,13.62,74.32,0.18,100.0,16.29,2.09,0.02,0.55,0.18,0.0,0.0,0.0,0.18,1.47,75.0,0.18,100.0,0.0,0.0,0.0,0.18,1.47,75.0,0,,0,,0,0.0,0.0,0.0,,,0.0,,,0.0,0.0,0.0,0.0,0,0.0
Magnus Irvine,Team 32,Team 32,RCB,34,3000000,2027-06-30,7,676,0,0.1,0,0.0,5.86,79.55,Japan,Japan,right,189,88,yes,6.39,3.59,70.37,1.6,100.0,0.0,0.0,0.13,3.86,5.18,0.27,0,0.0,0,0.0,0.13,0.0,0,0.0,0.01,0,0.0,1,0.13,0.0,0.0,0.0,0.27,50.0,0.0,0.0,0.27,50.0,0.0,0.0,0.0,0.13,100.0,0.13,0.13,0.0,34.35,0.13,0.13,47.4,86.52,21.3,74.38,1.73,100.0,21.43,97.52,41.01,92.21,6.12,50.0,21.41,36.07,0.0,0.0,0.0,0.0,0.0,0.0,0.0,5.06,60.53,0.4,33.33,0.13,0.0,0.0,0.13,10.52,75.95,0,,0,,0,0.0,0.0,0.0,,,1.6,,,0.0,0.0,0.0,0.0,0,0.0
Arthur Mercer,Team 32,Team 32,"LCMF, AMF, LW",37,3000000,2026-12-31,9,445,0,0.49,0,0.42,9.51,51.06,Slovakia,Slovakia,right,175,77,yes,3.24,2.02,70.0,0.61,66.67,0.2,0.31,0.0,1.62,2.47,0.2,0,0.0,0,0.0,1.82,0.0,0,0.0,0.1,0,0.0,7,1.42,14.29,0.0,0.0,1.01,20.0,0.81,25.0,0.0,0.0,0.0,2.83,50.0,6.07,43.33,1.01,5.87,1.21,33.17,0.2,1.62,40.65,88.06,9.1,80.0,11.93,96.61,12.13,83.33,38.63,91.1,1.01,40.0,17.11,16.56,0.09,1.01,0.0,0.2,0.0,0.0,0.2,4.25,85.71,1.62,50.0,0.0,0.0,0.81,0.2,4.04,75.0,0,,0,,0,0.0,0.0,0.0,,,0.61,,,2.43,0.4,0.0,2.83,0,0.0
Stefan Redmond,Team 32,Team 32,"RCB, CB",23,3000000,2027-12-31,13,1210,0,1.09,2,0.22,9.52,60.94,France,France,right,191,77,yes,6.62,3.94,52.83,4.17,67.86,0.07,0.1,0.45,4.46,6.14,1.12,5,0.37,0,0.0,0.07,0.0,0,0.0,0.08,0,0.0,6,0.45,0.0,0.0,0.15,0.22,33.33,0.0,0.0,0.22,33.33,0.0,0.15,0.0,0.45,50.0,0.89,0.52,0.15,30.2,0.3,0.15,42.4,90.35,15.92,83.18,1.56,95.24,20.9,97.51,38.01,93.74,4.17,62.5,20.92,38.03,0.02,0.22,0.0,0.0,0.0,0.0,0.22,4.02,83.33,0.15,0.0,0.07,100.0,0.07,0.07,8.48,74.56,0,,0,,0,0.0,0.0,0.0,,,1.19,,,0.0,0.0,0.0,0.0,0,0.0
Graham Ellwood,Team 32,Team 32,LW,28,2500000,,1,19,0,0.01,1,0.02,,,Turkey,Turkey,right,174,81,yes,,,,,,,0.0,,,0.0,,0,,0,,,,0,,,0,,1,,,0.0,,,,,,,,,,,,,,,,,,,,,,,,,,,,,,,16.98,54.69,,,,,,,,,,,,,,,,,,0,,0,,0,0.0,0.0,,,,,,,,,,,0,0.0
Owen Hayward,Team 32,Team 32,GK,38,2000000,2028-12-31,18,1847,0,0.0,1,0.0,0.73,80.0,Slovakia,Slovakia,right,189,85,yes,0.97,0.15,66.67,0.24,80.0,0.0,0.0,0.0,0.88,1.24,0.05,1,0.05,0,0.0,0.0,0.0,0,0.0,0.0,0,0.0,0,0.0,0.0,0.0,0.05,0.0,0.0,0.0,0.0,0.0,0.0,0.0,0.0,0.0,0.19,100.0,0.0,0.0,0.0,11.4,0.34,0.24,18.96,82.01,10.62,69.27,0.0,0.0,7.8,98.13,11.74,98.34,7.21,55.41,34.26,53.01,0.0,0.0,0.0,0.0,0.0,0.0,0.0,2.73,35.71,0.1,0.0,0.05,100.0,0.0,0.0,4.92,77.23,22,1.07,76,3.7,5,71.05,27.21,1.33,5.21,0.254,0.0,1.51,0.24,,,,0.0,0,0.0
Oscar Hawthorne,Team 32,Team 32,GK,26,1700000,2029-12-31,1,101,0,0.0,0,0.0,0.0,0.0,Finland,"Finland, Spain",right,192,74,yes,0.89,0.0,0.0,0.0,0.0,0.0,0.0,0.0,0.89,1.15,0.0,0,0.0,0,0.0,0.0,0.0,0,0.0,0.0,0,0.0,0,0.0,0.0,0.0,0.0,0.0,0.0,0.0,0.0,0.0,0.0,0.0,0.0,0.0,0.0,0.0,0.0,0.0,0.0,15.15,0.89,0.0,24.06,81.48,12.48,64.29,0.0,0.0,10.69,100.0,16.93,100.0,7.13,37.5,26.87,41.94,0.0,0.0,0.0,0.0,0.0,0.0,0.0,1.78,0.0,0.0,0.0,0.0,0.0,0.0,0.0,3.56,50.0,1,0.89,3,2.67,0,66.67,0.95,0.85,-0.05,-0.045,0.0,0.89,0.0,,,,0.0,0,0.0
Julian Carrington,Team 32,Team 32,"LCB, RCB, CB",27,1500000,2028-12-31,9,785,0,0.22,0,0.0,8.25,52.78,Slovakia,"Slovakia, Italy",left,186,76,yes,6.42,4.93,53.49,2.29,55.0,0.11,0.16,0.23,3.67,5.19,1.15,2,0.23,1,0.11,0.0,0.0,0,0.0,0.03,0,0.0,1,0.11,0.0,0.0,0.0,0.0,0.0,0.0,0.0,0.0,0.0,0.0,0.0,0.0,0.23,50.0,0.11,0.11,0.0,34.05,1.03,0.23,47.12,91.24,18.92,84.85,2.18,100.0,21.44,96.26,42.42,95.41,4.7,53.66,21.06,37.14,0.0,0.0,0.0,0.0,0.0,0.0,0.0,4.24,70.27,0.11,0.0,0.23,0.0,0.0,0.0,7.34,71.88,0,,0,,0,0.0,0.0,0.0,,,1.72,,,0.0,0.0,0.0,0.0,0,0.0
Colin Winslow,Team 32,Team 32,LCB,35,800000,2027-12-31,2,201,0,0.32,0,0.0,9.85,45.45,Ireland,Ireland,left,183,75,yes,8.06,5.82,46.15,1.34,66.67,0.0,0.0,0.9,5.37,7.5,1.79,1,0.45,0,0.0,0.45,0.0,0,0.0,0.14,0,0.0,2,0.9,0.0,0.0,0.0,0.0,0.0,0.0,0.0,0.0,0.0,0.0,0.9,50.0,2.24,40.0,1.34,0.0,0.0,42.99,0.9,0.45,55.52,90.32,17.46,74.36,1.79,100.0,34.03,97.37,50.15,97.32,5.37,25.0,20.65,40.46,0.0,0.0,0.0,0.0,0.0,0.0,0.0,2.24,40.0,0.45,0.0,0.0,0.0,0.0,0.0,4.03,55.56,0,,0,,0,0.0,0.0,0.0,,,1.79,,,0.0,0.0,0.0,0.0,0,0.0
Marcus Linwood,Team 32,Team 32,"LDMF, RDMF, RCMF",30,700000,2026-12-31,6,219,0,0.03,0,0.0,9.45,30.43,Norway,Norway,right,169,67,yes,5.34,5.75,42.86,0.82,0.0,0.41,0.54,0.0,2.47,3.21,2.05,2,0.82,0,0.0,0.41,0.0,0,0.0,0.01,0,0.0,2,0.82,0.0,0.0,0.0,0.0,0.0,0.0,0.0,0.0,0.0,0.0,0.41,100.0,1.23,33.33,0.41,1.64,0.0,20.55,0.0,0.41,29.59,93.06,8.22,90.0,2.88,85.71,12.74,93.55,28.77,94.29,0.82,50.0,14.35,12.71,0.0,0.0,0.0,0.0,0.0,0.0,0.0,4.93,91.67,0.41,100.0,0.0,0.0,0.0,0.0,4.52,81.82,0,,0,,0,0.0,0.0,0.0,,,0.41,,,0.0,0.0,0.0,0.0,0,0.0
Dominic Barton,Team 32,Team 32,"RB, RWB",37,600000,2026-12-31,5,177,0,0.01,0,0.06,11.69,39.13,England,England,right,176,68,yes,5.59,3.56,42.86,3.56,28.57,0.0,0.0,0.0,4.07,5.45,0.51,0,0.0,0,0.0,1.53,0.0,0,0.0,0.01,0,0.0,1,0.51,0.0,0.0,0.0,2.03,50.0,0.0,0.0,2.03,50.0,0.51,0.51,100.0,3.56,57.14,1.02,2.54,0.0,33.56,2.03,0.51,44.24,77.01,25.93,66.67,2.54,100.0,13.73,88.89,35.59,88.57,6.61,23.08,19.64,31.01,0.03,1.02,0.0,0.0,0.0,0.0,0.51,8.64,52.94,4.07,50.0,0.51,0.0,1.02,1.02,11.69,65.22,0,,0,,0,0.0,0.0,0.0,,,1.02,,,0.0,0.0,0.0,0.0,0,0.0
Leo Westlake,Team 32,Team 32,"DMF, LCMF, RCMF",24,400000,2028-12-31,14,1147,0,0.26,1,0.27,11.46,59.59,Wales,Wales,right,185,78,yes,8.0,4.55,62.07,1.41,83.33,0.47,0.63,0.39,4.71,6.25,1.41,2,0.16,0,0.0,0.47,0.0,0,0.0,0.02,0,0.0,5,0.39,40.0,0.0,0.08,0.24,0.0,0.0,0.0,0.24,0.0,0.0,0.47,66.67,3.92,54.0,0.39,0.39,0.0,30.99,0.24,1.26,42.53,88.19,12.95,76.97,4.16,98.11,19.93,94.49,38.45,91.02,3.84,65.31,19.15,33.21,0.02,0.39,0.0,0.0,0.0,0.0,0.16,7.53,79.17,0.78,70.0,0.24,66.67,0.55,0.0,6.9,76.14,0,,0,,0,0.0,0.0,0.0,,,0.78,,,0.0,0.0,0.0,0.0,0,0.0
Finn Ashford,Team 32,Team 32,RWF,18,250000,2028-12-31,2,46,0,0.04,0,0.35,19.57,20.0,Turkey,"Turkey, Italy",right,180,76,yes,1.96,5.87,33.33,0.0,0.0,0.0,0.0,0.0,0.0,0.0,1.96,0,0.0,0,0.0,5.87,0.0,0,0.0,0.07,0,0.0,1,1.96,100.0,0.0,0.0,7.83,25.0,0.0,0.0,7.83,25.0,1.96,9.78,20.0,11.74,16.67,3.91,1.96,0.0,17.61,1.96,0.0,23.48,75.0,1.96,0.0,3.91,100.0,13.7,85.71,13.7,100.0,1.96,100.0,25.83,21.11,0.68,1.96,0.0,0.0,0.0,0.0,1.96,0.0,0.0,3.91,0.0,0.0,0.0,0.0,1.96,1.96,100.0,0,,0,,0,0.0,0.0,0.0,,,0.0,,,0.0,0.0,0.0,0.0,0,0.0
Henry Ashford,Team 32,Team 32,LCMF,18,1500000,2027-07-13,1,31,0,0.0,0,0.0,,,Hungary,Hungary,right,179,73,yes,,,,,,,0.0,,,0.0,,0,,0,,,,0,,,0,,0,,,0.0,,,,,,,,,,,,,,,,,,,,,,,,,,,,,,,22.74,36.41,,,,,,,,,,,,,,,,,,0,,0,,0,0.0,0.0,,,,,,,,,,,0,0.0
Rowan Kessler,Team 32,Team 32,"RDMF, RCMF, DMF",21,2100000,2029-12-31,11,820,0,0.62,0,0.07,14.16,51.94,Ghana,Ghana,right,183,73,yes,9.0,7.02,54.69,2.3,61.9,0.22,0.31,0.22,4.94,6.89,2.3,3,0.33,0,0.0,0.22,0.0,0,0.0,0.07,0,0.0,6,0.66,16.67,0.0,0.0,0.0,0.0,0.0,0.0,0.0,0.0,0.0,0.11,100.0,3.51,40.63,0.99,0.22,0.0,17.45,0.0,1.1,27.99,84.71,7.79,66.2,4.61,92.86,12.51,93.86,27.22,85.89,0.77,42.86,15.12,14.79,0.01,0.11,0.0,0.0,0.0,0.0,0.11,3.07,71.43,0.0,0.0,0.0,0.0,0.0,0.0,3.18,58.62,0,,0,,0,0.0,0.0,0.0,,,0.44,,,0.0,0.0,0.0,0.0,0,0.0
Erik Crestwood,Team 32,Team 32,"LCMF, AMF, RCMF",22,1400000,,7,369,0,0.03,0,0.15,15.61,39.06,Paraguay,Paraguay,right,178,71,yes,3.9,4.39,55.56,0.73,0.0,0.24,0.34,0.0,1.22,1.72,1.71,1,0.24,0,0.0,1.22,0.0,0,0.0,0.01,0,0.0,2,0.49,0.0,0.0,0.0,0.0,0.0,0.0,0.0,0.0,0.0,0.0,3.17,38.46,9.27,36.84,0.0,2.2,0.0,25.61,0.73,2.2,32.2,92.42,8.78,80.56,8.29,97.06,9.02,97.3,31.22,92.97,0.98,75.0,14.98,14.36,0.04,0.49,0.0,0.0,0.0,0.0,0.0,4.15,88.24,1.46,83.33,0.0,0.0,0.49,0.0,3.41,92.86,0,,0,,0,0.0,0.0,0.0,,,0.0,,,0.0,0.0,0.0,0.0,0,0.0
Quinn Zimmerman,Team 32,Team 32,RCB,18,1400000,2028-05-31,2,200,0,0.0,0,0.0,5.85,30.77,Greece,Greece,right,186,78,yes,5.85,4.5,30.0,1.35,33.33,0.0,0.0,1.35,4.5,5.77,0.9,0,0.0,0,0.0,0.0,0.0,0,0.0,0.0,0,0.0,0,0.0,0.0,0.0,0.0,0.0,0.0,0.0,0.0,0.0,0.0,0.0,0.0,0.0,0.0,0.0,0.0,0.45,0.0,28.8,0.45,0.0,40.05,91.01,11.25,76.0,4.05,100.0,20.7,95.65,36.0,96.25,4.05,44.44,19.33,35.48,0.0,0.0,0.0,0.0,0.0,0.0,0.0,1.8,75.0,0.45,100.0,0.0,0.0,0.45,0.0,4.95,63.64,0,,0,,0,0.0,0.0,0.0,,,3.6,,,0.0,0.0,0.0,0.0,0,0.0
Erik Huntington,Team 32,Team 32,"DMF, RDMF, RCMF",19,2800000,2027-12-31,3,66,0,0.0,0,0.0,12.27,44.44,Poland,Poland,right,177,66,yes,8.18,4.09,33.33,2.73,50.0,1.36,3.33,0.0,5.45,13.33,4.09,1,1.36,1,1.36,0.0,0.0,0,0.0,0.0,0,0.0,0,0.0,0.0,0.0,0.0,0.0,0.0,0.0,0.0,0.0,0.0,0.0,1.36,0.0,5.45,50.0,0.0,4.09,0.0,46.36,2.73,2.73,58.64,90.7,12.27,66.67,15.0,100.0,19.09,100.0,57.27,92.86,1.36,0.0,16.05,16.51,0.0,0.0,0.0,0.0,0.0,0.0,0.0,8.18,66.67,0.0,0.0,0.0,0.0,0.0,0.0,4.09,66.67,0,,0,,0,0.0,0.0,0.0,,,0.0,,,0.0,0.0,0.0,0.0,0,0.0
Jasper Whitmore,Team 32,Team 32,"AMF, LWF, LAMF",18,2400000,2027-06-30,15,792,2,1.67,0,0.14,21.82,40.1,Colombia,Colombia,right,175,73,yes,4.32,4.2,48.65,1.48,23.08,0.11,0.17,0.0,2.16,3.22,1.02,2,0.23,0,0.0,2.16,0.23,2,0.23,0.19,0,0.0,12,1.36,33.33,16.667,0.0,0.45,0.0,0.23,0.0,0.11,0.0,0.0,4.09,41.67,13.52,36.97,1.93,2.5,0.34,13.07,1.25,2.16,17.95,69.62,5.11,64.44,5.68,84.0,3.75,60.61,16.25,74.13,1.25,36.36,14.17,20.14,0.02,0.45,0.0,0.0,0.11,0.0,0.23,2.73,62.5,0.8,14.29,0.23,0.0,0.23,0.0,2.05,44.44,0,,0,,0,0.0,0.0,0.0,,,0.11,,,0.0,0.0,0.0,0.34,0,0.0
Simon Faulkner,Team 32,Team 32,RB,22,1200000,2026-12-31,1,28,1,0.02,0,0.0,,,Belgium,Belgium,right,180,76,yes,,,,,,,0.0,,,15.0,,0,,0,,,,1,,,0,,2,,,50.0,,,,,,,,,,,,,,,,,,,,,,,,,,,,,,,15.47,51.99,,,,,,,,,,,,,,,,,,0,,0,,0,0.0,0.0,,,,,,,,,,,0,0.0
Quinn Yardley,Team 32,Team 32,GK,23,1600000,2027-12-31,1,83,0,0.0,0,0.0,2.17,50.0,Cameroon,Cameroon,right,201,89,yes,1.08,1.08,0.0,1.08,100.0,0.0,0.0,0.0,1.08,1.67,1.08,0,0.0,1,1.08,0.0,0.0,0,0.0,0.0,0,0.0,0,0.0,0.0,0.0,0.0,0.0,0.0,0.0,0.0,0.0,0.0,0.0,0.0,0.0,0.0,0.0,0.0,0.0,0.0,4.34,1.08,1.08,15.18,92.86,4.34,100.0,0.0,0.0,7.59,85.71,13.01,100.0,2.17,50.0,19.77,11.09,0.0,0.0,0.0,0.0,0.0,0.0,0.0,0.0,0.0,0.0,0.0,0.0,0.0,0.0,0.0,1.08,0.0,3,3.25,8,8.67,0,62.5,2.28,2.47,-0.72,-0.781,0.0,2.17,1.08,,,,0.0,0,0.0
Declan Hensley,Team 32,Team 32,"RCMF, LCMF",24,2800000,2029-12-31,13,1003,2,2.06,0,0.28,15.25,42.94,Turkey,Turkey,right,180,80,yes,6.01,4.76,54.72,2.78,38.71,0.72,1.07,0.18,2.69,4.0,1.62,2,0.18,0,0.0,0.72,0.18,2,0.18,0.19,1,0.09,10,0.9,40.0,20.0,0.0,0.54,0.0,0.18,0.0,0.27,0.0,0.18,0.72,37.5,5.83,38.46,0.9,0.54,0.09,19.2,0.72,1.26,27.64,83.77,7.63,68.24,5.2,96.55,9.78,88.07,24.95,87.05,2.24,64.0,18.1,23.33,0.02,0.36,0.18,0.0,0.09,100.0,0.0,4.31,72.92,1.35,33.33,0.54,50.0,0.27,0.09,3.41,71.05,0,,0,,0,0.0,0.0,0.0,,,0.18,,,0.0,0.0,0.0,0.0,0,0.0
Alexander Calder,Team 32,Team 32,"RWF, RAMF, RW",27,3750000,2028-12-31,18,975,0,1.56,2,0.56,19.85,45.12,South Korea,South Korea,right,170,59,yes,5.35,6.55,53.52,0.46,0.0,0.0,0.0,0.18,1.85,2.64,1.38,3,0.28,0,0.0,3.51,0.0,0,0.0,0.14,0,0.0,13,1.2,23.08,0.0,0.18,4.98,16.67,0.28,0.0,4.62,16.0,0.46,5.35,44.83,11.45,45.16,1.85,3.88,0.55,19.11,1.57,2.31,22.62,63.67,4.98,53.7,6.83,93.24,6.83,43.24,16.8,77.47,1.2,53.85,20.26,24.35,0.05,0.55,0.09,0.0,0.0,0.0,0.46,1.38,60.0,4.52,26.53,0.09,100.0,0.37,0.92,3.42,59.46,0,,0,,0,0.0,0.0,0.0,,,0.0,,,0.0,0.0,0.0,0.09,0,0.0
Adrian Westlake,Team 55,Team 55,LB,25,7000000,2028-12-31,14,924,0,0.42,0,0.9,11.1,47.37,Denmark,Denmark,left,175,64,yes,6.72,5.45,55.36,1.75,50.0,0.1,0.14,0.29,3.6,5.09,0.88,0,0.0,0,0.0,3.12,0.0,0,0.0,0.04,0,0.0,6,0.58,33.33,0.0,0.0,5.06,42.31,4.97,43.14,0.1,0.0,0.49,1.46,53.33,2.63,37.04,1.17,2.24,0.29,32.14,2.63,0.29,41.79,82.28,11.49,77.12,8.96,93.48,13.73,78.01,33.6,90.43,3.51,55.56,18.03,36.11,0.09,0.88,0.0,0.0,0.0,0.0,0.68,3.99,82.93,4.29,56.82,0.1,0.0,0.39,2.14,7.4,73.68,0,,0,,0,0.0,0.0,0.0,,,0.0,,,0.49,0.0,0.0,1.36,0,0.0
Stefan Thorne,Team 55,Team 55,"CF, AMF, RW",26,7000000,2029-12-31,14,686,1,3.37,0,0.58,14.96,32.46,Serbia,Serbia,right,175,70,yes,3.02,2.89,63.64,5.77,15.91,0.0,0.0,0.39,1.18,2.03,0.79,1,0.13,0,0.0,1.31,0.13,1,0.13,0.44,0,0.0,17,2.23,35.29,5.882,0.0,0.39,33.33,0.0,0.0,0.39,33.33,0.26,0.52,75.0,5.38,36.59,3.41,0.13,0.0,13.25,0.92,1.44,19.02,86.21,3.28,64.0,6.03,97.83,5.38,87.8,17.71,88.15,1.05,75.0,15.06,10.83,0.08,1.18,0.13,0.0,0.0,0.0,0.26,1.97,93.33,0.13,100.0,0.0,0.0,0.92,0.0,1.71,76.92,0,,0,,0,0.0,0.0,0.0,,,0.0,,,0.0,0.0,0.0,0.13,0,0.0
Noah Holbrook,Team 55,Team 55,RCB,27,6000000,2028-06-30,10,998,0,0.57,1,0.74,10.1,61.61,Denmark,Denmark,right,179,81,yes,6.49,4.78,58.49,2.53,75.0,0.18,0.28,0.18,3.52,5.44,1.17,1,0.09,1,0.09,0.81,0.0,0,0.0,0.05,0,0.0,3,0.27,33.33,0.0,0.09,0.81,44.44,0.0,0.0,0.81,44.44,0.09,0.36,100.0,1.17,61.54,0.36,1.35,0.0,35.35,0.45,0.27,50.14,91.91,21.37,86.5,3.52,87.18,19.84,96.82,46.98,94.63,2.43,55.56,17.41,34.39,0.07,0.45,0.0,0.0,0.0,0.0,0.18,7.39,91.46,1.08,58.33,0.0,0.0,0.36,0.27,7.94,77.27,0,,0,,0,0.0,0.0,0.0,,,1.53,,,0.0,0.0,0.0,0.0,0,0.0
Jasper Hawthorne,Team 55,Team 55,GK,31,5500000,2030-12-31,20,2027,0,0.0,0,0.0,0.31,71.43,England,England,right,188,82,yes,0.98,0.04,0.0,0.22,100.0,0.0,0.0,0.0,0.98,1.42,0.04,1,0.04,0,0.0,0.0,0.0,0,0.0,0.0,0,0.0,0,0.0,0.0,0.0,0.0,0.0,0.0,0.0,0.0,0.0,0.0,0.0,0.0,0.0,0.04,0.0,0.0,0.0,0.0,8.7,0.04,0.04,14.7,83.69,7.15,68.94,0.0,0.0,6.88,98.06,9.68,97.25,5.02,57.52,30.95,47.98,0.0,0.0,0.0,0.0,0.0,0.0,0.0,1.2,66.67,0.0,0.0,0.0,0.0,0.0,0.0,3.91,65.91,31,1.38,90,4.0,1,65.56,26.75,1.19,-4.25,-0.189,0.0,1.15,0.22,,,,0.0,0,0.0
Soren Sterling,Team 55,Team 55,"RAMF, RW",25,4500000,2027-12-31,10,587,0,0.55,0,1.18,17.33,53.1,Italy,"Italy, Portugal",left,171,64,yes,5.21,4.45,62.07,1.38,22.22,0.31,0.5,0.0,2.15,3.47,0.61,0,0.0,0,0.0,5.52,0.0,0,0.0,0.08,0,0.0,17,2.61,23.53,0.0,0.0,1.53,50.0,0.31,0.0,1.23,62.5,0.46,5.21,67.65,9.97,56.92,1.38,3.22,0.31,33.27,1.07,1.23,42.01,86.13,12.27,78.75,9.2,93.33,10.58,85.51,39.86,88.08,0.61,50.0,14.59,12.21,0.18,0.92,0.0,0.0,1.07,57.14,0.77,5.06,78.79,3.37,59.09,1.07,57.14,1.38,0.46,5.21,88.24,0,,0,,0,0.0,0.0,0.0,,,0.31,,,0.0,0.0,0.0,0.31,0,0.0
Nathan Oakley,Team 55,Team 55,"LCMF, LDMF",34,4000000,2027-12-31,17,1569,3,1.0,0,0.78,12.96,51.77,Austria,Austria,right,177,75,yes,4.3,2.98,57.69,1.84,34.38,0.06,0.08,0.17,2.52,3.68,0.75,6,0.34,0,0.0,1.09,0.17,3,0.17,0.06,1,0.06,13,0.75,46.15,23.077,0.0,0.57,50.0,0.29,60.0,0.29,40.0,0.17,0.75,61.54,6.08,55.66,0.92,1.72,0.34,42.22,0.17,2.12,53.8,91.9,17.95,83.71,7.0,96.72,18.76,96.33,50.48,93.41,2.81,73.47,16.27,37.19,0.04,0.98,0.06,0.0,0.0,0.0,0.29,10.27,86.59,1.15,70.0,0.06,100.0,0.8,0.23,6.48,85.84,0,,0,,0,0.0,0.0,0.0,,,0.29,,,0.0,0.0,0.0,0.0,0,0.0
Dominic Winterbottom,Team 55,Team 55,RB,29,2500000,2027-12-31,14,1169,2,2.59,3,3.14,10.24,59.4,Slovenia,"Slovenia, Italy",right,183,74,yes,5.47,2.93,60.53,4.39,68.42,0.08,0.12,0.31,3.62,5.51,0.38,2,0.15,0,0.0,3.46,0.15,1,0.08,0.2,0,0.0,22,1.69,36.36,9.091,0.23,5.0,41.54,0.31,75.0,4.7,39.34,0.92,1.39,55.56,2.39,41.94,2.77,1.08,0.08,30.26,2.69,0.15,37.88,78.66,8.93,68.97,10.39,94.07,12.63,69.51,30.03,87.18,3.16,48.78,18.84,34.91,0.24,1.46,0.0,0.08,0.0,0.0,1.23,2.93,78.95,5.16,44.78,0.08,0.0,0.46,2.16,6.85,71.91,0,,0,,0,0.0,0.0,0.0,,,0.38,,,0.08,0.08,0.0,0.0,1,100.0
Adrian Mercer,Team 55,Team 55,CF,30,2000000,2027-12-31,17,890,2,1.92,1,0.25,16.38,37.65,United States,"United States, Spain",right,180,71,yes,2.43,2.43,50.0,5.36,39.62,0.0,0.0,0.0,1.21,1.67,1.21,0,0.0,0,0.0,1.01,0.2,2,0.2,0.19,0,0.0,14,1.42,50.0,14.286,0.1,0.51,20.0,0.4,25.0,0.1,0.0,0.0,0.71,28.57,6.07,33.33,2.83,1.11,0.0,13.25,2.02,0.71,19.42,78.13,3.24,59.38,5.26,94.23,4.75,80.85,18.61,80.43,0.3,33.33,13.23,6.09,0.03,0.71,0.0,0.0,0.0,0.0,0.3,1.42,64.29,0.71,28.57,0.0,0.0,0.61,0.1,1.21,66.67,0,,0,,0,0.0,0.0,0.0,,,0.0,,,0.0,0.0,0.0,0.0,0,0.0
Adrian Brecken,Team 55,Team 55,"RCMF, RAMF",33,1800000,2026-12-31,14,950,1,0.94,0,0.52,10.99,42.24,Ecuador,Ecuador,right,175,66,yes,4.17,3.22,55.88,0.76,12.5,0.0,0.0,0.28,2.37,3.04,0.85,2,0.19,0,0.0,1.14,0.09,1,0.09,0.09,0,0.0,9,0.85,11.11,11.111,0.0,0.66,42.86,0.19,50.0,0.47,40.0,0.0,1.04,63.64,4.93,36.54,1.33,1.33,0.57,26.34,0.38,0.85,34.67,90.16,9.57,82.18,5.49,94.83,11.84,93.6,32.4,92.98,1.61,52.94,15.57,24.37,0.05,0.57,0.0,0.09,0.09,100.0,0.28,4.74,78.0,1.33,64.29,0.19,50.0,0.85,0.28,4.17,84.09,0,,0,,0,0.0,0.0,0.0,,,0.0,,,0.0,0.0,0.0,0.57,0,0.0
Tobias Mercer,Team 55,Team 55,RB,30,1000000,2027-12-31,12,885,0,0.14,2,1.27,14.95,56.46,Slovakia,Slovakia,right,175,74,yes,7.12,5.39,62.26,1.32,61.54,0.1,0.13,0.31,3.66,4.82,1.12,3,0.31,0,0.0,3.46,0.0,0,0.0,0.01,0,0.0,3,0.31,33.33,0.0,0.2,3.46,38.24,0.0,0.0,3.36,36.36,0.41,3.25,62.5,6.41,53.97,0.81,2.14,0.51,22.58,0.81,1.83,32.44,78.68,8.95,65.91,6.31,96.77,10.58,75.96,26.34,86.87,2.75,48.15,17.98,29.48,0.13,1.02,0.0,0.0,0.0,0.0,0.71,2.54,72.0,3.76,48.65,0.2,0.0,0.71,1.32,6.1,66.67,0,,0,,0,0.0,0.0,0.0,,,1.02,,,0.0,0.0,0.0,0.0,0,0.0
Anton Kren,Team 55,Team 55,"RW, LAMF, CF",27,1000000,2027-12-31,17,988,1,1.35,1,1.76,11.2,46.34,Sweden,"Sweden, France",right,175,65,yes,4.55,4.01,45.45,1.0,45.45,0.0,0.0,0.27,2.73,3.81,1.0,3,0.27,0,0.0,2.64,0.09,1,0.09,0.12,0,0.0,20,1.82,20.0,5.0,0.09,2.55,50.0,1.46,31.25,1.09,75.0,0.46,1.73,57.89,5.47,46.67,2.0,1.73,0.46,29.79,1.0,0.91,35.8,82.7,10.57,75.0,7.93,97.7,9.93,79.82,31.15,87.43,2.37,46.15,16.54,27.59,0.16,1.64,0.09,0.0,0.09,0.0,0.46,3.1,76.47,4.01,59.09,0.18,0.0,1.0,1.46,5.47,78.33,0,,0,,0,0.0,0.0,0.0,,,0.18,,,0.73,0.0,0.0,1.73,0,0.0
Matthias Kessler,Team 55,Team 55,"RCMF, LB",25,450000,2027-12-31,2,19,0,0.0,0,0.09,,,Belgium,Belgium,left,184,76,yes,,,,,,,0.0,,,0.0,,0,,0,,,,0,,,0,,0,,,0.0,,,,,,,,,,,,,,,,,,,,,,,,,,,,,,,13.84,0.0,,,,,,,,,,,,,,,,,,0,,0,,0,0.0,0.0,,,,,,,,,,,0,0.0
Quinn Stansfield,Team 55,Team 55,"CF, AMF",34,2200000,,3,278,1,1.49,0,0.39,11.01,52.94,Norway,Norway,right,172,68,yes,1.62,1.94,66.67,0.97,33.33,0.0,0.0,0.0,0.32,0.56,0.0,0,0.0,0,0.0,4.21,0.32,1,0.32,0.48,1,0.32,16,5.18,43.75,6.25,0.0,0.32,0.0,0.0,0.0,0.32,0.0,0.0,3.24,50.0,6.8,52.38,4.53,1.29,0.0,24.6,0.97,0.65,29.14,85.56,7.12,81.82,5.83,100.0,10.68,87.88,27.19,89.29,1.62,40.0,17.07,27.12,0.13,2.59,0.0,0.0,0.65,50.0,0.32,4.21,84.62,2.27,71.43,0.97,33.33,1.29,0.0,4.21,84.62,0,,0,,0,0.0,0.0,0.0,,,0.0,,,1.62,0.97,33.33,5.5,0,0.0
Elias Hawthorne,Team 55,Team 55,"RDMF, DMF",21,2200000,2027-12-31,2,52,0,0.04,0,0.0,25.96,40.0,Ireland,Ireland,right,176,62,yes,8.65,10.38,50.0,8.65,20.0,0.0,0.0,0.0,3.46,6.0,5.19,0,0.0,0,0.0,3.46,0.0,0,0.0,0.06,0,0.0,1,1.73,0.0,0.0,0.0,0.0,0.0,0.0,0.0,0.0,0.0,0.0,3.46,100.0,5.19,66.67,0.0,0.0,0.0,12.12,0.0,1.73,24.23,57.14,12.12,85.71,1.73,0.0,5.19,33.33,19.04,63.64,5.19,33.33,24.66,37.39,0.0,0.0,0.0,0.0,0.0,0.0,0.0,6.92,50.0,0.0,0.0,0.0,0.0,0.0,0.0,3.46,100.0,0,,0,,0,0.0,0.0,0.0,,,0.0,,,0.0,0.0,0.0,0.0,0,0.0
Oscar Irvine,Team 55,Team 55,"CF, AMF, LCMF",23,4000000,2028-06-30,17,934,0,1.36,1,1.24,14.36,34.23,Slovenia,Slovenia,right,180,71,yes,3.37,4.05,38.1,1.64,11.76,0.39,0.58,0.1,1.45,2.18,1.35,2,0.19,0,0.0,4.24,0.0,0,0.0,0.13,0,0.0,31,2.99,25.81,0.0,0.1,2.6,44.44,1.45,33.33,1.16,58.33,0.19,3.95,58.54,7.61,37.97,2.22,3.18,0.29,38.16,1.73,0.29,49.05,83.89,11.66,80.17,9.44,91.84,17.44,82.87,43.75,87.67,2.99,54.84,17.62,35.86,0.12,2.22,0.1,0.1,0.0,0.0,0.58,7.42,76.62,4.14,60.47,0.1,0.0,1.64,1.06,7.81,85.19,0,,0,,0,0.0,0.0,0.0,,,0.19,,,0.58,0.1,0.0,2.6,0,0.0
Tristan Kitteridge,Team 55,Team 55,"LW, LAMF",23,4500000,2031-01-31,18,1616,4,3.88,2,4.89,25.79,41.68,Ireland,Ireland,right,171,61,yes,5.96,5.85,50.48,1.39,16.0,0.0,0.0,0.17,3.01,4.55,1.23,6,0.33,0,0.0,7.24,0.22,4,0.22,0.22,0,0.0,60,3.34,26.67,6.667,0.11,5.4,24.74,4.34,26.92,0.95,17.65,0.89,8.74,56.69,16.37,41.16,5.07,3.95,0.67,20.66,1.06,1.62,24.62,70.81,5.51,67.68,4.51,92.59,8.58,57.14,18.43,85.2,0.95,52.94,16.73,22.28,0.27,1.62,0.0,0.0,0.06,100.0,1.06,0.95,76.47,5.18,47.31,0.11,50.0,1.45,1.39,3.51,85.71,0,,0,,0,0.0,0.0,0.0,,,0.0,,,0.0,0.0,0.0,0.11,0,0.0
Ethan Calder,Team 55,Team 55,"RCMF, RDMF",22,1300000,2027-12-31,17,1426,3,2.0,0,0.12,17.1,57.56,Argentina,"Argentina, Spain",right,175,68,yes,9.03,6.06,52.08,4.42,57.14,0.19,0.3,0.44,5.68,8.91,1.96,4,0.25,1,0.06,0.57,0.19,3,0.19,0.13,2,0.13,17,1.07,17.65,17.647,0.0,0.19,33.33,0.06,0.0,0.13,50.0,0.0,0.63,50.0,4.29,64.71,0.88,1.01,0.0,36.29,0.38,2.84,49.99,90.66,13.57,81.4,6.12,96.91,24.36,95.08,46.89,92.6,2.9,63.04,17.4,34.92,0.01,0.25,0.0,0.0,0.0,0.0,0.06,6.94,82.73,0.25,50.0,0.0,0.0,0.13,0.0,5.43,74.42,0,,0,,0,0.0,0.0,0.0,,,0.69,,,0.0,0.0,0.0,0.0,0,0.0
Zachary Calder,Team 55,Team 55,LB,23,3250000,2029-06-30,13,1047,2,1.78,3,1.21,21.15,56.1,Serbia,Serbia,left,179,82,yes,13.32,9.54,62.16,3.09,55.56,0.09,0.13,0.17,7.31,10.85,1.38,2,0.17,0,0.0,3.27,0.17,2,0.17,0.15,0,0.0,20,1.72,45.0,10.0,0.26,4.56,28.3,4.21,30.61,0.26,0.0,0.69,2.23,53.85,6.19,47.22,1.72,1.89,0.17,25.7,1.12,1.2,36.88,72.96,13.84,65.84,6.62,98.7,8.77,61.76,27.77,85.14,5.07,44.07,19.68,41.69,0.1,0.77,0.09,0.0,0.0,0.0,0.26,5.16,63.33,3.52,34.15,0.26,0.0,0.43,1.12,7.31,72.94,0,,0,,0,0.0,0.0,0.0,,,0.52,,,1.55,0.0,0.0,1.38,0,0.0
Noah Westlake,Team 55,Team 55,LCB,22,1500000,2028-06-30,20,2027,1,0.5,0,0.21,9.06,60.78,Senegal,"Senegal, Portugal",left,186,78,yes,7.41,4.57,64.08,2.31,67.31,0.09,0.13,0.31,4.4,6.39,0.89,1,0.04,0,0.0,0.22,0.04,1,0.04,0.02,1,0.04,6,0.27,33.33,16.667,0.0,0.31,28.57,0.31,28.57,0.0,0.0,0.0,0.13,33.33,1.02,30.43,0.27,1.51,0.04,35.17,0.27,0.22,50.39,86.87,24.51,79.71,2.09,91.49,16.92,94.23,44.4,92.7,5.73,44.96,19.86,38.34,0.01,0.22,0.04,0.0,0.04,0.0,0.04,9.9,72.65,0.89,35.0,0.31,14.29,0.13,0.04,9.06,78.92,0,,0,,0,0.0,0.0,0.0,,,0.67,,,0.0,0.0,0.0,0.0,0,0.0
Oscar Ashford,Team 55,Team 55,"RW, RAMF",24,2600000,2029-12-31,9,302,0,0.24,0,0.41,17.28,37.93,Cameroon,Cameroon,right,172,73,yes,4.47,3.28,54.55,1.49,20.0,0.0,0.0,0.0,2.68,3.91,1.49,0,0.0,0,0.0,4.47,0.0,0,0.0,0.07,0,0.0,5,1.49,0.0,0.0,0.0,2.68,66.67,0.0,0.0,2.68,66.67,0.0,5.96,45.0,11.92,35.0,2.09,1.19,0.89,18.77,1.19,2.09,24.44,85.37,5.36,83.33,7.15,100.0,5.66,78.95,21.46,88.89,0.3,0.0,14.87,3.4,0.12,1.19,0.0,0.0,0.0,0.0,0.6,0.6,50.0,2.98,80.0,0.0,0.0,1.19,1.79,3.87,84.62,0,,0,,0,0.0,0.0,0.0,,,0.3,,,0.0,0.0,0.0,0.0,0,0.0
Zachary Beaumont,Team 55,Team 55,CF,29,950000,2028-12-31,14,738,1,5.56,0,0.04,22.56,30.27,Morocco,Morocco,right,180,80,yes,3.66,4.02,42.42,8.05,28.79,0.0,0.0,0.24,1.95,3.36,2.2,0,0.0,0,0.0,1.83,0.12,1,0.12,0.68,1,0.12,27,3.29,40.74,3.704,0.0,0.37,33.33,0.12,0.0,0.24,50.0,0.12,0.85,42.86,6.46,28.3,4.76,0.37,0.0,8.78,0.85,1.1,8.9,82.19,0.98,75.0,3.66,93.33,1.83,73.33,8.41,84.06,0.12,100.0,11.08,2.78,0.0,0.24,0.0,0.0,0.0,0.0,0.0,0.49,75.0,0.61,60.0,0.0,0.0,0.24,0.24,0.49,50.0,0,,0,,0,0.0,0.0,0.0,,,0.12,,,0.0,0.0,0.0,0.0,0,0.0
Emil Monroe,Team 55,Team 55,"RB, LB, RW",21,750000,,4,130,0,0.0,0,0.17,26.31,68.42,Sweden,Sweden,right,177,72,yes,15.23,11.77,64.71,4.15,66.67,0.0,0.0,0.0,7.62,12.22,0.0,0,0.0,0,0.0,6.23,0.0,0,0.0,0.0,0,0.0,0,0.0,0.0,0.0,0.0,3.46,60.0,0.69,100.0,2.77,50.0,0.0,4.15,100.0,8.31,75.0,0.0,0.69,0.69,19.38,0.69,1.38,33.92,75.51,9.0,76.92,9.0,84.62,11.08,62.5,27.0,82.05,3.46,40.0,20.76,32.46,0.12,2.08,0.0,0.0,0.0,0.0,0.69,3.46,100.0,4.85,57.14,0.0,0.0,0.69,2.08,9.69,71.43,0,,0,,0,0.0,0.0,0.0,,,0.69,,,0.0,0.0,0.0,0.0,0,0.0
Christian Clairmont,Team 55,Team 55,RCB,24,2600000,2028-12-31,10,1027,0,0.74,0,0.07,13.41,61.44,Portugal,Portugal,right,180,80,yes,7.71,5.35,55.74,3.77,67.44,0.35,0.48,0.79,4.38,6.0,0.96,3,0.26,0,0.0,0.26,0.0,0,0.0,0.06,0,0.0,6,0.53,16.67,0.0,0.0,0.09,0.0,0.0,0.0,0.09,0.0,0.0,0.18,100.0,2.28,69.23,0.44,1.49,0.18,29.01,0.53,0.61,42.06,85.63,16.91,75.13,4.56,98.08,13.85,96.2,37.86,89.12,4.12,55.32,19.69,38.59,0.01,0.09,0.09,0.0,0.0,0.0,0.0,7.27,75.9,0.35,25.0,0.26,0.0,0.09,0.0,7.8,70.79,0,,0,,0,0.0,0.0,0.0,,,2.54,,,0.0,0.0,0.0,0.0,0,0.0
Gabriel Thornton,Team 50,Team 50,"LCB, CB, RCB",29,3500000,2028-12-31,8,706,0,0.54,0,0.0,9.31,65.75,United States,United States,right,185,78,yes,8.16,4.72,67.57,2.68,71.43,0.13,0.16,0.64,4.84,6.1,0.51,3,0.38,0,0.0,0.38,0.0,0,0.0,0.07,0,0.0,5,0.64,60.0,0.0,0.0,0.0,0.0,0.0,0.0,0.0,0.0,0.0,0.13,0.0,0.64,40.0,0.38,0.13,0.0,21.67,0.51,0.51,32.38,81.1,13.64,65.42,1.66,92.31,15.04,93.22,26.39,89.86,5.99,42.55,24.17,42.4,0.0,0.0,0.0,0.0,0.0,0.0,0.0,5.23,43.9,0.38,33.33,0.25,50.0,0.13,0.0,6.25,69.39,0,,0,,0,0.0,0.0,0.0,,,1.15,,,0.0,0.0,0.0,0.0,0,0.0
Sebastian Kingsbury,Team 50,Team 50,"AMF, RDMF, LCMF",26,2000000,2026-12-31,6,530,0,1.07,2,0.43,14.6,51.16,France,"France, Germany",left,178,78,yes,5.77,5.43,56.25,0.85,40.0,0.0,0.0,0.17,2.72,3.27,1.36,4,0.68,0,0.0,2.04,0.0,0,0.0,0.18,0,0.0,18,3.06,16.67,0.0,0.34,0.51,33.33,0.34,50.0,0.17,0.0,0.17,1.19,71.43,7.47,50.0,0.68,1.87,0.0,22.75,0.85,2.21,31.08,83.61,10.7,73.02,4.08,95.83,9.85,87.93,27.17,91.88,3.4,25.0,19.03,37.88,0.07,1.02,0.0,0.0,0.51,100.0,0.51,7.81,67.39,1.53,66.67,1.7,30.0,0.68,0.17,6.11,86.11,0,,0,,0,0.0,0.0,0.0,,,0.17,,,0.85,0.51,33.33,0.68,0,0.0
Nathan Vance,Team 50,Team 50,"LDMF, LCMF",34,2000000,2026-12-31,18,1366,0,1.15,0,0.85,14.43,56.16,Colombia,Colombia,left,176,81,yes,7.64,5.93,62.22,2.17,57.58,1.12,1.37,0.33,2.83,3.46,0.86,0,0.0,0,0.0,1.52,0.0,0,0.0,0.08,0,0.0,14,0.92,14.29,0.0,0.0,1.65,40.0,1.65,40.0,0.0,0.0,0.2,1.12,64.71,5.2,46.84,1.38,0.99,0.0,24.71,0.4,1.19,35.18,85.02,9.75,77.7,5.8,93.18,12.39,88.3,31.56,89.77,1.98,46.67,16.56,24.5,0.06,0.72,0.0,0.0,0.0,0.0,0.26,4.94,78.67,1.52,52.17,0.13,0.0,0.33,0.66,4.41,71.64,0,,0,,0,0.0,0.0,0.0,,,0.2,,,0.33,0.0,0.0,0.46,0,0.0
Soren Dunmore,Team 50,Team 50,"RDMF, RCMF",31,2000000,2026-12-31,17,1175,0,0.09,0,0.2,13.48,62.5,Romania,Romania,right,177,74,yes,9.5,6.66,62.07,2.3,83.33,0.0,0.0,0.38,5.36,6.52,1.69,3,0.23,0,0.0,0.54,0.0,0,0.0,0.01,0,0.0,11,0.84,0.0,0.0,0.0,0.38,40.0,0.0,0.0,0.38,40.0,0.0,0.54,71.43,3.06,57.5,0.08,0.54,0.0,23.59,0.31,1.07,38.45,82.27,13.25,71.1,4.75,88.71,14.78,91.19,33.78,86.39,4.29,53.57,19.2,36.41,0.02,0.31,0.0,0.0,0.0,0.0,0.08,7.2,72.34,1.0,30.77,0.08,0.0,0.38,0.08,5.9,62.34,0,,0,,0,0.0,0.0,0.0,,,0.61,,,0.31,0.08,0.0,0.08,0,0.0
Marcus Ashford,Team 50,Team 50,"RB, RCB",28,1700000,2028-12-31,6,549,0,0.29,0,0.2,14.59,55.06,United States,United States,right,181,72,yes,8.52,7.21,70.45,1.31,62.5,0.0,0.0,0.16,3.44,4.38,1.31,3,0.49,0,0.0,1.8,0.0,0,0.0,0.05,0,0.0,3,0.49,33.33,0.0,0.0,2.46,40.0,0.0,0.0,2.46,40.0,0.0,1.31,50.0,4.1,40.0,0.66,0.98,0.33,19.84,0.66,0.82,30.82,71.28,15.25,73.12,3.93,95.83,6.07,64.86,24.1,80.95,4.26,34.62,20.2,36.22,0.03,0.49,0.0,0.0,0.16,0.0,0.16,5.25,53.13,2.46,53.33,0.66,0.0,0.33,0.98,8.85,75.93,0,,0,,0,0.0,0.0,0.0,,,0.49,,,0.0,0.0,0.0,0.0,0,0.0
Xavier Zimmerman,Team 50,Team 50,LB,29,1500000,2026-12-31,1,40,0,0.0,0,0.0,,,Hungary,Hungary,left,178,82,yes,,,,,,,0.0,,,6.67,,0,,0,,,,0,,,0,,0,,,0.0,,,,,,,,,,,,,,,,,,,,,,,,,,,,,,,26.94,0.0,,,,,,,,,,,,,,,,,,0,,0,,0,0.0,0.0,,,,,,,,,,,0,0.0
Tristan Huntington,Team 50,Team 50,"RB, RAMF",27,1500000,2028-12-31,10,276,0,0.01,0,0.0,15.33,44.68,Germany,Germany,right,188,88,yes,9.46,7.5,60.87,2.61,37.5,0.0,0.0,0.65,4.89,6.34,1.3,1,0.33,0,0.0,0.65,0.0,0,0.0,0.0,0,0.0,1,0.33,0.0,0.0,0.0,1.63,0.0,0.0,0.0,1.63,0.0,0.0,1.3,50.0,5.22,25.0,0.0,0.65,0.0,26.41,0.65,0.0,34.57,77.36,14.67,71.11,4.24,92.31,8.8,77.78,29.67,84.62,3.59,45.45,13.14,32.22,0.0,0.0,0.0,0.0,0.0,0.0,0.0,3.91,75.0,0.98,0.0,0.0,0.0,0.0,0.0,8.48,50.0,0,,0,,0,0.0,0.0,0.0,,,0.33,,,0.0,0.0,0.0,0.0,0,0.0
Kasper Underwood,Team 50,Team 50,GK,29,1500000,2026-12-31,1,101,0,0.0,0,0.0,0.0,0.0,Portugal,Portugal,right,196,92,yes,0.0,0.0,0.0,0.0,0.0,0.0,0.0,0.0,0.0,0.0,0.0,0,0.0,0,0.0,0.0,0.0,0,0.0,0.0,0,0.0,0,0.0,0.0,0.0,0.0,0.0,0.0,0.0,0.0,0.0,0.0,0.0,0.0,0.0,0.0,0.0,0.0,0.0,0.0,2.67,0.0,0.0,5.35,83.33,2.67,66.67,0.0,0.0,2.67,100.0,2.67,100.0,2.67,66.67,38.7,58.33,0.0,0.0,0.0,0.0,0.0,0.0,0.0,1.78,100.0,0.0,0.0,0.0,0.0,0.0,0.0,1.78,100.0,0,0.0,4,3.56,1,100.0,0.65,0.58,0.65,0.579,0.0,1.78,0.0,,,,0.0,0,0.0
Noah Brecken,Team 50,Team 50,"RAMF, RW",34,1200000,2026-12-31,20,1279,2,1.23,1,0.8,10.98,39.1,Turkey,Turkey,right,169,63,yes,3.73,3.38,56.25,1.76,36.0,0.0,0.0,0.07,1.83,2.27,0.56,2,0.14,1,0.07,1.2,0.14,2,0.14,0.09,0,0.0,18,1.27,38.89,11.111,0.07,1.34,36.84,0.14,50.0,1.2,35.29,0.14,0.7,30.0,4.93,32.86,1.62,0.91,0.07,19.49,1.97,1.2,24.77,77.84,8.66,67.48,5.63,93.75,6.26,74.16,20.97,83.56,2.46,51.43,18.27,26.31,0.06,0.7,0.0,0.0,0.07,0.0,0.42,3.73,67.92,1.97,46.43,0.28,50.0,0.49,0.49,4.29,75.41,0,,0,,0,0.0,0.0,0.0,,,0.0,,,0.77,0.07,0.0,1.48,0,0.0
Caleb Fenwick,Team 50,Team 50,"CF, LAMF, LW",31,1000000,2026-12-31,21,1725,5,4.43,2,3.11,15.81,43.23,Wales,"Wales, Italy",right,190,91,yes,4.02,3.55,58.82,2.4,39.13,0.37,0.43,0.05,1.57,1.85,0.78,1,0.05,0,0.0,2.56,0.26,5,0.26,0.23,0,0.0,39,2.03,38.46,12.821,0.1,1.2,34.78,0.68,38.46,0.52,30.0,0.21,2.24,58.14,7.36,40.43,2.4,1.98,0.42,13.36,1.72,0.83,20.66,80.05,3.23,70.97,6.57,95.24,6.1,73.5,18.16,85.34,1.46,46.43,17.21,31.83,0.16,1.04,0.05,0.0,0.05,100.0,0.73,1.46,71.43,1.1,33.33,0.21,25.0,0.47,0.37,2.19,80.95,0,,0,,0,0.0,0.0,0.0,,,0.05,,,0.0,0.0,0.0,0.0,1,0.0
Alexander Radcliffe,Team 50,Team 50,CF,28,900000,2026-12-31,10,223,0,0.22,0,0.0,21.39,35.85,Ecuador,Ecuador,right,183,75,yes,2.42,2.83,42.86,9.28,30.43,0.0,0.0,0.0,1.21,1.88,1.61,0,0.0,0,0.0,0.4,0.0,0,0.0,0.09,0,0.0,2,0.81,50.0,0.0,0.0,0.0,0.0,0.0,0.0,0.0,0.0,0.0,0.81,0.0,5.65,42.86,0.4,0.0,0.0,5.65,1.21,2.02,10.09,56.0,2.42,16.67,4.44,81.82,2.02,60.0,9.69,58.33,0.4,0.0,14.69,2.9,0.0,0.0,0.0,0.0,0.0,0.0,0.0,1.61,25.0,0.4,0.0,0.0,0.0,0.0,0.0,1.21,0.0,0,,0,,0,0.0,0.0,0.0,,,0.0,,,0.0,0.0,0.0,0.0,0,0.0
Dylan Linwood,Team 50,Team 50,"LDMF, DMF, RDMF",27,800000,2028-12-31,18,980,2,1.58,0,0.03,14.6,58.49,Paraguay,"Paraguay, Italy",right,188,79,yes,11.3,9.0,65.31,1.74,68.42,0.92,1.08,0.37,4.5,5.27,1.84,2,0.18,0,0.0,0.55,0.18,2,0.18,0.15,0,0.0,10,0.92,30.0,20.0,0.0,0.09,0.0,0.0,0.0,0.09,0.0,0.0,0.28,100.0,2.48,40.74,0.92,0.37,0.0,16.16,0.18,0.37,27.83,84.16,8.91,67.01,2.48,92.59,11.11,92.56,25.81,87.19,1.93,47.62,16.86,21.66,0.0,0.18,0.09,0.0,0.0,0.0,0.0,3.77,65.85,0.28,33.33,0.09,0.0,0.09,0.0,3.67,72.5,0,,0,,0,0.0,0.0,0.0,,,0.28,,,0.0,0.0,0.0,0.0,0,0.0
Nikolai Westlake,Team 50,Team 50,LCMF,28,800000,2027-06-30,1,9,0,0.0,0,0.0,,,Germany,Germany,right,178,75,yes,,,,,,,0.0,,,30.0,,0,,0,,,,0,,,0,,0,,,0.0,,,,,,,,,,,,,,,,,,,,,,,,,,,,,,,22.34,0.0,,,,,,,,,,,,,,,,,,0,,0,,0,0.0,0.0,,,,,,,,,,,0,0.0
Ethan Kingsbury,Team 50,Team 50,CF,29,600000,2028-12-31,9,607,3,3.31,0,0.08,19.42,44.27,Wales,Wales,right,177,66,yes,5.19,5.34,69.44,5.34,30.56,0.59,0.66,0.0,0.89,0.99,1.48,0,0.0,0,0.0,1.33,0.44,3,0.44,0.49,0,0.0,15,2.22,40.0,20.0,0.0,0.3,50.0,0.3,50.0,0.0,0.0,0.0,0.44,66.67,6.97,38.3,2.67,0.15,0.15,10.82,2.08,2.22,15.42,75.96,2.97,40.0,6.08,87.8,2.97,70.0,14.09,77.89,1.04,57.14,15.41,20.21,0.01,0.15,0.15,0.0,0.0,0.0,0.3,1.78,41.67,1.04,28.57,0.3,50.0,0.44,0.15,1.19,62.5,0,,0,,0,0.0,0.0,0.0,,,0.0,,,0.0,0.0,0.0,0.0,0,0.0
Aaron Kingsbury,Team 50,Team 50,"LCB, LB",28,500000,2026-12-31,14,1416,0,0.37,0,0.33,8.2,58.91,Serbia,"Serbia, France",left,191,79,yes,8.52,3.31,57.69,3.56,57.14,0.06,0.08,0.51,6.55,7.76,0.51,1,0.06,0,0.0,0.57,0.0,0,0.0,0.02,0,0.0,4,0.25,25.0,0.0,0.0,0.44,42.86,0.44,42.86,0.0,0.0,0.13,0.32,100.0,0.83,61.54,0.64,0.44,0.13,21.67,0.51,0.25,34.32,79.44,16.78,73.11,2.35,91.89,12.01,86.77,27.78,87.19,6.23,47.96,22.34,40.66,0.02,0.13,0.0,0.0,0.0,0.0,0.06,5.72,63.33,0.76,25.0,0.38,0.0,0.13,0.19,8.33,66.41,0,,0,,0,0.0,0.0,0.0,,,0.76,,,0.0,0.0,0.0,0.0,0,0.0
Alexander Zimmerman,Team 50,Team 50,"LAMF, LW, RAMF",27,500000,2028-12-31,17,1197,5,3.53,1,0.81,16.62,44.8,Ecuador,Ecuador,right,175,73,yes,5.41,4.66,58.06,0.98,15.38,0.3,0.36,0.0,2.41,2.91,0.9,1,0.08,1,0.08,3.83,0.38,5,0.38,0.27,0,0.0,28,2.11,46.43,17.857,0.08,2.26,36.67,1.35,33.33,0.9,41.67,0.15,3.61,56.25,9.62,42.19,2.18,2.56,0.75,14.29,0.6,1.43,18.57,72.06,5.19,63.77,4.21,87.5,4.51,61.67,15.71,78.47,0.68,33.33,15.37,11.42,0.06,0.75,0.0,0.0,0.0,0.0,0.45,2.11,60.71,2.18,55.17,0.0,0.0,0.53,0.83,2.71,77.78,0,,0,,0,0.0,0.0,0.0,,,0.15,,,0.0,0.0,0.0,0.0,0,0.0
Noah Vance,Team 50,Team 50,"AMF, CF, RCMF",27,500000,2026-12-31,19,1234,0,0.34,1,0.4,16.19,47.3,France,France,right,179,66,yes,5.69,5.91,48.15,2.04,42.86,0.22,0.26,0.15,2.63,3.18,2.12,4,0.29,1,0.07,1.75,0.0,0,0.0,0.02,0,0.0,11,0.8,54.55,0.0,0.07,0.88,8.33,0.29,0.0,0.58,12.5,0.07,1.46,70.0,6.35,50.57,0.73,0.88,0.15,23.7,0.8,1.68,32.02,80.64,11.38,76.28,3.79,88.46,11.38,83.33,28.95,83.12,2.26,74.19,16.63,24.13,0.03,0.73,0.0,0.0,0.36,60.0,0.22,6.42,81.82,1.53,42.86,0.44,50.0,0.58,0.07,5.03,85.51,0,,0,,0,0.0,0.0,0.0,,,0.29,,,0.15,0.0,0.0,0.29,0,0.0
Casper Pemberton,Team 50,Team 50,RCB,34,500000,2026-12-31,20,2040,1,0.19,0,0.01,8.34,57.67,Switzerland,Switzerland,right,186,75,yes,6.93,4.19,67.37,2.21,54.0,0.0,0.0,0.44,4.1,4.98,0.44,3,0.13,0,0.0,0.09,0.04,1,0.04,0.01,1,0.04,3,0.13,66.67,33.333,0.0,0.04,0.0,0.0,0.0,0.04,0.0,0.04,0.0,0.0,0.71,37.5,0.26,0.13,0.0,16.46,0.18,0.49,28.01,86.46,10.46,75.11,1.68,89.47,13.63,94.82,24.79,92.17,3.18,43.06,20.84,35.14,0.0,0.04,0.0,0.0,0.0,0.0,0.0,2.51,61.4,0.22,20.0,0.09,0.0,0.0,0.0,3.88,68.18,0,,0,,0,0.0,0.0,0.0,,,1.24,,,0.0,0.0,0.0,0.0,0,0.0
Arthur Prescott,Team 50,Team 50,LB,26,500000,2027-12-31,13,1283,0,0.04,1,0.8,8.28,55.93,Japan,Japan,left,172,67,yes,5.96,3.3,61.7,2.17,54.84,0.0,0.0,0.21,3.93,4.59,0.21,0,0.0,0,0.0,0.63,0.0,0,0.0,0.0,0,0.0,3,0.21,0.0,0.0,0.07,1.75,24.0,1.75,24.0,0.0,0.0,0.14,0.28,75.0,1.89,48.15,0.0,0.7,0.07,25.11,1.19,0.49,35.07,74.2,17.75,64.43,4.28,95.08,8.28,75.42,28.06,82.75,5.47,44.87,20.33,40.36,0.06,0.63,0.0,0.0,0.0,0.0,0.21,7.23,58.25,2.39,26.47,0.49,0.0,0.21,0.49,8.84,69.84,0,,0,,0,0.0,0.0,0.0,,,0.28,,,0.28,0.0,0.0,0.42,0,0.0
Arthur Halloway,Team 50,Team 50,CF,26,450000,2026-12-31,1,33,0,0.0,0,0.0,,,Nigeria,Nigeria,left,179,72,yes,,,,,,,0.0,,,0.0,,0,,0,,,,0,,,0,,0,,,0.0,,,,,,,,,,,,,,,,,,,,,,,,,,,,,,,13.19,0.0,,,,,,,,,,,,,,,,,,0,,0,,0,0.0,0.0,,,,,,,,,,,0,0.0
Casper Norwood,Team 50,Team 50,"LCB, LB",28,300000,2026-12-31,4,347,0,0.0,0,0.0,10.89,52.38,South Korea,South Korea,left,191,82,yes,9.86,6.48,64.0,2.07,37.5,0.26,0.36,0.52,5.45,7.59,1.04,1,0.26,0,0.0,0.0,0.0,0,0.0,0.0,0,0.0,0,0.0,0.0,0.0,0.0,0.78,0.0,0.78,0.0,0.0,0.0,0.0,0.0,0.0,0.78,66.67,0.0,0.52,0.0,17.38,0.52,0.26,29.31,80.53,15.82,78.69,2.07,75.0,6.74,80.77,23.6,87.91,4.93,57.89,18.51,24.91,0.0,0.0,0.0,0.0,0.0,0.0,0.0,3.63,64.29,0.26,100.0,0.52,50.0,0.26,0.0,6.22,66.67,0,,0,,0,0.0,0.0,0.0,,,0.78,,,0.0,0.0,0.0,0.0,0,0.0
Rowan Sinclair,Team 50,Team 50,LB,31,200000,2026-12-31,3,220,0,0.02,0,0.0,9.82,41.67,Sweden,Sweden,left,173,69,yes,5.73,4.09,50.0,0.82,0.0,0.0,0.0,0.41,3.68,4.15,0.41,0,0.0,0,0.0,1.23,0.0,0,0.0,0.01,0,0.0,1,0.41,0.0,0.0,0.0,2.05,0.0,2.05,0.0,0.0,0.0,0.0,1.64,75.0,2.86,71.43,0.0,0.82,0.0,22.91,0.41,2.05,35.18,77.91,13.09,75.0,2.86,85.71,9.82,91.67,29.05,87.32,4.09,50.0,22.46,35.62,0.0,0.0,0.0,0.0,0.0,0.0,0.0,4.09,80.0,0.82,0.0,0.0,0.0,0.0,0.0,9.41,56.52,0,,0,,0,0.0,0.0,0.0,,,0.41,,,0.41,0.0,0.0,1.23,0,0.0
Anton Beaumont,Team 50,Team 50,CF,25,100000,2026-12-31,1,42,0,0.0,0,0.12,,,Serbia,Serbia,right,185,88,yes,,,,,,,0.0,,,5.0,,0,,0,,,,0,,,0,,0,,,0.0,,,,,,,,,,,,,,,,,,,,,,,,,,,,,,,12.8,0.0,,,,,,,,,,,,,,,,,,0,,0,,0,0.0,0.0,,,,,,,,,,,0,0.0
Ethan Wellington,Team 50,Team 50,"LCB, LB",21,500000,2029-12-31,7,565,0,0.23,0,0.35,10.19,68.75,Switzerland,Switzerland,left,184,79,yes,7.96,5.26,60.61,2.55,87.5,0.48,0.65,0.64,4.3,5.83,0.8,1,0.16,0,0.0,0.8,0.0,0,0.0,0.04,0,0.0,6,0.96,33.33,0.0,0.0,1.59,10.0,1.59,10.0,0.0,0.0,0.32,0.48,66.67,0.96,83.33,0.48,0.48,0.0,22.62,0.48,0.16,31.7,73.87,13.22,60.24,3.35,90.48,11.15,82.86,23.89,84.0,6.21,51.28,22.01,40.02,0.06,0.16,0.0,0.0,0.0,0.0,0.16,5.89,67.57,1.59,20.0,0.48,66.67,0.16,0.16,7.81,63.27,0,,0,,0,0.0,0.0,0.0,,,0.96,,,0.0,0.0,0.0,0.0,0,0.0
Tristan Mercer,Team 50,Team 50,"RAMF, LAMF",24,900000,2027-06-30,1,26,0,0.01,0,0.0,,,Paraguay,Paraguay,right,170,68,yes,,,,,,,0.0,,,3.33,,0,,0,,,,0,,,0,,1,,,0.0,,,,,,,,,,,,,,,,,,,,,,,,,,,,,,,19.59,0.0,,,,,,,,,,,,,,,,,,0,,0,,0,0.0,0.0,,,,,,,,,,,0,0.0
Felix Davenport,Team 50,Team 50,CF,26,750000,2028-12-31,1,26,0,0.0,0,0.0,,,Colombia,Colombia,right,182,82,yes,,,,,,,0.0,,,0.0,,0,,0,,,,0,,,0,,0,,,0.0,,,,,,,,,,,,,,,,,,,,,,,,,,,,,,,0.0,0.0,,,,,,,,,,,,,,,,,,0,,0,,0,0.0,0.0,,,,,,,,,,,0,0.0
Declan Thornton,Team 50,Team 50,AMF,24,750000,2027-12-31,7,273,0,0.0,0,0.3,18.46,51.79,Ghana,Ghana,left,186,89,yes,4.29,4.62,57.14,4.29,53.85,0.0,0.0,0.0,1.65,2.0,1.32,2,0.66,0,0.0,2.31,0.0,0,0.0,0.0,0,0.0,0,0.0,0.0,0.0,0.0,1.32,100.0,0.33,100.0,0.99,100.0,0.33,1.65,60.0,7.91,45.83,0.66,2.31,0.33,23.74,0.33,1.98,30.99,88.3,8.24,68.0,8.9,100.0,8.24,92.0,28.02,89.41,1.65,60.0,16.66,20.45,0.1,0.66,0.0,0.0,0.0,0.0,0.33,3.96,83.33,1.32,75.0,0.33,0.0,0.0,0.99,3.3,90.0,0,,0,,0,0.0,0.0,0.0,,,0.0,,,0.0,0.0,0.0,0.0,0,0.0
Nils Talbot,Team 50,Team 50,RB,28,750000,,18,1620,2,1.12,0,1.21,12.83,47.19,Morocco,"Morocco, France",right,169,71,yes,6.28,3.56,60.94,3.33,38.33,0.0,0.0,0.11,4.11,4.91,0.33,2,0.11,0,0.0,2.11,0.11,2,0.11,0.06,1,0.06,19,1.06,36.84,10.526,0.0,3.11,28.57,0.0,0.0,3.11,28.57,0.72,1.56,53.57,5.0,47.78,0.83,2.06,0.33,21.94,1.67,1.5,28.44,73.05,10.5,65.61,4.89,92.05,8.17,71.43,22.72,82.15,2.72,46.94,19.3,32.58,0.07,0.61,0.0,0.0,0.0,0.0,0.33,3.5,61.9,3.28,38.98,0.17,0.0,0.44,1.0,6.17,69.37,0,,0,,0,0.0,0.0,0.0,,,0.39,,,0.0,0.0,0.0,0.22,0,0.0
Cillian Kingsbury,Team 50,Team 50,GK,38,300000,2026-12-31,20,2037,0,0.0,0,0.0,0.53,91.67,Portugal,"Portugal, Spain",right,186,81,yes,1.1,0.0,0.0,0.22,80.0,0.0,0.0,0.0,1.1,1.33,0.0,1,0.04,0,0.0,0.13,0.0,0,0.0,0.0,0,0.0,0,0.0,0.0,0.0,0.0,0.0,0.0,0.0,0.0,0.0,0.0,0.0,0.13,100.0,0.27,100.0,0.0,0.0,0.0,6.05,0.09,0.18,12.68,80.49,7.33,68.07,0.04,100.0,4.86,98.18,7.07,97.5,5.57,59.52,34.41,48.89,0.0,0.0,0.0,0.0,0.0,0.0,0.0,1.72,38.46,0.04,0.0,0.04,0.0,0.0,0.0,3.84,72.41,34,1.5,115,5.08,2,70.43,35.84,1.58,1.84,0.081,0.04,1.68,0.22,,,,0.0,0,0.0
Owen Faulkner,Team 50,Team 50,"CF, AMF, RAMF",31,850000,2027-12-31,14,906,2,2.25,2,1.49,13.31,35.82,Japan,Japan,right,185,78,yes,2.38,2.68,48.15,3.38,14.71,0.0,0.0,0.0,1.09,1.33,0.99,0,0.0,0,0.0,1.89,0.2,2,0.2,0.22,0,0.0,15,1.49,53.33,13.333,0.2,1.39,35.71,0.6,33.33,0.7,42.86,0.3,0.7,57.14,5.86,44.07,1.59,1.49,0.2,21.36,1.09,0.89,30.4,80.72,8.05,65.43,7.25,93.15,8.64,81.61,27.62,84.17,1.39,57.14,16.07,23.32,0.15,1.69,0.0,0.1,0.4,50.0,0.6,3.77,63.16,2.38,37.5,0.3,66.67,0.79,0.6,3.87,74.36,0,,0,,0,0.0,0.0,0.0,,,0.0,,,1.09,0.2,50.0,3.18,0,0.0
Nathan Calder,Team 50,Team 50,RCB,27,850000,2026-12-31,1,98,0,0.0,0,0.0,7.35,50.0,Georgia,Georgia,right,186,84,yes,9.18,3.67,50.0,3.67,50.0,0.0,0.0,0.0,7.35,7.5,1.84,1,0.92,0,0.0,0.0,0.0,0,0.0,0.0,0,0.0,0,0.0,0.0,0.0,0.0,0.0,0.0,0.0,0.0,0.0,0.0,0.0,0.0,0.0,0.0,0.0,0.0,0.0,0.0,5.51,0.0,0.0,15.61,70.59,7.35,50.0,0.92,100.0,4.59,100.0,11.94,84.62,3.67,25.0,21.1,38.23,0.0,0.0,0.0,0.0,0.0,0.0,0.0,1.84,50.0,0.0,0.0,0.0,0.0,0.0,0.0,3.67,25.0,0,,0,,0,0.0,0.0,0.0,,,0.92,,,0.0,0.0,0.0,0.0,0,0.0
Maxim Mercer,Team 50,Team 50,"AMF, RAMF, LB",25,800000,2027-12-31,10,260,0,0.29,1,0.21,20.08,55.17,Uruguay,Uruguay,left,170,65,yes,5.88,5.54,75.0,2.42,42.86,0.35,0.52,0.0,1.38,2.07,0.69,0,0.0,0,0.0,2.08,0.0,0,0.0,0.1,0,0.0,4,1.38,25.0,0.0,0.35,1.04,33.33,0.69,50.0,0.35,0.0,0.0,1.38,100.0,9.0,53.85,0.69,0.69,0.0,22.15,0.69,2.42,29.77,84.88,7.96,73.91,7.62,95.45,11.42,87.88,27.35,87.34,1.38,75.0,16.31,10.46,0.07,1.04,0.0,0.0,0.0,0.0,0.35,4.15,75.0,1.38,50.0,0.0,0.0,0.35,0.35,4.5,69.23,0,,0,,0,0.0,0.0,0.0,,,0.0,,,0.35,0.0,0.0,0.35,0,0.0
Theo Fairfax,Team 18,Team 18,"CF, AMF",29,1000000,2028-12-31,8,500,0,1.18,0,0.5,19.26,32.71,Albania,Albania,right,183,71,yes,3.42,3.6,45.0,5.4,23.33,0.0,0.0,0.18,1.8,2.1,1.08,0,0.0,0,0.0,1.8,0.0,0,0.0,0.21,0,0.0,7,1.26,14.29,0.0,0.0,0.72,25.0,0.54,33.33,0.18,0.0,0.0,2.52,57.14,9.0,36.0,2.52,1.98,0.0,8.64,1.8,1.26,11.88,74.24,2.34,76.92,4.14,95.65,3.42,57.89,10.98,77.05,0.18,100.0,14.72,2.0,0.09,0.72,0.0,0.0,0.0,0.0,0.36,0.9,60.0,0.72,0.0,0.0,0.0,0.54,0.0,0.9,60.0,0,,0,,0,0.0,0.0,0.0,,,0.0,,,0.0,0.0,0.0,0.0,0,0.0
Caleb Callow,Team 18,Team 18,"LCMF, LDMF, DMF",27,1000000,2027-12-31,17,1603,0,0.42,0,0.29,12.01,58.88,Romania,Romania,right,178,75,yes,8.25,6.68,63.03,1.35,50.0,0.28,0.32,0.34,3.76,4.35,1.35,4,0.22,0,0.0,0.67,0.0,0,0.0,0.02,0,0.0,14,0.79,14.29,0.0,0.0,0.34,33.33,0.17,33.33,0.17,33.33,0.0,0.56,70.0,2.92,53.85,0.28,0.73,0.0,26.89,0.06,0.84,38.07,85.69,11.0,71.94,5.22,91.4,16.23,92.73,33.91,90.4,3.82,48.53,18.65,37.48,0.02,0.39,0.0,0.0,0.11,50.0,0.17,5.0,61.8,0.62,63.64,0.17,33.33,0.28,0.11,4.21,66.67,0,,0,,0,0.0,0.0,0.0,,,0.22,,,0.0,0.0,0.0,0.0,0,0.0
Tobias Westlake,Team 18,Team 18,"DMF, LCMF, RCMF",27,800000,2026-12-31,6,268,0,0.0,0,0.0,8.73,57.69,Greece,Greece,right,178,68,yes,7.72,4.7,64.29,2.01,50.0,0.0,0.0,1.01,4.7,5.19,0.67,0,0.0,0,0.0,0.0,0.0,0,0.0,0.0,0,0.0,0,0.0,0.0,0.0,0.0,0.0,0.0,0.0,0.0,0.0,0.0,0.0,0.0,0.0,1.34,50.0,0.0,0.34,0.0,12.43,0.0,1.34,19.48,79.31,6.38,63.16,4.7,85.71,6.38,89.47,17.13,88.24,2.35,14.29,14.94,21.56,0.0,0.0,0.0,0.0,0.0,0.0,0.0,2.01,100.0,0.34,0.0,0.0,0.0,0.0,0.0,2.69,37.5,0,,0,,0,0.0,0.0,0.0,,,0.67,,,0.0,0.0,0.0,0.0,0,0.0
Caleb Harrington,Team 18,Team 18,"RW, LW",32,700000,2026-12-31,3,139,0,0.57,0,0.0,12.95,55.0,Netherlands,Netherlands,left,179,71,yes,2.59,1.94,66.67,4.53,57.14,0.0,0.0,0.0,1.29,1.28,0.0,0,0.0,0,0.0,1.29,0.0,0,0.0,0.37,0,0.0,2,1.29,50.0,0.0,0.0,0.65,100.0,0.0,0.0,0.65,100.0,0.65,0.0,0.0,4.53,57.14,1.94,1.29,0.0,7.12,0.0,1.29,14.24,72.73,5.18,62.5,4.53,85.71,3.24,80.0,11.01,82.35,2.59,25.0,16.72,18.13,0.0,0.0,0.0,0.0,0.0,0.0,0.0,1.94,66.67,0.0,0.0,0.65,0.0,0.0,0.65,3.24,60.0,0,,0,,0,0.0,0.0,0.0,,,0.0,,,0.0,0.0,0.0,0.0,0,0.0
Magnus Sterling,Team 18,Team 18,"RCB, CB",33,600000,2026-12-31,4,302,0,0.13,0,0.0,6.85,60.87,Austria,Austria,right,189,86,yes,10.73,2.09,71.43,2.68,77.78,0.0,0.0,1.19,9.24,8.69,0.3,0,0.0,0,0.0,0.0,0.0,0,0.0,0.04,0,0.0,1,0.3,0.0,0.0,0.0,0.0,0.0,0.0,0.0,0.0,0.0,0.0,0.0,0.0,0.6,0.0,0.3,0.6,0.0,22.05,0.6,0.3,29.8,90.0,11.92,80.0,0.6,100.0,15.79,96.23,25.03,95.24,4.77,62.5,22.77,35.84,0.0,0.0,0.0,0.0,0.0,0.0,0.0,2.09,71.43,0.0,0.0,0.0,0.0,0.0,0.0,3.28,72.73,0,,0,,0,0.0,0.0,0.0,,,0.3,,,0.0,0.0,0.0,0.0,0,0.0
Adrian Hayward,Team 18,Team 18,LCMF,25,500000,2028-12-31,1,100,0,0.0,0,0.0,17.1,31.58,Albania,"Albania, Germany",left,175,73,yes,11.7,9.9,54.55,0.9,0.0,0.9,0.91,0.9,5.4,5.45,1.8,0,0.0,0,0.0,0.0,0.0,0,0.0,0.0,0,0.0,0,0.0,0.0,0.0,0.0,0.0,0.0,0.0,0.0,0.0,0.0,0.0,0.0,0.0,5.4,0.0,0.0,0.0,0.0,19.8,0.0,0.0,26.1,89.66,8.1,88.89,4.5,80.0,9.9,90.91,24.3,88.89,1.8,100.0,18.27,33.18,0.0,0.0,0.0,0.0,0.0,0.0,0.0,0.0,0.0,0.0,0.0,0.0,0.0,0.0,0.0,2.7,66.67,0,,0,,0,0.0,0.0,0.0,,,0.9,,,0.9,0.0,0.0,0.0,0,0.0
Fabian Arden,Team 18,Team 18,RB,31,500000,,1,100,0,0.02,0,0.0,19.8,54.55,Uruguay,Uruguay,right,180,70,yes,11.7,9.9,54.55,0.9,100.0,1.8,1.82,0.0,4.5,4.55,1.8,1,0.9,0,0.0,3.6,0.0,0,0.0,0.02,0,0.0,1,0.9,100.0,0.0,0.0,2.7,33.33,0.0,0.0,2.7,33.33,0.0,1.8,100.0,6.3,57.14,0.0,1.8,0.0,27.9,0.9,0.0,41.4,67.39,17.1,47.37,3.6,100.0,13.5,80.0,30.6,85.29,8.1,11.11,19.15,37.65,0.0,0.0,0.0,0.0,0.0,0.0,0.0,7.2,50.0,3.6,25.0,0.0,0.0,0.0,0.9,5.4,33.33,0,,0,,0,0.0,0.0,0.0,,,0.0,,,0.0,0.0,0.0,0.0,0,0.0
Tobias Hayward,Team 18,Team 18,LB,26,450000,2029-12-31,1,85,0,0.06,0,0.0,5.29,60.0,Ireland,Ireland,left,181,77,yes,13.76,2.12,50.0,0.0,0.0,1.06,1.03,0.0,11.65,11.38,0.0,0,0.0,0,0.0,0.0,0.0,0,0.0,0.06,0,0.0,1,1.06,0.0,0.0,0.0,0.0,0.0,0.0,0.0,0.0,0.0,0.0,0.0,0.0,3.18,66.67,1.06,1.06,0.0,24.35,1.06,1.06,28.59,92.59,12.71,83.33,6.35,83.33,8.47,100.0,25.41,91.67,3.18,100.0,17.51,45.58,0.0,0.0,0.0,0.0,0.0,0.0,1.06,2.12,100.0,0.0,0.0,0.0,0.0,0.0,0.0,5.29,60.0,0,,0,,0,0.0,0.0,0.0,,,0.0,,,0.0,0.0,0.0,0.0,0,0.0
Owen Stansfield,Team 18,Team 18,"LB, LWB",34,450000,2026-12-31,12,1041,0,0.13,3,0.55,12.97,48.67,Morocco,Morocco,left,174,74,yes,5.62,4.41,50.98,2.68,67.74,0.26,0.33,0.43,3.11,3.99,0.86,2,0.17,0,0.0,1.04,0.0,0,0.0,0.01,0,0.0,2,0.17,0.0,0.0,0.26,1.64,26.32,1.64,26.32,0.0,0.0,0.17,1.73,35.0,5.1,32.2,0.86,2.42,0.0,24.64,2.16,1.12,31.38,80.72,11.93,70.29,7.09,98.78,8.47,81.63,26.46,88.24,3.46,47.5,19.78,38.53,0.05,0.61,0.0,0.0,0.0,0.0,0.09,3.98,65.22,1.56,22.22,0.17,0.0,0.09,0.35,5.1,66.1,0,,0,,0,0.0,0.0,0.0,,,0.17,,,0.35,0.0,0.0,0.26,0,0.0
Sebastian Beaumont,Team 18,Team 18,"RDMF, RCMF, LDMF",27,300000,2026-12-31,3,136,0,0.01,0,0.0,16.54,68.0,Slovakia,Slovakia,right,172,67,yes,8.6,10.59,68.75,1.99,66.67,0.0,0.0,0.0,1.32,1.54,2.65,1,0.66,0,0.0,0.66,0.0,0,0.0,0.01,0,0.0,3,1.99,0.0,0.0,0.0,0.0,0.0,0.0,0.0,0.0,0.0,0.0,0.66,100.0,3.97,66.67,0.0,0.0,0.0,31.76,0.0,1.99,34.41,94.23,9.93,93.33,4.63,100.0,13.24,90.0,32.43,95.92,1.99,66.67,17.56,18.99,0.0,0.0,0.0,0.0,0.0,0.0,0.0,3.97,83.33,1.99,66.67,0.0,0.0,1.32,0.0,3.97,100.0,0,,0,,0,0.0,0.0,0.0,,,0.0,,,0.0,0.0,0.0,0.0,0,0.0
Magnus Somerset,Team 18,Team 18,"CF, AMF",36,300000,2027-12-31,13,680,0,0.19,1,1.42,14.96,50.44,Greece,Greece,right,177,71,yes,4.5,3.71,71.43,2.38,38.89,0.26,0.29,0.0,1.59,1.71,1.06,1,0.13,0,0.0,1.72,0.0,0,0.0,0.03,0,0.0,4,0.53,50.0,0.0,0.13,1.72,46.15,0.93,42.86,0.79,50.0,0.26,1.06,62.5,6.75,43.14,1.06,1.59,0.13,26.21,1.59,2.12,37.06,85.36,10.19,67.53,10.32,97.44,11.25,90.59,31.63,89.54,3.71,67.86,19.49,33.61,0.19,1.32,0.0,0.0,0.0,0.0,0.13,6.09,78.26,2.12,43.75,0.13,0.0,0.4,0.93,5.43,85.37,0,,0,,0,0.0,0.0,0.0,,,0.79,,,0.93,0.13,0.0,1.72,0,0.0
Roman Pendleton,Team 18,Team 18,LCB,27,250000,2027-12-31,18,1728,1,1.02,0,0.71,8.39,60.25,Argentina,Argentina,right,187,79,yes,7.45,3.07,71.19,3.23,58.06,0.05,0.06,0.52,5.21,5.93,0.73,4,0.21,1,0.05,0.31,0.05,1,0.05,0.05,1,0.05,10,0.52,20.0,10.0,0.0,0.36,42.86,0.16,33.33,0.21,50.0,0.1,0.16,33.33,0.73,21.43,0.94,0.73,0.05,30.83,0.47,0.16,42.92,87.14,18.33,78.13,1.88,97.22,19.01,94.25,35.73,92.27,6.82,62.6,22.04,38.16,0.04,0.26,0.0,0.0,0.0,0.0,0.1,4.53,80.46,0.47,44.44,0.16,66.67,0.16,0.21,8.65,69.28,0,,0,,0,0.0,0.0,0.0,,,1.35,,,0.0,0.0,0.0,0.0,0,0.0
Tobias Ellwood,Team 18,Team 18,CF,37,250000,2026-12-31,17,1329,1,3.85,0,0.31,17.4,38.91,Chile,Chile,right,185,84,yes,1.96,2.64,46.15,5.28,37.18,0.07,0.08,0.0,0.68,0.81,1.49,3,0.2,0,0.0,1.76,0.07,1,0.07,0.26,1,0.07,27,1.83,29.63,3.704,0.0,1.15,29.41,0.27,0.0,0.88,38.46,0.27,1.76,50.0,6.77,39.0,2.3,0.74,0.2,8.06,1.69,1.02,11.99,73.45,2.3,47.06,3.86,91.23,3.05,73.33,10.16,80.67,0.81,33.33,17.11,25.63,0.02,0.68,0.0,0.0,0.0,0.0,0.2,1.29,63.16,0.74,27.27,0.0,0.0,0.14,0.34,1.08,56.25,0,,0,,0,0.0,0.0,0.0,,,0.2,,,0.0,0.0,0.0,0.0,1,0.0
Finnegan Winslow,Team 18,Team 18,CF,32,250000,2027-04-30,10,349,2,1.22,1,0.12,15.99,45.16,France,France,left,182,79,yes,4.64,4.38,70.59,2.84,36.36,0.0,0.0,0.0,1.55,2.37,1.55,1,0.26,0,0.0,2.06,0.52,2,0.52,0.31,0,0.0,12,3.09,41.67,16.667,0.26,0.52,0.0,0.26,0.0,0.26,0.0,0.0,1.55,50.0,5.16,40.0,3.09,1.03,0.0,6.96,1.29,1.03,11.35,79.55,1.81,28.57,2.84,100.0,3.87,86.67,10.32,85.0,0.52,50.0,19.75,9.69,0.03,0.26,0.0,0.0,0.0,0.0,0.26,1.81,42.86,0.52,50.0,0.0,0.0,0.52,0.0,0.77,33.33,0,,0,,0,0.0,0.0,0.0,,,0.0,,,0.0,0.0,0.0,0.0,0,0.0
Hugo Vance,Team 18,Team 18,GK,28,200000,2027-12-31,6,632,0,0.02,0,0.0,0.43,100.0,Norway,Norway,left,190,77,yes,1.28,0.14,100.0,0.14,100.0,0.0,0.0,0.0,1.14,1.42,0.0,0,0.0,0,0.0,0.0,0.0,0,0.0,0.0,0,0.0,1,0.14,0.0,0.0,0.0,0.0,0.0,0.0,0.0,0.0,0.0,0.0,0.0,0.0,0.14,100.0,0.14,0.0,0.0,8.97,0.43,0.14,14.81,91.35,5.27,81.08,0.0,0.0,9.11,96.88,11.25,97.47,3.56,72.0,26.33,42.22,0.0,0.0,0.0,0.0,0.0,0.0,0.0,0.43,100.0,0.0,0.0,0.0,0.0,0.0,0.0,2.56,61.11,11,1.57,35,4.98,0,68.57,8.96,1.28,-2.04,-0.291,0.0,1.0,0.14,,,,0.0,0,0.0
Simon Grantham,Team 18,Team 18,"RAMF, RWF, RW",25,200000,2028-12-31,12,854,1,0.6,0,1.88,14.65,52.52,Portugal,Portugal,right,168,64,yes,2.74,3.48,48.48,0.95,11.11,0.0,0.0,0.0,1.05,1.35,0.95,2,0.21,0,0.0,3.27,0.11,1,0.11,0.06,0,0.0,16,1.69,31.25,6.25,0.0,2.53,58.33,1.05,40.0,1.37,69.23,0.42,2.42,52.17,9.27,55.68,1.16,2.32,0.21,23.61,2.42,2.95,30.14,83.22,7.06,73.13,6.32,98.33,11.8,86.61,25.61,86.42,2.32,72.73,18.33,36.38,0.2,1.69,0.11,0.0,0.0,0.0,0.63,3.27,67.74,3.16,66.67,0.21,50.0,0.63,1.48,5.59,75.47,0,,0,,0,0.0,0.0,0.0,,,0.0,,,0.21,0.11,0.0,0.32,0,0.0
Florian Monroe,Team 18,Team 18,LCB,29,100000,2026-12-31,6,589,1,0.38,1,0.0,10.08,59.09,Romania,Romania,left,187,75,yes,7.18,3.82,48.0,4.13,77.78,0.15,0.2,0.92,5.2,6.8,1.68,2,0.31,0,0.0,0.15,0.15,1,0.15,0.06,1,0.15,3,0.46,33.33,33.333,0.15,0.15,0.0,0.15,0.0,0.0,0.0,0.0,0.15,0.0,0.92,50.0,0.76,0.76,0.0,29.19,1.53,0.31,43.7,84.97,22.77,78.52,4.58,100.0,12.22,92.5,38.05,88.76,5.65,59.46,20.49,36.34,0.0,0.0,0.0,0.15,0.0,0.0,0.0,3.82,80.0,0.31,50.0,0.0,0.0,0.0,0.0,11.31,64.86,0,,0,,0,0.0,0.0,0.0,,,3.06,,,0.0,0.0,0.0,0.0,0,0.0
Dylan Redmond,Team 18,Team 18,GK,37,100000,2026-12-31,4,408,0,0.0,0,0.0,0.0,0.0,Hungary,"Hungary, Portugal",right,191,82,yes,0.22,0.0,0.0,0.0,0.0,0.0,0.0,0.0,0.22,0.3,0.0,0,0.0,0,0.0,0.0,0.0,0,0.0,0.0,0,0.0,0,0.0,0.0,0.0,0.0,0.0,0.0,0.0,0.0,0.0,0.0,0.0,0.0,0.0,0.0,0.0,0.0,0.0,0.0,10.37,0.66,0.0,16.54,89.33,9.04,82.93,0.0,0.0,5.96,100.0,11.91,98.15,4.63,66.67,31.12,49.19,0.0,0.0,0.0,0.0,0.0,0.0,0.0,1.32,50.0,0.0,0.0,0.0,0.0,0.0,0.0,4.63,76.19,11,2.43,31,6.84,0,64.52,7.32,1.62,-3.68,-0.812,0.0,1.1,0.0,,,,0.0,0,0.0
Finnegan Hayward,Team 18,Team 18,"LW, AMF, LAMF",31,50000,2026-11-30,19,1106,2,1.35,0,0.39,20.1,37.25,Romania,Romania,right,176,75,yes,4.88,4.31,47.17,3.17,25.64,0.0,0.0,0.08,2.85,3.19,0.81,0,0.0,0,0.0,3.91,0.16,2,0.16,0.11,0,0.0,21,1.71,33.33,9.524,0.0,2.77,29.41,2.44,26.67,0.33,50.0,0.33,3.99,63.27,11.23,36.96,2.36,2.77,0.49,17.82,2.85,0.9,25.14,75.4,5.13,61.9,7.32,91.11,7.81,69.79,20.59,84.19,2.12,42.31,18.62,24.65,0.03,0.73,0.16,0.0,0.0,0.0,0.24,2.12,73.08,2.03,40.0,0.0,0.0,0.41,0.73,3.17,58.97,0,,0,,0,0.0,0.0,0.0,,,0.08,,,0.0,0.0,0.0,0.16,0,0.0
Magnus Yardley,Team 18,Team 18,RW,22,300000,2027-12-31,1,21,0,0.0,0,0.0,,,Belgium,Belgium,left,180,72,yes,,,,,,,0.0,,,8.57,,0,,0,,,,0,,,0,,0,,,0.0,,,,,,,,,,,,,,,,,,,,,,,,,,,,,,,38.9,47.85,,,,,,,,,,,,,,,,,,0,,0,,0,0.0,0.0,,,,,,,,,,,0,0.0
Adrian Pemberton,Team 18,Team 18,RCB,28,250000,2027-12-15,8,719,0,0.0,0,0.0,10.26,56.1,Argentina,Argentina,right,186,84,yes,7.51,5.76,47.83,3.0,70.83,0.25,0.28,0.75,4.51,4.95,1.0,3,0.38,0,0.0,0.63,0.0,0,0.0,0.0,0,0.0,0,0.0,0.0,0.0,0.0,0.0,0.0,0.0,0.0,0.0,0.0,0.0,0.63,100.0,1.13,66.67,0.0,0.5,0.0,19.53,0.63,0.13,30.42,80.25,13.39,65.42,2.13,94.12,11.02,96.59,24.91,84.42,5.51,61.36,22.96,41.66,0.0,0.0,0.0,0.0,0.0,0.0,0.0,5.13,51.22,0.5,25.0,0.25,0.0,0.13,0.0,6.01,62.5,0,,0,,0,0.0,0.0,0.0,,,0.25,,,0.0,0.0,0.0,0.0,0,0.0
Hugo Westlake,Team 18,Team 18,"LAMF, AMF, LW",23,300000,2027-11-30,15,831,0,0.92,0,0.45,12.89,43.7,Senegal,Senegal,right,173,68,yes,4.55,2.6,58.33,2.6,29.17,0.0,0.0,0.11,3.03,3.94,0.76,1,0.11,0,0.0,2.38,0.0,0,0.0,0.1,0,0.0,15,1.62,6.67,0.0,0.0,2.38,18.18,1.62,20.0,0.76,14.29,0.32,3.14,58.62,6.5,43.33,2.17,1.84,0.32,16.03,3.79,1.19,19.06,75.57,2.17,65.0,5.96,96.36,6.71,67.74,15.92,85.71,1.3,33.33,17.66,21.97,0.05,0.76,0.0,0.0,0.0,0.0,0.11,1.62,60.0,1.73,31.25,0.0,0.0,0.22,0.43,1.84,70.59,0,,0,,0,0.0,0.0,0.0,,,0.22,,,0.0,0.0,0.0,0.0,0,0.0
Owen Kensington,Team 18,Team 18,"RCMF, RDMF",27,350000,2026-11-30,14,1013,2,1.05,0,0.02,8.62,50.52,Spain,Spain,left,176,72,yes,7.02,6.31,46.48,0.62,57.14,0.44,0.52,0.36,3.64,4.23,1.6,2,0.18,0,0.0,0.44,0.18,2,0.18,0.09,0,0.0,14,1.24,28.57,14.286,0.0,0.09,100.0,0.09,100.0,0.0,0.0,0.0,0.18,0.0,0.62,42.86,0.36,0.36,0.0,18.48,0.36,0.44,22.83,91.83,5.6,79.37,4.53,98.04,8.8,94.95,21.32,93.33,1.42,68.75,16.92,24.89,0.0,0.27,0.0,0.0,0.09,0.0,0.0,3.29,94.59,0.27,33.33,0.18,0.0,0.09,0.09,3.11,77.14,0,,0,,0,0.0,0.0,0.0,,,0.09,,,0.44,0.0,0.0,0.18,0,0.0
Theo Beaumont,Team 18,Team 18,"RAMF, RWB, RW",23,300000,2027-12-10,9,263,1,0.04,0,0.63,18.48,48.15,Greece,"Greece, France",left,178,73,yes,5.13,4.79,64.29,1.37,0.0,0.0,0.0,0.0,2.05,3.67,1.03,1,0.34,0,0.0,5.48,0.34,1,0.34,0.01,0,0.0,3,1.03,33.33,33.333,0.0,3.76,54.55,0.34,0.0,3.42,60.0,0.34,4.45,69.23,9.92,48.28,1.37,3.76,0.34,17.45,1.03,1.03,24.64,75.0,6.16,66.67,3.08,88.89,8.56,72.0,19.16,80.36,2.4,71.43,18.35,19.97,0.22,1.71,0.0,0.0,0.0,0.0,0.34,3.42,80.0,2.74,50.0,0.0,0.0,0.0,1.71,3.76,90.91,0,,0,,0,0.0,0.0,0.0,,,0.0,,,0.68,0.0,0.0,1.37,0,0.0
Rowan Linwood,Team 18,Team 18,"RB, RWB",29,350000,2026-12-31,10,656,0,0.52,0,0.75,10.84,43.04,Cameroon,Cameroon,right,176,69,yes,7.0,4.53,51.52,2.33,29.41,0.0,0.0,0.27,4.66,6.07,1.37,2,0.27,0,0.0,1.92,0.0,0,0.0,0.07,0,0.0,3,0.41,0.0,0.0,0.0,3.29,37.5,0.0,0.0,3.29,37.5,0.41,1.37,50.0,2.47,38.89,1.23,1.78,0.14,23.32,1.92,0.41,30.87,71.11,11.39,61.45,6.59,89.58,9.19,71.64,23.05,81.55,5.08,43.24,21.43,45.58,0.1,1.1,0.0,0.0,0.0,0.0,0.55,4.12,40.0,3.16,47.83,0.41,33.33,0.55,0.96,6.45,70.21,0,,0,,0,0.0,0.0,0.0,,,0.27,,,0.27,0.0,0.0,0.0,0,0.0
Hugo Hawthorne,Team 18,Team 18,"RCMF, RDMF",20,350000,,7,199,0,0.07,0,0.0,17.19,42.11,Norway,Norway,right,182,77,yes,8.14,8.14,50.0,1.81,25.0,0.0,0.0,0.45,4.07,4.35,1.36,0,0.0,0,0.0,2.26,0.0,0,0.0,0.03,0,0.0,3,1.36,0.0,0.0,0.0,0.9,50.0,0.9,50.0,0.0,0.0,0.0,1.81,100.0,5.88,38.46,0.45,0.9,0.0,22.61,0.0,0.9,31.21,86.96,8.14,66.67,4.52,90.0,11.31,96.0,29.4,89.23,0.9,50.0,20.17,5.65,0.0,0.0,0.0,0.0,0.0,0.0,0.0,4.97,90.91,0.45,100.0,0.0,0.0,0.0,0.45,3.17,71.43,0,,0,,0,0.0,0.0,0.0,,,0.0,,,0.0,0.0,0.0,0.0,0,0.0
Erik Ellwood,Team 18,Team 18,"RCB, CB",30,300000,,15,1478,0,0.29,0,0.12,9.38,63.64,Uruguay,Uruguay,right,187,88,yes,7.25,3.35,54.55,3.35,63.64,0.12,0.15,0.73,5.3,6.54,0.91,3,0.18,0,0.0,0.12,0.0,0,0.0,0.02,0,0.0,2,0.12,0.0,0.0,0.0,0.06,100.0,0.0,0.0,0.06,100.0,0.0,0.12,50.0,0.91,60.0,0.24,0.55,0.0,25.45,0.24,0.67,36.9,90.59,12.24,80.1,1.71,100.0,19.91,96.94,33.13,93.93,3.71,60.66,20.79,35.42,0.01,0.06,0.0,0.0,0.0,0.0,0.0,2.74,71.11,0.24,75.0,0.12,50.0,0.12,0.06,4.51,63.51,0,,0,,0,0.0,0.0,0.0,,,1.16,,,0.0,0.0,0.0,0.0,0,0.0
Henry Garrison,Team 18,Team 18,"RB, RWB",31,300000,2026-12-31,16,1184,0,0.68,1,0.79,14.97,49.24,Italy,"Italy, Portugal",right,179,74,yes,6.16,6.23,52.44,3.12,46.34,0.08,0.08,0.15,2.81,3.09,0.99,4,0.3,1,0.08,2.43,0.0,0,0.0,0.05,0,0.0,9,0.68,22.22,0.0,0.08,3.04,35.0,0.0,0.0,3.04,35.0,0.23,2.2,55.17,4.33,50.88,1.06,2.13,0.15,19.31,2.28,1.29,24.86,67.58,9.88,56.92,3.95,90.38,7.37,77.32,18.02,77.22,3.95,50.0,20.87,36.71,0.06,0.53,0.0,0.15,0.0,0.0,0.23,4.03,60.38,2.36,41.94,0.23,33.33,0.08,0.91,6.23,64.63,0,,0,,0,0.0,0.0,0.0,,,0.15,,,0.0,0.0,0.0,0.0,0,0.0
Oliver Redmond,Team 18,Team 18,GK,27,200000,2026-12-15,3,294,0,0.0,0,0.0,0.0,0.0,Poland,"Poland, Portugal",right,188,80,yes,0.92,0.0,0.0,0.0,0.0,0.0,0.0,0.0,0.92,0.92,0.0,1,0.31,0,0.0,0.0,0.0,0,0.0,0.0,0,0.0,0,0.0,0.0,0.0,0.0,0.0,0.0,0.0,0.0,0.0,0.0,0.0,0.0,0.0,0.0,0.0,0.0,0.0,0.0,11.63,0.31,0.0,20.2,86.36,7.65,76.0,0.0,0.0,11.63,92.11,13.47,100.0,6.73,59.09,29.44,45.1,0.0,0.0,0.0,0.0,0.0,0.0,0.0,1.84,66.67,0.0,0.0,0.0,0.0,0.0,0.0,4.9,62.5,8,2.45,20,6.12,0,60.0,5.33,1.63,-2.67,-0.817,0.0,0.61,0.0,,,,0.0,0,0.0
Adrian Norwood,Team 14,Team 14,CF,34,700000,2026-10-31,1,51,1,0.19,0,0.0,33.53,42.11,Nigeria,Nigeria,right,182,77,yes,8.82,12.35,71.43,8.82,40.0,0.0,0.0,0.0,0.0,0.0,5.29,1,1.76,0,0.0,1.76,1.76,1,1.76,0.33,0,0.0,1,1.76,100.0,100.0,0.0,0.0,0.0,0.0,0.0,0.0,0.0,0.0,0.0,0.0,12.35,14.29,3.53,1.76,0.0,1.76,0.0,1.76,12.35,71.43,0.0,0.0,5.29,100.0,1.76,100.0,12.35,71.43,0.0,0.0,11.99,0.0,0.0,0.0,0.0,0.0,0.0,0.0,0.0,0.0,0.0,0.0,0.0,0.0,0.0,0.0,0.0,0.0,0.0,0,,0,,0,0.0,0.0,0.0,,,0.0,,,0.0,0.0,0.0,0.0,0,0.0
Jasper Kren,Team 14,Team 14,"RCMF, LCMF, RDMF",24,500000,,15,1383,1,0.07,0,0.04,15.36,59.75,Ukraine,Ukraine,right,186,82,yes,11.26,8.2,69.05,1.82,67.86,1.5,2.08,0.59,4.1,5.71,1.82,3,0.2,0,0.0,0.52,0.07,1,0.07,0.0,0,0.0,6,0.39,16.67,16.667,0.0,0.07,100.0,0.0,0.0,0.07,100.0,0.0,0.65,50.0,3.77,46.55,0.07,1.24,0.2,26.68,0.13,0.98,39.44,87.29,12.62,75.77,4.69,97.22,16.46,93.68,36.44,90.18,2.93,51.11,18.59,36.86,0.0,0.33,0.0,0.07,0.07,100.0,0.0,7.03,75.93,0.26,100.0,0.07,100.0,0.07,0.07,5.99,69.57,0,,0,,0,0.0,0.0,0.0,,,0.26,,,0.07,0.07,0.0,0.0,0,0.0
Lars Whitmore,Team 14,Team 14,"RCMF, LCMF",32,250000,2026-10-30,11,589,0,0.18,0,0.33,12.07,49.37,Mexico,Mexico,left,184,79,yes,5.96,4.89,56.25,2.9,42.11,0.15,0.2,0.46,3.06,3.92,0.92,0,0.0,0,0.0,0.15,0.0,0,0.0,0.03,0,0.0,1,0.15,0.0,0.0,0.0,0.46,0.0,0.15,0.0,0.31,0.0,0.0,0.31,50.0,2.29,53.33,0.31,0.46,0.0,18.95,0.0,0.76,26.89,82.39,10.54,71.01,4.74,96.77,7.79,92.16,25.37,86.75,1.07,14.29,17.18,13.34,0.05,0.61,0.0,0.0,0.0,0.0,0.0,5.04,87.88,0.46,0.0,0.15,0.0,0.15,0.0,5.5,61.11,0,,0,,0,0.0,0.0,0.0,,,0.31,,,0.31,0.0,0.0,0.61,0,0.0
Aaron Blackwood,Team 14,Team 14,"RCB, CB",32,150000,,5,416,0,0.02,1,0.1,9.95,56.52,Morocco,Morocco,right,187,83,yes,7.14,4.76,59.09,2.81,46.15,0.43,0.53,1.08,3.89,4.78,1.3,0,0.0,0,0.0,0.22,0.0,0,0.0,0.0,0,0.0,1,0.22,0.0,0.0,0.22,0.0,0.0,0.0,0.0,0.0,0.0,0.0,0.22,100.0,0.65,100.0,0.43,0.22,0.0,13.41,0.0,0.22,23.58,78.9,11.03,66.67,1.51,71.43,9.74,91.11,19.47,84.44,4.11,52.63,21.44,29.68,0.02,0.22,0.0,0.0,0.0,0.0,0.22,3.03,64.29,0.22,100.0,0.0,0.0,0.43,0.0,5.63,53.85,0,,0,,0,0.0,0.0,0.0,,,1.08,,,0.0,0.0,0.0,0.0,0,0.0
Anton Arden,Team 14,Team 14,RB,22,150000,,4,68,0,0.0,0,0.03,10.59,50.0,Ghana,Ghana,right,177,82,yes,6.62,5.29,75.0,0.0,0.0,0.0,0.0,0.0,2.65,4.62,1.32,0,0.0,0,0.0,2.65,0.0,0,0.0,0.0,0,0.0,0,0.0,0.0,0.0,0.0,1.32,100.0,0.0,0.0,1.32,100.0,0.0,1.32,100.0,3.97,33.33,1.32,1.32,0.0,15.88,1.32,0.0,25.15,84.21,9.26,71.43,1.32,100.0,11.91,88.89,21.18,93.75,2.65,0.0,27.5,22.81,0.04,1.32,0.0,0.0,0.0,0.0,0.0,2.65,100.0,1.32,100.0,0.0,0.0,0.0,1.32,6.62,80.0,0,,0,,0,0.0,0.0,0.0,,,0.0,,,0.0,0.0,0.0,0.0,0,0.0
Dylan Somerset,Team 14,Team 14,CF,28,150000,2026-11-30,2,151,0,0.37,0,0.01,20.86,28.57,Sweden,Sweden,right,185,84,yes,2.38,2.98,40.0,8.94,20.0,0.0,0.0,0.0,1.19,2.31,2.98,0,0.0,0,0.0,1.19,0.0,0,0.0,0.22,0,0.0,4,2.38,25.0,0.0,0.0,0.0,0.0,0.0,0.0,0.0,0.0,0.0,0.6,100.0,6.56,36.36,3.58,0.0,0.0,10.73,1.19,1.79,13.11,72.73,4.17,57.14,4.17,85.71,2.98,80.0,13.11,72.73,0.0,0.0,14.58,0.0,0.01,0.6,0.0,0.0,0.0,0.0,0.6,1.79,66.67,0.6,0.0,0.0,0.0,0.0,0.0,1.19,100.0,0,,0,,0,0.0,0.0,0.0,,,0.0,,,1.19,1.19,0.0,0.0,0,0.0
Hugo Callow,Team 14,Team 14,GK,39,100000,,15,1497,0,0.0,0,0.0,1.2,95.0,Italy,Italy,right,190,84,yes,1.08,0.0,0.0,0.96,93.75,0.0,0.0,0.0,1.08,1.49,0.0,2,0.12,0,0.0,0.0,0.0,0,0.0,0.0,0,0.0,0,0.0,0.0,0.0,0.0,0.0,0.0,0.0,0.0,0.0,0.0,0.0,0.0,0.0,0.12,100.0,0.0,0.0,0.0,4.27,0.06,0.36,11.24,80.21,6.43,67.29,0.06,0.0,4.45,98.65,7.03,96.58,4.21,52.86,36.37,53.14,0.0,0.0,0.0,0.0,0.0,0.0,0.0,1.8,40.0,0.18,0.0,0.06,0.0,0.0,0.0,3.37,69.64,15,0.9,74,4.45,3,79.73,15.23,0.92,0.23,0.014,0.0,3.01,0.96,,,,0.0,0,0.0
Finn Mercer,Team 14,Team 14,CF,28,50000,,13,535,2,1.1,0,0.0,22.21,35.61,Czech Republic,Czech Republic,right,185,75,yes,3.03,2.02,33.33,11.78,41.43,0.0,0.0,0.5,2.36,3.26,0.67,0,0.0,0,0.0,1.51,0.34,2,0.34,0.19,0,0.0,8,1.35,62.5,25.0,0.0,0.17,100.0,0.17,100.0,0.0,0.0,0.0,0.67,75.0,6.39,31.58,2.52,0.34,0.0,9.42,1.18,1.01,15.31,68.13,2.19,46.15,3.36,80.0,5.21,70.97,14.97,67.42,0.17,100.0,13.77,1.13,0.0,0.0,0.0,0.0,0.0,0.0,0.17,1.18,71.43,0.34,0.0,0.0,0.0,0.0,0.17,1.01,50.0,0,,0,,0,0.0,0.0,0.0,,,0.0,,,0.0,0.0,0.0,0.0,0,0.0
Leon Grantham,Team 14,Team 14,"LCMF, RW, AMF",22,175000,2028-12-31,4,106,0,0.0,0,0.0,24.62,44.83,Serbia,Serbia,right,182,72,yes,11.04,10.19,58.33,0.85,100.0,0.85,1.0,0.0,4.25,5.0,0.85,1,0.85,0,0.0,0.0,0.0,0,0.0,0.0,0,0.0,0,0.0,0.0,0.0,0.0,0.0,0.0,0.0,0.0,0.0,0.0,0.0,2.55,0.0,11.89,28.57,0.85,2.55,0.85,7.64,0.0,4.25,12.74,60.0,5.09,33.33,0.85,100.0,2.55,100.0,12.74,60.0,0.0,0.0,13.62,0.0,0.0,0.0,0.0,0.0,0.0,0.0,0.0,2.55,66.67,0.0,0.0,0.0,0.0,0.85,0.0,3.4,50.0,0,,0,,0,0.0,0.0,0.0,,,0.0,,,0.0,0.0,0.0,0.0,0,0.0
Isaac Winterbottom,Team 14,Team 14,LCMF,21,250000,2027-12-31,1,11,0,0.0,0,0.0,,,Chile,Chile,right,178,72,yes,,,,,,,0.0,,,0.0,,0,,0,,,,0,,,0,,0,,,0.0,,,,,,,,,,,,,,,,,,,,,,,,,,,,,,,15.84,0.0,,,,,,,,,,,,,,,,,,0,,0,,0,0.0,0.0,,,,,,,,,,,0,0.0
Alastair Pendleton,Team 14,Team 14,"AMF, CF, RW",21,200000,,2,42,0,0.0,0,0.0,,,Croatia,"Croatia, Germany",right,180,72,yes,,,,,,,0.0,,,3.75,,1,,0,,,,0,,,0,,0,,,0.0,,,,,,,,,,,,,,,,,,,,,,,,,,,,,,,13.39,32.43,,,,,,,,,,,,,,,,,,0,,0,,0,0.0,0.0,,,,,,,,,,,0,0.0
Arthur Hayward,Team 14,Team 14,"LW, RW, CF",23,150000,2028-12-31,5,112,0,0.18,1,0.36,29.73,35.14,Slovakia,Slovakia,right,177,70,yes,5.63,5.63,57.14,2.41,66.67,0.0,0.0,0.0,2.41,3.6,3.21,1,0.8,0,0.0,3.21,0.0,0,0.0,0.14,0,0.0,4,3.21,0.0,0.0,0.8,0.8,0.0,0.8,0.0,0.0,0.0,0.0,7.23,44.44,20.89,26.92,4.82,4.82,0.8,17.68,1.61,1.61,19.29,62.5,8.84,54.55,3.21,75.0,4.82,66.67,16.88,71.43,1.61,0.0,19.19,13.25,0.29,2.41,0.0,0.0,0.0,0.0,0.8,3.21,25.0,2.41,0.0,0.8,0.0,1.61,0.0,1.61,50.0,0,,0,,0,0.0,0.0,0.0,,,0.0,,,0.0,0.0,0.0,0.0,0,0.0
Owen Thorpe,Team 14,Team 14,RCB,21,175000,,13,1173,1,0.89,0,0.04,11.05,62.5,Sweden,Sweden,right,190,80,yes,8.67,4.37,78.95,4.99,49.23,0.0,0.0,0.84,5.22,7.34,0.54,1,0.08,0,0.0,0.15,0.08,1,0.08,0.07,0,0.0,7,0.54,28.57,14.286,0.0,0.0,0.0,0.0,0.0,0.0,0.0,0.0,0.0,0.0,0.15,0.0,0.69,0.15,0.0,28.54,0.23,0.15,42.28,86.03,14.19,68.65,1.23,100.0,23.09,95.35,37.37,91.99,4.91,40.63,23.14,40.99,0.0,0.08,0.0,0.0,0.0,0.0,0.0,3.68,56.25,0.08,0.0,0.08,0.0,0.08,0.0,6.83,60.67,0,,0,,0,0.0,0.0,0.0,,,0.77,,,0.0,0.0,0.0,0.08,0,0.0
Dara Talbot,Team 14,Team 14,"RW, AMF",24,175000,,12,361,1,0.28,0,0.21,18.95,35.53,Ireland,Ireland,right,174,67,yes,3.99,3.74,46.67,2.49,20.0,0.0,0.0,0.25,2.24,3.33,1.0,0,0.0,0,0.0,3.49,0.25,1,0.25,0.07,0,0.0,5,1.25,40.0,20.0,0.0,3.24,23.08,0.0,0.0,3.24,23.08,0.5,4.49,50.0,9.72,33.33,2.24,1.75,0.25,11.72,1.0,1.25,18.7,61.33,4.99,60.0,4.49,94.44,4.99,50.0,14.96,68.33,1.0,50.0,18.77,14.93,0.05,0.5,0.5,0.0,0.25,0.0,0.25,1.0,50.0,2.74,36.36,0.25,0.0,0.25,0.75,3.49,50.0,0,,0,,0,0.0,0.0,0.0,,,0.0,,,0.0,0.0,0.0,0.0,0,0.0
Casper Hensley,Team 14,Team 14,"RCMF, LCMF",24,150000,,4,103,0,0.0,0,0.0,26.21,53.33,Morocco,Morocco,right,178,71,yes,13.11,10.49,66.67,7.86,55.56,0.87,1.15,1.75,5.24,6.92,1.75,1,0.87,0,0.0,0.0,0.0,0,0.0,0.0,0,0.0,0,0.0,0.0,0.0,0.0,0.0,0.0,0.0,0.0,0.0,0.0,0.0,0.0,0.0,4.37,20.0,0.87,0.0,0.0,20.97,0.0,0.87,33.2,84.21,6.12,85.71,3.5,100.0,15.73,83.33,32.33,83.78,0.87,100.0,14.28,5.93,0.0,0.0,0.0,0.0,0.0,0.0,0.0,5.24,100.0,0.0,0.0,0.0,0.0,0.0,0.0,6.12,28.57,0,,0,,0,0.0,0.0,0.0,,,0.0,,,0.0,0.0,0.0,0.0,0,0.0
Bastien Winterbottom,Team 14,Team 14,"RW, RAMF, RWF",22,125000,2028-12-29,14,1123,5,3.35,3,3.19,17.47,44.95,Belgium,Belgium,right,175,67,yes,4.33,4.73,55.93,1.84,21.74,0.16,0.22,0.16,1.52,2.12,1.2,1,0.08,1,0.08,4.17,0.4,5,0.4,0.27,0,0.0,24,1.92,50.0,20.833,0.24,3.05,28.95,0.32,25.0,2.72,29.41,0.32,3.69,63.04,9.78,45.9,3.05,2.89,0.32,16.91,2.08,1.28,20.36,71.65,5.37,59.7,5.37,94.03,4.65,70.69,16.51,81.55,1.12,28.57,17.69,23.82,0.26,0.96,0.16,0.0,0.08,0.0,0.72,1.6,70.0,2.08,53.85,0.08,0.0,0.96,0.88,3.45,60.47,0,,0,,0,0.0,0.0,0.0,,,0.0,,,0.0,0.0,0.0,0.0,0,0.0
Christian Fairfax,Team 14,Team 14,"LW, LAMF",22,100000,2027-07-31,14,1180,0,1.55,3,2.19,17.31,48.9,Germany,Germany,right,181,76,yes,2.97,2.75,52.78,0.99,23.08,0.08,0.11,0.0,1.45,2.04,0.99,3,0.23,0,0.0,4.96,0.0,0,0.0,0.12,0,0.0,30,2.29,30.0,0.0,0.23,2.52,33.33,2.36,29.03,0.15,100.0,0.69,5.42,63.38,12.2,51.88,2.59,3.74,0.69,17.62,0.84,2.06,23.87,72.52,6.94,59.34,5.34,94.29,6.86,71.11,19.3,80.63,2.36,45.16,19.21,38.35,0.17,0.92,0.08,0.08,0.0,0.0,0.92,3.2,50.0,2.82,56.76,0.0,0.0,1.07,0.76,4.35,77.19,0,,0,,0,0.0,0.0,0.0,,,0.0,,,0.15,0.0,0.0,0.61,0,0.0
Fabian Montague,Team 14,Team 14,CF,25,150000,2028-03-31,12,761,1,3.21,0,0.4,26.73,34.07,Ghana,Ghana,right,185,79,yes,4.49,4.61,46.15,8.75,32.43,0.0,0.0,0.35,2.37,3.16,1.54,2,0.24,0,0.0,1.66,0.12,1,0.12,0.38,0,0.0,19,2.25,26.32,5.263,0.0,0.35,100.0,0.12,100.0,0.24,100.0,0.0,1.66,42.86,8.99,32.89,2.48,0.83,0.24,5.09,0.71,1.77,10.29,75.86,3.31,57.14,2.96,96.0,2.01,76.47,9.7,75.61,0.35,66.67,15.04,9.18,0.05,0.71,0.0,0.0,0.0,0.0,0.12,1.42,50.0,0.71,83.33,0.0,0.0,0.59,0.24,1.77,66.67,0,,0,,0,0.0,0.0,0.0,,,0.0,,,0.0,0.0,0.0,0.0,0,0.0
Ethan Halloway,Team 14,Team 14,RB,24,200000,2027-03-31,10,733,0,0.23,1,0.88,15.47,47.62,United States,United States,right,179,70,yes,7.24,7.12,56.9,3.19,34.62,0.12,0.18,0.37,3.07,4.52,1.96,2,0.25,0,0.0,2.09,0.0,0,0.0,0.03,0,0.0,5,0.61,40.0,0.0,0.12,3.07,40.0,0.0,0.0,3.07,40.0,0.49,0.74,83.33,3.81,48.39,0.61,0.86,0.0,31.56,1.35,1.6,39.29,79.38,17.68,71.53,5.03,97.56,11.79,80.21,31.19,88.58,5.03,46.34,20.03,33.04,0.11,1.23,0.0,0.0,0.0,0.0,0.25,4.79,56.41,3.19,38.46,0.25,0.0,0.12,1.11,7.49,70.49,0,,0,,0,0.0,0.0,0.0,,,0.49,,,0.49,0.12,0.0,2.58,0,0.0
Ruben Thorne,Team 14,Team 14,LCB,23,125000,2028-05-31,11,1061,2,1.08,1,0.25,14.08,68.07,Scotland,"Scotland, France",left,197,85,yes,9.75,5.51,73.85,6.19,73.97,0.51,0.75,1.19,5.17,7.63,1.27,3,0.25,0,0.0,0.42,0.17,2,0.17,0.09,1,0.08,6,0.51,50.0,33.333,0.08,0.0,0.0,0.0,0.0,0.0,0.0,0.0,0.17,100.0,0.68,25.0,0.59,0.17,0.0,26.8,0.25,0.17,41.23,86.21,19.59,77.06,1.19,100.0,17.3,96.08,35.63,92.86,5.6,43.94,21.14,38.19,0.02,0.34,0.08,0.0,0.0,0.0,0.08,4.16,65.31,0.34,50.0,0.0,0.0,0.25,0.0,6.96,62.2,0,,0,,0,0.0,0.0,0.0,,,0.85,,,0.0,0.0,0.0,0.0,0,0.0
Felix Northfield,Team 14,Team 14,LW,29,175000,,2,32,0,0.02,0,0.0,,,Finland,Finland,right,177,73,yes,,,,,,,0.0,,,6.0,,0,,0,,,,0,,,0,,2,,,0.0,,,,,,,,,,,,,,,,,,,,,,,,,,,,,,,9.6,0.0,,,,,,,,,,,,,,,,,,0,,0,,0,0.0,0.0,,,,,,,,,,,0,0.0
Damian Redmond,Team 14,Team 14,LB,24,250000,,14,1077,0,0.95,2,3.53,12.28,48.3,Austria,Austria,left,175,67,yes,6.1,6.1,57.53,1.92,52.17,0.0,0.0,0.25,2.59,3.72,1.34,1,0.08,0,0.0,3.26,0.0,0,0.0,0.08,0,0.0,16,1.34,43.75,0.0,0.17,4.26,47.06,4.01,45.83,0.25,66.67,0.58,1.25,53.33,3.09,32.43,1.0,1.67,0.33,29.16,2.17,0.17,39.44,76.27,17.05,68.14,6.35,96.05,10.86,72.31,28.91,84.68,6.6,55.7,21.63,35.58,0.29,2.01,0.17,0.0,0.0,0.0,0.67,5.26,71.43,3.68,47.73,0.0,0.0,0.42,2.09,9.94,63.87,0,,0,,0,0.0,0.0,0.0,,,0.25,,,1.42,0.58,28.57,3.34,0,0.0
Theo Linwood,Team 14,Team 14,"LCMF, LDMF, RCMF",24,200000,,14,1216,3,2.04,2,0.25,13.69,48.65,Slovenia,Slovenia,right,185,79,yes,7.11,6.66,53.33,3.03,51.22,0.22,0.31,0.22,3.33,4.62,1.85,5,0.37,0,0.0,0.89,0.22,2,0.15,0.15,1,0.07,15,1.11,33.33,20.0,0.15,0.37,20.0,0.3,25.0,0.07,0.0,0.0,0.81,54.55,3.03,41.46,0.52,0.89,0.0,29.31,0.59,0.74,38.19,89.15,9.03,81.15,6.96,95.74,16.36,93.21,35.97,90.95,1.85,68.0,18.42,30.74,0.02,0.44,0.07,0.0,0.0,0.0,0.15,4.37,84.75,0.81,54.55,0.15,0.0,0.44,0.07,4.96,61.19,0,,0,,0,0.0,0.0,0.0,,,0.15,,,0.0,0.0,0.0,0.0,1,100.0
Kasper Ellwood,Team 14,Team 14,"CF, LCMF, AMF",28,125000,2027-04-30,2,49,0,0.0,0,0.11,16.53,44.44,Chile,Chile,right,178,72,yes,3.67,3.67,100.0,7.35,25.0,0.0,0.0,0.0,0.0,0.0,1.84,0,0.0,0,0.0,0.0,0.0,0,0.0,0.0,0,0.0,0,0.0,0.0,0.0,0.0,0.0,0.0,0.0,0.0,0.0,0.0,0.0,0.0,0.0,1.84,100.0,3.67,1.84,0.0,16.53,0.0,1.84,22.04,75.0,7.35,50.0,3.67,100.0,3.67,100.0,22.04,75.0,0.0,0.0,15.09,0.0,0.2,3.67,0.0,0.0,0.0,0.0,0.0,3.67,50.0,0.0,0.0,0.0,0.0,0.0,0.0,1.84,100.0,0,,0,,0,0.0,0.0,0.0,,,0.0,,,3.67,0.0,0.0,1.84,0,0.0
Soren Kingsbury,Team 14,Team 14,LCB,27,150000,,7,541,0,0.27,0,0.0,8.32,50.0,Spain,Spain,left,187,77,yes,8.65,2.83,70.59,3.16,47.37,0.0,0.0,1.0,6.65,7.74,0.83,2,0.33,0,0.0,0.33,0.0,0,0.0,0.05,0,0.0,3,0.5,33.33,0.0,0.0,0.33,50.0,0.33,50.0,0.0,0.0,0.0,0.0,0.0,0.5,66.67,0.67,0.0,0.0,18.63,0.0,0.67,32.11,79.79,16.3,69.39,1.0,100.0,11.98,94.44,24.95,91.33,6.82,39.02,19.16,33.21,0.0,0.0,0.0,0.0,0.0,0.0,0.0,3.99,54.17,0.33,50.0,0.0,0.0,0.0,0.17,6.49,51.28,0,,0,,0,0.0,0.0,0.0,,,0.33,,,0.0,0.0,0.0,0.0,0,0.0
Milo Hayward,Team 14,Team 14,"CF, AMF",26,200000,,12,942,4,1.89,0,0.51,19.87,44.23,Chile,Chile,left,170,77,yes,6.59,6.21,66.15,2.39,20.0,0.38,0.58,0.29,2.1,3.2,1.24,2,0.19,0,0.0,1.82,0.38,4,0.38,0.18,0,0.0,13,1.24,38.46,30.769,0.0,1.15,33.33,0.38,50.0,0.76,25.0,0.29,2.2,43.48,8.03,35.71,1.91,1.15,0.38,20.16,1.43,1.82,26.66,78.85,10.03,72.38,3.92,92.68,6.5,72.06,24.46,81.25,1.15,66.67,16.97,24.85,0.05,0.96,0.0,0.1,0.1,0.0,0.29,4.01,80.95,2.39,64.0,0.1,0.0,1.34,0.48,5.35,69.64,0,,0,,0,0.0,0.0,0.0,,,0.0,,,0.0,0.0,0.0,0.0,0,0.0
Malcolm Vanderveer,Team 14,Team 14,RB,30,150000,2026-10-31,9,697,0,0.03,0,0.01,13.56,50.48,Uruguay,Uruguay,right,170,60,yes,8.52,7.88,52.46,3.74,48.28,0.26,0.34,0.65,4.13,5.36,1.42,5,0.65,0,0.0,0.39,0.0,0,0.0,0.0,0,0.0,4,0.52,0.0,0.0,0.0,1.03,37.5,0.0,0.0,1.03,37.5,0.13,0.0,0.0,0.9,57.14,0.26,0.26,0.0,25.57,0.9,0.9,37.06,74.22,19.76,66.67,3.1,91.67,9.3,80.56,28.41,84.55,7.62,40.68,20.97,34.9,0.0,0.26,0.13,0.0,0.0,0.0,0.0,5.81,51.11,1.68,38.46,0.39,66.67,0.13,0.52,8.78,64.71,0,,0,,0,0.0,0.0,0.0,,,0.52,,,0.0,0.0,0.0,0.13,0,0.0
Tobias Faulkner,Team 14,Team 14,LB,28,150000,2026-10-31,10,442,0,0.08,0,0.37,10.18,50.0,Portugal,Portugal,left,182,80,yes,8.55,7.53,48.65,0.61,33.33,0.41,0.52,0.61,4.48,5.69,2.04,1,0.2,0,0.0,1.43,0.0,0,0.0,0.02,0,0.0,5,1.02,0.0,0.0,0.0,2.44,41.67,2.24,45.45,0.2,0.0,0.0,0.61,66.67,1.22,66.67,0.41,1.63,0.0,20.77,1.43,0.0,33.39,73.17,14.05,72.46,5.29,84.62,8.96,72.73,25.25,83.06,5.9,41.38,23.53,42.61,0.08,1.02,0.0,0.0,0.0,0.0,0.61,6.11,56.67,2.65,46.15,0.81,50.0,0.41,1.02,8.14,70.0,0,,0,,0,0.0,0.0,0.0,,,0.2,,,1.43,0.41,0.0,2.04,0,0.0
Felix Hayward,Team 34,Team 34,DMF,29,1300000,2026-12-31,1,99,0,0.07,0,0.0,17.27,73.68,Turkey,Turkey,right,175,75,yes,10.91,10.0,63.64,3.64,100.0,0.91,1.67,0.91,3.64,6.67,2.73,1,0.91,0,0.0,0.0,0.0,0,0.0,0.06,0,0.0,1,0.91,0.0,0.0,0.0,0.0,0.0,0.0,0.0,0.0,0.0,0.0,0.0,0.0,1.82,100.0,0.91,0.0,0.0,30.91,0.91,1.82,53.64,91.53,13.64,73.33,7.27,100.0,23.64,96.15,47.27,94.23,6.36,71.43,19.09,32.52,0.0,0.0,0.0,0.0,0.0,0.0,0.0,6.36,71.43,1.82,0.0,0.91,0.0,0.0,0.0,4.55,100.0,0,,0,,0,0.0,0.0,0.0,,,0.0,,,0.0,0.0,0.0,0.0,0,0.0
Hugo Mercer,Team 34,Team 34,"AMF, RCMF, LCMF",29,800000,2026-12-31,11,731,1,0.88,1,0.73,13.05,44.34,Belgium,Belgium,right,178,73,yes,4.06,4.68,57.89,1.6,23.08,0.12,0.2,0.12,1.23,2.03,1.23,0,0.0,0,0.0,1.23,0.12,1,0.12,0.11,0,0.0,7,0.86,28.57,14.286,0.12,0.37,66.67,0.25,100.0,0.0,0.0,0.0,1.35,54.55,5.17,40.48,0.86,1.23,0.0,35.58,0.49,0.74,43.46,86.12,15.14,75.61,7.39,95.0,11.57,94.68,41.37,87.2,1.72,64.29,15.61,26.53,0.09,1.23,0.12,0.12,0.12,0.0,0.62,9.23,81.33,1.48,50.0,0.62,20.0,0.86,0.25,5.54,86.67,0,,0,,0,0.0,0.0,0.0,,,0.0,,,0.0,0.0,0.0,0.0,0,0.0
Bastien Montague,Team 34,Team 34,GK,31,450000,2027-12-31,15,1503,0,0.0,0,0.0,0.6,90.0,Norway,Norway,left,186,80,yes,1.08,0.0,0.0,0.48,87.5,0.0,0.0,0.0,1.08,1.73,0.0,1,0.06,0,0.0,0.06,0.0,0,0.0,0.0,0,0.0,0,0.0,0.0,0.0,0.0,0.0,0.0,0.0,0.0,0.0,0.0,0.0,0.06,100.0,0.12,100.0,0.0,0.0,0.0,9.7,0.3,0.06,17.31,87.54,9.58,79.38,0.0,0.0,7.25,99.17,11.74,97.96,5.51,66.3,30.24,47.77,0.0,0.0,0.0,0.0,0.0,0.0,0.0,1.56,38.46,0.24,0.0,0.06,0.0,0.0,0.0,4.37,68.49,15,0.9,71,4.25,6,78.87,24.0,1.44,9.0,0.539,0.0,1.68,0.48,,,,0.0,0,0.0
Florian Mercer,Team 34,Team 34,"CF, AMF, RCMF",36,400000,2026-10-31,12,1105,3,3.46,1,1.1,16.53,44.83,Belgium,"Belgium, France",right,169,59,yes,2.61,2.85,51.43,1.79,13.64,0.08,0.13,0.08,1.06,1.67,1.14,4,0.33,0,0.0,2.36,0.24,1,0.08,0.28,0,0.0,28,2.28,17.86,10.714,0.08,1.38,41.18,0.41,40.0,0.98,41.67,0.24,2.44,56.67,10.02,47.97,1.55,0.98,0.08,32.74,1.22,2.85,42.27,81.5,11.4,64.29,8.47,93.27,13.28,86.5,37.87,85.38,3.1,50.0,16.26,34.22,0.09,1.38,0.08,0.16,0.33,0.0,0.41,6.03,66.22,3.5,48.84,1.47,22.22,0.9,0.57,4.89,83.33,0,,0,,0,0.0,0.0,0.0,,,0.16,,,0.41,0.0,0.0,1.3,2,100.0
Hugo Hayward,Team 34,Team 34,CF,36,300000,,12,502,1,1.84,1,0.5,13.45,46.67,South Korea,South Korea,right,178,72,yes,3.05,1.79,70.0,4.84,29.63,0.36,0.71,0.36,1.43,2.86,0.54,1,0.18,0,0.0,1.25,0.18,0,0.0,0.33,0,0.0,8,1.43,12.5,12.5,0.18,1.43,12.5,1.08,16.67,0.36,0.0,0.36,1.43,62.5,4.66,61.54,2.69,0.9,0.0,10.94,0.9,2.69,14.16,74.68,2.87,81.25,3.94,100.0,4.48,56.0,12.55,82.86,0.18,0.0,15.92,2.66,0.09,0.36,0.0,0.0,0.0,0.0,0.36,1.08,66.67,1.43,37.5,0.18,0.0,0.36,0.36,1.08,100.0,0,,0,,0,0.0,0.0,0.0,,,0.36,,,0.18,0.18,0.0,0.0,1,100.0
Maxim Lowell,Team 34,Team 34,"RCB, LCB",34,300000,,12,1023,1,1.22,0,0.4,9.59,65.14,Denmark,Denmark,right,183,82,yes,5.81,3.08,68.57,4.22,54.17,0.09,0.13,0.44,3.61,5.47,0.7,3,0.26,0,0.0,0.53,0.09,1,0.09,0.11,0,0.0,7,0.62,42.86,14.286,0.0,0.0,0.0,0.0,0.0,0.0,0.0,0.0,0.26,100.0,1.06,66.67,0.7,0.44,0.09,33.34,0.09,0.62,48.39,93.64,19.09,88.02,1.41,100.0,24.37,97.47,43.64,96.37,4.75,68.52,21.56,39.82,0.04,0.26,0.0,0.0,0.0,0.0,0.0,4.4,72.0,0.35,50.0,0.44,20.0,0.35,0.0,7.74,87.5,0,,0,,0,0.0,0.0,0.0,,,1.32,,,0.0,0.0,0.0,0.0,0,0.0
Xavier Carrington,Team 34,Team 34,LCB,31,250000,,9,904,2,1.33,0,0.52,13.14,68.18,Morocco,Morocco,right,186,70,yes,8.16,4.68,72.34,4.18,54.76,0.3,0.48,0.5,4.48,7.18,1.0,1,0.1,0,0.0,1.0,0.2,2,0.2,0.13,1,0.1,12,1.19,41.67,16.667,0.0,0.1,0.0,0.1,0.0,0.0,0.0,0.1,0.4,100.0,1.99,60.0,1.29,2.39,0.1,35.74,0.2,0.9,52.47,91.84,21.5,83.33,3.38,100.0,23.2,98.28,48.09,95.24,4.28,55.81,20.17,32.14,0.05,0.2,0.1,0.0,0.1,100.0,0.1,6.87,88.41,0.7,71.43,0.2,100.0,0.5,0.0,9.36,77.66,0,,0,,0,0.0,0.0,0.0,,,1.69,,,0.0,0.0,0.0,0.0,0,0.0
Florian Brecken,Team 34,Team 34,"RDMF, DMF, RCMF",37,200000,,11,1085,2,0.86,0,0.12,9.87,55.46,Finland,"Finland, France",right,177,82,yes,5.72,4.4,60.38,2.07,60.0,0.17,0.26,0.33,2.9,4.63,1.08,3,0.25,0,0.0,0.91,0.17,2,0.17,0.07,2,0.17,12,1.0,33.33,16.667,0.0,0.17,50.0,0.08,100.0,0.0,0.0,0.0,0.41,100.0,2.65,43.75,0.5,1.08,0.0,36.33,0.41,0.41,49.19,88.03,15.59,79.26,5.39,95.38,19.91,93.33,45.37,89.58,3.65,70.45,17.71,34.89,0.01,0.41,0.0,0.0,0.08,100.0,0.0,8.63,82.69,0.66,62.5,0.5,33.33,0.33,0.08,7.96,79.17,0,,0,,0,0.0,0.0,0.0,,,0.33,,,0.0,0.0,0.0,0.0,0,0.0
Caleb Stratford,Team 34,Team 34,RCB,37,200000,,11,763,0,1.06,0,0.0,10.38,57.95,Slovakia,"Slovakia, Spain",right,193,99,yes,5.9,2.95,44.0,4.95,76.19,0.0,0.0,0.71,4.6,7.55,1.18,1,0.12,0,0.0,0.94,0.0,0,0.0,0.13,0,0.0,10,1.18,60.0,0.0,0.0,0.24,50.0,0.0,0.0,0.24,50.0,0.0,0.12,100.0,0.59,40.0,1.65,0.12,0.0,38.22,0.24,0.0,52.14,90.72,17.34,82.99,1.77,93.33,30.79,95.02,48.13,94.85,3.77,40.63,23.86,33.96,0.0,0.12,0.0,0.0,0.0,0.0,0.0,6.84,77.59,0.59,20.0,0.47,0.0,0.0,0.12,8.61,84.93,0,,0,,0,0.0,0.0,0.0,,,1.53,,,0.0,0.0,0.0,0.0,0,0.0
Colin Somerset,Team 34,Team 34,"LCMF, RCMF",42,150000,2026-10-31,1,21,0,0.0,0,0.0,,,Senegal,Senegal,right,182,85,yes,,,,,,,0.0,,,30.0,,0,,0,,,,0,,,0,,0,,,0.0,,,,,,,,,,,,,,,,,,,,,,,,,,,,,,,14.9,0.0,,,,,,,,,,,,,,,,,,0,,0,,0,0.0,0.0,,,,,,,,,,,0,0.0
Kasper Waverley,Team 34,Team 34,"RCMF, RDMF, DMF",25,100000,,5,295,1,0.32,0,0.0,23.49,58.44,Finland,"Finland, France",right,186,86,yes,10.98,9.15,56.67,7.02,60.87,0.61,0.95,0.31,5.19,8.1,2.75,2,0.61,1,0.31,1.22,0.31,1,0.31,0.1,1,0.31,5,1.53,40.0,20.0,0.0,0.31,0.0,0.0,0.0,0.31,0.0,0.0,1.22,50.0,5.19,58.82,0.92,0.92,0.0,34.17,0.0,1.22,48.51,88.68,14.95,85.71,9.46,93.55,15.25,84.0,46.37,90.79,1.83,50.0,16.36,11.9,0.0,0.31,0.0,0.0,0.0,0.0,0.0,9.46,77.42,0.31,0.0,0.31,0.0,0.0,0.0,5.49,77.78,0,,0,,0,0.0,0.0,0.0,,,0.61,,,0.0,0.0,0.0,0.0,0,0.0
Soren Barton,Team 34,Team 34,CF,35,100000,,3,106,0,0.51,0,0.26,5.09,16.67,Serbia,"Serbia, Spain",left,174,70,yes,0.0,1.7,0.0,0.85,0.0,0.0,0.0,0.0,0.0,0.0,0.0,0,0.0,0,0.0,0.85,0.0,0,0.0,0.43,0,0.0,6,5.09,16.67,0.0,0.0,0.0,0.0,0.0,0.0,0.0,0.0,0.0,0.0,0.0,2.55,33.33,2.55,2.55,0.0,38.21,0.85,0.85,42.45,88.0,13.58,81.25,9.34,90.91,15.28,88.89,36.51,90.7,5.94,71.43,19.99,44.17,0.22,2.55,0.0,0.0,0.0,0.0,0.85,9.34,81.82,1.7,100.0,0.0,0.0,0.85,0.0,6.79,87.5,0,,0,,0,0.0,0.0,0.0,,,0.0,,,0.85,0.85,0.0,5.09,0,0.0
Tristan Ravensdale,Team 34,Team 34,LB,27,100000,2028-11-30,12,834,1,0.62,3,2.11,16.29,60.26,Uruguay,Uruguay,left,179,73,yes,9.39,6.91,70.31,2.91,59.26,0.43,0.76,0.11,4.1,7.22,1.08,1,0.11,0,0.0,3.35,0.11,1,0.11,0.07,0,0.0,12,1.29,16.67,8.333,0.32,4.86,40.0,4.75,38.64,0.11,100.0,0.22,1.73,68.75,5.29,51.02,0.76,2.91,0.32,32.7,2.91,1.4,46.08,81.73,13.92,71.32,11.12,99.03,12.3,78.07,38.53,90.48,3.24,30.0,19.03,34.48,0.23,1.83,0.0,0.11,0.11,0.0,1.08,5.29,69.39,3.45,50.0,0.32,33.33,0.11,1.83,8.31,76.62,0,,0,,0,0.0,0.0,0.0,,,0.32,,,0.86,0.32,33.33,1.62,0,0.0
Maxim Waverley,Team 34,Team 34,RB,23,300000,2027-03-31,1,22,0,0.01,0,0.0,,,Japan,Japan,right,187,84,yes,,,,,,,0.0,,,7.5,,0,,0,,,,0,,,0,,1,,,0.0,,,,,,,,,,,,,,,,,,,,,,,,,,,,,,,21.33,0.0,,,,,,,,,,,,,,,,,,0,,0,,0,0.0,0.0,,,,,,,,,,,0,0.0
Alastair Sinclair,Team 34,Team 34,"LCMF, LDMF",25,300000,2027-12-31,11,911,2,0.84,4,2.0,19.36,46.94,Japan,Japan,right,178,72,yes,7.9,9.39,48.42,1.78,55.56,0.3,0.45,0.2,3.06,4.6,2.47,3,0.3,0,0.0,2.67,0.2,2,0.2,0.08,0,0.0,31,3.06,29.03,6.452,0.4,0.89,33.33,0.4,50.0,0.4,0.0,0.2,2.27,65.22,5.83,49.15,0.59,0.69,0.1,29.84,0.3,1.38,40.21,81.57,15.02,73.03,7.01,90.14,12.15,91.87,34.97,86.16,4.35,54.55,19.26,37.63,0.2,1.68,0.1,0.0,0.1,0.0,0.3,7.9,71.25,1.58,50.0,0.79,37.5,0.69,0.3,7.21,71.23,0,,0,,0,0.0,0.0,0.0,,,0.1,,,2.17,0.79,25.0,3.06,0,0.0
Sebastian Harrington,Team 34,Team 34,"RAMF, LW, RW",26,300000,,14,719,5,2.48,1,0.59,21.03,43.45,Scotland,Scotland,right,175,72,yes,6.63,5.88,65.96,2.63,28.57,0.0,0.0,0.13,2.75,4.65,1.88,3,0.38,0,0.0,4.63,0.63,5,0.63,0.31,1,0.13,22,2.75,36.36,22.727,0.13,1.88,26.67,1.0,37.5,0.88,14.29,0.38,5.63,55.56,10.51,40.48,3.13,2.25,0.25,13.77,1.75,0.88,18.4,77.55,3.0,91.67,4.51,88.89,6.26,74.0,15.77,84.13,0.88,71.43,14.68,5.68,0.07,0.75,0.0,0.0,0.0,0.0,0.38,1.25,60.0,1.5,50.0,0.25,50.0,0.75,0.38,1.63,69.23,0,,0,,0,0.0,0.0,0.0,,,0.0,,,0.0,0.0,0.0,0.0,0,0.0
Dorian Brecken,Team 34,Team 34,RB,20,250000,,3,229,0,0.0,0,0.01,16.51,50.0,Norway,"Norway, Portugal",right,178,68,yes,11.0,7.47,63.16,2.36,33.33,0.79,1.4,0.39,5.5,9.77,2.36,3,1.18,0,0.0,0.79,0.0,0,0.0,0.0,0,0.0,0,0.0,0.0,0.0,0.0,2.36,0.0,0.0,0.0,2.36,0.0,0.0,3.14,25.0,5.9,40.0,0.79,2.75,0.39,26.33,1.97,0.39,38.52,78.57,15.33,66.67,6.29,100.0,9.83,76.0,31.05,88.61,5.5,50.0,20.19,44.96,0.01,0.39,0.39,0.0,0.0,0.0,0.39,7.07,61.11,4.32,45.45,0.0,0.0,0.79,0.39,6.29,87.5,0,,0,,0,0.0,0.0,0.0,,,0.39,,,0.0,0.0,0.0,0.0,0,0.0
Julian Vance,Team 34,Team 34,CF,21,350000,,7,171,0,0.24,0,0.0,21.58,39.02,Chile,Chile,right,183,76,yes,5.79,6.32,41.67,3.16,16.67,0.53,1.11,1.05,2.63,5.56,2.63,0,0.0,0,0.0,2.11,0.0,0,0.0,0.13,0,0.0,4,2.11,0.0,0.0,0.0,0.53,100.0,0.0,0.0,0.53,100.0,0.0,1.58,100.0,8.42,31.25,1.58,0.53,0.53,8.42,0.53,1.05,14.74,75.0,4.74,44.44,2.11,100.0,5.79,90.91,14.21,74.07,0.0,0.0,11.88,0.0,0.0,0.53,0.0,0.0,0.0,0.0,0.53,1.05,50.0,1.58,66.67,0.0,0.0,0.53,0.53,1.58,33.33,0,,0,,0,0.0,0.0,0.0,,,0.0,,,0.0,0.0,0.0,0.0,0,0.0
Bastien Clairmont,Team 34,Team 34,RB,22,300000,2027-12-31,4,309,0,0.02,0,0.04,18.64,54.69,Denmark,Denmark,right,175,70,yes,8.45,6.7,60.87,3.79,69.23,0.29,0.41,0.0,4.08,5.68,1.75,0,0.0,0,0.0,2.33,0.0,0,0.0,0.01,0,0.0,2,0.58,0.0,0.0,0.0,2.62,33.33,0.0,0.0,2.62,33.33,0.0,2.33,62.5,6.12,38.1,0.58,0.87,0.0,30.0,1.17,1.17,41.36,79.58,15.15,71.15,4.08,100.0,16.02,81.82,33.2,92.11,5.83,25.0,20.67,39.53,0.01,0.58,0.0,0.0,0.0,0.0,0.0,6.12,76.19,2.04,42.86,0.0,0.0,0.0,0.87,10.19,68.57,0,,0,,0,0.0,0.0,0.0,,,0.87,,,0.0,0.0,0.0,0.0,0,0.0
Simon Vance,Team 34,Team 34,LW,20,550000,2027-05-15,1,3,0,0.0,0,0.0,,,Brazil,Brazil,right,185,72,yes,,,,,,,0.0,,,0.0,,0,,0,,,,0,,,0,,0,,,0.0,,,,,,,,,,,,,,,,,,,,,,,,,,,,,,,0.0,0.0,,,,,,,,,,,,,,,,,,0,,0,,0,0.0,0.0,,,,,,,,,,,0,0.0
Elias Ingram,Team 34,Team 34,"RWF, RW",26,350000,2026-12-31,1,15,0,0.0,0,0.0,,,Poland,"Poland, France",right,180,76,yes,,,,,,,0.0,,,7.5,,1,,0,,,,0,,,0,,0,,,0.0,,,,,,,,,,,,,,,,,,,,,,,,,,,,,,,9.28,0.0,,,,,,,,,,,,,,,,,,0,,0,,0,0.0,0.0,,,,,,,,,,,0,0.0
Stefan Zimmerman,Team 34,Team 34,DMF,26,650000,,1,99,0,0.07,0,0.0,17.27,73.68,United States,United States,right,185,83,yes,10.91,10.0,63.64,3.64,100.0,0.91,1.67,0.91,3.64,6.67,2.73,1,0.91,0,0.0,0.0,0.0,0,0.0,0.06,0,0.0,1,0.91,0.0,0.0,0.0,0.0,0.0,0.0,0.0,0.0,0.0,0.0,0.0,0.0,1.82,100.0,0.91,0.0,0.0,30.91,0.91,1.82,53.64,91.53,13.64,73.33,7.27,100.0,23.64,96.15,47.27,94.23,6.36,71.43,19.09,32.52,0.0,0.0,0.0,0.0,0.0,0.0,0.0,6.36,71.43,1.82,0.0,0.91,0.0,0.0,0.0,4.55,100.0,0,,0,,0,0.0,0.0,0.0,,,0.0,,,0.0,0.0,0.0,0.0,0,0.0
Ruben Winterbottom,Team 34,Team 34,"RWF, LW, RAMF",22,150000,,9,401,1,1.14,1,0.11,14.81,50.0,Senegal,Senegal,left,170,64,yes,5.39,4.26,78.95,1.57,28.57,0.0,0.0,0.22,2.02,3.1,1.12,0,0.0,0,0.0,2.24,0.22,1,0.22,0.25,0,0.0,7,1.57,42.86,14.286,0.22,1.8,25.0,1.12,20.0,0.67,33.33,0.0,1.8,62.5,8.3,43.24,1.8,2.47,0.0,28.05,0.45,1.35,37.48,86.83,11.22,80.0,7.41,93.94,11.0,87.76,34.34,90.2,1.8,75.0,17.63,24.22,0.02,0.67,0.0,0.0,0.0,0.0,0.22,6.96,93.55,1.35,16.67,0.22,0.0,0.67,0.22,4.71,76.19,0,,0,,0,0.0,0.0,0.0,,,0.0,,,0.67,0.0,0.0,1.57,0,0.0
Ethan Davenport,Team 34,Team 34,"LAMF, RW, RAMF",24,400000,,15,1243,4,3.08,3,1.9,17.81,50.41,Croatia,Croatia,right,167,67,yes,3.84,4.56,57.14,2.03,25.0,0.22,0.35,0.14,1.01,1.62,0.72,1,0.07,0,0.0,5.07,0.29,4,0.29,0.22,1,0.07,33,2.39,42.42,12.121,0.22,2.75,28.95,1.09,20.0,1.67,34.78,0.36,5.0,65.22,9.77,54.81,3.98,3.33,0.58,16.44,1.81,1.81,21.87,68.87,6.01,65.06,4.2,87.93,6.37,65.91,17.67,77.46,1.45,40.0,18.82,23.8,0.14,1.38,0.07,0.07,0.0,0.0,0.51,2.1,62.07,2.75,55.26,0.22,33.33,1.23,0.8,3.84,75.47,0,,0,,0,0.0,0.0,0.0,,,0.0,,,0.0,0.0,0.0,0.51,0,0.0
Callum Crestwood,Team 34,Team 34,RB,27,300000,2026-10-30,10,821,1,1.0,0,1.0,17.21,50.32,England,England,right,177,67,yes,9.1,10.63,48.45,0.99,33.33,0.88,1.47,0.11,3.07,5.15,3.51,4,0.44,0,0.0,3.51,0.11,1,0.11,0.11,0,0.0,7,0.77,28.57,14.286,0.0,3.84,57.14,0.11,100.0,3.73,55.88,0.11,1.64,60.0,4.28,53.85,0.66,1.97,0.0,36.29,2.08,1.64,48.12,82.23,16.0,68.49,7.45,91.18,17.21,91.08,40.01,88.22,4.49,46.34,19.79,25.85,0.11,1.1,0.0,0.0,0.22,50.0,0.77,6.91,60.32,3.73,67.65,0.55,40.0,0.55,2.08,8.0,80.82,0,,0,,0,0.0,0.0,0.0,,,0.88,,,0.0,0.0,0.0,0.0,0,0.0
Damian Lowell,Team 34,Team 34,CF,29,350000,2026-12-31,1,9,0,0.0,0,0.0,,,Serbia,"Serbia, Italy",left,184,78,yes,,,,,,,0.0,,,0.0,,0,,0,,,,0,,,0,,0,,,0.0,,,,,,,,,,,,,,,,,,,,,,,,,,,,,,,0.0,0.0,,,,,,,,,,,,,,,,,,0,,0,,0,0.0,0.0,,,,,,,,,,,0,0.0
Gabriel Arden,Team 34,Team 34,LB,30,300000,,9,735,0,0.12,0,0.96,10.65,48.28,Uruguay,"Uruguay, France",left,175,74,yes,5.02,4.16,44.12,2.57,52.38,0.12,0.18,0.12,3.06,4.49,1.22,1,0.12,0,0.0,2.57,0.0,0,0.0,0.01,0,0.0,6,0.73,0.0,0.0,0.0,3.67,56.67,3.43,57.14,0.24,50.0,0.12,0.98,50.0,2.94,54.17,0.37,1.47,0.0,37.84,2.69,1.1,46.29,85.71,15.06,79.67,8.57,94.29,17.51,83.92,37.35,92.13,5.39,61.36,20.65,34.78,0.12,1.47,0.12,0.0,0.0,0.0,0.24,6.12,72.0,4.9,57.5,0.49,25.0,0.86,2.08,12.98,85.85,0,,0,,0,0.0,0.0,0.0,,,0.61,,,0.24,0.0,0.0,2.08,0,0.0
Cillian Zimmerman,Team 34,Team 34,"LCB, RDMF, RB",27,300000,,11,713,0,0.24,0,0.02,15.65,54.84,Albania,"Albania, Germany",right,185,73,yes,7.7,6.06,58.33,5.68,60.0,0.76,1.35,0.25,3.41,6.09,2.27,4,0.5,1,0.13,0.5,0.0,0,0.0,0.03,0,0.0,4,0.5,25.0,0.0,0.0,0.13,100.0,0.0,0.0,0.13,100.0,0.0,0.38,66.67,1.89,46.67,0.88,2.15,0.0,38.12,0.5,1.01,48.85,88.11,18.93,77.33,4.17,96.97,19.31,97.39,45.82,90.63,2.9,47.83,15.73,21.63,0.0,0.13,0.0,0.0,0.0,0.0,0.0,7.95,82.54,0.76,66.67,0.13,0.0,0.25,0.13,6.82,64.81,0,,0,,0,0.0,0.0,0.0,,,0.88,,,0.0,0.0,0.0,0.0,0,0.0
Sean Yardley,Team 34,Team 34,CF,30,450000,,9,715,2,3.41,1,1.37,24.42,36.08,Senegal,"Senegal, France",right,183,82,yes,2.77,2.27,33.33,9.69,42.86,0.0,0.0,0.13,2.01,3.0,1.38,4,0.5,0,0.0,1.76,0.25,2,0.25,0.43,0,0.0,14,1.76,42.86,14.286,0.13,0.25,50.0,0.13,100.0,0.13,0.0,0.13,1.51,58.33,9.31,33.78,3.65,0.25,0.0,7.8,0.76,2.01,14.48,73.04,3.27,57.69,3.4,81.48,3.78,76.67,13.97,73.87,0.25,50.0,12.81,9.33,0.17,1.01,0.0,0.0,0.0,0.0,0.5,1.51,41.67,0.5,50.0,0.0,0.0,0.63,0.13,0.88,57.14,0,,0,,0,0.0,0.0,0.0,,,0.0,,,0.0,0.0,0.0,0.0,0,0.0
Felix Kingsbury,Team 34,Team 34,"RWF, RW",19,400000,,1,15,0,0.0,0,0.0,,,Serbia,"Serbia, Portugal",right,182,75,yes,,,,,,,0.0,,,7.5,,1,,0,,,,0,,,0,,0,,,0.0,,,,,,,,,,,,,,,,,,,,,,,,,,,,,,,10.97,0.0,,,,,,,,,,,,,,,,,,0,,0,,0,0.0,0.0,,,,,,,,,,,0,0.0
Alastair Crestwood,Team 12,Team 12,"RW, CF",34,600000,2026-10-30,14,1215,5,3.66,2,0.96,16.3,41.36,Spain,Spain,right,175,75,yes,3.7,3.11,61.9,2.15,27.59,0.07,0.1,0.07,1.7,2.39,1.04,4,0.3,0,0.0,3.41,0.37,5,0.37,0.27,1,0.07,31,2.3,45.16,16.129,0.15,2.96,32.5,0.37,40.0,2.59,31.43,0.15,2.67,52.78,8.52,39.13,3.41,1.19,0.15,14.89,1.93,1.78,20.81,65.84,4.22,49.12,4.96,89.55,7.11,57.29,15.85,74.77,2.07,42.86,18.07,27.3,0.07,0.67,0.0,0.0,0.0,0.0,0.3,1.93,57.69,3.19,37.21,0.22,33.33,0.52,0.96,3.04,75.61,0,,0,,0,0.0,0.0,0.0,,,0.0,,,0.0,0.0,0.0,0.0,0,0.0
Emil Drayton,Team 12,Team 12,"CF, AMF, LCMF",32,500000,,9,317,2,0.47,0,0.38,11.64,53.66,Slovakia,Slovakia,right,174,75,yes,2.84,3.12,27.27,0.57,50.0,1.7,2.28,0.0,0.28,0.38,1.42,1,0.28,0,0.0,2.56,0.57,2,0.57,0.13,0,0.0,12,3.41,33.33,16.667,0.0,0.28,0.0,0.0,0.0,0.28,0.0,0.28,1.42,80.0,7.1,64.0,1.14,0.28,0.28,21.29,1.42,3.12,25.84,87.91,7.67,77.78,5.39,100.0,9.65,91.18,23.28,92.68,2.27,50.0,18.22,25.34,0.11,1.42,0.0,0.0,0.28,100.0,0.28,3.97,64.29,1.42,60.0,1.14,75.0,1.14,0.0,3.41,75.0,0,,0,,0,0.0,0.0,0.0,,,0.0,,,0.85,0.28,0.0,1.14,0,0.0
Christian Mercer,Team 12,Team 12,"DMF, LW, RCMF",32,500000,,2,55,0,0.0,0,0.0,19.64,91.67,Iceland,Iceland,left,178,69,yes,19.64,16.36,90.0,1.64,100.0,0.0,0.0,0.0,4.91,6.43,1.64,0,0.0,0,0.0,0.0,0.0,0,0.0,0.0,0,0.0,0,0.0,0.0,0.0,0.0,0.0,0.0,0.0,0.0,0.0,0.0,0.0,0.0,0.0,1.64,100.0,1.64,1.64,0.0,13.09,0.0,1.64,31.09,68.42,14.73,55.56,4.91,100.0,4.91,66.67,26.18,81.25,4.91,0.0,16.36,21.96,0.0,0.0,0.0,0.0,0.0,0.0,0.0,9.82,33.33,0.0,0.0,1.64,0.0,0.0,0.0,6.55,75.0,0,,0,,0,0.0,0.0,0.0,,,1.64,,,0.0,0.0,0.0,0.0,0,0.0
Stefan Kren,Team 12,Team 12,CF,30,350000,2027-06-30,1,19,0,0.0,0,0.0,,,Slovenia,"Slovenia, Italy",right,177,77,yes,,,,,,,0.0,,,0.0,,0,,0,,,,0,,,0,,0,,,0.0,,,,,,,,,,,,,,,,,,,,,,,,,,,,,,,39.67,0.0,,,,,,,,,,,,,,,,,,0,,0,,0,0.0,0.0,,,,,,,,,,,0,0.0
Liam Mercer,Team 12,Team 12,GK,32,300000,,6,599,0,0.0,0,0.0,0.75,100.0,Paraguay,"Paraguay, Italy",right,185,84,yes,0.75,0.0,0.0,0.3,100.0,0.0,0.0,0.0,0.75,0.99,0.0,0,0.0,0,0.0,0.0,0.0,0,0.0,0.0,0,0.0,0,0.0,0.0,0.0,0.0,0.0,0.0,0.0,0.0,0.0,0.0,0.0,0.0,0.0,0.3,100.0,0.0,0.0,0.0,5.71,0.0,0.3,12.92,82.56,8.86,74.58,0.0,0.0,3.16,100.0,7.51,94.0,5.41,66.67,35.62,55.44,0.0,0.0,0.0,0.0,0.0,0.0,0.0,2.1,35.71,0.3,0.0,0.15,0.0,0.0,0.0,4.51,86.67,11,1.65,38,5.71,2,71.05,8.79,1.32,-2.21,-0.332,0.0,0.9,0.3,,,,0.0,0,0.0
Simon Whitmore,Team 12,Team 12,"RB, RWB",33,300000,2026-10-31,12,743,0,0.0,0,0.48,11.14,64.13,Paraguay,Paraguay,right,173,67,yes,7.75,4.97,78.05,1.82,46.67,0.24,0.31,0.48,3.63,4.69,0.73,2,0.24,0,0.0,1.57,0.0,0,0.0,0.0,0,0.0,0,0.0,0.0,0.0,0.0,2.06,17.65,0.0,0.0,2.06,17.65,0.48,1.33,90.91,3.27,55.56,0.36,1.82,0.0,26.77,1.33,0.73,38.64,82.13,15.26,77.78,6.18,100.0,10.17,85.71,33.19,89.05,3.39,53.57,17.66,30.86,0.06,0.73,0.0,0.0,0.0,0.0,0.24,4.24,82.86,1.82,26.67,0.36,66.67,0.24,0.24,7.39,80.33,0,,0,,0,0.0,0.0,0.0,,,0.85,,,0.36,0.0,0.0,0.12,0,0.0
Zachary Lansbury,Team 12,Team 12,"LB, LCB",32,300000,,9,655,0,0.0,0,0.01,11.27,56.1,Greece,"Greece, Portugal",left,181,74,yes,7.69,4.81,60.0,3.02,59.09,0.96,1.27,0.14,3.85,5.09,0.27,1,0.14,0,0.0,0.69,0.0,0,0.0,0.0,0,0.0,0,0.0,0.0,0.0,0.0,1.51,18.18,1.51,18.18,0.0,0.0,0.14,0.55,75.0,1.65,50.0,0.14,2.75,0.27,35.73,1.51,0.27,48.78,83.66,21.16,74.68,3.57,92.31,17.45,90.55,43.15,89.17,4.53,45.45,21.29,31.42,0.0,0.14,0.0,0.0,0.0,0.0,0.0,6.73,71.43,1.24,55.56,0.27,50.0,0.41,0.27,10.58,77.92,0,,0,,0,0.0,0.0,0.0,,,0.69,,,0.0,0.0,0.0,0.0,0,0.0
Tobias Chamberlain,Team 12,Team 12,"LCMF, LDMF",29,300000,2026-12-31,9,846,0,0.83,0,0.23,13.51,48.82,Morocco,Morocco,right,185,75,yes,8.09,6.6,58.06,1.81,35.29,0.64,0.89,0.21,3.62,5.05,2.23,0,0.0,0,0.0,0.74,0.0,0,0.0,0.09,0,0.0,11,1.17,27.27,0.0,0.0,0.43,0.0,0.43,0.0,0.0,0.0,0.0,0.74,57.14,2.98,28.57,0.85,0.32,0.0,25.96,0.32,0.64,40.32,84.96,12.98,71.31,6.06,94.74,15.32,89.58,37.02,86.78,2.87,74.07,17.83,32.55,0.02,0.74,0.0,0.0,0.11,0.0,0.0,7.34,75.36,0.85,50.0,0.11,0.0,0.32,0.0,6.17,77.59,0,,0,,0,0.0,0.0,0.0,,,0.0,,,0.11,0.0,0.0,0.32,0,0.0
Hugo Thorpe,Team 12,Team 12,"CF, LW",25,250000,2027-06-30,4,80,0,0.0,0,0.0,22.5,20.0,Denmark,Denmark,right,180,78,yes,6.75,5.63,20.0,4.5,50.0,0.0,0.0,0.0,5.63,8.82,3.38,0,0.0,0,0.0,0.0,0.0,0,0.0,0.0,0,0.0,0,0.0,0.0,0.0,0.0,0.0,0.0,0.0,0.0,0.0,0.0,0.0,1.13,0.0,9.0,0.0,3.38,0.0,0.0,5.63,1.13,0.0,9.0,75.0,1.13,100.0,2.25,100.0,3.38,66.67,9.0,75.0,0.0,0.0,9.85,0.0,0.0,0.0,0.0,0.0,0.0,0.0,0.0,1.13,100.0,1.13,100.0,0.0,0.0,1.13,0.0,1.13,100.0,0,,0,,0,0.0,0.0,0.0,,,0.0,,,0.0,0.0,0.0,0.0,0,0.0
Stefan Fletcher,Team 12,Team 12,"CF, AMF, LCMF",45,200000,,11,993,6,5.06,4,3.69,12.33,36.76,Sweden,Sweden,left,181,74,yes,2.54,1.63,44.44,1.0,36.36,0.18,0.24,0.36,1.63,2.2,0.63,3,0.27,0,0.0,4.71,0.54,2,0.18,0.46,0,0.0,24,2.18,41.67,25.0,0.36,5.17,52.63,3.9,51.16,1.27,57.14,0.91,2.27,48.0,8.61,36.84,1.72,1.36,0.27,24.47,1.63,1.9,34.44,71.58,10.69,65.25,5.17,85.96,13.6,72.67,23.93,79.92,5.44,51.67,21.58,43.36,0.33,3.17,0.0,0.0,0.09,0.0,1.09,6.07,53.73,7.25,56.25,0.73,25.0,1.27,2.63,7.89,85.06,0,,0,,0,0.0,0.0,0.0,,,0.09,,,2.81,0.27,33.33,4.17,5,80.0
Erik Kren,Team 12,Team 12,"LW, LAMF",39,150000,2026-10-30,7,533,1,0.62,0,0.09,13.85,32.93,Cameroon,Cameroon,right,172,75,yes,4.22,3.71,50.0,2.7,50.0,0.51,0.68,0.0,1.86,2.5,0.84,0,0.0,0,0.0,0.84,0.17,1,0.17,0.1,1,0.17,4,0.68,25.0,25.0,0.0,0.51,66.67,0.51,66.67,0.0,0.0,0.0,0.84,40.0,5.91,14.29,2.03,0.84,0.0,14.02,2.36,0.34,21.11,71.2,3.38,50.0,6.59,76.92,5.74,67.65,18.41,74.31,2.2,46.15,14.05,30.81,0.02,0.68,0.17,0.0,0.0,0.0,0.34,2.2,38.46,1.52,44.44,0.51,33.33,0.34,0.34,2.2,69.23,0,,0,,0,0.0,0.0,0.0,,,0.0,,,0.0,0.0,0.0,0.0,0,0.0
Zachary Mercer,Team 12,Team 12,"LCB, RCB",35,150000,2026-10-30,6,442,1,0.42,0,0.0,12.42,62.3,Japan,Japan,right,185,79,yes,9.77,5.7,64.29,5.29,61.54,0.61,0.85,1.02,5.5,7.64,1.63,1,0.2,0,0.0,0.2,0.2,1,0.2,0.08,0,0.0,2,0.41,50.0,50.0,0.0,0.0,0.0,0.0,0.0,0.0,0.0,0.0,0.0,0.0,0.41,100.0,0.41,1.22,0.0,23.01,0.2,1.02,34.62,84.12,14.25,72.86,0.2,0.0,16.7,93.9,28.91,88.03,5.7,64.29,20.28,31.8,0.0,0.2,0.0,0.0,0.0,0.0,0.0,3.67,61.11,0.0,0.0,0.2,0.0,0.0,0.0,7.53,81.08,0,,0,,0,0.0,0.0,0.0,,,0.0,,,0.0,0.0,0.0,0.0,0,0.0
Rowan Grantham,Team 12,Team 12,LB,25,100000,,9,543,0,0.04,0,0.24,15.41,48.39,Georgia,Georgia,left,183,75,yes,8.12,6.63,55.0,3.15,36.84,0.33,0.43,0.0,4.14,5.43,2.65,4,0.66,1,0.17,1.82,0.0,0,0.0,0.01,0,0.0,2,0.33,0.0,0.0,0.0,1.33,37.5,1.33,37.5,0.0,0.0,0.0,1.82,72.73,4.64,53.57,0.33,1.49,0.0,26.35,3.31,1.16,38.12,74.35,15.75,68.42,4.97,93.33,9.61,72.41,30.66,79.46,6.3,57.89,20.02,35.15,0.04,0.5,0.0,0.0,0.0,0.0,0.5,5.3,71.88,2.65,37.5,0.33,50.0,0.5,0.5,8.95,68.52,0,,0,,0,0.0,0.0,0.0,,,0.5,,,0.0,0.0,0.0,0.17,0,0.0
Nathan Drayton,Team 12,Team 12,RCB,24,300000,,12,1146,1,1.67,0,0.01,10.76,59.12,Albania,Albania,right,187,79,yes,8.09,3.22,68.29,5.1,56.92,0.55,0.72,0.79,5.34,6.99,0.63,2,0.16,0,0.0,0.63,0.08,1,0.08,0.13,0,0.0,14,1.1,21.43,7.143,0.0,0.16,0.0,0.0,0.0,0.16,0.0,0.0,0.39,100.0,0.86,63.64,1.49,1.49,0.08,27.02,0.63,0.24,42.17,83.8,16.02,72.55,1.49,89.47,20.73,93.18,35.58,88.96,6.44,57.32,23.01,43.28,0.0,0.08,0.0,0.0,0.0,0.0,0.0,4.01,50.98,0.71,33.33,0.24,33.33,0.31,0.0,7.62,64.95,0,,0,,0,0.0,0.0,0.0,,,0.94,,,0.0,0.0,0.0,0.0,0,0.0
Jasper Grantham,Team 12,Team 12,"RW, AMF, CF",24,300000,2027-11-30,9,405,0,0.07,1,0.57,15.78,30.99,Chile,"Chile, Germany",right,186,83,yes,3.56,3.33,40.0,1.33,0.0,0.44,0.68,0.22,1.78,2.73,2.0,1,0.22,0,0.0,1.78,0.0,0,0.0,0.02,0,0.0,8,1.78,0.0,0.0,0.22,1.56,42.86,0.89,25.0,0.67,66.67,0.22,2.44,36.36,8.44,34.21,0.44,2.0,0.22,29.33,0.67,1.11,39.33,82.49,10.67,68.75,5.56,88.0,16.0,90.28,33.33,87.33,4.89,59.09,19.3,39.43,0.13,2.22,0.0,0.0,0.22,100.0,1.33,10.67,68.75,2.89,53.85,0.44,100.0,0.67,0.67,6.22,89.29,0,,0,,0,0.0,0.0,0.0,,,0.22,,,0.67,0.0,0.0,1.78,0,0.0
Malcolm Chamberlain,Team 12,Team 12,"LCB, RCB",24,300000,2028-12-31,6,427,0,0.23,0,0.0,16.23,49.35,Cameroon,"Cameroon, Spain",right,184,76,yes,6.96,5.06,45.83,7.59,55.56,0.42,0.63,1.05,4.22,6.32,2.53,4,0.84,0,0.0,0.21,0.0,0,0.0,0.05,0,0.0,2,0.42,0.0,0.0,0.0,0.0,0.0,0.0,0.0,0.0,0.0,0.0,0.42,50.0,1.69,25.0,0.63,1.05,0.0,21.08,0.21,0.0,33.51,84.28,15.39,78.08,1.9,88.89,10.33,93.88,30.14,86.71,3.37,62.5,18.85,32.43,0.0,0.0,0.0,0.0,0.0,0.0,0.0,2.53,50.0,0.21,0.0,0.42,50.0,0.0,0.0,5.48,53.85,0,,0,,0,0.0,0.0,0.0,,,0.84,,,0.0,0.0,0.0,0.0,0,0.0
Zachary Somerset,Team 12,Team 12,CF,36,250000,,13,765,0,2.06,1,1.21,20.0,33.53,Brazil,Brazil,left,186,80,yes,3.41,3.06,50.0,4.0,32.35,0.59,0.81,0.24,1.29,1.78,2.35,2,0.24,0,0.0,1.41,0.0,0,0.0,0.24,0,0.0,14,1.65,35.71,0.0,0.12,0.47,25.0,0.35,0.0,0.12,100.0,0.0,1.18,60.0,8.94,28.95,3.53,0.24,0.12,9.29,1.06,1.88,12.94,80.91,2.59,63.64,2.94,92.0,4.0,82.35,12.0,84.31,0.47,50.0,11.56,9.62,0.14,0.94,0.0,0.0,0.0,0.0,0.35,1.53,69.23,1.06,22.22,0.12,0.0,0.71,0.12,1.18,80.0,0,,0,,0,0.0,0.0,0.0,,,0.0,,,0.0,0.0,0.0,0.0,0,0.0
Cillian Fairfax,Team 12,Team 12,RCB,28,350000,,5,126,0,0.01,0,0.0,11.43,50.0,Norway,Norway,right,193,84,yes,10.71,5.0,57.14,2.86,50.0,0.0,0.0,2.86,7.86,9.43,0.71,0,0.0,0,0.0,0.0,0.0,0,0.0,0.0,0,0.0,1,0.71,0.0,0.0,0.0,0.0,0.0,0.0,0.0,0.0,0.0,0.0,0.0,0.0,1.43,0.0,0.0,0.0,0.0,13.57,0.0,0.0,23.57,75.76,11.43,62.5,0.71,100.0,10.71,86.67,21.43,80.0,2.14,33.33,23.89,25.19,0.0,0.0,0.0,0.0,0.0,0.0,0.0,0.71,0.0,1.43,100.0,0.0,0.0,1.43,0.0,5.71,50.0,0,,0,,0,0.0,0.0,0.0,,,0.71,,,0.0,0.0,0.0,0.0,0,0.0
Jonas Sinclair,Team 12,Team 12,"RDMF, RCMF",22,350000,2026-12-31,1,54,0,0.01,0,0.0,23.33,50.0,Romania,Romania,right,175,71,yes,8.33,3.33,50.0,3.33,100.0,1.67,2.73,0.0,5.0,8.18,1.67,0,0.0,0,0.0,1.67,0.0,0,0.0,0.02,0,0.0,1,1.67,0.0,0.0,0.0,0.0,0.0,0.0,0.0,0.0,0.0,0.0,8.33,20.0,15.0,44.44,0.0,3.33,0.0,23.33,0.0,3.33,41.67,92.0,5.0,100.0,11.67,100.0,15.0,88.89,40.0,91.67,1.67,100.0,15.13,42.81,0.0,0.0,0.0,0.0,0.0,0.0,0.0,5.0,100.0,0.0,0.0,0.0,0.0,0.0,0.0,8.33,80.0,0,,0,,0,0.0,0.0,0.0,,,0.0,,,0.0,0.0,0.0,0.0,0,0.0
Casper Northfield,Team 12,Team 12,LCMF,17,600000,,1,5,0,0.0,0,0.0,,,Poland,"Poland, France",right,181,73,yes,,,,,,,0.0,,,0.0,,0,,0,,,,0,,,0,,0,,,0.0,,,,,,,,,,,,,,,,,,,,,,,,,,,,,,,7.55,0.0,,,,,,,,,,,,,,,,,,0,,0,,0,0.0,0.0,,,,,,,,,,,0,0.0
Alastair Monroe,Team 12,Team 12,"RW, LW",22,300000,,8,286,2,0.79,0,0.01,18.25,46.55,Ireland,Ireland,right,170,63,yes,4.72,3.15,60.0,2.52,25.0,0.94,1.15,0.0,1.89,2.31,0.31,0,0.0,0,0.0,3.78,0.63,2,0.63,0.25,1,0.31,7,2.2,57.14,28.571,0.0,1.89,0.0,0.0,0.0,1.89,0.0,0.0,5.35,47.06,11.64,48.65,2.2,2.2,1.26,14.79,0.94,4.09,18.57,74.58,4.72,73.33,5.03,93.75,5.03,62.5,15.73,84.0,1.26,50.0,13.47,16.61,0.0,0.63,0.63,0.0,0.0,0.0,0.0,0.63,50.0,1.89,33.33,0.0,0.0,0.94,0.0,1.26,75.0,0,,0,,0,0.0,0.0,0.0,,,0.0,,,0.0,0.0,0.0,0.0,0,0.0
Ruben Hayward,Team 12,Team 12,RB,22,250000,,8,632,0,0.71,0,1.17,11.53,44.44,Scotland,Scotland,right,180,70,yes,5.7,4.56,53.13,2.28,31.25,0.14,0.2,0.28,3.13,4.46,1.57,2,0.28,0,0.0,2.71,0.0,0,0.0,0.1,0,0.0,3,0.43,66.67,0.0,0.0,4.41,38.71,0.14,0.0,4.27,40.0,0.43,1.14,62.5,2.56,44.44,1.28,1.14,0.43,27.48,1.85,0.57,38.31,76.95,14.81,70.19,5.13,88.89,12.1,83.53,29.48,88.89,4.84,41.18,20.18,35.79,0.17,1.0,0.0,0.0,0.0,0.0,0.43,5.84,73.17,3.56,44.0,0.0,0.0,0.0,1.28,8.69,70.49,0,,0,,0,0.0,0.0,0.0,,,0.14,,,0.0,0.0,0.0,0.28,0,0.0
Jonas Fenwick,Team 12,Team 12,"LW, LWB, LAMF",22,350000,2027-06-30,10,642,1,0.84,0,0.59,19.07,40.44,Ecuador,"Ecuador, Italy",right,169,59,yes,4.63,5.89,52.38,0.98,0.0,0.28,0.42,0.0,1.26,1.88,1.82,1,0.14,0,0.0,4.07,0.14,1,0.14,0.12,0,0.0,17,2.38,29.41,5.882,0.0,2.52,38.89,2.38,41.18,0.14,0.0,0.42,5.05,47.22,10.51,38.67,3.5,4.21,0.98,19.07,1.4,1.68,26.78,78.53,6.03,76.74,6.87,100.0,7.85,78.57,22.85,84.05,1.68,66.67,18.5,33.08,0.08,1.12,0.0,0.0,0.0,0.0,0.56,3.36,70.83,2.52,72.22,0.0,0.0,1.82,0.7,4.21,93.33,0,,0,,0,0.0,0.0,0.0,,,0.28,,,0.0,0.0,0.0,0.28,0,0.0
Matthias Carrington,Team 12,Team 12,"LB, RW, RAMF",24,300000,2026-10-30,13,484,0,0.45,0,0.46,18.6,45.0,Brazil,"Brazil, Italy",left,176,72,yes,5.95,7.44,52.5,1.3,42.86,0.37,0.53,0.19,1.67,2.39,2.6,2,0.37,0,0.0,1.49,0.0,0,0.0,0.08,0,0.0,5,0.93,20.0,0.0,0.0,1.86,40.0,1.49,37.5,0.37,50.0,0.0,1.86,30.0,7.81,33.33,0.56,1.3,0.37,25.29,1.49,1.86,33.1,82.02,9.67,67.31,5.58,93.33,11.53,88.71,28.26,88.82,2.98,43.75,14.69,13.64,0.08,1.12,0.0,0.0,0.0,0.0,0.37,4.46,70.83,1.3,71.43,0.0,0.0,0.0,0.74,5.58,73.33,0,,0,,0,0.0,0.0,0.0,,,0.19,,,0.19,0.0,0.0,0.37,0,0.0
Jonas Montague,Team 12,Team 12,"RCMF, RW",25,300000,,13,1129,1,1.24,2,0.78,18.02,48.67,Turkey,Turkey,right,182,70,yes,9.81,7.97,53.0,3.27,36.59,0.48,0.64,0.08,5.1,6.78,2.23,1,0.08,0,0.0,1.2,0.08,1,0.08,0.1,1,0.08,16,1.28,31.25,6.25,0.16,0.64,25.0,0.0,0.0,0.64,25.0,0.08,1.12,50.0,5.74,47.22,1.2,1.59,0.24,19.21,1.2,1.67,28.62,81.62,8.69,67.89,5.1,96.88,9.49,86.55,26.71,84.18,1.28,56.25,15.78,18.4,0.06,0.4,0.0,0.08,0.24,33.33,0.16,4.3,75.93,1.12,28.57,0.32,50.0,0.08,0.24,3.75,63.83,0,,0,,0,0.0,0.0,0.0,,,0.0,,,0.0,0.0,0.0,0.08,0,0.0
Felix Kensington,Team 12,Team 12,GK,33,250000,2026-10-31,9,892,0,0.0,0,0.0,0.71,71.43,Uruguay,Uruguay,right,187,94,yes,0.71,0.1,0.0,0.5,80.0,0.0,0.0,0.0,0.71,0.95,0.0,0,0.0,0,0.0,0.0,0.0,0,0.0,0.0,0,0.0,0,0.0,0.0,0.0,0.0,0.0,0.0,0.0,0.0,0.0,0.0,0.0,0.0,0.0,0.1,100.0,0.0,0.0,0.0,6.66,0.1,0.2,14.73,78.08,9.48,67.02,0.0,0.0,4.74,100.0,9.89,98.98,4.84,35.42,36.95,61.49,0.0,0.0,0.0,0.0,0.0,0.0,0.0,2.93,34.48,0.5,0.0,0.3,0.0,0.0,0.0,2.72,74.07,5,0.5,41,4.14,4,87.8,10.82,1.09,5.82,0.587,0.0,1.31,0.5,,,,0.0,0,0.0
Colin Thorpe,Team 12,Team 12,RB,28,300000,,1,25,0,0.0,0,0.0,,,France,France,right,176,68,yes,,,,,,,0.0,,,5.0,,0,,0,,,,0,,,0,,0,,,0.0,,,,,,,,,,,,,,,,,,,,,,,,,,,,,,,21.02,37.19,,,,,,,,,,,,,,,,,,0,,0,,0,0.0,0.0,,,,,,,,,,,0,0.0
Fabian Somerset,Team 12,Team 12,"LCMF, RDMF, RCMF",30,350000,,9,278,0,0.06,0,0.0,13.27,46.34,Romania,Romania,right,185,69,yes,7.12,8.09,60.0,0.97,0.0,0.32,0.42,0.32,1.94,2.54,1.29,3,0.97,0,0.0,0.65,0.0,0,0.0,0.02,0,0.0,4,1.29,25.0,0.0,0.0,0.32,100.0,0.0,0.0,0.32,100.0,0.0,0.0,0.0,2.27,42.86,0.32,0.65,0.0,23.63,0.32,0.97,33.99,78.1,13.92,72.09,4.53,100.0,11.33,80.0,29.78,83.7,3.88,33.33,17.62,23.85,0.0,0.0,0.0,0.0,0.0,0.0,0.0,5.83,66.67,0.32,100.0,0.0,0.0,0.32,0.0,6.15,57.89,0,,0,,0,0.0,0.0,0.0,,,0.32,,,0.0,0.0,0.0,0.0,0,0.0
Damian Vanderveer,Team 12,Team 12,"LCMF, RCMF, DMF",26,350000,,13,1056,0,0.69,0,0.15,11.68,54.01,Japan,"Japan, Portugal",right,177,75,yes,8.27,5.45,57.81,2.13,48.0,0.26,0.34,0.09,4.86,6.43,1.53,3,0.26,0,0.0,0.85,0.0,0,0.0,0.06,0,0.0,13,1.11,38.46,0.0,0.0,0.17,0.0,0.09,0.0,0.09,0.0,0.0,0.34,100.0,2.81,54.55,0.68,0.68,0.17,22.93,0.34,1.19,32.3,87.34,8.61,77.23,4.52,88.68,16.11,92.06,30.0,90.63,2.13,48.0,19.69,33.39,0.01,0.09,0.0,0.0,0.09,100.0,0.09,4.01,74.47,0.43,40.0,0.09,100.0,0.26,0.0,3.66,60.47,0,,0,,0,0.0,0.0,0.0,,,0.34,,,0.0,0.0,0.0,0.0,0,0.0
Colin Stansfield,Team 12,Team 12,LCB,28,250000,,10,991,0,0.1,0,0.01,10.99,62.81,Finland,Finland,right,188,82,yes,8.26,4.72,78.85,3.63,55.0,0.45,0.58,1.09,4.09,5.23,0.91,3,0.27,0,0.0,0.0,0.0,0,0.0,0.01,0,0.0,1,0.09,0.0,0.0,0.0,0.0,0.0,0.0,0.0,0.0,0.0,0.0,0.09,0.0,0.64,28.57,0.18,0.0,0.0,23.7,0.09,0.45,31.7,91.69,8.17,74.44,1.09,100.0,20.34,97.77,28.79,96.85,2.91,40.63,21.93,30.9,0.0,0.09,0.0,0.0,0.0,0.0,0.0,1.0,54.55,0.09,0.0,0.0,0.0,0.0,0.0,2.36,46.15,0,,0,,0,0.0,0.0,0.0,,,1.0,,,0.0,0.0,0.0,0.0,0,0.0
Alastair Ashford,Team 35,Team 35,"LCMF, LW, AMF",28,600000,,7,256,1,0.88,0,0.26,14.06,52.5,Brazil,"Brazil, Germany",right,172,64,yes,3.16,3.16,77.78,2.81,50.0,0.0,0.0,0.0,0.7,1.13,0.35,0,0.0,0,0.0,4.92,0.35,1,0.35,0.31,0,0.0,8,2.81,62.5,12.5,0.0,3.16,44.44,2.81,50.0,0.0,0.0,0.35,4.22,41.67,7.38,47.62,1.76,3.16,0.35,23.2,2.11,2.46,25.66,78.08,5.98,41.18,4.57,100.0,11.25,87.5,21.45,85.25,1.05,33.33,20.97,12.65,0.09,1.05,0.0,0.0,0.0,0.0,0.0,2.11,33.33,2.81,25.0,0.35,0.0,1.41,0.35,1.76,100.0,0,,0,,0,0.0,0.0,0.0,,,0.0,,,1.76,0.35,100.0,4.22,0,0.0
Gabriel Kingsbury,Team 35,Team 35,"RCMF, RW, RAMF",32,500000,,10,531,0,0.76,1,0.84,13.9,45.12,Brazil,Brazil,right,179,72,yes,6.44,3.56,76.19,4.75,35.71,0.68,1.01,0.0,3.05,4.54,1.19,0,0.0,0,0.0,1.02,0.0,0,0.0,0.13,0,0.0,4,0.68,0.0,0.0,0.17,1.69,30.0,0.17,0.0,1.53,33.33,0.0,0.51,66.67,3.39,35.0,1.19,0.68,0.17,8.98,1.02,1.36,13.39,77.22,4.75,82.14,2.2,92.31,3.56,66.67,10.85,85.94,0.85,60.0,17.97,17.48,0.14,1.02,0.0,0.0,0.17,100.0,0.51,1.36,87.5,1.69,60.0,0.17,100.0,0.51,0.51,2.03,75.0,0,,0,,0,0.0,0.0,0.0,,,0.0,,,0.0,0.0,0.0,0.0,0,0.0
Nikolai Callow,Team 35,Team 35,"RCMF, LCMF",30,500000,,3,75,0,0.07,0,0.07,8.4,57.14,Greece,Greece,left,173,73,yes,6.0,4.8,50.0,0.0,0.0,1.2,1.67,0.0,2.4,3.33,2.4,1,1.2,0,0.0,1.2,0.0,0,0.0,0.09,0,0.0,1,1.2,0.0,0.0,0.0,1.2,100.0,0.0,0.0,1.2,100.0,0.0,0.0,0.0,2.4,50.0,0.0,2.4,0.0,50.4,1.2,1.2,58.8,85.71,24.0,70.0,4.8,100.0,22.8,94.74,52.8,88.64,4.8,50.0,21.05,29.33,0.09,2.4,0.0,0.0,2.4,0.0,0.0,14.4,66.67,7.2,50.0,2.4,0.0,2.4,1.2,12.0,80.0,0,,0,,0,0.0,0.0,0.0,,,0.0,,,2.4,0.0,0.0,1.2,0,0.0
Fabian Whitmore,Team 35,Team 35,"LW, CF, LAMF",29,400000,,12,472,1,0.7,0,0.08,16.02,44.05,South Korea,South Korea,right,185,78,yes,4.77,4.19,54.55,6.48,44.12,0.0,0.0,0.0,2.48,3.48,0.76,0,0.0,0,0.0,1.33,0.19,1,0.19,0.13,1,0.19,7,1.33,42.86,14.286,0.0,1.14,0.0,0.76,0.0,0.38,0.0,0.0,0.95,80.0,3.62,36.84,2.48,0.76,0.0,12.39,1.53,0.95,17.54,68.48,4.19,63.64,3.81,95.0,5.34,64.29,14.49,75.0,1.91,60.0,19.02,18.51,0.02,0.38,0.19,0.0,0.19,0.0,0.0,3.05,56.25,1.14,33.33,0.38,50.0,0.38,0.38,3.81,70.0,0,,0,,0,0.0,0.0,0.0,,,0.19,,,0.0,0.0,0.0,0.0,0,0.0
Gabriel Mercer,Team 35,Team 35,"LCMF, CF, AMF",25,300000,,8,379,1,0.59,1,0.9,12.59,45.28,Denmark,Denmark,left,167,67,yes,4.51,2.37,70.0,1.9,37.5,0.0,0.0,0.0,2.85,4.29,0.24,0,0.0,0,0.0,4.04,0.24,1,0.24,0.14,0,0.0,12,2.85,25.0,8.333,0.24,2.85,58.33,1.9,62.5,0.95,50.0,0.24,2.61,54.55,7.84,39.39,1.42,1.19,0.0,22.8,0.95,1.66,34.2,81.25,12.82,72.22,5.7,95.83,9.97,85.71,28.02,87.29,3.8,50.0,18.3,28.5,0.21,3.09,0.0,0.0,0.47,50.0,1.19,5.7,66.67,4.04,64.71,0.71,66.67,1.19,1.66,6.41,85.19,0,,0,,0,0.0,0.0,0.0,,,0.0,,,2.14,0.71,0.0,3.32,0,0.0
Malcolm Hensley,Team 35,Team 35,"DMF, LCMF",32,300000,2026-10-31,10,327,0,0.07,0,0.21,12.39,37.78,Morocco,Morocco,left,172,70,yes,7.43,7.16,38.46,2.75,50.0,0.28,0.42,1.1,4.4,6.67,4.4,2,0.55,0,0.0,0.28,0.0,0,0.0,0.02,0,0.0,5,1.38,0.0,0.0,0.0,0.28,100.0,0.0,0.0,0.28,100.0,0.0,0.0,0.0,1.1,25.0,0.28,0.83,0.0,32.75,0.28,0.0,48.72,86.44,17.61,73.44,3.3,100.0,22.57,93.9,42.11,89.54,6.33,65.22,21.04,26.52,0.06,1.38,0.0,0.0,0.0,0.0,0.0,10.18,72.97,1.65,50.0,0.83,33.33,0.55,0.28,9.63,82.86,0,,0,,0,0.0,0.0,0.0,,,0.28,,,0.0,0.0,0.0,0.0,0,0.0
Viktor Hayward,Team 35,Team 35,"LCMF, DMF, LDMF",34,200000,2026-10-30,10,404,0,0.0,0,0.0,10.47,48.94,France,France,right,180,77,yes,6.91,6.46,48.28,2.23,60.0,0.0,0.0,0.22,3.79,4.77,2.45,2,0.45,0,0.0,0.22,0.0,0,0.0,0.0,0,0.0,0,0.0,0.0,0.0,0.0,0.22,100.0,0.22,100.0,0.0,0.0,0.0,0.0,0.0,1.11,40.0,0.0,0.0,0.0,15.82,0.0,0.67,28.07,86.51,5.79,65.38,4.68,100.0,12.03,92.59,25.84,88.79,2.23,60.0,15.67,17.44,0.0,0.0,0.0,0.0,0.0,0.0,0.0,4.23,63.16,0.45,50.0,0.22,0.0,0.22,0.0,2.9,61.54,0,,0,,0,0.0,0.0,0.0,,,0.22,,,0.0,0.0,0.0,0.0,0,0.0
Aaron Huntington,Team 35,Team 35,CF,34,200000,,14,1285,4,4.99,3,0.99,24.65,34.66,Croatia,Croatia,right,191,90,yes,2.24,0.91,46.15,8.75,38.4,0.14,0.2,0.07,1.68,2.45,1.26,2,0.14,0,0.0,1.61,0.28,2,0.14,0.35,1,0.07,36,2.52,44.44,11.111,0.21,0.63,0.0,0.07,0.0,0.56,0.0,0.0,1.05,46.67,10.79,29.87,3.29,0.28,0.0,8.05,1.33,2.24,15.48,72.4,3.71,56.6,4.06,84.48,4.55,76.92,14.5,76.81,0.35,20.0,16.34,13.95,0.07,1.19,0.07,0.0,0.0,0.0,0.21,1.82,57.69,1.05,46.67,0.14,50.0,0.91,0.0,1.19,82.35,0,,0,,0,0.0,0.0,0.0,,,0.07,,,0.07,0.07,0.0,0.0,2,100.0
Malcolm Lowell,Team 35,Team 35,GK,26,100000,,7,688,0,0.0,0,0.0,0.52,100.0,Senegal,Senegal,right,196,90,yes,0.78,0.0,0.0,0.26,100.0,0.0,0.0,0.0,0.78,1.14,0.0,3,0.39,0,0.0,0.0,0.0,0,0.0,0.0,0,0.0,0,0.0,0.0,0.0,0.0,0.0,0.0,0.0,0.0,0.0,0.0,0.0,0.0,0.0,0.26,100.0,0.0,0.0,0.0,8.63,0.13,0.26,16.09,79.67,9.94,71.05,0.0,0.0,5.76,97.73,8.76,97.01,7.33,58.93,37.52,50.52,0.0,0.0,0.0,0.0,0.0,0.0,0.0,2.49,42.11,0.26,0.0,0.0,0.0,0.0,0.0,4.84,72.97,4,0.52,31,4.06,3,87.1,5.94,0.78,1.94,0.254,0.0,1.05,0.26,,,,0.0,0,0.0
Kasper Prescott,Team 35,Team 35,CF,26,300000,2026-10-30,2,22,0,0.04,0,0.0,,,Paraguay,Paraguay,right,178,71,yes,,,,,,,0.0,,,0.0,,1,,0,,,,0,,,0,,2,,,0.0,,,,,,,,,,,,,,,,,,,,,,,,,,,,,,,6.88,0.0,,,,,,,,,,,,,,,,,,0,,0,,0,0.0,0.0,,,,,,,,,,,0,0.0
Erik Montague,Team 35,Team 35,GK,23,250000,2026-10-30,1,100,0,0.0,0,0.0,0.0,0.0,Albania,Albania,right,187,81,yes,0.0,0.0,0.0,0.0,0.0,0.0,0.0,0.0,0.0,0.0,0.0,0,0.0,0,0.0,0.0,0.0,0,0.0,0.0,0,0.0,0,0.0,0.0,0.0,0.0,0.0,0.0,0.0,0.0,0.0,0.0,0.0,0.0,0.0,0.0,0.0,0.0,0.0,0.0,16.2,0.0,0.0,19.8,90.91,9.0,80.0,0.0,0.0,9.9,100.0,12.6,92.86,7.2,87.5,29.09,40.51,0.0,0.0,0.0,0.0,0.0,0.0,0.0,0.9,100.0,0.0,0.0,0.0,0.0,0.0,0.0,5.4,66.67,2,1.8,3,2.7,0,33.33,0.87,0.78,-1.13,-1.017,0.0,0.9,0.0,,,,0.0,0,0.0
Magnus Valen,Team 35,Team 35,"LW, LAMF",22,350000,,2,54,0,0.05,0,0.09,16.67,60.0,Netherlands,Netherlands,right,180,75,yes,10.0,5.0,66.67,6.67,50.0,0.0,0.0,0.0,6.67,10.91,0.0,0,0.0,0,0.0,5.0,0.0,0,0.0,0.08,0,0.0,1,1.67,0.0,0.0,0.0,1.67,100.0,1.67,100.0,0.0,0.0,0.0,3.33,100.0,5.0,66.67,0.0,0.0,0.0,28.33,0.0,0.0,50.0,90.0,20.0,91.67,13.33,100.0,13.33,75.0,40.0,95.83,8.33,60.0,20.62,40.41,0.14,1.67,0.0,0.0,0.0,0.0,0.0,15.0,88.89,5.0,66.67,1.67,0.0,1.67,1.67,11.67,71.43,0,,0,,0,0.0,0.0,0.0,,,0.0,,,0.0,0.0,0.0,0.0,0,0.0
Tobias Thorpe,Team 35,Team 35,"RCB, LCB",33,250000,,3,287,1,0.06,0,0.0,12.54,70.0,Sweden,"Sweden, Spain",right,186,84,yes,8.78,3.76,58.33,6.27,75.0,0.0,0.0,0.31,6.59,8.18,1.25,2,0.63,0,0.0,0.63,0.31,1,0.31,0.02,1,0.31,1,0.31,100.0,100.0,0.0,0.31,0.0,0.0,0.0,0.0,0.0,0.31,0.31,100.0,0.63,50.0,0.63,0.31,0.0,18.82,0.31,0.0,32.93,81.9,16.31,73.08,1.88,100.0,12.54,92.5,26.34,91.67,6.27,45.0,21.46,36.5,0.0,0.0,0.0,0.0,0.0,0.0,0.0,3.45,36.36,0.63,0.0,0.31,0.0,0.0,0.31,9.09,62.07,0,,0,,0,0.0,0.0,0.0,,,1.25,,,0.0,0.0,0.0,0.0,0,0.0
Liam Pemberton,Team 35,Team 35,"RAMF, RW, RWF",31,300000,,3,110,0,0.22,0,0.17,16.36,45.0,Netherlands,Netherlands,left,178,68,yes,4.91,6.55,50.0,0.82,100.0,0.82,1.11,0.0,0.82,1.11,0.82,0,0.0,0,0.0,5.73,0.0,0,0.0,0.18,0,0.0,3,2.45,0.0,0.0,0.0,3.27,75.0,0.0,0.0,3.27,75.0,0.0,4.09,80.0,7.36,44.44,2.45,1.64,0.82,24.55,2.45,0.0,28.64,88.57,6.55,87.5,8.18,100.0,9.0,90.91,23.73,93.1,1.64,50.0,18.65,23.03,0.14,2.45,0.0,0.0,0.0,0.0,0.82,2.45,66.67,3.27,100.0,0.0,0.0,1.64,2.45,7.36,88.89,0,,0,,0,0.0,0.0,0.0,,,0.0,,,0.0,0.0,0.0,0.0,0,0.0
Dylan Halston,Team 35,Team 35,"DMF, LCMF, RCMF",21,350000,2026-11-30,13,1010,0,0.23,0,0.22,13.01,47.26,Nigeria,"Nigeria, France",right,179,76,yes,5.61,4.28,58.33,3.65,43.9,0.18,0.27,0.09,2.94,4.46,1.43,2,0.18,0,0.0,0.45,0.0,0,0.0,0.02,0,0.0,9,0.8,22.22,0.0,0.0,0.45,20.0,0.0,0.0,0.45,20.0,0.0,0.36,50.0,2.94,42.42,0.18,0.89,0.0,19.34,0.18,1.16,32.52,85.75,10.96,71.54,4.19,97.87,13.1,90.48,29.23,89.94,2.85,53.13,19.09,32.6,0.02,0.27,0.0,0.0,0.0,0.0,0.09,4.81,62.96,0.89,30.0,0.09,0.0,0.27,0.09,4.99,69.64,0,,0,,0,0.0,0.0,0.0,,,0.45,,,0.0,0.0,0.0,0.0,0,0.0
Emil Faulkner,Team 35,Team 35,LB,23,250000,,2,114,0,0.0,0,0.01,11.05,21.43,Norway,Norway,left,177,75,yes,9.47,6.32,12.5,3.16,50.0,0.0,0.0,0.0,8.68,10.65,0.79,0,0.0,0,0.0,0.0,0.0,0,0.0,0.0,0,0.0,0,0.0,0.0,0.0,0.0,0.0,0.0,0.0,0.0,0.0,0.0,0.0,0.0,0.0,0.79,0.0,0.0,0.0,0.0,21.32,0.0,0.0,34.74,79.55,22.11,71.43,3.16,100.0,4.74,100.0,27.63,85.71,7.11,55.56,16.84,25.84,0.01,0.79,0.0,0.0,0.0,0.0,0.0,5.53,71.43,0.79,100.0,0.0,0.0,0.79,0.0,9.47,66.67,0,,0,,0,0.0,0.0,0.0,,,1.58,,,0.0,0.0,0.0,0.0,0,0.0
Leo Vance,Team 35,Team 35,LB,24,300000,2028-12-31,13,1231,0,0.95,1,1.79,12.21,60.48,Spain,"Spain, Italy",left,175,76,yes,6.58,4.68,64.06,2.19,70.0,0.0,0.0,0.07,3.58,5.1,0.8,2,0.15,0,0.0,2.78,0.0,0,0.0,0.07,0,0.0,9,0.66,22.22,0.0,0.07,3.22,34.09,3.22,34.09,0.0,0.0,0.44,1.9,80.77,3.58,65.31,1.1,0.88,0.07,26.39,1.32,0.8,38.53,77.8,17.4,69.33,4.68,98.44,11.19,80.39,29.39,88.81,6.29,44.19,22.9,39.08,0.13,1.24,0.07,0.0,0.0,0.0,0.58,7.16,59.18,3.44,42.55,0.37,40.0,0.44,1.17,9.58,77.86,0,,0,,0,0.0,0.0,0.0,,,0.88,,,0.29,0.0,0.0,0.07,0,0.0
Dara Lansbury,Team 35,Team 35,"RCMF, AMF",25,300000,,13,847,1,1.0,1,0.54,14.13,48.87,Iceland,Iceland,right,175,72,yes,6.48,6.91,58.46,1.7,43.75,0.21,0.3,0.11,2.23,3.13,2.66,3,0.32,0,0.0,0.85,0.11,1,0.11,0.11,0,0.0,12,1.28,25.0,8.333,0.11,0.85,37.5,0.0,0.0,0.85,37.5,0.11,0.43,50.0,3.83,44.44,0.85,1.17,0.0,11.58,0.96,1.38,20.08,72.49,8.18,67.53,3.83,94.44,5.53,75.0,16.79,79.11,2.55,37.5,18.08,23.62,0.06,0.53,0.0,0.0,0.0,0.0,0.21,2.98,67.86,0.96,55.56,0.11,0.0,0.21,0.21,4.68,70.45,0,,0,,0,0.0,0.0,0.0,,,0.43,,,0.0,0.0,0.0,0.0,0,0.0
Rowan Aldridge,Team 35,Team 35,"LW, RW, LAMF",25,400000,,13,941,1,3.23,2,1.13,22.48,43.4,Denmark,Denmark,right,174,67,yes,5.36,4.3,46.67,3.92,24.39,0.38,0.6,0.0,2.96,4.63,2.68,3,0.29,0,0.0,2.96,0.1,1,0.1,0.31,0,0.0,30,2.87,26.67,3.333,0.19,2.3,25.0,1.53,18.75,0.77,37.5,0.48,2.39,68.0,11.19,49.57,2.3,1.53,0.0,18.94,1.63,4.11,25.15,79.47,7.27,75.0,6.03,95.24,5.64,71.19,21.42,87.05,1.72,50.0,16.89,29.86,0.11,0.96,0.0,0.0,0.0,0.0,0.38,3.54,72.97,2.2,39.13,0.19,50.0,0.77,0.48,3.35,80.0,0,,0,,0,0.0,0.0,0.0,,,0.1,,,0.96,0.19,50.0,2.39,0,0.0
Declan Fairfax,Team 35,Team 35,"LCB, CB",26,250000,2026-10-30,7,366,0,0.2,0,0.0,10.08,60.98,Uruguay,"Uruguay, Germany",right,186,82,yes,7.87,4.18,82.35,3.69,33.33,0.25,0.32,0.25,4.18,5.37,0.49,1,0.25,0,0.0,0.0,0.0,0,0.0,0.05,0,0.0,2,0.49,0.0,0.0,0.0,0.0,0.0,0.0,0.0,0.0,0.0,0.0,0.0,0.0,0.0,0.0,0.49,0.25,0.0,16.48,0.0,0.25,23.11,88.3,10.33,83.33,1.48,66.67,9.59,100.0,20.41,93.98,2.7,45.45,21.1,19.42,0.0,0.0,0.0,0.0,0.0,0.0,0.0,1.23,60.0,0.0,0.0,0.0,0.0,0.0,0.0,3.44,64.29,0,,0,,0,0.0,0.0,0.0,,,0.98,,,0.0,0.0,0.0,0.0,0,0.0
Oscar Ingram,Team 35,Team 35,"RW, LW, RAMF",24,300000,2026-10-31,14,753,0,0.99,0,0.3,18.41,45.45,South Korea,South Korea,right,169,62,yes,4.66,4.3,63.89,1.31,9.09,0.12,0.17,0.12,1.79,2.6,0.6,2,0.24,0,0.0,5.26,0.0,0,0.0,0.12,0,0.0,8,0.96,25.0,0.0,0.0,6.45,25.93,1.43,33.33,5.02,23.81,0.48,5.14,65.12,11.47,43.75,1.55,2.39,0.12,17.21,1.91,1.91,20.68,63.58,4.42,64.86,5.02,90.48,6.33,50.94,13.75,82.61,0.84,28.57,22.18,15.81,0.04,0.48,0.0,0.0,0.0,0.0,0.36,1.43,83.33,4.78,37.5,0.0,0.0,0.24,1.55,3.11,76.92,0,,0,,0,0.0,0.0,0.0,,,0.0,,,0.0,0.0,0.0,0.12,0,0.0
Nils Calder,Team 35,Team 35,GK,40,175000,,6,597,0,0.0,0,0.0,0.3,50.0,Denmark,Denmark,right,188,81,yes,1.21,0.15,0.0,0.0,0.0,0.15,0.21,0.0,1.06,1.45,0.15,0,0.0,0,0.0,0.0,0.0,0,0.0,0.0,0,0.0,0,0.0,0.0,0.0,0.0,0.0,0.0,0.0,0.0,0.0,0.0,0.0,0.0,0.0,0.15,100.0,0.0,0.0,0.0,8.14,0.15,0.15,14.62,85.57,7.84,75.0,0.0,0.0,6.63,97.73,8.74,98.28,5.88,66.67,35.69,51.48,0.0,0.0,0.0,0.0,0.0,0.0,0.0,3.17,71.43,0.0,0.0,0.0,0.0,0.0,0.0,4.22,85.71,10,1.51,22,3.32,1,54.55,6.01,0.91,-3.99,-0.602,0.0,0.15,0.0,,,,0.0,0,0.0
Alexander Dunmore,Team 35,Team 35,RCB,33,300000,,12,1169,0,0.12,0,0.02,11.24,60.96,England,"England, France",right,186,84,yes,8.08,4.31,71.43,4.7,47.54,0.0,0.0,0.54,5.0,7.14,0.77,1,0.08,0,0.0,0.38,0.0,0,0.0,0.01,0,0.0,3,0.23,0.0,0.0,0.0,0.23,33.33,0.0,0.0,0.23,33.33,0.0,0.31,100.0,1.08,71.43,0.69,1.23,0.0,33.18,0.23,0.31,48.73,85.31,19.09,72.58,3.31,93.02,22.87,95.62,42.27,90.35,6.39,53.01,23.23,37.2,0.0,0.23,0.0,0.08,0.0,0.0,0.08,7.62,72.73,0.31,25.0,0.15,50.0,0.15,0.0,10.86,73.05,0,,0,,0,0.0,0.0,0.0,,,2.69,,,0.0,0.0,0.0,0.0,0,0.0
Caleb Sinclair,Team 35,Team 35,"CF, AMF, LCMF",32,350000,2026-10-30,12,731,3,1.9,0,0.94,12.44,44.55,Japan,Japan,left,175,64,yes,5.66,5.79,61.7,1.35,18.18,0.62,0.91,0.0,1.48,2.18,1.48,2,0.25,1,0.12,2.59,0.37,2,0.25,0.23,0,0.0,19,2.34,36.84,15.789,0.0,4.31,28.57,3.69,26.67,0.62,40.0,0.37,1.35,36.36,3.94,34.38,1.23,0.37,0.25,26.35,2.09,0.74,35.21,74.83,10.96,65.17,6.16,92.0,13.67,75.68,26.59,82.87,4.56,70.27,20.93,38.22,0.12,1.48,0.0,0.0,0.0,0.0,0.74,7.39,73.33,5.66,34.78,0.12,100.0,0.98,1.23,7.76,87.3,0,,0,,0,0.0,0.0,0.0,,,0.0,,,1.23,0.37,33.33,3.45,1,100.0
Lucas Whitmore,Team 35,Team 35,"RW, RAMF",27,500000,,3,91,0,0.0,0,0.0,14.84,40.0,Hungary,Hungary,right,176,75,yes,4.95,2.97,33.33,1.98,50.0,0.0,0.0,0.0,3.96,5.22,0.0,0,0.0,0,0.0,0.99,0.0,0,0.0,0.0,0,0.0,0,0.0,0.0,0.0,0.0,0.99,0.0,0.0,0.0,0.99,0.0,0.0,0.99,100.0,8.9,44.44,1.98,0.0,0.0,13.85,2.97,2.97,17.8,83.33,2.97,66.67,10.88,100.0,0.99,100.0,14.84,93.33,1.98,50.0,19.74,17.38,0.0,0.0,0.0,0.0,0.0,0.0,0.0,0.99,0.0,0.0,0.0,0.0,0.0,0.0,0.0,0.0,0.0,0,,0,,0,0.0,0.0,0.0,,,0.0,,,0.0,0.0,0.0,0.0,0,0.0
Dorian Sinclair,Team 35,Team 35,RB,30,300000,2026-10-30,14,1362,2,0.65,0,0.78,16.78,48.43,Albania,"Albania, Italy",right,194,92,yes,6.41,6.81,59.22,2.78,35.71,0.0,0.0,0.07,2.38,3.35,1.52,2,0.13,0,0.0,3.44,0.13,2,0.13,0.04,0,0.0,11,0.73,45.45,18.182,0.0,3.83,41.38,0.0,0.0,3.77,40.35,0.33,2.38,63.89,5.95,42.22,0.93,1.98,0.07,21.21,0.93,0.66,29.87,76.11,11.7,70.62,6.61,96.0,6.87,71.15,22.14,85.37,4.3,60.0,20.29,34.33,0.05,0.46,0.07,0.0,0.0,0.0,0.26,4.36,69.7,3.17,45.83,0.07,100.0,0.33,1.32,7.0,82.08,0,,0,,0,0.0,0.0,0.0,,,0.59,,,0.07,0.0,0.0,0.0,0,0.0
Graham Thorne,Team 35,Team 35,LCB,30,250000,2027-06-30,10,972,0,0.49,0,0.0,12.87,64.03,Mexico,"Mexico, Spain",right,188,85,yes,8.61,5.65,65.57,4.26,69.57,0.19,0.27,1.02,4.72,6.92,1.67,4,0.37,1,0.09,0.28,0.0,0,0.0,0.05,0,0.0,5,0.46,40.0,0.0,0.0,0.19,50.0,0.19,50.0,0.0,0.0,0.0,0.0,0.0,0.83,44.44,0.65,1.02,0.0,30.28,0.09,0.46,42.5,91.29,12.96,76.43,2.69,96.55,23.7,98.05,39.72,95.1,2.59,35.71,21.06,39.96,0.0,0.0,0.0,0.0,0.0,0.0,0.0,3.15,64.71,0.46,20.0,0.19,0.0,0.09,0.09,4.81,67.31,0,,0,,0,0.0,0.0,0.0,,,1.76,,,0.0,0.0,0.0,0.0,0,0.0
Declan Aldridge,Team 51,Team 51,"LDMF, LCMF",28,2000000,,4,147,0,0.01,0,0.0,14.08,47.83,Ireland,"Ireland, Italy",right,175,73,yes,11.63,7.96,61.54,3.67,16.67,1.84,2.37,0.61,4.9,6.32,3.67,2,1.22,0,0.0,0.61,0.0,0,0.0,0.0,0,0.0,2,1.22,50.0,0.0,0.0,0.0,0.0,0.0,0.0,0.0,0.0,0.0,0.0,0.0,1.84,33.33,0.0,0.0,0.0,12.86,0.61,0.61,25.71,85.71,6.73,63.64,6.73,100.0,6.73,81.82,23.88,84.62,1.84,100.0,17.84,17.24,0.0,0.61,0.0,0.0,0.0,0.0,0.0,4.29,85.71,0.0,0.0,0.0,0.0,0.0,0.0,4.29,71.43,0,,0,,0,0.0,0.0,0.0,,,0.0,,,0.61,0.61,0.0,0.0,0,0.0
Kasper Sinclair,Team 51,Team 51,"LAMF, LWF, AMF",32,800000,,11,782,1,1.45,2,0.85,17.72,45.45,Argentina,Argentina,right,172,57,yes,3.8,4.37,60.53,2.42,23.81,0.0,0.0,0.0,1.15,1.56,1.15,4,0.46,0,0.0,4.03,0.12,1,0.12,0.17,0,0.0,18,2.07,33.33,5.556,0.23,2.3,65.0,2.07,66.67,0.12,0.0,0.12,3.68,46.88,9.32,45.68,1.15,1.73,0.35,18.53,0.81,2.99,24.05,81.82,5.98,71.15,4.72,90.24,9.67,89.29,19.45,86.39,2.53,59.09,21.26,43.78,0.1,0.92,0.12,0.0,0.23,50.0,0.35,2.19,73.68,2.65,73.91,0.58,40.0,0.46,1.5,5.06,84.09,0,,0,,0,0.0,0.0,0.0,,,0.0,,,1.73,0.23,0.0,0.92,1,0.0
Callum Drayton,Team 51,Team 51,"CF, AMF, RCMF",33,700000,2026-10-31,4,224,0,0.07,0,0.18,11.25,39.29,South Korea,South Korea,left,170,72,yes,1.21,0.8,50.0,1.61,0.0,0.0,0.0,0.0,0.8,1.28,0.4,1,0.4,0,0.0,2.41,0.0,0,0.0,0.03,0,0.0,3,1.21,33.33,0.0,0.0,0.8,0.0,0.0,0.0,0.8,0.0,0.4,3.21,62.5,8.44,47.62,2.41,0.8,0.0,12.86,0.0,1.61,18.48,65.22,6.43,37.5,2.41,66.67,6.43,87.5,14.46,77.78,3.21,25.0,19.36,15.23,0.07,0.8,0.0,0.0,0.0,0.0,0.0,3.62,55.56,0.8,0.0,1.21,0.0,0.0,0.0,4.02,80.0,0,,0,,0,0.0,0.0,0.0,,,0.0,,,1.21,0.0,0.0,1.21,0,0.0
Lucas Mercer,Team 51,Team 51,LAMF,31,300000,,1,19,0,0.0,0,0.0,,,Portugal,Portugal,right,166,62,yes,,,,,,,0.0,,,0.0,,0,,0,,,,0,,,0,,0,,,0.0,,,,,,,,,,,,,,,,,,,,,,,,,,,,,,,17.97,17.97,,,,,,,,,,,,,,,,,,0,,0,,0,0.0,0.0,,,,,,,,,,,0,0.0
Noah Hensley,Team 51,Team 51,"RDMF, DMF",30,300000,2026-10-31,9,426,0,0.03,0,0.05,13.52,46.88,Albania,Albania,right,183,80,yes,9.93,8.03,63.16,1.69,12.5,0.0,0.0,0.63,4.86,6.27,2.96,2,0.42,0,0.0,0.0,0.0,0,0.0,0.01,0,0.0,4,0.85,0.0,0.0,0.0,0.21,0.0,0.21,0.0,0.0,0.0,0.0,0.0,0.0,2.54,33.33,0.21,0.21,0.0,15.21,0.0,0.63,26.41,72.0,10.14,45.83,3.38,100.0,9.08,88.37,21.76,81.55,4.44,28.57,18.82,24.39,0.01,0.21,0.0,0.0,0.0,0.0,0.0,3.38,50.0,0.63,0.0,0.0,0.0,0.21,0.0,4.01,42.11,0,,0,,0,0.0,0.0,0.0,,,0.0,,,0.0,0.0,0.0,0.0,0,0.0
Fabian Hayward,Team 51,Team 51,"RW, RAMF, RWF",29,300000,2026-10-31,15,1231,1,0.73,3,2.58,20.98,44.95,Wales,Wales,both,162,60,yes,3.8,4.61,63.49,1.97,37.04,0.22,0.31,0.07,0.66,0.94,0.73,2,0.15,0,0.0,4.75,0.07,1,0.07,0.05,0,0.0,9,0.66,33.33,11.111,0.22,3.87,41.51,0.29,50.0,3.58,40.82,0.44,4.97,58.82,12.21,44.91,1.75,2.78,0.58,11.77,1.54,2.71,17.18,71.49,4.09,66.07,3.44,95.74,5.63,66.23,12.5,82.46,1.02,57.14,19.72,18.34,0.19,1.17,0.0,0.0,0.0,0.0,0.73,1.17,75.0,3.14,53.49,0.15,0.0,0.51,1.46,3.0,82.93,0,,0,,0,0.0,0.0,0.0,,,0.0,,,0.0,0.0,0.0,0.07,0,0.0
Casper Mercer,Team 51,Team 51,"RCMF, RDMF",39,250000,,13,593,1,0.93,0,0.13,17.61,47.41,Cameroon,Cameroon,right,180,69,yes,7.44,4.55,63.33,7.28,37.5,0.91,1.3,0.3,3.64,5.22,0.76,1,0.15,0,0.0,0.91,0.15,1,0.15,0.14,0,0.0,4,0.61,50.0,25.0,0.0,1.21,37.5,0.15,0.0,1.06,42.86,0.46,0.46,33.33,3.49,47.83,0.91,0.15,0.0,16.69,0.61,0.91,24.44,83.85,6.98,69.57,3.19,85.71,11.38,88.0,20.49,88.15,2.73,72.22,19.34,32.7,0.02,0.46,0.0,0.0,0.0,0.0,0.3,4.25,71.43,1.82,50.0,0.0,0.0,0.61,0.46,3.19,85.71,0,,0,,0,0.0,0.0,0.0,,,0.15,,,0.0,0.0,0.0,0.0,0,0.0
Oscar Kingsbury,Team 51,Team 51,CF,28,200000,2026-10-31,8,254,0,0.43,0,0.03,22.68,25.0,Brazil,Brazil,right,180,76,yes,2.83,3.19,66.67,6.73,10.53,0.0,0.0,0.71,0.71,1.02,1.06,1,0.35,0,0.0,1.06,0.0,0,0.0,0.15,0,0.0,4,1.42,50.0,0.0,0.0,0.71,0.0,0.35,0.0,0.35,0.0,0.35,1.06,33.33,7.09,20.0,3.9,0.35,0.0,4.96,0.71,0.71,8.86,68.0,1.77,80.0,1.77,60.0,2.13,33.33,7.8,77.27,0.35,0.0,12.08,2.87,0.01,0.71,0.0,0.0,0.0,0.0,0.0,0.71,50.0,0.71,50.0,0.0,0.0,0.71,0.0,0.35,100.0,0,,0,,0,0.0,0.0,0.0,,,0.0,,,0.0,0.0,0.0,0.0,0,0.0
Noah Barton,Team 51,Team 51,"RB, LW",36,150000,,10,591,1,0.57,1,0.61,11.73,38.96,Romania,Romania,right,181,65,yes,5.48,5.03,42.42,2.13,28.57,0.3,0.43,0.0,3.05,4.35,0.76,2,0.3,1,0.15,0.91,0.15,1,0.15,0.09,1,0.15,8,1.22,12.5,12.5,0.15,2.13,7.14,0.61,25.0,1.52,0.0,0.15,1.07,57.14,3.96,42.31,1.68,1.37,0.0,18.58,2.44,0.91,23.6,75.48,6.4,76.19,4.72,93.55,8.07,69.81,20.1,84.09,1.37,55.56,18.89,14.61,0.09,0.91,0.0,0.0,0.0,0.0,0.15,1.68,81.82,1.37,11.11,0.0,0.0,0.46,0.15,3.2,61.9,0,,0,,0,0.0,0.0,0.0,,,0.0,,,0.91,0.0,0.0,1.22,0,0.0
Aaron Beaumont,Team 51,Team 51,"LB, LCMF",33,100000,,10,635,0,0.13,1,0.78,13.61,55.21,Ghana,Ghana,left,175,68,yes,10.49,7.8,69.09,1.56,27.27,0.71,0.95,0.0,4.39,5.89,1.7,4,0.57,0,0.0,1.42,0.0,0,0.0,0.02,0,0.0,3,0.43,66.67,0.0,0.14,2.13,33.33,2.13,33.33,0.0,0.0,0.28,0.71,60.0,2.55,38.89,0.57,0.85,0.28,20.83,0.99,0.57,30.05,78.3,11.76,69.88,4.68,93.94,7.65,81.48,25.65,85.64,2.27,37.5,19.8,27.4,0.11,0.85,0.0,0.0,0.14,0.0,0.14,3.12,54.55,1.98,28.57,0.28,0.0,0.0,0.71,5.81,63.41,0,,0,,0,0.0,0.0,0.0,,,0.43,,,0.71,0.0,0.0,0.85,0,0.0
Damian Underwood,Team 51,Team 51,"LCMF, LDMF",33,250000,,4,364,0,0.03,0,0.37,22.75,54.35,Finland,"Finland, Italy",left,180,74,yes,9.15,7.42,63.33,6.68,48.15,0.0,0.0,0.49,4.45,7.01,2.47,2,0.49,1,0.25,1.73,0.0,0,0.0,0.01,0,0.0,1,0.25,0.0,0.0,0.0,1.48,50.0,1.48,50.0,0.0,0.0,0.0,1.24,80.0,5.19,57.14,0.0,0.99,0.0,21.76,0.49,2.23,35.36,79.02,12.86,71.15,3.96,93.75,12.36,82.0,28.68,82.76,5.19,66.67,20.14,41.96,0.09,1.73,0.0,0.0,0.0,0.0,0.49,7.17,65.52,2.72,45.45,0.0,0.0,0.49,0.74,7.42,86.67,0,,0,,0,0.0,0.0,0.0,,,0.25,,,0.0,0.0,0.0,0.0,0,0.0
Emil Talbot,Team 51,Team 51,RB,32,300000,,4,321,0,0.03,1,0.15,15.42,60.0,Morocco,Morocco,right,180,67,yes,8.69,7.01,56.0,2.8,80.0,0.0,0.0,0.56,4.77,7.18,1.68,0,0.0,0,0.0,1.68,0.0,0,0.0,0.01,0,0.0,3,0.84,0.0,0.0,0.28,2.52,55.56,0.0,0.0,2.52,55.56,0.0,0.56,50.0,3.64,61.54,0.28,0.84,0.0,36.73,1.12,1.4,47.94,76.61,21.31,59.21,5.33,94.74,15.7,91.07,39.53,85.11,5.89,28.57,18.79,37.32,0.04,0.28,0.0,0.0,0.0,0.0,0.28,7.57,51.85,3.08,45.45,0.0,0.0,0.28,1.4,8.97,75.0,0,,0,,0,0.0,0.0,0.0,,,0.0,,,0.0,0.0,0.0,0.0,0,0.0
Gabriel Hayward,Team 51,Team 51,"LAMF, LW",23,175000,2028-09-01,7,306,2,1.24,0,0.0,20.59,44.29,Cameroon,Cameroon,right,185,78,yes,4.12,3.82,30.77,7.94,48.15,0.0,0.0,0.0,2.94,4.0,2.06,2,0.59,0,0.0,2.94,0.59,2,0.59,0.36,1,0.29,8,2.35,62.5,25.0,0.0,1.76,50.0,1.76,50.0,0.0,0.0,0.0,2.06,28.57,5.88,40.0,4.71,0.88,0.0,16.18,1.47,2.06,24.12,73.17,4.41,46.67,8.24,89.29,7.06,79.17,21.76,74.32,0.59,100.0,17.9,11.26,0.0,0.29,0.0,0.0,0.0,0.0,0.0,0.59,50.0,2.06,42.86,0.0,0.0,0.59,0.59,2.94,40.0,0,,0,,0,0.0,0.0,0.0,,,0.0,,,0.0,0.0,0.0,0.0,0,0.0
Viktor Ashford,Team 51,Team 51,GK,31,250000,2026-10-30,7,630,0,0.0,0,0.0,1.0,71.43,France,"France, Spain",right,187,84,yes,1.29,0.14,0.0,0.71,100.0,0.0,0.0,0.0,1.29,1.88,0.14,0,0.0,1,0.14,0.0,0.0,0,0.0,0.0,0,0.0,0,0.0,0.0,0.0,0.0,0.0,0.0,0.0,0.0,0.0,0.0,0.0,0.0,0.0,0.0,0.0,0.0,0.0,0.0,6.71,0.0,0.0,12.43,67.82,8.29,53.45,0.0,0.0,3.86,100.0,6.86,95.83,5.43,34.21,39.62,49.04,0.0,0.0,0.0,0.0,0.0,0.0,0.0,2.71,26.32,0.14,0.0,0.0,0.0,0.0,0.0,3.0,66.67,5,0.71,20,2.86,1,75.0,3.0,0.43,-2.0,-0.286,0.0,2.0,0.71,,,,0.0,0,0.0
Marcus Chamberlain,Team 51,Team 51,AMF,26,350000,,1,19,0,0.11,0,0.0,,,Mexico,Mexico,left,171,69,yes,,,,,,,0.0,,,4.29,,0,,0,,,,0,,,0,,2,,,0.0,,,,,,,,,,,,,,,,,,,,,,,,,,,,,,,34.44,50.91,,,,,,,,,,,,,,,,,,0,,0,,0,0.0,0.0,,,,,,,,,,,0,0.0
Julian Monroe,Team 51,Team 51,"DMF, RDMF, RCMF",30,400000,2026-10-31,3,130,0,0.0,0,0.0,11.08,43.75,England,England,right,182,75,yes,9.69,3.46,60.0,3.46,40.0,0.69,0.73,0.69,6.92,7.32,2.77,0,0.0,0,0.0,0.0,0.0,0,0.0,0.0,0,0.0,0,0.0,0.0,0.0,0.0,0.0,0.0,0.0,0.0,0.0,0.0,0.0,0.0,0.0,2.08,33.33,0.0,0.0,0.0,6.23,0.0,1.38,14.54,66.67,6.92,70.0,2.77,50.0,3.46,60.0,11.08,75.0,3.46,40.0,20.22,25.51,0.0,0.0,0.0,0.0,0.0,0.0,0.0,2.77,25.0,1.38,100.0,0.0,0.0,2.08,0.0,2.77,75.0,0,,0,,0,0.0,0.0,0.0,,,0.0,,,0.0,0.0,0.0,0.0,0,0.0
Xavier Faulkner,Team 51,Team 51,"RAMF, AMF, RW",23,350000,,3,97,0,0.16,0,0.01,31.55,38.24,Scotland,Scotland,right,179,72,yes,5.57,8.35,44.44,6.49,14.29,0.0,0.0,0.93,1.86,2.73,1.86,0,0.0,0,0.0,3.71,0.0,0,0.0,0.15,0,0.0,1,0.93,100.0,0.0,0.0,0.0,0.0,0.0,0.0,0.0,0.0,0.0,4.64,60.0,14.85,37.5,2.78,3.71,0.0,12.99,0.93,3.71,21.34,82.61,7.42,62.5,4.64,100.0,5.57,83.33,21.34,82.61,0.0,0.0,13.95,0.0,0.01,0.93,0.0,0.0,0.0,0.0,0.0,2.78,66.67,0.0,0.0,0.0,0.0,0.0,0.0,1.86,50.0,0,,0,,0,0.0,0.0,0.0,,,0.0,,,0.0,0.0,0.0,0.0,0,0.0
Malcolm Barrington,Team 51,Team 51,"AMF, LW",22,300000,,12,914,0,0.9,0,0.37,15.56,41.77,Ghana,Ghana,left,178,57,yes,5.32,4.73,62.5,2.07,14.29,0.1,0.13,0.0,2.26,3.04,0.89,3,0.3,0,0.0,1.97,0.0,0,0.0,0.09,0,0.0,15,1.48,33.33,0.0,0.0,1.18,50.0,0.2,0.0,0.89,55.56,0.0,1.87,47.37,7.19,36.99,1.08,1.38,0.2,18.32,0.59,1.97,26.0,82.58,7.19,72.6,6.79,98.55,6.79,84.06,23.34,86.08,1.48,53.33,17.22,21.14,0.04,0.79,0.0,0.1,0.0,0.0,0.1,3.15,65.63,0.89,44.44,0.0,0.0,0.2,0.39,3.05,70.97,0,,0,,0,0.0,0.0,0.0,,,0.2,,,0.39,0.1,100.0,0.39,0,0.0
Lars Hawthorne,Team 51,Team 51,"LCB, LB",27,250000,,5,442,1,0.13,0,0.0,15.27,66.67,Wales,Wales,left,190,80,yes,9.77,6.11,70.0,5.9,75.86,1.02,1.18,0.0,4.48,5.2,1.02,1,0.2,0,0.0,0.61,0.2,1,0.2,0.03,1,0.2,2,0.41,100.0,50.0,0.0,0.0,0.0,0.0,0.0,0.0,0.0,0.0,0.2,100.0,1.22,33.33,0.41,1.02,0.2,19.75,0.0,0.2,29.32,66.67,18.53,56.04,1.22,83.33,7.94,89.74,20.36,84.0,8.96,27.27,26.61,43.68,0.0,0.0,0.0,0.0,0.0,0.0,0.0,8.14,42.5,0.61,0.0,0.2,0.0,0.0,0.0,7.74,57.89,0,,0,,0,0.0,0.0,0.0,,,0.81,,,0.2,0.0,0.0,0.0,0,0.0
Julian Underwood,Team 51,Team 51,GK,22,250000,2027-10-31,9,887,0,0.0,0,0.0,1.32,76.92,Slovakia,"Slovakia, France",right,193,87,yes,0.91,0.2,50.0,0.91,77.78,0.0,0.0,0.0,0.81,1.06,0.1,1,0.1,0,0.0,0.0,0.0,0,0.0,0.0,0,0.0,0,0.0,0.0,0.0,0.0,0.0,0.0,0.0,0.0,0.0,0.0,0.0,0.0,0.0,0.1,100.0,0.0,0.0,0.0,4.46,0.1,0.3,11.87,67.52,7.71,52.63,0.0,0.0,2.84,96.43,6.7,92.42,5.17,35.29,34.74,53.63,0.0,0.0,0.0,0.0,0.0,0.0,0.0,2.94,27.59,0.3,0.0,0.3,33.33,0.0,0.0,2.94,58.62,6,0.61,32,3.25,3,81.25,10.17,1.03,4.17,0.423,0.0,2.33,0.91,,,,0.0,0,0.0
Theo Ashford,Team 51,Team 51,"DMF, LDMF, RDMF",27,300000,,14,1247,2,1.0,0,0.38,15.95,55.66,Turkey,Turkey,right,182,75,yes,9.17,7.72,61.68,3.9,51.85,0.29,0.39,0.14,4.11,5.59,2.02,1,0.07,0,0.0,0.72,0.14,2,0.14,0.07,2,0.14,23,1.66,13.04,8.696,0.0,0.29,25.0,0.14,0.0,0.14,50.0,0.0,0.51,85.71,1.8,56.0,0.65,0.14,0.0,19.85,0.07,0.58,29.95,84.82,8.3,60.87,4.4,95.08,13.93,96.37,27.28,88.89,2.38,45.45,20.32,35.03,0.03,0.43,0.0,0.0,0.07,0.0,0.07,4.91,66.18,0.94,23.08,0.36,0.0,0.22,0.07,3.54,65.31,0,,0,,0,0.0,0.0,0.0,,,0.29,,,0.0,0.0,0.0,0.0,0,0.0
Finn Kren,Team 51,Team 51,"LCB, RCB, RB",27,250000,2026-10-31,10,780,1,0.99,0,0.0,12.0,61.54,Portugal,Portugal,right,183,78,yes,10.04,5.88,56.86,4.38,65.79,0.58,0.75,1.15,6.12,7.95,1.27,4,0.46,0,0.0,0.23,0.12,1,0.12,0.11,1,0.12,4,0.46,25.0,25.0,0.0,0.23,0.0,0.12,0.0,0.12,0.0,0.12,0.35,33.33,1.15,80.0,0.81,0.81,0.0,18.0,0.12,0.46,26.88,86.27,12.0,81.73,1.62,92.86,10.62,91.3,24.81,88.37,1.85,68.75,17.24,29.6,0.0,0.0,0.0,0.0,0.0,0.0,0.0,4.04,82.86,0.23,0.0,0.0,0.0,0.12,0.0,6.23,74.07,0,,0,,0,0.0,0.0,0.0,,,1.15,,,0.0,0.0,0.0,0.0,0,0.0
Stefan Kessler,Team 51,Team 51,"LCB, RCB, CB",39,175000,,12,1185,0,0.81,0,0.0,8.89,54.7,Colombia,"Colombia, Italy",right,186,90,yes,5.77,3.95,61.54,3.57,55.32,0.23,0.32,0.46,3.11,4.42,0.99,5,0.38,0,0.0,0.0,0.0,0,0.0,0.06,0,0.0,5,0.38,0.0,0.0,0.0,0.0,0.0,0.0,0.0,0.0,0.0,0.0,0.0,0.0,0.08,0.0,0.3,0.46,0.0,25.14,0.23,0.0,36.3,90.59,12.46,80.49,1.82,83.33,19.44,97.27,32.89,93.3,3.42,64.44,20.32,36.48,0.0,0.0,0.0,0.0,0.0,0.0,0.0,3.49,69.57,0.23,33.33,0.0,0.0,0.15,0.0,4.86,71.88,0,,0,,0,0.0,0.0,0.0,,,1.22,,,0.0,0.0,0.0,0.0,0,0.0
Dylan Pendleton,Team 51,Team 51,LCB,34,250000,,3,268,0,0.0,0,0.0,9.4,42.86,Netherlands,Netherlands,left,186,77,yes,5.37,5.04,46.67,2.35,28.57,0.0,0.0,0.67,3.02,3.91,1.68,0,0.0,0,0.0,0.0,0.0,0,0.0,0.0,0,0.0,0,0.0,0.0,0.0,0.0,0.0,0.0,0.0,0.0,0.0,0.0,0.0,0.0,0.0,0.34,100.0,0.0,0.67,0.0,20.82,1.34,0.0,36.94,81.82,19.14,73.68,5.04,100.0,10.07,86.67,29.22,94.25,7.72,34.78,21.12,37.53,0.0,0.0,0.0,0.0,0.0,0.0,0.0,6.72,50.0,1.68,40.0,2.01,16.67,0.67,0.0,7.39,81.82,0,,0,,0,0.0,0.0,0.0,,,3.36,,,0.0,0.0,0.0,0.0,0,0.0
Viktor Aldridge,Team 51,Team 51,LB,34,300000,2026-10-31,11,758,0,0.1,1,0.81,12.23,48.54,Ghana,"Ghana, Germany",left,175,78,yes,7.12,5.94,54.0,1.9,31.25,0.36,0.54,0.12,3.56,5.36,1.42,2,0.24,0,0.0,1.42,0.0,0,0.0,0.01,0,0.0,6,0.71,16.67,0.0,0.12,2.85,33.33,2.85,33.33,0.0,0.0,0.47,0.83,42.86,2.85,50.0,0.47,0.95,0.0,30.16,1.54,1.31,42.03,81.92,18.17,75.16,2.97,100.0,16.39,87.68,33.01,90.65,6.29,58.49,20.95,28.95,0.1,0.95,0.0,0.0,0.0,0.0,0.0,6.89,75.86,2.49,38.1,0.0,0.0,0.12,0.83,10.33,75.86,0,,0,,0,0.0,0.0,0.0,,,0.47,,,2.14,0.36,0.0,2.37,0,0.0
Stefan Oakley,Team 51,Team 51,CF,38,150000,2026-10-31,13,905,1,1.25,1,0.46,22.28,24.55,Finland,Finland,right,192,74,yes,2.59,1.79,61.11,7.16,13.89,0.0,0.0,0.1,1.49,2.15,0.9,1,0.1,0,0.0,0.8,0.1,1,0.1,0.12,1,0.1,6,0.6,33.33,16.667,0.1,0.3,33.33,0.2,50.0,0.1,0.0,0.0,0.99,50.0,7.66,27.27,1.39,0.3,0.0,3.38,0.3,1.59,6.07,78.69,0.7,57.14,2.39,91.67,1.19,58.33,5.67,82.46,0.1,0.0,12.18,2.19,0.05,0.1,0.0,0.0,0.0,0.0,0.1,0.4,50.0,0.1,0.0,0.0,0.0,0.1,0.1,0.4,50.0,0,,0,,0,0.0,0.0,0.0,,,0.0,,,0.0,0.0,0.0,0.0,0,0.0
Emil Montague,Team 51,Team 51,"RCB, RB",32,300000,,14,1365,1,0.95,0,0.05,10.22,58.71,Netherlands,Netherlands,right,182,70,yes,5.93,3.49,52.83,4.02,63.93,0.2,0.27,0.73,3.89,5.36,0.66,3,0.2,0,0.0,0.46,0.07,1,0.07,0.06,1,0.07,7,0.46,14.29,14.286,0.0,0.53,50.0,0.0,0.0,0.46,42.86,0.07,0.2,66.67,1.45,45.45,0.59,0.92,0.07,24.99,0.73,1.12,37.65,81.79,15.63,65.4,1.78,96.3,17.87,93.73,30.07,92.54,7.12,38.89,24.83,41.22,0.0,0.07,0.07,0.0,0.0,0.0,0.07,6.99,57.55,1.05,31.25,0.33,60.0,0.26,0.2,7.05,68.22,0,,0,,0,0.0,0.0,0.0,,,0.53,,,0.0,0.0,0.0,0.0,0,0.0
Jonas Valen,Team 51,Team 51,"AMF, LCMF, CF",31,350000,,8,312,0,0.03,0,0.82,11.25,46.15,Sweden,Sweden,left,168,64,yes,2.6,4.33,46.67,1.73,50.0,0.0,0.0,0.0,0.58,0.91,0.58,0,0.0,0,0.0,1.44,0.0,0,0.0,0.01,0,0.0,4,1.15,25.0,0.0,0.0,1.15,75.0,0.87,66.67,0.29,100.0,0.29,0.29,100.0,4.33,40.0,0.29,0.58,0.0,25.1,0.87,0.58,32.88,82.46,10.38,55.56,7.79,96.3,7.79,96.3,28.56,86.87,3.17,45.45,17.23,37.86,0.24,1.73,0.0,0.0,0.29,0.0,0.29,5.48,52.63,2.6,55.56,0.87,33.33,1.15,0.87,5.48,68.42,0,,0,,0,0.0,0.0,0.0,,,0.0,,,1.44,0.0,0.0,3.46,0,0.0
Theo Aldridge,Team 51,Team 51,RB,30,300000,2027-03-31,7,338,0,0.02,0,0.54,7.99,50.0,Austria,Austria,right,178,75,yes,5.59,3.46,46.15,1.07,25.0,1.07,1.58,0.0,2.93,4.34,0.53,0,0.0,0,0.0,1.86,0.0,0,0.0,0.01,0,0.0,2,0.53,0.0,0.0,0.0,4.26,43.75,0.0,0.0,4.26,43.75,0.0,0.27,0.0,2.13,50.0,0.27,0.8,0.0,25.83,1.33,0.8,37.01,75.54,17.31,70.77,3.46,92.31,12.25,76.09,26.09,87.76,6.92,50.0,22.18,30.57,0.14,1.86,0.0,0.0,0.0,0.0,0.8,10.12,71.05,4.79,38.89,0.0,0.0,0.27,1.86,11.72,86.36,0,,0,,0,0.0,0.0,0.0,,,0.0,,,0.0,0.0,0.0,1.07,0,0.0
Soren Fletcher,Team 47,Team 47,"LCMF, LAMF, DMF",30,1000000,,2,74,0,0.03,0,0.0,19.46,31.25,Ireland,"Ireland, Spain",right,181,74,yes,3.65,8.51,28.57,1.22,100.0,0.0,0.0,0.0,1.22,2.0,6.08,0,0.0,0,0.0,0.0,0.0,0,0.0,0.04,0,0.0,2,2.43,0.0,0.0,0.0,0.0,0.0,0.0,0.0,0.0,0.0,0.0,0.0,0.0,7.3,33.33,0.0,1.22,1.22,9.73,0.0,2.43,15.81,61.54,6.08,40.0,4.86,100.0,1.22,100.0,14.59,66.67,1.22,0.0,17.44,16.81,0.0,0.0,0.0,0.0,0.0,0.0,0.0,2.43,0.0,2.43,0.0,0.0,0.0,0.0,0.0,3.65,33.33,0,,0,,0,0.0,0.0,0.0,,,0.0,,,0.0,0.0,0.0,0.0,0,0.0
Simon Monroe,Team 47,Team 47,"LAMF, LW, LWF",26,450000,2026-11-30,14,611,1,1.4,1,0.76,19.15,43.85,Slovenia,Slovenia,right,189,80,yes,5.74,4.27,68.97,2.5,47.06,0.0,0.0,0.15,2.8,5.04,1.18,2,0.29,0,0.0,4.86,0.15,1,0.15,0.21,0,0.0,10,1.47,50.0,10.0,0.15,3.54,37.5,3.09,42.86,0.44,0.0,0.74,5.01,52.94,10.16,37.68,2.06,2.06,0.0,19.74,2.21,1.33,26.22,73.6,7.51,56.86,5.6,92.11,9.87,76.12,19.89,82.96,2.95,55.0,20.91,23.81,0.11,1.18,0.0,0.0,0.29,50.0,0.59,4.12,67.86,3.83,53.85,0.88,33.33,1.33,1.33,4.86,81.82,0,,0,,0,0.0,0.0,0.0,,,0.15,,,1.18,0.15,100.0,1.77,0,0.0
Soren Irvine,Team 47,Team 47,GK,27,400000,2026-12-31,14,1413,0,0.0,0,0.0,0.51,100.0,Germany,"Germany, Portugal",right,197,97,yes,1.4,0.0,0.0,0.38,100.0,0.0,0.0,0.0,1.4,2.56,0.0,1,0.06,0,0.0,0.0,0.0,0,0.0,0.0,0,0.0,0,0.0,0.0,0.0,0.0,0.0,0.0,0.0,0.0,0.0,0.0,0.0,0.0,0.0,0.06,100.0,0.0,0.0,0.0,9.94,0.06,0.06,18.22,87.06,9.11,77.62,0.0,0.0,8.73,96.35,13.18,98.07,5.03,58.23,31.55,49.61,0.0,0.0,0.0,0.0,0.0,0.0,0.0,1.66,53.85,0.32,0.0,0.06,100.0,0.0,0.0,3.57,73.21,19,1.21,70,4.46,2,72.86,20.44,1.3,1.44,0.092,0.0,1.27,0.38,,,,0.0,0,0.0
Oliver Hawthorne,Team 47,Team 47,"LCB, RCB",30,350000,,3,251,0,0.37,0,0.0,11.47,62.5,France,France,right,196,92,yes,4.3,4.66,46.15,5.02,71.43,0.0,0.0,0.72,2.15,3.27,2.15,1,0.36,0,0.0,0.72,0.0,0,0.0,0.13,0,0.0,3,1.08,66.67,0.0,0.0,0.0,0.0,0.0,0.0,0.0,0.0,0.0,0.0,0.0,1.08,66.67,1.08,0.36,0.0,23.67,0.36,0.72,40.16,90.18,13.63,78.95,1.79,80.0,21.51,98.33,35.5,92.93,4.66,69.23,22.65,51.63,0.0,0.0,0.0,0.0,0.0,0.0,0.0,3.94,72.73,0.36,0.0,0.0,0.0,0.0,0.0,6.81,78.95,0,,0,,0,0.0,0.0,0.0,,,1.43,,,0.0,0.0,0.0,0.0,0,0.0
Declan Clairmont,Team 47,Team 47,"LAMF, LW, CF",27,250000,,13,1024,4,2.66,1,0.99,26.28,38.13,Romania,Romania,right,182,76,yes,4.75,2.81,68.75,6.5,45.95,0.09,0.17,0.18,2.72,5.22,1.05,1,0.09,1,0.09,2.99,0.35,4,0.35,0.23,2,0.18,33,2.9,42.42,12.121,0.09,1.32,20.0,1.14,23.08,0.18,0.0,0.18,3.52,42.5,13.71,32.05,3.87,1.85,0.26,14.15,1.32,2.55,19.95,81.94,4.22,81.25,4.75,92.59,4.92,75.0,18.37,86.6,0.53,33.33,14.11,17.13,0.09,0.79,0.0,0.0,0.0,0.0,0.18,1.23,78.57,1.14,53.85,0.0,0.0,0.62,0.18,1.41,81.25,0,,0,,0,0.0,0.0,0.0,,,0.0,,,0.09,0.0,0.0,0.26,0,0.0
Lars Carrington,Team 47,Team 47,LB,30,200000,,13,989,0,0.18,0,0.62,14.92,63.41,Italy,Italy,left,174,68,yes,9.46,6.92,65.79,2.28,44.0,0.55,0.99,0.46,4.37,7.96,1.37,1,0.09,0,0.0,1.91,0.0,0,0.0,0.02,0,0.0,2,0.18,50.0,0.0,0.0,3.37,32.43,3.37,32.43,0.0,0.0,0.27,0.91,80.0,3.19,65.71,0.82,1.09,0.0,27.12,1.46,1.73,37.31,72.68,17.65,70.1,3.91,86.05,9.74,81.31,28.21,82.9,5.92,46.15,22.7,36.98,0.06,0.55,0.09,0.0,0.09,0.0,0.27,5.46,58.33,2.37,42.31,0.27,66.67,0.27,1.0,9.74,69.16,0,,0,,0,0.0,0.0,0.0,,,0.18,,,1.0,0.0,0.0,0.0,0,0.0
Tristan Kensington,Team 47,Team 47,CF,29,200000,,12,694,5,4.23,0,0.18,14.14,26.61,Slovakia,"Slovakia, Spain",left,183,79,yes,1.82,1.04,25.0,4.93,21.05,0.0,0.0,0.26,1.56,3.46,0.65,0,0.0,0,0.0,1.43,0.65,4,0.52,0.55,1,0.13,12,1.56,66.67,41.667,0.0,0.65,20.0,0.13,100.0,0.52,0.0,0.0,0.65,40.0,6.61,29.41,2.98,0.39,0.0,7.13,1.43,1.43,11.02,63.53,3.11,62.5,2.07,75.0,3.37,50.0,9.6,68.92,0.78,33.33,18.46,12.44,0.02,0.39,0.0,0.0,0.0,0.0,0.13,0.52,75.0,1.04,37.5,0.0,0.0,1.04,0.13,1.04,87.5,0,,0,,0,0.0,0.0,0.0,,,0.0,,,0.0,0.0,0.0,0.0,1,100.0
Lars Underwood,Team 47,Team 47,RB,31,100000,,15,1335,0,0.09,3,1.64,13.15,54.87,Georgia,Georgia,right,171,74,yes,6.0,5.6,59.04,2.16,50.0,0.13,0.25,0.2,2.56,4.73,1.28,1,0.07,0,0.0,2.36,0.0,0,0.0,0.01,0,0.0,8,0.54,12.5,0.0,0.2,3.98,38.98,0.0,0.0,3.98,38.98,0.54,1.15,64.71,3.84,50.88,0.74,2.22,0.2,29.53,1.89,1.01,40.45,80.83,18.2,80.0,3.51,98.08,11.6,76.74,32.83,90.35,3.64,40.74,19.02,34.21,0.11,0.88,0.0,0.0,0.0,0.0,0.34,4.92,79.45,3.1,43.48,0.0,0.0,0.27,1.55,8.83,75.57,0,,0,,0,0.0,0.0,0.0,,,0.61,,,0.13,0.0,0.0,0.88,0,0.0
Nathan Huntington,Team 47,Team 47,"RW, RAMF",19,350000,,7,322,0,0.33,0,0.25,23.76,35.29,Ukraine,Ukraine,right,180,72,yes,4.47,3.63,69.23,4.19,26.67,0.0,0.0,0.0,1.96,4.47,0.56,0,0.0,0,0.0,5.31,0.0,0,0.0,0.09,0,0.0,7,1.96,28.57,0.0,0.0,3.91,35.71,0.56,50.0,3.35,33.33,0.84,6.99,48.0,14.81,32.08,3.07,3.35,0.0,17.61,1.12,1.68,24.6,63.64,8.39,46.67,3.63,92.31,8.11,65.52,18.73,74.63,2.24,12.5,21.39,29.42,0.07,0.84,0.0,0.0,0.0,0.0,0.56,2.8,50.0,2.24,50.0,0.0,0.0,0.28,1.4,4.47,68.75,0,,0,,0,0.0,0.0,0.0,,,0.0,,,0.0,0.0,0.0,0.0,0,0.0
Colin Kensington,Team 47,Team 47,"DMF, LDMF, LCMF",19,300000,2029-12-31,12,1072,0,0.27,1,0.39,14.61,54.02,Colombia,Colombia,right,182,74,yes,7.64,6.13,68.49,2.1,44.0,0.0,0.0,0.25,3.44,6.12,1.43,6,0.5,1,0.08,0.67,0.0,0,0.0,0.02,0,0.0,11,0.92,9.09,0.0,0.08,0.42,0.0,0.25,0.0,0.17,0.0,0.08,0.92,63.64,5.04,46.67,0.08,1.43,0.17,25.02,0.08,1.51,40.3,85.83,14.78,71.02,3.44,92.68,16.96,93.07,34.93,91.35,4.95,54.24,21.08,39.86,0.03,0.67,0.08,0.0,0.0,0.0,0.17,8.98,71.03,1.43,35.29,0.67,37.5,0.42,0.0,6.97,83.13,0,,0,,0,0.0,0.0,0.0,,,0.76,,,0.0,0.0,0.0,0.0,0,0.0
Dorian Vance,Team 47,Team 47,"RWF, RAMF, RDMF",22,300000,2027-12-31,2,116,0,0.3,0,0.15,26.38,50.0,Denmark,"Denmark, Italy",right,165,70,yes,3.88,5.43,14.29,0.78,100.0,0.78,1.5,0.0,2.33,4.5,3.88,1,0.78,0,0.0,7.76,0.0,0,0.0,0.23,0,0.0,7,5.43,28.57,0.0,0.0,3.88,40.0,0.0,0.0,3.88,40.0,0.0,7.76,60.0,17.07,63.64,3.1,2.33,0.78,21.72,0.0,5.43,24.83,68.75,8.53,63.64,1.55,100.0,8.53,81.82,15.52,80.0,5.43,57.14,22.78,14.35,0.11,2.33,0.0,0.0,0.0,0.0,0.78,3.88,80.0,3.88,40.0,0.0,0.0,0.0,1.55,6.98,88.89,0,,0,,0,0.0,0.0,0.0,,,0.0,,,0.0,0.0,0.0,0.0,0,0.0
Elias Norwood,Team 47,Team 47,RCB,27,300000,,2,201,0,0.14,0,0.04,12.54,50.0,Scotland,Scotland,right,188,88,yes,7.16,3.58,62.5,5.37,50.0,0.45,0.86,0.9,4.48,8.57,0.45,0,0.0,0,0.0,0.45,0.0,0,0.0,0.06,0,0.0,1,0.45,100.0,0.0,0.0,0.45,0.0,0.0,0.0,0.45,0.0,0.0,0.45,0.0,1.79,25.0,0.45,0.45,0.0,25.52,0.0,0.0,35.82,91.25,9.85,81.82,1.34,100.0,21.49,97.92,30.45,97.06,4.93,63.64,20.21,42.72,0.02,0.45,0.0,0.0,0.0,0.0,0.0,3.13,57.14,0.45,0.0,0.0,0.0,0.45,0.0,1.79,50.0,0,,0,,0,0.0,0.0,0.0,,,1.34,,,0.0,0.0,0.0,0.0,0,0.0
Callum Kingsbury,Team 47,Team 47,"RDMF, RCMF",26,300000,,10,889,2,1.02,1,0.73,11.84,49.57,Nigeria,Nigeria,right,180,75,yes,7.59,5.16,62.75,3.04,46.67,0.61,1.12,0.2,3.75,6.89,0.51,4,0.4,0,0.0,1.32,0.2,2,0.2,0.1,1,0.1,22,2.23,22.73,9.091,0.1,1.42,50.0,0.2,100.0,1.11,36.36,0.1,0.51,0.0,2.13,33.33,1.72,0.51,0.0,21.16,0.51,0.4,31.59,80.77,10.43,78.64,4.25,90.48,10.22,81.19,28.04,84.48,2.23,50.0,16.19,20.75,0.07,1.11,0.0,0.0,0.1,100.0,0.4,6.18,81.97,1.72,64.71,0.1,100.0,0.61,0.61,5.77,78.95,0,,0,,0,0.0,0.0,0.0,,,0.0,,,0.4,0.3,0.0,0.71,0,0.0
Tristan Norwood,Team 47,Team 47,LB,32,300000,2026-10-31,11,483,1,0.69,0,0.41,19.57,57.14,Uruguay,Uruguay,left,179,76,yes,9.13,8.94,66.67,2.42,46.15,0.37,0.68,0.0,2.8,5.11,1.68,3,0.56,1,0.19,1.3,0.19,1,0.19,0.13,0,0.0,6,1.12,50.0,16.667,0.0,2.05,27.27,2.05,27.27,0.0,0.0,0.19,0.93,20.0,5.4,48.28,0.93,3.35,1.12,24.6,0.56,2.05,38.2,73.66,20.87,67.86,3.54,89.47,10.06,81.48,29.81,85.0,6.52,34.29,17.36,20.55,0.08,0.75,0.0,0.0,0.0,0.0,0.37,8.94,62.5,1.86,40.0,0.0,0.0,0.19,0.56,11.55,74.19,0,,0,,0,0.0,0.0,0.0,,,0.56,,,0.37,0.0,0.0,0.0,0,0.0
Sean Kensington,Team 47,Team 47,RB,20,250000,2028-12-31,2,143,0,0.0,0,0.0,12.59,55.0,Ecuador,Ecuador,right,178,71,yes,12.59,7.55,58.33,2.52,50.0,0.0,0.0,1.26,8.18,12.58,1.26,0,0.0,0,0.0,0.0,0.0,0,0.0,0.0,0,0.0,1,0.63,0.0,0.0,0.0,0.0,0.0,0.0,0.0,0.0,0.0,0.0,0.0,0.0,1.26,50.0,0.0,0.63,1.89,20.77,3.15,0.63,33.36,69.81,16.99,59.26,4.41,100.0,6.92,90.91,28.95,76.09,4.41,28.57,17.92,40.59,0.0,0.0,0.0,0.0,0.0,0.0,0.0,6.92,63.64,1.26,0.0,0.0,0.0,0.0,0.0,11.33,50.0,0,,0,,0,0.0,0.0,0.0,,,0.0,,,0.0,0.0,0.0,0.0,0,0.0
Nils Waverley,Team 47,Team 47,"RCMF, LDMF, RDMF",24,350000,,5,102,0,0.35,0,0.0,17.65,70.0,Wales,Wales,right,178,72,yes,12.35,9.71,81.82,4.41,80.0,0.88,1.5,0.0,3.53,6.0,0.88,1,0.88,0,0.0,1.76,0.0,0,0.0,0.31,0,0.0,4,3.53,50.0,0.0,0.0,0.88,0.0,0.0,0.0,0.88,0.0,0.88,0.88,0.0,3.53,25.0,2.65,0.0,0.0,22.06,0.0,0.88,27.35,70.97,12.35,64.29,2.65,100.0,7.06,75.0,22.06,80.0,4.41,40.0,17.95,25.99,0.0,0.0,0.0,0.0,0.0,0.0,0.0,5.29,83.33,2.65,33.33,0.88,0.0,0.88,0.0,6.18,71.43,0,,0,,0,0.0,0.0,0.0,,,1.76,,,0.0,0.0,0.0,0.0,0,0.0
Anton Kingsbury,Team 47,Team 47,"RAMF, RW",20,300000,,12,598,0,0.76,1,0.48,19.57,48.46,Switzerland,Switzerland,right,178,68,yes,3.91,4.36,68.97,0.75,40.0,0.0,0.0,0.0,0.9,1.75,0.45,0,0.0,0,0.0,5.87,0.0,0,0.0,0.11,0,0.0,15,2.26,33.33,0.0,0.15,3.76,36.0,0.3,0.0,3.46,39.13,0.6,7.53,50.0,13.7,42.86,2.56,3.76,0.75,22.58,1.66,2.11,33.11,77.27,9.63,67.19,8.28,90.91,7.68,70.59,28.6,83.16,0.9,66.67,15.6,8.29,0.07,1.2,0.0,0.3,0.0,0.0,0.15,2.11,57.14,4.82,46.88,0.15,100.0,0.75,1.35,4.97,87.88,0,,0,,0,0.0,0.0,0.0,,,0.0,,,0.15,0.0,0.0,0.0,0,0.0
Maxim Thorne,Team 47,Team 47,"DMF, CB",21,650000,,1,85,0,0.0,0,0.0,9.53,44.44,Austria,Austria,right,185,77,yes,4.24,4.24,50.0,4.24,25.0,0.0,0.0,1.06,2.12,2.86,3.18,0,0.0,0,0.0,0.0,0.0,0,0.0,0.0,0,0.0,0,0.0,0.0,0.0,0.0,0.0,0.0,0.0,0.0,0.0,0.0,0.0,0.0,0.0,0.0,0.0,0.0,0.0,0.0,12.71,0.0,0.0,15.88,93.33,6.35,83.33,2.12,100.0,5.29,100.0,15.88,93.33,0.0,0.0,15.48,0.0,0.0,0.0,0.0,0.0,0.0,0.0,0.0,2.12,50.0,0.0,0.0,0.0,0.0,0.0,0.0,0.0,0.0,0,,0,,0,0.0,0.0,0.0,,,1.06,,,0.0,0.0,0.0,0.0,0,0.0
Sebastian Fletcher,Team 47,Team 47,"RCMF, RDMF",21,350000,,13,458,0,0.07,0,0.01,20.63,40.0,Switzerland,Switzerland,right,178,74,yes,4.13,4.72,37.5,4.13,52.38,0.2,0.4,0.39,2.16,4.4,2.36,5,0.98,0,0.0,1.57,0.0,0,0.0,0.01,0,0.0,6,1.18,0.0,0.0,0.0,1.18,33.33,0.2,100.0,0.98,20.0,0.0,1.97,60.0,9.04,36.96,0.59,0.59,0.0,13.56,0.2,2.55,22.21,80.53,7.07,75.0,2.95,93.33,6.88,80.0,19.45,86.87,1.57,37.5,14.56,10.95,0.0,0.2,0.0,0.0,0.0,0.0,0.0,3.14,75.0,1.18,50.0,0.39,0.0,0.59,0.39,3.54,83.33,0,,0,,0,0.0,0.0,0.0,,,0.0,,,0.0,0.0,0.0,0.0,0,0.0
Milo Redmond,Team 47,Team 47,"LDMF, RDMF, DMF",18,350000,,7,349,0,0.03,0,0.14,12.38,41.67,Portugal,"Portugal, Spain",right,183,78,yes,5.16,4.9,26.32,3.09,75.0,0.52,1.11,0.26,3.35,7.22,2.32,3,0.77,0,0.0,0.52,0.0,0,0.0,0.01,0,0.0,2,0.52,0.0,0.0,0.0,0.52,100.0,0.52,100.0,0.0,0.0,0.0,0.0,0.0,2.32,44.44,0.0,0.52,0.0,20.11,0.26,0.77,37.13,85.42,13.41,84.62,5.93,82.61,11.35,90.91,34.3,87.97,2.32,44.44,14.98,17.09,0.04,0.52,0.0,0.0,0.0,0.0,0.26,5.42,80.95,0.77,66.67,0.0,0.0,0.52,0.52,6.19,70.83,0,,0,,0,0.0,0.0,0.0,,,0.26,,,0.0,0.0,0.0,0.0,0,0.0
Tobias Fairfax,Team 47,Team 47,"RCB, LCB",21,300000,2028-12-31,7,495,0,0.06,0,0.03,13.09,56.94,Mexico,Mexico,both,185,79,yes,7.09,4.18,56.52,6.0,63.64,0.18,0.33,0.73,4.55,8.33,1.27,1,0.18,1,0.18,0.18,0.0,0,0.0,0.01,0,0.0,1,0.18,100.0,0.0,0.0,0.0,0.0,0.0,0.0,0.0,0.0,0.0,0.0,0.0,1.09,16.67,0.36,0.91,0.0,20.91,0.18,0.36,38.73,82.16,14.55,63.75,2.55,92.86,18.73,95.15,33.82,88.71,4.91,37.04,22.21,28.64,0.01,0.18,0.0,0.0,0.0,0.0,0.0,3.45,68.42,0.0,0.0,0.0,0.0,0.0,0.0,7.64,45.24,0,,0,,0,0.0,0.0,0.0,,,2.0,,,0.0,0.0,0.0,0.0,0,0.0
Ethan Kingsley,Team 47,Team 47,CF,22,250000,2029-05-31,14,856,6,3.46,1,0.62,22.82,41.47,Brazil,Brazil,right,183,77,yes,4.63,4.1,53.85,6.83,47.69,0.11,0.18,0.0,2.31,4.05,2.1,2,0.21,0,0.0,2.63,0.63,6,0.63,0.36,1,0.11,26,2.73,46.15,23.077,0.11,0.95,22.22,0.32,33.33,0.63,16.67,0.42,1.68,68.75,8.62,31.71,4.31,1.05,0.11,10.3,1.16,1.47,14.19,68.89,3.68,71.43,2.84,85.19,3.68,54.29,12.62,75.0,0.63,16.67,12.45,8.2,0.06,0.74,0.0,0.0,0.0,0.0,0.42,1.68,62.5,1.58,86.67,0.0,0.0,1.26,0.21,1.79,76.47,0,,0,,0,0.0,0.0,0.0,,,0.0,,,0.0,0.0,0.0,0.0,0,0.0
Henry Sinclair,Team 47,Team 47,GK,23,250000,2026-10-31,1,100,0,0.0,0,0.0,0.0,0.0,Mexico,"Mexico, Germany",right,191,89,yes,0.0,0.0,0.0,0.0,0.0,0.0,0.0,0.0,0.0,0.0,0.0,0,0.0,0,0.0,0.0,0.0,0,0.0,0.0,0,0.0,0,0.0,0.0,0.0,0.0,0.0,0.0,0.0,0.0,0.0,0.0,0.0,0.0,0.0,0.0,0.0,0.0,0.0,0.0,9.0,0.0,0.0,14.4,81.25,8.1,66.67,0.0,0.0,5.4,100.0,11.7,92.31,2.7,33.33,25.24,36.91,0.0,0.0,0.0,0.0,0.0,0.0,0.0,0.0,0.0,0.0,0.0,0.0,0.0,0.0,0.0,1.8,0.0,2,1.8,5,4.5,0,60.0,2.07,1.86,0.07,0.063,0.0,0.9,0.0,,,,0.0,0,0.0
Finnegan Oakley,Team 47,Team 47,"LCB, RCB",23,200000,2027-06-30,2,58,0,0.0,0,0.0,1.55,100.0,Wales,Wales,right,187,77,yes,0.0,0.0,0.0,1.55,100.0,0.0,0.0,0.0,0.0,0.0,0.0,1,1.55,0,0.0,0.0,0.0,0,0.0,0.0,0,0.0,0,0.0,0.0,0.0,0.0,0.0,0.0,0.0,0.0,0.0,0.0,0.0,0.0,0.0,0.0,0.0,0.0,0.0,0.0,12.41,0.0,0.0,29.48,73.68,13.97,77.78,4.66,33.33,7.76,100.0,23.28,73.33,6.21,75.0,22.84,44.58,0.0,0.0,0.0,0.0,0.0,0.0,0.0,3.1,50.0,0.0,0.0,0.0,0.0,0.0,0.0,12.41,62.5,0,,0,,0,0.0,0.0,0.0,,,1.55,,,0.0,0.0,0.0,0.0,0,0.0
Zachary Harrington,Team 47,Team 47,"RAMF, RW, RB",24,300000,2026-12-31,10,512,2,1.16,0,0.8,14.24,37.04,Scotland,"Scotland, Germany",left,166,64,yes,4.04,3.34,63.16,1.41,25.0,0.0,0.0,0.35,1.93,3.24,1.05,1,0.18,0,0.0,3.87,0.35,2,0.35,0.2,0,0.0,16,2.81,25.0,12.5,0.0,2.81,43.75,1.41,50.0,1.23,42.86,0.0,3.69,47.62,8.09,30.43,5.1,1.76,0.53,18.98,4.22,1.05,23.03,72.52,7.38,73.81,2.99,94.12,6.33,75.0,18.98,78.7,1.23,42.86,17.82,11.87,0.14,1.41,0.0,0.0,0.18,100.0,0.7,2.29,69.23,2.64,66.67,0.18,100.0,1.58,1.41,4.92,78.57,0,,0,,0,0.0,0.0,0.0,,,0.0,,,0.0,0.0,0.0,0.0,0,0.0
Erik Kitteridge,Team 47,Team 47,"RCB, CB",31,300000,,9,907,0,1.09,0,0.12,14.29,62.5,Morocco,"Morocco, Italy",right,191,81,yes,6.45,4.47,71.11,6.15,58.06,0.0,0.0,0.5,3.27,6.39,0.69,1,0.1,0,0.0,0.6,0.0,0,0.0,0.11,0,0.0,8,0.79,25.0,0.0,0.0,0.4,50.0,0.0,0.0,0.4,50.0,0.1,0.3,66.67,1.79,50.0,0.89,2.08,0.0,28.28,0.2,1.09,44.65,83.33,16.27,63.41,3.08,100.0,18.85,95.79,36.02,92.29,8.24,45.78,22.03,38.74,0.01,0.3,0.0,0.1,0.1,0.0,0.1,9.53,57.29,1.29,23.08,1.29,15.38,0.4,0.2,8.34,72.62,0,,0,,0,0.0,0.0,0.0,,,1.79,,,0.1,0.1,0.0,0.0,0,0.0
Bastien Norwood,Team 47,Team 47,LCB,30,300000,2026-10-30,12,1114,1,1.53,0,0.0,11.47,66.9,Paraguay,"Paraguay, France",left,186,78,yes,7.92,5.01,74.19,4.61,61.4,0.48,0.88,1.05,3.72,6.73,0.97,2,0.16,0,0.0,0.24,0.08,1,0.08,0.12,0,0.0,5,0.4,60.0,20.0,0.0,0.0,0.0,0.0,0.0,0.0,0.0,0.0,0.0,0.0,0.32,25.0,0.48,0.57,0.08,23.83,0.16,0.32,39.59,87.96,13.33,74.55,1.86,95.65,21.73,95.17,34.58,93.93,5.01,46.77,21.75,34.75,0.0,0.0,0.0,0.08,0.0,0.0,0.0,3.23,57.5,0.32,0.0,0.08,0.0,0.0,0.0,5.49,67.65,0,,0,,0,0.0,0.0,0.0,,,1.62,,,0.0,0.0,0.0,0.0,0,0.0
Finnegan Thorpe,Team 47,Team 47,"AMF, CF, LCMF",31,350000,,14,1286,0,2.13,3,2.62,12.32,44.89,Denmark,Denmark,right,174,72,yes,2.45,2.66,47.37,0.84,25.0,0.14,0.26,0.07,1.05,1.98,1.33,4,0.28,0,0.0,2.1,0.0,0,0.0,0.15,0,0.0,38,2.66,23.68,0.0,0.21,2.59,21.62,0.91,30.77,1.54,13.64,0.14,1.54,50.0,7.0,47.0,1.47,1.61,0.07,30.16,0.7,2.66,41.92,77.63,15.12,71.76,6.72,92.71,12.25,76.0,34.08,83.57,5.39,64.94,18.42,35.53,0.18,2.66,0.28,0.0,0.35,40.0,0.63,8.4,74.17,5.53,45.57,0.91,38.46,2.03,0.63,8.61,86.99,0,,0,,0,0.0,0.0,0.0,,,0.0,,,1.89,0.49,42.86,5.95,1,0.0
Alastair Pemberton,Team 42,Team 42,LCMF,28,325000,,1,11,0,0.09,0,0.0,,,Turkey,Turkey,right,182,74,yes,,,,,,,0.0,,,0.0,,0,,0,,,,0,,,0,,1,,,0.0,,,,,,,,,,,,,,,,,,,,,,,,,,,,,,,20.04,0.0,,,,,,,,,,,,,,,,,,0,,0,,0,0.0,0.0,,,,,,,,,,,0,0.0
Noah Arden,Team 42,Team 42,GK,33,250000,2026-11-30,3,303,0,0.0,0,0.0,0.89,0.0,Norway,"Norway, Italy",right,194,88,yes,0.3,0.59,0.0,0.0,0.0,0.0,0.0,0.0,0.3,0.48,0.3,1,0.3,0,0.0,0.0,0.0,0,0.0,0.0,0,0.0,0,0.0,0.0,0.0,0.0,0.0,0.0,0.0,0.0,0.0,0.0,0.0,0.0,0.0,0.3,0.0,0.0,0.0,0.0,8.61,0.3,0.0,16.63,87.5,13.07,84.09,0.3,100.0,3.56,100.0,10.99,97.3,5.64,68.42,32.8,47.25,0.0,0.0,0.0,0.0,0.0,0.0,0.0,1.19,50.0,0.0,0.0,0.3,0.0,0.0,0.0,5.35,77.78,8,2.38,16,4.75,0,50.0,6.33,1.88,-1.67,-0.496,0.3,2.67,0.0,,,,0.0,0,0.0
Isaac Huntington,Team 42,Team 42,"RDMF, DMF, LDMF",23,250000,,10,799,1,0.37,0,0.04,13.4,56.3,Ghana,Ghana,right,182,66,yes,7.32,5.86,65.38,3.38,50.0,0.34,0.55,0.23,3.15,5.09,1.58,4,0.45,0,0.0,1.01,0.11,1,0.11,0.04,0,0.0,11,1.24,36.36,9.091,0.0,0.0,0.0,0.0,0.0,0.0,0.0,0.0,0.34,100.0,1.58,50.0,0.11,0.11,0.0,22.42,0.0,0.56,36.16,85.05,13.4,76.47,3.15,85.71,16.45,93.15,31.76,89.36,4.39,53.85,20.84,34.35,0.0,0.23,0.0,0.0,0.23,100.0,0.0,8.11,76.39,1.13,70.0,0.79,57.14,0.79,0.0,7.88,74.29,0,,0,,0,0.0,0.0,0.0,,,0.68,,,0.34,0.34,66.67,0.0,0,0.0
Colin Whitmore,Team 42,Team 42,"LAMF, AMF, RAMF",26,150000,,12,777,1,2.22,1,1.13,23.4,42.08,Hungary,Hungary,right,177,77,yes,4.4,3.47,53.33,2.66,52.17,0.23,0.45,0.0,2.32,4.51,1.62,1,0.12,1,0.12,4.86,0.12,1,0.12,0.26,1,0.12,23,2.66,43.48,4.348,0.12,4.05,34.29,3.47,33.33,0.46,50.0,0.69,4.63,50.0,15.06,38.46,3.13,3.47,0.12,27.1,2.32,2.55,37.3,85.09,7.3,85.71,8.92,94.81,13.09,80.53,31.62,91.58,1.62,85.71,18.16,26.29,0.13,2.43,0.23,0.12,0.0,0.0,0.58,3.01,84.62,4.4,52.63,0.0,0.0,1.51,1.62,4.63,90.0,0,,0,,0,0.0,0.0,0.0,,,0.12,,,0.93,0.12,100.0,2.08,0,0.0
Dominic Thorpe,Team 42,Team 42,LDMF,28,100000,,12,997,0,0.45,1,0.44,16.34,49.17,Norway,Norway,right,183,72,yes,6.32,6.41,50.7,3.07,61.76,0.18,0.31,0.27,2.89,5.03,2.35,5,0.45,1,0.09,1.9,0.0,0,0.0,0.04,0,0.0,22,1.99,13.64,0.0,0.09,2.53,32.14,2.44,33.33,0.09,0.0,0.09,1.62,50.0,4.24,38.3,0.63,2.08,0.09,26.54,0.72,1.35,36.11,82.5,11.37,71.43,4.96,92.73,14.08,86.54,29.34,90.77,4.51,58.0,19.98,34.9,0.04,0.27,0.09,0.0,0.0,0.0,0.09,6.59,72.6,2.8,35.48,0.36,50.0,0.27,0.72,5.15,89.47,0,,0,,0,0.0,0.0,0.0,,,0.81,,,0.81,0.09,0.0,1.35,0,0.0
Liam Norwood,Team 42,Team 42,LDMF,35,100000,2027-05-31,1,17,0,0.0,0,0.0,,,Hungary,Hungary,right,166,62,yes,,,,,,,0.0,,,0.0,,0,,0,,,,0,,,0,,0,,,0.0,,,,,,,,,,,,,,,,,,,,,,,,,,,,,,,17.81,33.78,,,,,,,,,,,,,,,,,,0,,0,,0,0.0,0.0,,,,,,,,,,,0,0.0
Viktor Thorpe,Team 42,Team 42,"LB, LCB",21,250000,,7,441,1,0.99,0,0.06,15.71,66.23,Greece,Greece,left,180,70,yes,8.78,7.96,58.97,4.29,76.19,0.82,1.4,0.41,3.27,5.58,1.84,1,0.2,0,0.0,1.22,0.2,1,0.2,0.2,0,0.0,5,1.02,60.0,20.0,0.0,0.61,0.0,0.61,0.0,0.0,0.0,0.2,0.61,100.0,1.22,66.67,1.22,0.82,0.0,19.8,0.0,0.61,33.88,77.11,18.16,67.42,2.04,100.0,10.0,89.8,27.14,88.72,6.12,33.33,22.86,36.25,0.01,0.2,0.0,0.0,0.0,0.0,0.0,7.35,52.78,1.84,22.22,0.2,0.0,0.41,0.0,10.0,71.43,0,,0,,0,0.0,0.0,0.0,,,1.22,,,0.0,0.0,0.0,0.0,0,0.0
Sean Huntington,Team 42,Team 42,"LCB, RCB",22,200000,,7,330,0,0.26,1,0.03,16.09,59.32,Spain,Spain,right,187,79,yes,9.55,7.64,67.86,4.64,70.59,0.0,0.0,0.82,4.36,7.27,1.09,1,0.27,0,0.0,0.27,0.0,0,0.0,0.07,0,0.0,4,1.09,0.0,0.0,0.27,0.27,100.0,0.0,0.0,0.27,100.0,0.0,0.82,0.0,1.64,0.0,1.36,1.64,0.0,28.09,0.82,0.0,42.0,82.47,19.09,71.43,1.91,100.0,17.45,95.31,35.73,87.02,6.0,54.55,26.02,41.48,0.01,0.27,0.0,0.0,0.0,0.0,0.27,9.0,69.7,1.91,42.86,0.27,0.0,0.55,0.27,9.55,82.86,0,,0,,0,0.0,0.0,0.0,,,1.64,,,0.0,0.0,0.0,0.0,0,0.0
Cillian Norwood,Team 42,Team 42,"RWB, RCB",20,250000,2028-12-31,2,28,0,0.02,0,0.0,,,Norway,Norway,right,180,75,yes,,,,,,,0.0,,,30.0,,0,,0,,,,0,,,0,,2,,,0.0,,,,,,,,,,,,,,,,,,,,,,,,,,,,,,,17.92,0.0,,,,,,,,,,,,,,,,,,0,,0,,0,0.0,0.0,,,,,,,,,,,0,0.0
Theo Arden,Team 42,Team 42,RAMF,26,300000,2026-12-31,1,9,0,0.0,0,0.0,,,Slovakia,Slovakia,right,188,84,yes,,,,,,,0.0,,,15.0,,0,,0,,,,0,,,0,,0,,,0.0,,,,,,,,,,,,,,,,,,,,,,,,,,,,,,,14.42,14.65,,,,,,,,,,,,,,,,,,0,,0,,0,0.0,0.0,,,,,,,,,,,0,0.0
Rowan Ellington,Team 42,Team 42,RCB,23,300000,,1,10,0,0.0,0,0.0,,,Wales,"Wales, Portugal",right,185,80,yes,,,,,,,0.0,,,15.0,,0,,0,,,,0,,,0,,0,,,0.0,,,,,,,,,,,,,,,,,,,,,,,,,,,,,,,25.69,43.28,,,,,,,,,,,,,,,,,,0,,0,,0,0.0,0.0,,,,,,,,,,,0,0.0
Matthias Hensley,Team 42,Team 42,CF,21,125000,,8,217,1,1.16,0,0.0,30.69,27.03,Cameroon,"Cameroon, Italy",right,182,82,yes,4.98,7.05,47.06,10.37,20.0,0.41,0.68,0.0,1.24,2.05,3.32,1,0.41,0,0.0,1.66,0.41,1,0.41,0.48,0,0.0,4,1.66,50.0,25.0,0.0,0.0,0.0,0.0,0.0,0.0,0.0,0.0,1.66,50.0,9.54,26.09,2.07,0.83,0.41,4.98,0.41,1.24,7.47,77.78,2.07,60.0,2.49,100.0,1.66,100.0,7.47,77.78,0.0,0.0,11.72,0.0,0.0,0.0,0.41,0.0,0.0,0.0,0.0,1.24,100.0,0.0,0.0,0.0,0.0,0.0,0.0,0.83,100.0,0,,0,,0,0.0,0.0,0.0,,,0.0,,,0.0,0.0,0.0,0.0,0,0.0
Owen Blackwood,Team 42,Team 42,"RCB, CB, LCB",25,200000,2028-12-31,14,1197,3,0.64,0,0.01,14.59,61.86,Austria,"Austria, Germany",right,184,77,yes,8.35,5.49,57.53,6.62,65.91,0.45,0.79,0.9,4.74,8.29,1.43,2,0.15,1,0.08,0.23,0.23,3,0.23,0.05,3,0.23,9,0.68,33.33,33.333,0.0,0.0,0.0,0.0,0.0,0.0,0.0,0.0,0.08,0.0,0.3,25.0,0.83,0.08,0.0,19.4,0.15,0.53,32.56,81.99,14.36,70.16,0.98,92.31,15.19,94.55,25.79,89.5,6.77,53.33,27.33,35.67,0.0,0.08,0.0,0.0,0.0,0.0,0.0,4.89,55.38,0.68,22.22,0.68,33.33,0.15,0.0,7.37,71.43,0,,0,,0,0.0,0.0,0.0,,,0.75,,,0.0,0.0,0.0,0.0,0,0.0
Nathan Yardley,Team 42,Team 42,"CF, LAMF, LCMF",22,150000,2027-12-31,11,504,2,1.32,0,0.07,13.39,44.0,England,England,right,185,76,yes,3.21,2.14,58.33,3.93,31.82,0.0,0.0,0.0,1.96,3.84,0.71,0,0.0,0,0.0,3.57,0.36,2,0.36,0.24,1,0.18,14,2.5,42.86,14.286,0.0,1.61,44.44,0.36,0.0,1.07,66.67,0.36,3.04,58.82,5.89,45.45,1.96,1.43,0.36,21.79,1.07,1.07,27.14,78.29,5.36,63.33,6.07,82.35,9.82,81.82,22.68,83.46,2.86,56.25,18.9,29.76,0.01,0.71,0.0,0.18,0.0,0.0,0.0,3.57,55.0,2.14,58.33,0.18,100.0,0.36,0.71,3.04,70.59,0,,0,,0,0.0,0.0,0.0,,,0.0,,,1.61,0.18,0.0,1.43,0,0.0
Julian Sinclair,Team 42,Team 42,"RB, RWB",23,200000,,11,813,0,0.29,0,0.91,15.39,58.27,Sweden,Sweden,right,181,75,yes,8.19,4.76,62.79,4.43,55.0,0.0,0.0,0.11,5.2,8.6,1.0,2,0.22,0,0.0,3.1,0.0,0,0.0,0.03,0,0.0,5,0.55,20.0,0.0,0.0,2.99,48.15,0.0,0.0,2.99,48.15,0.22,2.32,66.67,4.87,56.82,1.11,2.1,0.89,17.05,1.66,1.0,25.35,74.67,9.3,64.29,4.32,92.31,7.97,79.17,19.26,83.91,3.32,43.33,20.02,34.34,0.1,0.77,0.11,0.0,0.0,0.0,0.55,4.32,66.67,2.99,59.26,0.11,0.0,0.44,1.55,7.53,72.06,0,,0,,0,0.0,0.0,0.0,,,0.33,,,0.0,0.0,0.0,0.0,0,0.0
Fabian Stratford,Team 42,Team 42,LB,24,200000,,5,370,0,0.0,1,0.36,11.19,50.0,Georgia,"Georgia, France",left,184,79,yes,5.35,4.86,60.0,3.65,40.0,0.0,0.0,0.0,2.43,3.53,0.73,2,0.49,0,0.0,0.49,0.0,0,0.0,0.0,0,0.0,0,0.0,0.0,0.0,0.24,1.95,25.0,1.95,25.0,0.0,0.0,0.24,0.0,0.0,1.95,50.0,0.49,1.46,0.0,22.62,0.97,0.73,36.73,82.12,16.78,82.61,5.11,100.0,9.0,75.68,29.19,88.33,5.84,66.67,19.02,33.85,0.09,0.73,0.0,0.24,0.0,0.0,0.49,6.57,88.89,1.7,57.14,0.0,0.0,0.73,0.73,10.22,80.95,0,,0,,0,0.0,0.0,0.0,,,0.97,,,0.0,0.0,0.0,0.0,0,0.0
Xavier Westlake,Team 42,Team 42,"AMF, LAMF, LWB",25,350000,2029-12-31,15,1380,3,3.61,5,4.06,15.07,42.86,Paraguay,Paraguay,left,174,68,yes,2.87,2.93,55.56,2.35,25.0,0.0,0.0,0.0,1.24,2.23,0.91,1,0.07,0,0.0,3.07,0.2,1,0.07,0.24,0,0.0,25,1.63,28.0,12.0,0.33,1.83,39.29,1.57,41.67,0.26,25.0,0.26,3.59,49.09,7.7,44.92,2.41,3.85,0.59,22.76,1.7,1.76,32.09,77.44,10.11,67.74,6.78,85.58,9.2,79.43,28.24,81.29,2.02,58.06,16.09,21.29,0.26,2.35,0.07,0.0,0.26,50.0,0.78,3.91,76.67,3.85,57.63,0.52,50.0,1.83,0.91,6.72,75.73,0,,0,,0,0.0,0.0,0.0,,,0.2,,,1.89,0.2,0.0,2.41,2,100.0
Theo Halloway,Team 42,Team 42,"AMF, RDMF, RCB",28,200000,2028-12-31,9,629,1,0.87,1,0.39,21.03,60.54,Slovenia,Slovenia,right,177,68,yes,9.01,8.73,67.21,3.0,52.38,1.0,1.79,0.14,2.15,3.85,2.58,2,0.29,0,0.0,2.43,0.14,1,0.14,0.12,0,0.0,9,1.29,44.44,11.111,0.14,1.0,28.57,0.0,0.0,1.0,28.57,0.0,2.0,71.43,6.72,61.7,1.29,0.57,0.0,15.88,1.0,2.29,25.76,71.11,10.3,58.33,3.43,91.67,9.59,76.12,18.89,79.55,6.01,50.0,24.08,42.19,0.06,0.72,0.0,0.0,0.14,100.0,0.14,5.29,67.57,1.72,33.33,0.43,66.67,0.29,0.29,5.87,73.17,0,,0,,0,0.0,0.0,0.0,,,0.57,,,0.0,0.0,0.0,0.0,0,0.0
Xavier Montague,Team 42,Team 42,"RAMF, RWB",26,250000,,11,845,3,1.35,0,0.69,15.66,46.26,Ghana,Ghana,right,177,69,yes,4.26,3.73,51.43,1.7,31.25,0.0,0.0,0.0,2.34,4.0,1.28,1,0.11,0,0.0,4.58,0.32,3,0.32,0.14,0,0.0,36,3.83,27.78,8.333,0.0,3.2,33.33,0.0,0.0,3.2,33.33,0.32,4.15,56.41,8.41,49.37,3.73,2.02,0.64,17.36,1.28,1.7,23.75,73.99,4.58,65.12,6.28,93.22,7.46,62.86,18.21,84.8,2.77,46.15,18.94,29.86,0.07,0.75,0.11,0.11,0.11,100.0,0.32,2.02,42.11,2.45,43.48,0.43,50.0,0.43,0.85,3.62,76.47,0,,0,,0,0.0,0.0,0.0,,,0.0,,,0.11,0.11,100.0,0.0,0,0.0
Alastair Prescott,Team 42,Team 42,"RDMF, RCMF",25,200000,,14,945,1,0.99,4,0.72,14.29,54.0,Colombia,"Colombia, France",right,179,78,yes,6.67,6.57,62.32,2.1,45.45,0.1,0.18,0.29,2.48,4.62,1.33,3,0.29,0,0.0,1.05,0.1,1,0.1,0.09,0,0.0,15,1.43,6.67,6.667,0.38,0.76,37.5,0.0,0.0,0.67,28.57,0.1,0.76,87.5,4.1,46.51,0.38,0.95,0.0,28.76,0.48,0.76,42.29,84.23,14.76,75.48,3.14,90.91,18.48,90.21,35.24,88.92,6.29,63.64,20.29,38.13,0.07,1.33,0.0,0.1,0.1,0.0,0.67,10.0,71.43,1.9,55.0,0.48,20.0,0.86,0.38,9.33,77.55,0,,0,,0,0.0,0.0,0.0,,,0.29,,,0.19,0.19,0.0,0.1,0,0.0
Dominic Kensington,Team 42,Team 42,"AMF, RWB, LAMF",24,200000,,10,415,1,0.49,1,0.77,22.12,41.18,Ireland,"Ireland, Spain",right,169,58,yes,6.29,6.51,40.0,1.95,22.22,0.43,0.82,0.22,3.25,6.16,2.17,1,0.22,0,0.0,4.77,0.22,1,0.22,0.11,0,0.0,10,2.17,30.0,10.0,0.22,3.47,50.0,0.43,0.0,3.04,57.14,0.65,4.77,50.0,11.71,40.74,2.6,3.69,0.65,23.64,2.39,1.08,34.7,74.38,11.93,67.27,4.12,100.0,11.06,76.47,27.54,81.89,4.12,47.37,17.28,25.96,0.17,2.39,0.0,0.0,0.22,0.0,1.08,6.72,70.97,4.55,47.62,1.08,20.0,1.52,1.73,8.02,89.19,0,,0,,0,0.0,0.0,0.0,,,0.0,,,0.0,0.0,0.0,0.65,0,0.0
Sebastian Mercer,Team 42,Team 42,"RCB, RB",23,150000,,13,1245,0,0.63,0,0.27,13.52,66.84,Hungary,Hungary,right,180,74,yes,8.17,5.71,65.82,5.2,69.44,0.51,0.94,0.72,3.9,7.23,1.16,2,0.14,1,0.07,0.51,0.0,0,0.0,0.05,0,0.0,6,0.43,0.0,0.0,0.0,0.94,30.77,0.14,50.0,0.8,27.27,0.07,0.29,75.0,1.01,50.0,0.8,0.8,0.22,25.52,0.8,0.65,38.46,85.71,18.29,79.05,3.25,95.56,12.8,90.96,33.98,91.49,3.54,44.9,20.33,42.29,0.02,0.22,0.14,0.0,0.0,0.0,0.07,5.28,73.97,1.37,31.58,0.29,0.0,0.22,0.36,7.88,70.64,0,,0,,0,0.0,0.0,0.0,,,1.08,,,0.0,0.0,0.0,0.0,0,0.0
Finn Grantham,Team 42,Team 42,CF,31,450000,,14,736,0,1.26,0,0.0,27.64,34.07,Norway,Norway,right,187,80,yes,3.91,2.81,56.52,12.23,35.0,0.49,0.91,0.49,1.83,3.41,1.96,1,0.12,0,0.0,0.49,0.0,0,0.0,0.15,0,0.0,8,0.98,12.5,0.0,0.0,0.24,0.0,0.12,0.0,0.12,0.0,0.0,0.61,60.0,9.29,25.0,1.83,0.12,0.0,4.04,1.35,2.08,7.58,79.03,0.61,80.0,3.3,85.19,1.35,81.82,7.34,81.67,0.0,0.0,14.59,0.0,0.0,0.12,0.0,0.12,0.0,0.0,0.0,0.49,75.0,0.24,50.0,0.0,0.0,0.12,0.0,0.12,0.0,0,,0,,0,0.0,0.0,0.0,,,0.0,,,0.0,0.0,0.0,0.0,0,0.0
Alexander Vanderveer,Team 42,Team 42,"LAMF, CF, LDMF",26,200000,2026-11-30,10,330,2,0.61,0,0.41,20.18,47.3,Slovenia,Slovenia,right,172,66,yes,6.27,6.27,52.17,3.55,53.85,0.0,0.0,0.0,3.0,6.23,1.09,0,0.0,0,0.0,3.82,0.55,2,0.55,0.17,0,0.0,9,2.45,55.56,22.222,0.0,1.64,50.0,1.36,60.0,0.27,0.0,0.27,3.55,46.15,8.18,43.33,2.45,3.0,0.27,32.18,1.09,2.18,38.73,88.03,11.73,83.72,9.0,96.97,12.0,90.91,36.0,89.39,1.09,100.0,16.2,14.03,0.11,1.36,0.0,0.0,0.0,0.0,0.82,3.55,84.62,3.0,72.73,0.0,0.0,1.36,0.82,4.64,94.12,0,,0,,0,0.0,0.0,0.0,,,0.0,,,0.27,0.0,0.0,1.09,0,0.0
Graham Sinclair,Team 42,Team 42,"CF, AMF",26,300000,2026-12-31,15,1141,5,3.38,2,0.61,16.88,35.05,Poland,"Poland, Portugal",right,182,75,yes,2.6,1.34,41.18,3.87,26.53,0.0,0.0,0.24,2.05,3.77,0.87,1,0.08,0,0.0,2.29,0.39,5,0.39,0.27,0,0.0,19,1.5,63.16,26.316,0.16,1.18,13.33,0.55,14.29,0.63,12.5,0.0,2.76,42.86,9.15,39.66,3.87,1.74,0.55,13.09,1.58,1.81,18.85,76.99,3.31,59.52,5.28,94.03,6.39,69.14,17.04,83.33,0.71,33.33,15.96,15.19,0.05,1.03,0.0,0.0,0.16,0.0,0.39,1.58,45.0,0.95,25.0,0.16,0.0,0.71,0.08,1.1,50.0,0,,0,,0,0.0,0.0,0.0,,,0.0,,,0.0,0.0,0.0,0.0,0,0.0
Quinn Mercer,Team 42,Team 42,"RAMF, LAMF, CF",26,250000,,4,61,1,0.32,0,0.0,25.08,64.71,Brazil,Brazil,right,182,80,yes,13.28,7.38,80.0,11.8,75.0,0.0,0.0,0.0,7.38,10.0,0.0,1,1.48,0,0.0,2.95,1.48,1,1.48,0.47,0,0.0,2,2.95,50.0,50.0,0.0,0.0,0.0,0.0,0.0,0.0,0.0,0.0,1.48,100.0,4.43,33.33,4.43,1.48,0.0,10.33,1.48,1.48,14.75,90.0,7.38,100.0,0.0,0.0,1.48,0.0,13.28,100.0,1.48,0.0,16.14,6.47,0.0,0.0,0.0,0.0,0.0,0.0,0.0,1.48,0.0,0.0,0.0,0.0,0.0,0.0,0.0,2.95,100.0,0,,0,,0,0.0,0.0,0.0,,,0.0,,,0.0,0.0,0.0,0.0,0,0.0
Milo Clairmont,Team 42,Team 42,GK,31,200000,,12,1206,0,0.0,0,0.0,0.82,90.91,Japan,Japan,right,186,82,yes,1.64,0.15,50.0,0.52,100.0,0.0,0.0,0.0,1.57,2.8,0.15,2,0.15,0,0.0,0.0,0.0,0,0.0,0.0,0,0.0,0,0.0,0.0,0.0,0.0,0.0,0.0,0.0,0.0,0.0,0.0,0.0,0.0,0.0,0.07,100.0,0.0,0.0,0.0,6.57,0.3,0.07,14.48,82.99,9.1,73.77,0.0,0.0,5.0,98.51,8.96,98.33,5.52,58.11,37.07,56.32,0.0,0.0,0.0,0.0,0.0,0.0,0.0,2.69,47.22,0.3,25.0,0.15,0.0,0.15,0.0,4.03,81.48,17,1.27,46,3.43,3,63.04,13.1,0.98,-3.9,-0.291,0.0,1.49,0.52,,,,0.0,0,0.0
Tobias Ashford,Team 42,Team 42,"LCB, LB",30,175000,2027-05-31,8,709,0,0.1,0,0.13,15.36,63.64,Netherlands,Netherlands,left,182,73,yes,9.39,5.97,76.6,6.22,59.18,0.0,0.0,0.38,4.82,8.09,1.27,0,0.0,0,0.0,1.02,0.0,0,0.0,0.01,0,0.0,1,0.13,100.0,0.0,0.0,1.14,44.44,1.14,44.44,0.0,0.0,0.0,0.38,100.0,1.4,63.64,0.51,1.52,0.25,24.5,0.25,0.13,36.81,81.03,19.93,73.25,3.3,100.0,10.66,92.86,29.96,87.71,5.84,54.35,21.61,37.93,0.02,0.25,0.0,0.0,0.0,0.0,0.0,6.35,60.0,1.78,28.57,0.38,33.33,0.0,0.25,7.49,71.19,0,,0,,0,0.0,0.0,0.0,,,1.78,,,0.0,0.0,0.0,0.0,0,0.0
Declan Barton,Team 25,Team 25,GK,27,1000000,2026-12-31,14,1405,0,0.0,0,0.0,0.64,80.0,Scotland,"Scotland, Germany",right,188,87,yes,1.09,0.13,50.0,0.26,100.0,0.0,0.0,0.0,1.02,1.48,0.06,1,0.06,0,0.0,0.0,0.0,0,0.0,0.0,0,0.0,0,0.0,0.0,0.0,0.0,0.0,0.0,0.0,0.0,0.0,0.0,0.0,0.0,0.0,0.19,100.0,0.0,0.0,0.0,7.94,0.0,0.19,13.52,89.57,4.68,72.6,0.0,0.0,7.88,99.19,10.7,97.01,2.82,61.36,28.86,46.86,0.0,0.0,0.0,0.0,0.0,0.0,0.0,0.64,20.0,0.13,0.0,0.06,0.0,0.0,0.0,1.99,64.52,9,0.58,45,2.88,7,80.0,12.69,0.81,3.69,0.236,0.0,1.54,0.26,,,,0.0,0,0.0
Milo Ravensdale,Team 25,Team 25,RB,30,400000,2026-12-31,12,1002,1,0.61,1,0.59,17.25,59.38,Brazil,Brazil,right,183,82,yes,6.74,5.21,56.9,4.4,79.59,0.0,0.0,0.27,3.77,5.81,1.53,2,0.18,0,0.0,3.14,0.09,1,0.09,0.06,0,0.0,11,0.99,9.09,9.091,0.09,5.3,30.51,0.0,0.0,5.21,31.03,0.99,2.6,55.17,5.84,49.23,2.16,1.8,0.0,31.53,3.05,1.17,45.45,77.27,18.5,75.24,4.13,93.48,14.91,72.89,35.12,89.26,5.21,41.38,20.46,37.81,0.05,0.72,0.09,0.0,0.0,0.0,0.45,5.3,55.93,4.67,40.38,0.63,28.57,0.36,1.98,9.88,74.55,0,,0,,0,0.0,0.0,0.0,,,0.36,,,0.0,0.0,0.0,0.0,0,0.0
Elias Winterbottom,Team 25,Team 25,LB,25,300000,2026-10-30,7,499,0,0.22,0,0.18,10.1,51.79,Ecuador,"Ecuador, Italy",left,177,76,yes,6.13,4.69,57.69,1.08,16.67,0.18,0.23,0.36,3.25,4.12,2.16,3,0.54,1,0.18,2.16,0.0,0,0.0,0.04,0,0.0,5,0.9,20.0,0.0,0.0,3.61,45.0,3.61,45.0,0.0,0.0,0.0,1.08,33.33,2.71,53.33,1.44,1.08,0.54,21.82,2.71,1.08,28.68,72.33,12.63,65.71,4.51,96.0,7.03,64.1,20.02,84.68,5.05,42.86,19.64,29.44,0.03,0.9,0.0,0.0,0.0,0.0,0.54,4.15,52.17,3.97,59.09,0.0,0.0,0.9,1.62,7.94,77.27,0,,0,,0,0.0,0.0,0.0,,,0.36,,,0.18,0.0,0.0,0.72,0,0.0
Leon Halston,Team 25,Team 25,"AMF, LAMF, RAMF",22,150000,,3,204,0,0.01,0,0.44,20.29,50.0,Georgia,Georgia,right,179,68,yes,7.06,5.29,75.0,3.97,11.11,0.44,0.5,0.0,2.65,3.0,1.76,0,0.0,0,0.0,1.76,0.0,0,0.0,0.0,0,0.0,1,0.44,0.0,0.0,0.0,0.44,100.0,0.0,0.0,0.44,100.0,0.0,1.76,75.0,6.62,53.33,1.32,0.88,0.44,18.97,0.44,2.21,30.0,82.35,10.15,69.57,7.06,87.5,8.82,90.0,27.35,85.48,2.65,50.0,19.68,23.85,0.2,1.76,0.0,0.0,0.0,0.0,0.0,3.53,62.5,1.32,66.67,0.44,0.0,1.32,0.0,3.97,77.78,0,,0,,0,0.0,0.0,0.0,,,0.0,,,0.44,0.0,0.0,3.09,0,0.0
Dorian Mercer,Team 25,Team 25,GK,26,350000,,1,103,0,0.0,0,0.0,1.75,50.0,Ecuador,"Ecuador, Germany",right,195,87,yes,0.87,0.0,0.0,0.87,100.0,0.0,0.0,0.0,0.87,1.0,0.0,0,0.0,0,0.0,0.0,0.0,0,0.0,0.0,0,0.0,0,0.0,0.0,0.0,0.0,0.0,0.0,0.0,0.0,0.0,0.0,0.0,0.0,0.0,0.87,0.0,0.0,0.0,0.0,0.87,0.0,0.0,9.61,72.73,8.74,70.0,0.0,0.0,0.87,100.0,2.62,100.0,6.99,62.5,50.4,60.92,0.0,0.0,0.0,0.0,0.0,0.0,0.0,4.37,60.0,0.87,0.0,0.0,0.0,0.0,0.0,4.37,100.0,3,2.62,9,7.86,0,66.67,2.74,2.39,-0.26,-0.227,0.0,4.37,0.87,,,,0.0,0,0.0
Sean Blackwood,Team 25,Team 25,"RW, LW",21,350000,,4,148,0,0.0,0,0.04,16.42,25.93,Slovakia,Slovakia,right,180,65,yes,4.86,6.69,36.36,4.26,28.57,1.22,1.58,0.0,1.22,1.58,3.04,0,0.0,0,0.0,0.0,0.0,0,0.0,0.0,0,0.0,2,1.22,0.0,0.0,0.0,0.61,0.0,0.0,0.0,0.61,0.0,0.0,0.61,0.0,3.04,20.0,0.61,1.22,0.0,9.73,0.61,0.61,12.16,70.0,5.47,55.56,3.65,100.0,0.61,0.0,11.55,73.68,0.0,0.0,9.78,0.0,0.02,1.22,0.0,0.0,0.0,0.0,0.61,0.0,0.0,1.82,66.67,0.0,0.0,0.61,0.0,2.43,50.0,0,,0,,0,0.0,0.0,0.0,,,0.0,,,2.43,1.22,0.0,1.82,0,0.0
Maxim Pendleton,Team 25,Team 25,RAMF,17,400000,,1,16,0,0.0,0,0.0,,,Ireland,Ireland,right,175,72,yes,,,,,,,0.0,,,0.0,,0,,0,,,,0,,,0,,0,,,0.0,,,,,,,,,,,,,,,,,,,,,,,,,,,,,,,21.86,0.0,,,,,,,,,,,,,,,,,,0,,0,,0,0.0,0.0,,,,,,,,,,,0,0.0
Hugo Somerset,Team 25,Team 25,"RCB, LCB",19,300000,,3,200,0,0.0,0,0.0,13.95,58.06,Slovakia,Slovakia,right,189,82,yes,11.7,9.0,60.0,3.6,50.0,0.0,0.0,1.8,6.3,7.5,1.35,0,0.0,0,0.0,0.0,0.0,0,0.0,0.0,0,0.0,0,0.0,0.0,0.0,0.0,0.0,0.0,0.0,0.0,0.0,0.0,0.0,0.0,0.0,0.9,50.0,0.45,0.0,0.0,22.95,0.0,0.0,32.85,76.71,12.15,66.67,0.9,100.0,18.0,85.0,25.65,89.47,7.2,31.25,29.64,48.91,0.0,0.0,0.0,0.0,0.0,0.0,0.0,5.85,23.08,0.45,0.0,0.9,0.0,0.45,0.0,5.85,53.85,0,,0,,0,0.0,0.0,0.0,,,0.0,,,0.0,0.0,0.0,0.0,0,0.0
Viktor Kensington,Team 25,Team 25,RB,19,300000,,4,206,0,0.06,0,0.0,13.54,58.06,Germany,Germany,right,179,75,yes,9.61,9.17,66.67,3.06,57.14,0.87,0.92,0.0,2.62,2.77,0.87,1,0.44,0,0.0,0.87,0.0,0,0.0,0.03,0,0.0,2,0.87,0.0,0.0,0.0,1.75,50.0,0.0,0.0,1.75,50.0,0.0,0.44,0.0,0.44,0.0,0.44,0.44,0.0,14.85,1.75,0.0,15.29,77.14,6.99,68.75,1.31,100.0,4.81,90.91,10.05,91.3,3.5,50.0,24.92,21.62,0.0,0.0,0.0,0.0,0.0,0.0,0.0,2.18,40.0,3.06,71.43,0.44,0.0,0.87,0.87,4.37,100.0,0,,0,,0,0.0,0.0,0.0,,,0.0,,,0.0,0.0,0.0,0.0,0,0.0
Tobias Drayton,Team 25,Team 25,"RCB, LCB",21,400000,,3,140,0,0.0,0,0.0,10.29,56.25,Greece,"Greece, France",both,193,82,yes,9.64,6.43,70.0,1.29,50.0,0.0,0.0,0.64,5.14,5.85,3.21,1,0.64,1,0.64,0.0,0.0,0,0.0,0.0,0,0.0,0,0.0,0.0,0.0,0.0,0.0,0.0,0.0,0.0,0.0,0.0,0.0,0.0,0.0,1.93,33.33,0.0,0.0,0.0,14.79,0.0,0.0,19.93,74.19,9.64,53.33,0.0,0.0,8.36,100.0,14.79,91.3,5.14,25.0,22.15,30.35,0.0,0.0,0.0,0.0,0.0,0.0,0.0,3.86,16.67,0.0,0.0,0.64,0.0,0.0,0.0,3.21,40.0,0,,0,,0,0.0,0.0,0.0,,,0.0,,,0.0,0.0,0.0,0.0,0,0.0
Quinn Dunmore,Team 25,Team 25,"RCMF, LDMF, RW",20,450000,2027-01-31,3,82,0,0.01,0,0.0,17.56,43.75,Argentina,Argentina,right,183,67,yes,13.17,14.27,53.85,2.2,0.0,0.0,0.0,0.0,5.49,6.82,4.39,1,1.1,0,0.0,0.0,0.0,0,0.0,0.02,0,0.0,1,1.1,0.0,0.0,0.0,0.0,0.0,0.0,0.0,0.0,0.0,0.0,0.0,0.0,1.1,0.0,0.0,0.0,0.0,14.27,0.0,0.0,25.24,60.87,13.17,50.0,2.2,100.0,6.59,83.33,21.95,70.0,3.29,0.0,21.13,39.63,0.0,0.0,0.0,0.0,0.0,0.0,0.0,3.29,33.33,0.0,0.0,0.0,0.0,0.0,0.0,5.49,0.0,0,,0,,0,0.0,0.0,0.0,,,0.0,,,0.0,0.0,0.0,0.0,0,0.0
Quinn Fenwick,Team 25,Team 25,"LCMF, CF",22,350000,,1,29,0,0.0,0,0.0,,,Serbia,Serbia,right,170,77,yes,,,,,,,0.0,,,0.0,,0,,0,,,,0,,,0,,0,,,0.0,,,,,,,,,,,,,,,,,,,,,,,,,,,,,,,11.43,0.0,,,,,,,,,,,,,,,,,,0,,0,,0,0.0,0.0,,,,,,,,,,,0,0.0
Declan Northfield,Team 25,Team 25,"LW, RAMF, CF",26,350000,2026-10-30,6,260,1,0.22,0,0.01,22.15,39.06,Spain,"Spain, Portugal",right,184,80,yes,1.73,3.12,44.44,4.5,30.77,0.0,0.0,0.0,0.35,0.45,1.38,1,0.35,0,0.0,3.81,0.35,1,0.35,0.08,1,0.35,5,1.73,20.0,20.0,0.0,1.04,33.33,0.69,50.0,0.35,0.0,0.0,4.85,64.29,12.81,45.95,2.08,1.73,0.69,13.5,2.08,2.08,19.04,74.55,3.12,66.67,3.81,90.91,7.96,73.91,14.54,76.19,3.81,72.73,22.47,31.16,0.0,0.35,0.0,0.0,0.0,0.0,0.0,3.81,63.64,0.35,0.0,0.35,100.0,0.0,0.0,2.77,75.0,0,,0,,0,0.0,0.0,0.0,,,0.0,,,0.0,0.0,0.0,0.0,0,0.0
Dorian Chamberlain,Team 25,Team 25,"RDMF, DMF, LCMF",31,600000,2026-10-30,9,458,0,0.1,0,0.06,19.45,51.52,Ecuador,Ecuador,right,176,71,yes,8.06,7.66,51.28,4.52,47.83,0.79,1.24,0.39,3.34,5.26,1.97,1,0.2,0,0.0,0.79,0.0,0,0.0,0.02,0,0.0,5,0.98,20.0,0.0,0.0,0.59,0.0,0.0,0.0,0.39,0.0,0.2,0.98,60.0,4.13,66.67,0.39,0.79,0.0,38.12,0.2,1.97,51.48,84.73,16.9,73.26,6.09,87.1,22.99,91.45,44.41,89.38,6.48,60.61,19.27,33.38,0.01,0.79,0.0,0.0,0.0,0.0,0.2,11.2,75.44,1.18,33.33,0.98,20.0,0.39,0.0,10.02,80.39,0,,0,,0,0.0,0.0,0.0,,,0.2,,,0.2,0.0,0.0,0.39,0,0.0
Alexander Sinclair,Team 25,Team 25,CF,28,450000,,11,958,6,3.88,1,0.61,14.94,38.99,Wales,Wales,right,190,84,yes,3.57,2.35,64.0,4.89,38.46,0.19,0.28,0.0,1.88,2.79,1.22,1,0.09,0,0.0,1.88,0.56,5,0.47,0.36,3,0.28,20,1.88,50.0,30.0,0.09,0.56,16.67,0.0,0.0,0.56,16.67,0.09,1.5,56.25,5.45,36.21,2.72,0.66,0.19,7.61,0.85,1.32,11.84,72.22,2.82,46.67,3.48,89.19,3.19,82.35,10.62,76.99,0.66,42.86,15.71,20.59,0.06,0.85,0.0,0.0,0.0,0.0,0.28,1.69,66.67,1.03,36.36,0.19,50.0,0.56,0.09,1.13,58.33,0,,0,,0,0.0,0.0,0.0,,,0.0,,,0.0,0.0,0.0,0.0,2,50.0
Julian Northfield,Team 25,Team 25,LB,19,300000,,11,1015,0,0.58,1,0.34,13.39,49.01,Italy,Italy,left,155,68,yes,6.65,5.14,56.9,2.48,53.57,0.0,0.0,0.09,3.72,5.68,1.06,1,0.09,0,0.0,2.48,0.0,0,0.0,0.05,0,0.0,8,0.71,37.5,0.0,0.09,3.19,52.78,3.1,51.43,0.0,0.0,0.35,1.06,50.0,4.52,39.22,1.06,2.48,0.27,24.12,3.28,1.42,30.77,81.56,9.75,70.0,6.21,98.57,10.11,86.84,23.67,89.51,4.17,57.45,21.76,36.12,0.03,0.71,0.0,0.0,0.0,0.0,0.18,3.9,61.36,2.22,76.0,0.09,100.0,0.27,1.42,6.47,86.3,0,,0,,0,0.0,0.0,0.0,,,0.44,,,0.0,0.0,0.0,0.0,0,0.0
Aaron Fenwick,Team 25,Team 25,"DMF, RCB, RDMF",21,350000,,9,496,0,0.28,0,0.0,14.7,55.56,United States,"United States, Portugal",right,182,74,yes,9.25,6.35,68.57,1.63,44.44,0.18,0.25,0.73,4.72,6.39,1.09,2,0.36,0,0.0,0.73,0.0,0,0.0,0.05,0,0.0,2,0.36,0.0,0.0,0.0,0.36,0.0,0.0,0.0,0.36,0.0,0.18,1.27,57.14,4.72,42.31,0.54,2.18,0.0,26.85,0.54,0.73,38.83,82.71,13.06,62.5,4.54,100.0,17.24,90.53,32.66,90.0,5.81,46.88,21.15,28.71,0.0,0.0,0.0,0.0,0.0,0.0,0.0,4.72,50.0,0.73,0.0,0.54,0.0,0.0,0.0,4.9,55.56,0,,0,,0,0.0,0.0,0.0,,,0.73,,,0.0,0.0,0.0,0.0,0,0.0
Tristan Drayton,Team 25,Team 25,"CF, RAMF",21,250000,,11,659,0,1.13,1,0.23,15.98,28.21,Morocco,"Morocco, Spain",right,184,82,yes,2.19,1.78,38.46,5.19,26.32,0.0,0.0,0.0,1.5,2.29,1.78,1,0.14,0,0.0,0.68,0.0,0,0.0,0.15,0,0.0,8,1.09,12.5,0.0,0.14,1.09,25.0,0.41,33.33,0.68,20.0,0.14,0.82,33.33,6.69,32.65,2.59,0.96,0.27,8.88,1.09,1.09,12.84,72.34,1.64,75.0,3.82,78.57,3.28,62.5,11.47,76.19,0.55,50.0,14.72,10.31,0.03,0.14,0.0,0.0,0.0,0.0,0.14,0.41,100.0,0.82,16.67,0.0,0.0,0.68,0.27,1.37,40.0,0,,0,,0,0.0,0.0,0.0,,,0.0,,,0.0,0.0,0.0,0.0,0,0.0
Kasper Ashford,Team 25,Team 25,"CF, AMF",21,450000,,2,87,0,0.05,0,0.0,24.83,29.17,Slovakia,Slovakia,right,191,82,yes,4.14,3.1,66.67,7.24,14.29,0.0,0.0,0.0,2.07,2.0,1.03,0,0.0,0,0.0,1.03,0.0,0,0.0,0.06,0,0.0,1,1.03,0.0,0.0,0.0,0.0,0.0,0.0,0.0,0.0,0.0,0.0,2.07,50.0,10.34,40.0,0.0,1.03,0.0,8.28,2.07,2.07,16.55,81.25,3.1,66.67,6.21,66.67,5.17,100.0,14.48,85.71,2.07,50.0,20.09,46.39,0.0,0.0,0.0,0.0,0.0,0.0,0.0,3.1,66.67,1.03,0.0,0.0,0.0,0.0,0.0,3.1,66.67,0,,0,,0,0.0,0.0,0.0,,,0.0,,,0.0,0.0,0.0,0.0,0,0.0
Julian Westlake,Team 25,Team 25,"LDMF, AMF, RCMF",20,350000,,5,252,0,0.31,0,0.05,14.29,45.0,Turkey,Turkey,right,179,78,yes,8.93,6.07,52.94,0.36,0.0,0.0,0.0,0.0,5.71,6.32,1.43,1,0.36,0,0.0,0.71,0.0,0,0.0,0.11,0,0.0,1,0.36,0.0,0.0,0.0,0.36,0.0,0.0,0.0,0.36,0.0,0.0,0.71,100.0,5.36,46.67,0.71,1.07,0.0,22.86,0.36,0.0,39.29,83.64,13.93,74.36,7.86,95.45,11.43,93.75,36.43,88.24,2.5,28.57,18.03,26.45,0.02,0.36,0.0,0.0,0.0,0.0,0.0,4.64,69.23,1.43,25.0,0.36,0.0,0.36,0.0,5.0,57.14,0,,0,,0,0.0,0.0,0.0,,,0.36,,,0.0,0.0,0.0,0.0,0,0.0
Simon Ashford,Team 25,Team 25,"RAMF, RWF, LAMF",21,400000,2027-06-30,10,558,1,0.82,0,0.49,15.16,35.11,United States,United States,right,178,68,yes,4.52,2.42,46.67,1.61,30.0,0.65,0.95,0.16,2.74,4.05,0.81,2,0.32,0,0.0,1.77,0.16,1,0.16,0.13,0,0.0,10,1.61,10.0,10.0,0.0,1.13,14.29,0.81,20.0,0.32,0.0,0.48,2.74,52.94,9.84,36.07,2.42,2.74,0.32,20.97,1.45,1.29,27.1,82.74,7.1,70.45,7.1,90.91,7.9,87.76,24.19,87.33,1.94,58.33,16.52,28.76,0.08,1.94,0.32,0.0,0.0,0.0,0.32,2.74,82.35,2.58,62.5,0.16,0.0,1.77,0.16,3.87,79.17,0,,0,,0,0.0,0.0,0.0,,,0.0,,,0.0,0.0,0.0,0.0,0,0.0
Erik Sinclair,Team 25,Team 25,"RB, LDMF, DMF",22,350000,2028-12-31,7,161,0,0.44,0,0.03,13.42,58.33,Georgia,Georgia,right,185,72,yes,10.06,7.27,53.85,3.91,57.14,1.12,1.67,0.0,5.03,7.5,2.24,1,0.56,0,0.0,0.0,0.0,0,0.0,0.25,0,0.0,2,1.12,0.0,0.0,0.0,1.12,0.0,0.0,0.0,1.12,0.0,0.0,0.0,0.0,1.68,66.67,0.56,0.0,0.0,36.34,0.56,1.68,49.19,82.95,12.3,63.64,6.71,100.0,19.57,91.43,43.04,88.31,5.59,50.0,20.29,28.35,0.02,0.56,0.0,0.0,0.0,0.0,0.0,6.15,63.64,1.12,0.0,0.0,0.0,0.0,0.0,8.94,56.25,0,,0,,0,0.0,0.0,0.0,,,0.0,,,0.0,0.0,0.0,0.0,0,0.0
Aaron Yardley,Team 25,Team 25,LDMF,24,400000,2026-09-30,1,29,0,0.11,0,0.0,,,Turkey,Turkey,right,181,77,yes,,,,,,,0.0,,,7.5,,0,,0,,,,0,,,0,,4,,,0.0,,,,,,,,,,,,,,,,,,,,,,,,,,,,,,,20.18,31.73,,,,,,,,,,,,,,,,,,0,,0,,0,0.0,0.0,,,,,,,,,,,0,0.0
Zachary Arden,Team 25,Team 25,"LCB, RCB",26,300000,,7,513,0,0.47,0,0.01,13.51,66.23,Ghana,"Ghana, Italy",right,189,81,yes,9.3,4.74,51.85,5.26,73.33,0.0,0.0,0.88,6.84,8.48,1.4,3,0.53,0,0.0,0.18,0.0,0,0.0,0.08,0,0.0,4,0.7,25.0,0.0,0.0,0.0,0.0,0.0,0.0,0.0,0.0,0.0,0.0,0.0,1.23,57.14,0.53,1.05,0.0,29.47,0.53,0.7,42.28,91.7,14.74,80.95,0.7,100.0,21.75,97.58,37.54,95.33,4.74,62.96,20.63,32.08,0.0,0.18,0.0,0.0,0.0,0.0,0.0,4.74,77.78,0.35,0.0,0.18,0.0,0.0,0.0,6.14,77.14,0,,0,,0,0.0,0.0,0.0,,,0.18,,,0.0,0.0,0.0,0.0,0,0.0
Aaron Davenport,Team 25,Team 25,"RW, LAMF, RAMF",24,350000,2027-11-30,11,778,3,2.01,1,1.34,13.53,47.01,Poland,Poland,right,174,74,yes,4.28,4.28,54.05,0.93,37.5,0.12,0.16,0.23,1.85,2.61,1.5,2,0.23,0,0.0,1.97,0.35,3,0.35,0.23,0,0.0,19,2.2,26.32,15.789,0.12,0.81,42.86,0.12,100.0,0.69,33.33,0.0,1.74,60.0,7.17,46.77,2.31,1.27,0.35,21.05,1.5,2.43,24.99,77.78,6.13,66.04,6.83,88.14,7.17,83.87,22.33,78.76,1.85,81.25,17.26,25.71,0.16,1.39,0.12,0.0,0.12,0.0,0.35,3.82,66.67,1.97,52.94,0.23,50.0,0.81,0.35,3.7,78.13,0,,0,,0,0.0,0.0,0.0,,,0.0,,,0.69,0.23,0.0,1.62,0,0.0
Tobias Grantham,Team 25,Team 25,"LDMF, LCMF",23,350000,2027-12-31,13,959,0,0.63,0,0.11,13.23,55.32,Mexico,Mexico,right,183,76,yes,8.16,5.54,59.32,2.25,50.0,1.13,1.67,0.38,3.75,5.56,0.94,2,0.19,0,0.0,0.66,0.0,0,0.0,0.06,0,0.0,11,1.03,36.36,0.0,0.0,0.38,50.0,0.19,100.0,0.19,0.0,0.19,0.19,50.0,3.0,56.25,1.03,0.75,0.09,34.82,0.47,1.97,44.86,89.12,10.79,70.43,7.51,98.75,20.46,94.95,41.39,92.29,3.1,51.52,18.8,32.37,0.01,0.56,0.0,0.09,0.0,0.0,0.09,5.26,75.0,0.84,55.56,0.28,0.0,0.28,0.19,6.01,67.19,0,,0,,0,0.0,0.0,0.0,,,0.19,,,0.0,0.0,0.0,0.09,0,0.0
Declan Thorpe,Team 25,Team 25,LCB,24,600000,2027-06-30,11,1066,0,0.39,0,0.04,10.3,63.11,Hungary,Hungary,left,192,84,yes,6.84,4.39,61.54,3.63,62.79,0.0,0.0,1.01,4.14,6.23,1.44,3,0.25,0,0.0,0.42,0.0,0,0.0,0.03,0,0.0,6,0.51,16.67,0.0,0.0,0.51,50.0,0.51,50.0,0.0,0.0,0.08,0.08,100.0,0.42,80.0,0.42,1.69,0.17,37.74,0.59,0.51,55.38,89.79,22.2,81.75,3.55,95.24,26.09,95.79,48.29,94.58,6.59,57.69,23.4,42.77,0.0,0.25,0.08,0.08,0.08,0.0,0.08,6.42,73.68,1.18,35.71,0.68,50.0,0.42,0.25,10.38,78.86,0,,0,,0,0.0,0.0,0.0,,,2.2,,,0.0,0.0,0.0,0.0,0,0.0
Oscar Mercer,Team 25,Team 25,"LW, LAMF, LWF",26,400000,2027-11-30,9,665,2,2.4,1,0.53,19.89,46.94,Wales,Wales,right,181,75,yes,4.47,4.06,53.33,3.65,37.04,0.81,1.29,0.14,1.49,2.37,2.17,4,0.54,0,0.0,4.2,0.27,2,0.27,0.33,0,0.0,29,3.92,44.83,6.897,0.14,1.89,21.43,0.54,25.0,1.35,20.0,0.14,3.52,57.69,10.29,51.32,3.52,1.62,0.68,19.35,2.03,3.11,23.55,73.56,7.04,59.62,2.84,100.0,9.47,75.71,18.41,79.41,3.52,65.38,20.17,40.5,0.07,0.95,0.0,0.0,0.41,0.0,0.27,5.41,80.0,2.98,40.91,0.54,0.0,1.62,0.54,5.28,79.49,0,,0,,0,0.0,0.0,0.0,,,0.0,,,0.0,0.0,0.0,0.0,0,0.0
Callum Davenport,Team 25,Team 25,"RCB, CB",25,350000,2026-12-31,9,909,0,0.33,0,0.08,11.98,61.98,Iceland,"Iceland, Spain",right,184,78,yes,8.81,4.46,64.44,3.66,48.65,0.4,0.61,1.49,5.54,8.48,1.09,1,0.1,0,0.0,0.5,0.0,0,0.0,0.03,0,0.0,4,0.4,25.0,0.0,0.0,0.1,0.0,0.0,0.0,0.1,0.0,0.0,0.5,80.0,1.98,75.0,0.4,1.49,0.1,31.19,0.99,0.59,46.83,85.2,18.12,77.05,2.28,82.61,20.89,93.84,41.29,90.17,5.45,49.09,20.58,39.71,0.01,0.1,0.0,0.1,0.0,0.0,0.0,5.25,67.92,0.59,50.0,0.2,50.0,0.4,0.0,10.0,65.35,0,,0,,0,0.0,0.0,0.0,,,1.29,,,0.0,0.0,0.0,0.0,0,0.0
Adrian Thorpe,Team 25,Team 25,"RB, LB",27,300000,2026-09-30,4,246,0,0.02,0,0.27,16.1,43.18,Greece,"Greece, Portugal",right,178,74,yes,6.22,9.51,38.46,2.2,33.33,1.1,1.58,0.0,1.46,2.11,2.2,2,0.73,1,0.37,4.39,0.0,0,0.0,0.01,0,0.0,2,0.73,0.0,0.0,0.0,4.76,69.23,0.0,0.0,4.76,69.23,0.37,1.46,75.0,1.83,80.0,1.46,2.2,0.0,38.41,4.02,0.37,49.76,85.29,15.37,71.43,8.78,95.83,20.85,89.47,37.32,94.12,7.68,52.38,22.6,45.66,0.1,1.83,0.0,0.0,0.0,0.0,0.73,8.05,63.64,6.22,70.59,2.56,57.14,2.2,3.66,12.44,88.24,0,,0,,0,0.0,0.0,0.0,,,1.46,,,0.73,0.0,0.0,0.0,0,0.0
Damian Davenport,Team 25,Team 25,"RDMF, DMF, RCMF",37,200000,2026-12-31,10,812,0,0.4,0,0.01,8.53,53.25,Wales,Wales,right,174,68,yes,5.54,3.33,53.33,1.88,64.71,0.89,1.27,0.22,2.88,4.13,1.0,2,0.22,0,0.0,0.44,0.0,0,0.0,0.04,0,0.0,9,1.0,11.11,0.0,0.0,0.11,0.0,0.0,0.0,0.11,0.0,0.0,0.44,75.0,2.22,60.0,0.22,1.33,0.11,35.36,0.22,0.89,48.88,92.97,12.64,78.95,5.87,98.11,25.05,98.23,45.22,95.34,3.55,65.63,19.59,40.9,0.0,0.33,0.0,0.0,0.0,0.0,0.11,7.43,80.6,0.33,33.33,0.0,0.0,0.22,0.0,5.65,88.24,0,,0,,0,0.0,0.0,0.0,,,0.67,,,0.0,0.0,0.0,0.0,0,0.0
Ethan Sherwood,Team 25,Team 25,AMF,30,350000,2026-11-30,1,20,0,0.11,0,0.14,,,Croatia,Croatia,right,175,70,yes,,,,,,,0.0,,,0.0,,0,,0,,,,0,,,0,,1,,,0.0,,,,,,,,,,,,,,,,,,,,,,,,,,,,,,,19.23,33.16,,,,,,,,,,,,,,,,,,0,,0,,0,0.0,0.0,,,,,,,,,,,0,0.0
Emil Somerset,Team 25,Team 25,"RAMF, RB, RW",31,450000,2026-10-30,12,468,0,0.69,0,0.22,19.04,32.32,Ghana,Ghana,right,174,73,yes,4.42,5.58,41.38,2.69,42.86,0.0,0.0,0.0,2.12,3.27,2.5,1,0.19,0,0.0,2.31,0.0,0,0.0,0.13,0,0.0,9,1.73,0.0,0.0,0.0,2.88,53.33,0.77,50.0,2.12,54.55,0.19,3.27,23.53,9.23,20.83,3.27,1.92,0.0,19.23,1.92,1.54,24.23,77.78,5.96,67.74,6.54,94.12,6.73,77.14,20.0,84.62,1.73,44.44,17.33,21.11,0.04,0.77,0.0,0.0,0.19,0.0,0.19,1.73,55.56,3.27,52.94,0.19,0.0,1.15,1.35,4.23,81.82,0,,0,,0,0.0,0.0,0.0,,,0.0,,,0.0,0.0,0.0,0.0,0,0.0
Isaac Aldridge,Team 25,Team 25,"AMF, RCMF",29,450000,2027-12-31,11,981,1,1.64,2,2.45,13.3,43.45,Netherlands,Netherlands,left,178,70,yes,4.4,3.85,64.29,0.64,0.0,0.18,0.29,0.09,1.74,2.78,1.01,5,0.46,0,0.0,2.75,0.09,1,0.09,0.15,0,0.0,28,2.57,28.57,3.571,0.18,1.38,46.67,0.46,40.0,0.92,50.0,0.09,3.03,39.39,7.06,37.66,1.38,1.56,0.37,39.63,1.01,1.56,49.36,82.34,14.68,69.38,6.79,95.95,18.53,89.11,42.48,86.39,5.6,59.02,18.83,37.55,0.23,2.75,0.0,0.09,0.28,66.67,0.64,10.18,67.57,4.22,47.83,1.38,20.0,1.65,0.73,8.72,84.21,0,,0,,0,0.0,0.0,0.0,,,0.0,,,2.48,0.92,0.0,4.95,0,0.0
Ethan Fenwick,Team 59,Team 59,"LDMF, LCMF, RCMF",25,500000,2026-12-31,9,276,0,0.01,0,0.06,20.22,58.06,Ghana,Ghana,right,173,67,yes,12.07,9.13,60.71,2.28,85.71,0.33,0.51,0.65,6.2,9.66,2.93,2,0.65,0,0.0,1.96,0.0,0,0.0,0.0,0,0.0,2,0.65,50.0,0.0,0.0,0.0,0.0,0.0,0.0,0.0,0.0,0.0,1.96,66.67,7.17,50.0,0.0,2.28,0.0,32.93,0.0,1.96,48.59,81.21,16.3,64.0,5.22,87.5,21.85,89.55,41.09,85.71,7.5,56.52,20.39,28.73,0.02,1.63,0.33,0.0,0.33,100.0,0.0,11.41,80.0,3.26,30.0,1.3,25.0,0.65,0.0,11.09,76.47,0,,0,,0,0.0,0.0,0.0,,,0.0,,,0.33,0.33,0.0,0.33,0,0.0
Rowan Vance,Team 59,Team 59,LCMF,26,250000,,14,1342,0,0.26,0,0.04,10.86,58.64,South Korea,South Korea,right,178,67,yes,6.57,5.43,64.2,0.87,46.15,0.13,0.19,0.2,2.95,4.2,0.94,3,0.2,0,0.0,0.74,0.0,0,0.0,0.02,0,0.0,5,0.34,80.0,0.0,0.0,0.34,60.0,0.0,0.0,0.34,60.0,0.0,0.67,40.0,3.02,51.11,0.13,0.27,0.0,33.53,0.2,1.07,48.15,89.28,15.29,81.58,7.85,95.73,17.17,93.36,44.87,91.78,3.02,53.33,17.65,38.58,0.0,0.27,0.0,0.0,0.07,0.0,0.0,7.31,76.15,1.14,52.94,0.4,16.67,0.34,0.2,7.04,66.67,0,,0,,0,0.0,0.0,0.0,,,0.8,,,0.0,0.0,0.0,0.0,0,0.0
Ethan Clairmont,Team 59,Team 59,"RCMF, RDMF",32,50000,2026-12-31,15,1307,0,0.88,0,0.43,15.15,57.27,France,"France, Spain",right,172,68,yes,8.47,7.64,64.86,1.17,41.18,0.69,0.97,0.14,2.82,3.97,1.58,2,0.14,0,0.0,1.31,0.0,0,0.0,0.06,0,0.0,22,1.51,22.73,0.0,0.0,0.62,55.56,0.34,60.0,0.28,50.0,0.0,1.1,56.25,4.82,52.86,0.21,0.62,0.07,30.37,0.55,1.79,41.73,88.45,9.23,73.88,7.57,93.64,17.9,92.69,37.6,91.94,3.65,58.49,18.56,34.44,0.03,0.69,0.07,0.0,0.0,0.0,0.14,5.37,75.64,1.1,43.75,0.14,0.0,0.21,0.28,4.48,69.23,0,,0,,0,0.0,0.0,0.0,,,0.48,,,0.21,0.14,50.0,0.41,0,0.0
Henry Brecken,Team 59,Team 59,GK,23,200000,2027-03-31,14,1390,0,0.0,0,0.0,1.1,94.12,Slovenia,"Slovenia, Germany",right,191,91,yes,1.49,0.06,0.0,0.91,100.0,0.06,0.09,0.0,1.42,2.01,0.06,2,0.13,0,0.0,0.0,0.0,0,0.0,0.0,0,0.0,0,0.0,0.0,0.0,0.0,0.0,0.0,0.0,0.0,0.0,0.0,0.0,0.0,0.0,0.06,100.0,0.0,0.0,0.0,7.38,0.32,0.32,15.09,81.55,8.94,71.01,0.06,0.0,5.24,98.77,9.97,96.1,5.05,53.85,31.01,53.81,0.0,0.0,0.0,0.0,0.0,0.0,0.0,2.2,50.0,0.26,0.0,0.39,33.33,0.0,0.0,4.01,66.13,19,1.23,69,4.47,4,72.46,20.35,1.32,1.35,0.087,0.0,2.59,0.91,,,,0.0,0,0.0
Alexander Ravensdale,Team 59,Team 59,"CF, AMF, RW",24,300000,,8,514,4,0.86,0,0.41,15.23,40.23,Sweden,"Sweden, Italy",left,176,75,yes,2.98,2.28,53.85,2.98,29.41,0.18,0.27,0.18,1.58,2.39,0.7,2,0.35,0,0.0,4.55,0.7,4,0.7,0.15,0,0.0,21,3.68,33.33,19.048,0.0,2.28,46.15,0.88,40.0,1.23,57.14,0.0,4.03,56.52,8.93,41.18,1.05,0.88,0.35,19.79,0.53,1.05,27.32,78.85,7.18,58.54,5.78,87.88,9.63,89.09,23.29,84.21,1.75,50.0,20.14,21.81,0.07,1.05,0.0,0.0,0.0,0.0,0.53,3.85,59.09,2.63,53.33,0.18,0.0,0.18,1.05,3.68,85.71,0,,0,,0,0.0,0.0,0.0,,,0.18,,,0.53,0.35,0.0,2.1,0,0.0
Dominic Barrington,Team 59,Team 59,"LW, CF",25,400000,,12,1127,2,3.63,3,3.63,19.96,48.0,France,"France, Germany",right,170,67,yes,5.83,4.15,69.23,1.6,35.0,0.08,0.11,0.0,2.87,4.06,0.88,3,0.24,0,0.0,5.51,0.16,2,0.16,0.29,0,0.0,36,2.87,38.89,5.556,0.24,2.72,41.18,1.76,27.27,0.88,63.64,0.4,5.59,52.86,11.74,44.9,3.19,2.72,0.32,24.52,1.76,2.64,31.06,82.26,7.99,75.0,7.59,96.84,8.78,80.91,26.27,87.54,2.24,67.86,16.3,21.49,0.29,2.24,0.08,0.0,0.32,100.0,1.2,3.27,80.49,3.43,53.49,0.48,66.67,1.36,1.2,4.39,78.18,0,,0,,0,0.0,0.0,0.0,,,0.0,,,1.04,0.24,0.0,3.11,1,0.0
Malcolm Underwood,Team 59,Team 59,"RW, RAMF, LW",25,250000,2026-10-27,9,374,1,0.48,0,0.43,25.03,43.27,Paraguay,Paraguay,right,177,73,yes,5.05,4.57,42.11,1.68,57.14,0.0,0.0,0.24,3.13,4.7,1.93,1,0.24,0,0.0,4.81,0.24,1,0.24,0.12,0,0.0,8,1.93,50.0,12.5,0.0,1.44,50.0,0.48,50.0,0.96,50.0,0.24,6.02,48.0,13.48,41.07,3.85,3.61,0.72,15.88,2.41,2.17,23.58,75.51,7.7,62.5,5.29,86.36,4.57,84.21,21.18,79.55,0.96,25.0,15.3,6.7,0.1,1.68,0.0,0.0,0.24,100.0,0.96,2.89,83.33,1.68,57.14,0.24,100.0,1.44,0.72,3.61,73.33,0,,0,,0,0.0,0.0,0.0,,,0.0,,,0.0,0.0,0.0,0.0,0,0.0
Christian Holbrook,Team 59,Team 59,RB,22,300000,,1,55,0,0.17,0,0.0,21.27,46.15,Ukraine,"Ukraine, Portugal",right,180,74,yes,8.18,14.73,44.44,1.64,100.0,0.0,0.0,0.0,1.64,1.88,1.64,1,1.64,0,0.0,0.0,0.0,0,0.0,0.27,0,0.0,1,1.64,0.0,0.0,0.0,0.0,0.0,0.0,0.0,0.0,0.0,0.0,0.0,0.0,4.91,33.33,1.64,0.0,0.0,16.36,0.0,1.64,18.0,81.82,6.55,100.0,4.91,100.0,4.91,33.33,16.36,90.0,1.64,0.0,16.19,19.45,0.0,0.0,0.0,0.0,0.0,0.0,0.0,4.91,100.0,0.0,0.0,0.0,0.0,0.0,0.0,3.27,100.0,0,,0,,0,0.0,0.0,0.0,,,0.0,,,0.0,0.0,0.0,0.0,0,0.0
Cillian Somerset,Team 59,Team 59,"LAMF, LW, RW",23,250000,,6,292,0,0.31,0,0.46,23.12,50.67,Iceland,Iceland,right,177,72,yes,9.55,8.32,59.26,4.62,40.0,0.31,0.43,0.0,4.32,6.0,2.16,2,0.62,0,0.0,2.77,0.0,0,0.0,0.1,0,0.0,7,2.16,28.57,0.0,0.0,0.92,33.33,0.62,0.0,0.31,100.0,0.62,3.7,50.0,8.01,42.31,1.54,1.85,0.31,10.17,2.16,1.54,14.79,66.67,4.62,46.67,3.7,100.0,2.77,55.56,13.56,70.45,0.31,0.0,18.3,5.68,0.14,0.92,0.31,0.0,0.0,0.0,0.31,1.85,33.33,0.62,50.0,0.0,0.0,0.31,0.31,3.08,30.0,0,,0,,0,0.0,0.0,0.0,,,0.0,,,0.0,0.0,0.0,0.0,0,0.0
Christian Stansfield,Team 59,Team 59,RAMF,23,300000,2027-06-30,1,23,0,0.0,0,0.06,,,Croatia,"Croatia, Portugal",right,176,72,yes,,,,,,,0.0,,,0.0,,0,,0,,,,0,,,0,,0,,,0.0,,,,,,,,,,,,,,,,,,,,,,,,,,,,,,,18.16,24.05,,,,,,,,,,,,,,,,,,0,,0,,0,0.0,0.0,,,,,,,,,,,0,0.0
Liam Whitmore,Team 59,Team 59,"LB, LWB, LW",23,250000,,11,511,0,0.55,1,0.78,12.86,54.79,Portugal,Portugal,left,173,69,yes,5.81,5.81,51.52,1.94,72.73,0.18,0.27,0.18,2.64,3.98,1.06,1,0.18,0,0.0,2.82,0.0,0,0.0,0.1,0,0.0,6,1.06,50.0,0.0,0.18,4.05,34.78,3.7,33.33,0.35,50.0,0.35,1.59,55.56,4.05,56.52,1.23,1.23,0.0,21.66,1.59,0.7,31.7,75.56,9.86,73.21,5.11,96.55,10.57,75.0,25.19,85.31,2.64,40.0,19.15,28.63,0.14,1.94,0.0,0.0,0.0,0.0,0.53,2.64,80.0,4.05,39.13,0.0,0.0,0.53,1.23,5.99,70.59,0,,0,,0,0.0,0.0,0.0,,,0.18,,,0.88,0.0,0.0,1.41,0,0.0
Felix Clairmont,Team 59,Team 59,"RB, RW, RWF",24,175000,,6,207,0,0.29,0,0.18,14.35,45.45,Slovakia,Slovakia,right,183,75,yes,5.65,4.35,50.0,2.17,40.0,0.0,0.0,0.0,3.48,5.22,1.3,0,0.0,0,0.0,2.17,0.0,0,0.0,0.13,0,0.0,3,1.3,0.0,0.0,0.0,5.22,25.0,0.87,50.0,4.35,20.0,0.87,0.87,100.0,3.91,44.44,1.3,1.3,0.0,26.96,1.3,1.74,35.22,77.78,8.7,80.0,10.43,95.83,10.43,58.33,27.39,90.48,3.04,42.86,20.24,29.93,0.08,1.3,0.0,0.0,0.0,0.0,1.3,3.48,75.0,3.91,44.44,0.0,0.0,0.87,1.74,6.09,78.57,0,,0,,0,0.0,0.0,0.0,,,0.43,,,0.0,0.0,0.0,2.61,0,0.0
Colin Hensley,Team 59,Team 59,"LB, LW",26,250000,,12,911,3,1.58,0,0.52,16.79,48.24,Romania,"Romania, Portugal",left,184,76,yes,8.4,6.82,52.17,4.15,42.86,0.49,0.7,0.1,4.35,6.14,2.77,5,0.49,0,0.0,1.78,0.3,3,0.3,0.16,0,0.0,5,0.49,80.0,60.0,0.0,3.26,24.24,3.16,25.0,0.1,0.0,0.49,1.68,35.29,3.75,47.37,0.99,1.58,0.59,21.04,2.27,0.99,28.35,70.03,11.95,61.98,4.94,96.0,6.52,62.12,21.34,82.87,3.85,38.46,19.55,36.54,0.05,0.79,0.0,0.2,0.0,0.0,0.4,2.86,44.83,2.57,30.77,0.1,0.0,0.2,0.69,6.32,56.25,0,,0,,0,0.0,0.0,0.0,,,0.49,,,0.0,0.0,0.0,0.79,0,0.0
Noah Prescott,Team 59,Team 59,"RW, CF, AMF",25,250000,2027-09-20,13,748,2,2.56,2,0.73,12.39,39.81,Uruguay,Uruguay,right,181,73,yes,3.85,4.09,50.0,2.29,21.05,0.0,0.0,0.12,1.8,2.53,1.44,3,0.36,0,0.0,1.93,0.24,2,0.24,0.31,0,0.0,16,1.93,31.25,12.5,0.24,2.29,31.58,0.48,0.0,1.8,40.0,0.36,1.8,33.33,4.21,40.0,3.01,1.32,0.36,24.43,2.29,1.2,29.12,73.55,7.82,60.0,5.66,89.36,8.66,79.17,24.79,80.1,2.17,44.44,17.97,24.7,0.09,0.84,0.12,0.0,0.0,0.0,0.84,3.13,61.54,2.05,58.82,0.12,0.0,0.6,0.6,4.45,59.46,0,,0,,0,0.0,0.0,0.0,,,0.12,,,0.12,0.0,0.0,0.0,0,0.0
Matthias Norwood,Team 59,Team 59,"LCB, LB",37,200000,,15,1489,0,1.1,2,1.58,11.36,55.85,Switzerland,Switzerland,left,183,80,yes,8.1,5.44,56.67,3.57,52.54,0.3,0.43,0.6,4.71,6.67,1.39,2,0.12,0,0.0,0.66,0.0,0,0.0,0.07,0,0.0,18,1.09,22.22,0.0,0.12,1.33,27.27,1.33,27.27,0.0,0.0,0.18,0.18,33.33,0.73,58.33,0.85,1.21,0.0,25.27,1.15,0.42,36.15,76.76,17.83,66.1,1.93,87.5,13.54,89.73,26.05,90.95,8.82,42.47,25.02,40.1,0.1,0.42,0.0,0.0,0.0,0.0,0.3,6.83,55.75,1.15,31.58,0.18,0.0,0.3,0.24,8.64,72.73,0,,0,,0,0.0,0.0,0.0,,,0.54,,,0.24,0.24,50.0,0.0,0,0.0
Leon Linwood,Team 59,Team 59,CF,36,450000,,2,138,0,0.78,0,0.03,17.61,44.44,Poland,"Poland, Portugal",right,182,80,yes,1.3,0.65,100.0,9.78,46.67,0.0,0.0,0.0,0.65,1.0,1.96,0,0.0,0,0.0,0.65,0.0,0,0.0,0.51,0,0.0,4,2.61,25.0,0.0,0.0,0.0,0.0,0.0,0.0,0.0,0.0,0.0,0.0,0.0,3.91,33.33,2.61,0.0,0.0,2.61,0.65,1.96,3.26,60.0,0.0,0.0,1.3,50.0,0.65,0.0,3.26,60.0,0.0,0.0,9.78,0.0,0.02,0.65,0.0,0.0,0.0,0.0,0.0,0.0,0.0,0.0,0.0,0.0,0.0,0.0,0.0,0.0,0.0,0,,0,,0,0.0,0.0,0.0,,,0.0,,,0.0,0.0,0.0,0.0,0,0.0
Florian Hayward,Team 59,Team 59,RB,32,250000,,13,1202,1,1.25,1,1.61,13.63,51.65,Croatia,"Croatia, Spain",right,180,73,yes,7.64,4.64,56.45,4.34,43.1,0.15,0.21,0.6,4.87,6.94,0.75,2,0.15,0,0.0,3.07,0.07,1,0.07,0.09,0,0.0,13,0.97,46.15,7.692,0.07,4.34,39.66,0.0,0.0,4.34,39.66,0.15,1.2,75.0,3.29,59.09,2.55,1.27,0.0,24.33,2.47,0.97,33.69,74.0,10.71,61.54,5.39,93.06,11.83,77.85,24.63,82.67,5.17,59.42,21.89,36.01,0.12,0.97,0.0,0.07,0.15,0.0,0.75,2.77,56.76,3.14,52.38,0.15,0.0,0.52,1.5,7.86,67.62,0,,0,,0,0.0,0.0,0.0,,,0.3,,,0.0,0.0,0.0,0.0,0,0.0
Florian Faulkner,Team 59,Team 59,"RW, AMF, CF",32,300000,,4,108,0,0.06,0,0.26,13.33,37.5,Cameroon,Cameroon,right,186,74,yes,5.0,5.0,33.33,2.5,33.33,0.0,0.0,0.0,3.33,5.0,0.83,1,0.83,0,0.0,1.67,0.0,0,0.0,0.05,0,0.0,2,1.67,50.0,0.0,0.0,2.5,33.33,1.67,0.0,0.83,100.0,0.0,0.0,0.0,5.0,33.33,2.5,0.0,0.0,18.33,0.0,0.83,26.67,71.88,4.17,40.0,5.83,71.43,10.83,69.23,22.5,77.78,1.67,50.0,16.8,8.2,0.21,1.67,0.0,0.0,0.0,0.0,0.83,2.5,66.67,2.5,33.33,0.0,0.0,0.83,0.83,2.5,33.33,0,,0,,0,0.0,0.0,0.0,,,0.0,,,0.83,0.0,0.0,1.67,0,0.0
Cillian Kitteridge,Team 59,Team 59,"DMF, RCMF, LCB",30,250000,,9,260,0,0.0,0,0.0,19.04,60.0,Ukraine,Ukraine,right,181,73,yes,10.73,8.31,70.83,3.46,60.0,0.35,0.42,1.04,4.5,5.49,1.73,1,0.35,0,0.0,0.0,0.0,0,0.0,0.0,0,0.0,0,0.0,0.0,0.0,0.0,0.69,0.0,0.0,0.0,0.69,0.0,0.35,0.0,0.0,4.85,21.43,0.0,0.69,0.0,17.65,0.0,0.35,30.46,84.09,13.85,77.5,2.77,87.5,9.35,96.3,28.04,86.42,1.73,80.0,19.16,15.48,0.0,0.0,0.0,0.0,0.0,0.0,0.0,2.77,87.5,1.04,33.33,0.0,0.0,0.35,0.0,4.85,57.14,0,,0,,0,0.0,0.0,0.0,,,0.0,,,0.0,0.0,0.0,0.0,0,0.0
Ruben Stafford,Team 59,Team 59,"RCB, LCB, CB",29,250000,2026-10-27,14,1388,0,0.46,0,0.06,13.62,64.76,Nigeria,"Nigeria, Portugal",right,188,82,yes,9.27,4.67,68.06,6.48,64.0,0.32,0.45,1.17,5.77,7.95,0.97,4,0.26,0,0.0,0.65,0.0,0,0.0,0.03,0,0.0,8,0.52,62.5,0.0,0.0,0.26,50.0,0.0,0.0,0.26,50.0,0.0,0.26,75.0,0.65,50.0,0.58,0.78,0.0,25.42,0.39,0.39,42.47,83.36,23.86,75.0,1.1,100.0,14.85,94.76,33.78,90.98,8.43,53.85,23.37,41.31,0.0,0.13,0.0,0.0,0.0,0.0,0.0,6.1,57.45,0.97,40.0,0.32,60.0,0.19,0.13,10.57,71.78,0,,0,,0,0.0,0.0,0.0,,,0.71,,,0.0,0.0,0.0,0.0,0,0.0
Nils Sinclair,Team 59,Team 59,"RW, RAMF",30,350000,,9,518,0,0.6,0,0.86,20.33,32.48,Senegal,Senegal,left,176,71,yes,4.34,5.39,41.94,2.08,25.0,0.0,0.0,0.17,2.08,3.08,2.26,1,0.17,0,0.0,2.78,0.0,0,0.0,0.1,0,0.0,12,2.08,25.0,0.0,0.0,2.78,43.75,0.35,100.0,2.26,38.46,0.17,2.61,33.33,10.95,30.16,1.91,2.61,0.35,18.07,1.74,1.91,24.5,79.43,5.39,61.29,7.12,95.12,5.91,64.71,20.5,84.75,1.22,71.43,16.06,16.28,0.15,1.39,0.0,0.0,0.35,50.0,0.52,1.22,42.86,3.47,50.0,0.52,33.33,0.87,1.39,4.0,82.61,0,,0,,0,0.0,0.0,0.0,,,0.35,,,0.35,0.0,0.0,0.69,0,0.0
Florian Northfield,Team 59,Team 59,CF,30,300000,,12,858,3,3.48,0,0.2,18.15,31.21,Serbia,Serbia,right,182,80,yes,2.41,1.99,47.37,7.24,28.99,0.1,0.14,0.0,1.36,1.88,1.05,2,0.21,0,0.0,1.47,0.31,2,0.21,0.37,0,0.0,18,1.89,44.44,16.667,0.0,0.52,40.0,0.1,0.0,0.42,50.0,0.0,0.63,66.67,6.29,26.67,3.04,0.94,0.0,10.8,2.41,1.26,16.89,80.75,3.04,62.07,5.03,95.83,4.83,89.13,15.94,82.89,0.52,60.0,15.86,17.98,0.02,0.52,0.1,0.0,0.0,0.0,0.1,1.57,66.67,0.31,66.67,0.1,0.0,0.31,0.0,1.68,68.75,0,,0,,0,0.0,0.0,0.0,,,0.1,,,0.0,0.0,0.0,0.0,1,100.0
Noah Thornton,Team 59,Team 59,GK,29,350000,2026-10-27,1,99,0,0.0,0,0.0,0.91,100.0,Austria,"Austria, France",right,191,88,yes,1.82,0.91,100.0,0.0,0.0,0.0,0.0,0.0,0.91,1.3,0.0,0,0.0,0,0.0,0.0,0.0,0,0.0,0.0,0,0.0,0,0.0,0.0,0.0,0.0,0.0,0.0,0.0,0.0,0.0,0.0,0.0,0.0,0.0,0.0,0.0,0.0,0.0,0.0,4.55,0.91,0.0,12.73,85.71,4.55,60.0,0.0,0.0,8.18,100.0,10.0,100.0,2.73,33.33,34.16,56.71,0.0,0.0,0.0,0.0,0.0,0.0,0.0,0.91,0.0,0.0,0.0,0.0,0.0,0.0,0.0,0.0,0.0,0,0.0,3,2.73,1,100.0,0.14,0.13,0.14,0.127,0.0,0.91,0.0,,,,0.0,0,0.0
Viktor Barrington,Team 59,Team 59,CF,28,250000,2026-10-27,13,443,2,1.74,0,0.42,19.5,22.92,Hungary,Hungary,right,175,66,yes,3.05,4.27,42.86,5.28,19.23,0.0,0.0,0.0,1.22,2.09,2.64,1,0.2,0,0.0,1.22,0.41,1,0.2,0.35,0,0.0,7,1.42,57.14,28.571,0.0,1.02,0.0,0.61,0.0,0.41,0.0,0.0,1.42,14.29,6.3,19.35,2.23,0.2,0.0,8.94,1.22,1.22,12.6,64.52,2.44,58.33,3.05,80.0,3.45,58.82,11.38,71.43,0.2,0.0,19.39,2.32,0.09,0.41,0.0,0.0,0.2,100.0,0.41,0.2,100.0,1.22,50.0,0.2,100.0,0.61,0.0,1.83,44.44,0,,0,,0,0.0,0.0,0.0,,,0.0,,,0.0,0.0,0.0,0.0,1,100.0
Finnegan Fenwick,Team 59,Team 59,"RCB, RB",27,175000,2026-10-27,12,815,0,0.78,0,0.05,14.36,64.62,Japan,Japan,right,188,79,yes,7.51,5.52,58.0,5.63,70.59,0.0,0.0,0.33,4.31,6.26,1.55,2,0.22,0,0.0,0.33,0.0,0,0.0,0.09,0,0.0,7,0.77,0.0,0.0,0.0,0.22,50.0,0.0,0.0,0.22,50.0,0.0,0.33,66.67,1.33,50.0,0.77,0.99,0.0,28.82,0.44,0.11,40.75,80.76,20.65,70.05,2.65,100.0,14.25,93.02,30.92,91.07,9.61,48.28,21.51,28.52,0.01,0.22,0.0,0.0,0.0,0.0,0.0,6.85,58.06,0.99,33.33,0.44,50.0,0.44,0.11,9.06,75.61,0,,0,,0,0.0,0.0,0.0,,,0.88,,,0.0,0.0,0.0,0.0,0,0.0
Tobias Talbot,Team 16,Team 16,GK,35,500000,2026-10-30,12,1201,0,0.0,0,0.0,0.45,100.0,Slovakia,Slovakia,right,189,78,yes,0.6,0.07,100.0,0.15,100.0,0.0,0.0,0.0,0.52,0.72,0.0,2,0.15,0,0.0,0.07,0.0,0,0.0,0.0,0,0.0,0,0.0,0.0,0.0,0.0,0.07,100.0,0.07,100.0,0.0,0.0,0.0,0.0,0.0,0.22,100.0,0.0,0.0,0.0,12.51,0.45,0.22,19.33,86.82,8.77,73.5,0.07,100.0,9.82,98.47,13.56,98.34,5.7,59.21,32.02,48.78,0.0,0.0,0.0,0.0,0.0,0.0,0.0,2.32,48.39,0.45,16.67,0.52,0.0,0.07,0.0,4.35,74.14,10,0.75,46,3.45,5,78.26,10.29,0.77,0.29,0.022,0.0,0.75,0.15,,,,0.0,0,0.0
Caleb Waverley,Team 16,Team 16,"RCMF, RDMF, LCMF",32,450000,2027-07-30,10,535,0,0.74,0,1.12,12.95,48.05,Albania,"Albania, Italy",both,183,76,yes,4.21,4.21,52.0,3.03,38.89,0.0,0.0,0.0,2.02,2.98,0.84,0,0.0,0,0.0,1.85,0.0,0,0.0,0.12,0,0.0,19,3.2,26.32,0.0,0.0,1.35,12.5,0.67,0.0,0.67,25.0,0.0,1.85,45.45,5.05,46.67,2.36,1.68,0.17,37.01,0.5,1.35,46.09,83.21,12.45,74.32,5.72,97.06,17.83,85.85,42.39,87.3,2.36,50.0,17.02,22.82,0.19,1.01,0.0,0.0,0.0,0.0,0.5,6.39,78.95,2.86,35.29,0.34,0.0,1.18,0.17,4.21,80.0,0,,0,,0,0.0,0.0,0.0,,,0.0,,,0.17,0.0,0.0,0.5,0,0.0
Bastien Huntington,Team 16,Team 16,CF,33,250000,2027-03-30,10,978,4,4.72,0,1.06,22.18,34.44,Belgium,Belgium,right,187,76,yes,3.22,2.85,67.74,6.44,27.14,0.0,0.0,0.28,1.29,1.82,1.38,2,0.18,0,0.0,1.75,0.37,2,0.18,0.43,0,0.0,16,1.47,56.25,25.0,0.0,0.64,14.29,0.09,0.0,0.55,16.67,0.0,1.2,69.23,9.02,31.63,3.31,0.46,0.09,11.04,1.2,1.29,17.58,74.87,2.94,59.38,4.79,92.31,3.59,84.62,16.84,77.05,0.18,50.0,12.6,6.63,0.1,1.1,0.0,0.0,0.0,0.0,0.55,0.74,75.0,0.74,50.0,0.0,0.0,0.92,0.09,1.2,53.85,0,,0,,0,0.0,0.0,0.0,,,0.09,,,0.0,0.0,0.0,0.0,2,100.0
Callum Ravensdale,Team 16,Team 16,CF,32,200000,,10,513,1,1.64,0,0.14,30.35,23.7,Norway,"Norway, Italy",right,181,79,yes,3.16,2.63,40.0,9.82,25.0,0.35,0.45,0.53,1.75,2.27,2.28,0,0.0,0,0.0,1.4,0.18,1,0.18,0.29,0,0.0,12,2.11,41.67,8.333,0.0,0.35,50.0,0.18,0.0,0.18,100.0,0.0,1.4,25.0,13.68,21.79,3.86,0.7,0.0,6.67,1.75,2.11,11.93,70.59,1.75,50.0,3.51,75.0,4.21,79.17,11.23,71.88,0.35,50.0,11.39,6.2,0.02,0.18,0.0,0.18,0.0,0.0,0.18,0.35,100.0,0.35,50.0,0.0,0.0,0.0,0.0,0.53,66.67,0,,0,,0,0.0,0.0,0.0,,,0.18,,,0.0,0.0,0.0,0.0,0,0.0
Rowan Lansbury,Team 16,Team 16,LB,35,200000,,12,1021,0,0.53,1,0.66,14.46,64.02,England,"England, Spain",left,176,76,yes,8.11,5.91,61.19,4.14,65.96,0.35,0.47,0.26,4.14,5.55,1.32,2,0.18,0,0.0,2.03,0.0,0,0.0,0.05,0,0.0,13,1.15,7.69,0.0,0.09,2.73,38.71,2.64,36.67,0.09,100.0,0.26,1.15,76.92,2.82,65.63,0.97,1.32,0.26,26.18,2.56,0.62,36.67,76.68,17.37,69.54,4.58,92.31,9.26,80.95,30.06,83.87,4.14,46.81,19.2,37.07,0.06,0.79,0.0,0.0,0.0,0.0,0.09,7.23,63.41,2.29,42.31,0.18,0.0,0.18,0.97,8.81,72.0,0,,0,,0,0.0,0.0,0.0,,,0.44,,,0.88,0.0,0.0,1.5,0,0.0
Fabian Halloway,Team 16,Team 16,"LAMF, LW",30,150000,,4,186,2,1.09,1,0.06,16.45,41.18,Denmark,"Denmark, France",right,169,76,yes,8.23,4.84,70.0,2.9,16.67,0.0,0.0,0.48,4.84,7.69,0.48,1,0.48,0,0.0,2.9,0.97,2,0.97,0.53,0,0.0,4,1.94,50.0,50.0,0.48,2.42,20.0,2.42,20.0,0.0,0.0,0.0,4.35,33.33,8.23,29.41,2.42,3.39,0.0,18.87,0.48,0.97,26.13,61.11,7.74,75.0,3.39,57.14,9.19,47.37,22.26,67.39,1.45,33.33,15.86,15.07,0.03,0.48,0.0,0.0,0.0,0.0,0.48,1.94,50.0,3.87,25.0,0.0,0.0,0.48,0.48,5.32,72.73,0,,0,,0,0.0,0.0,0.0,,,0.0,,,0.0,0.0,0.0,0.0,0,0.0
Dylan Brecken,Team 16,Team 16,"LW, LAMF, CF",24,100000,2026-12-31,12,775,0,1.46,1,1.95,19.05,41.46,Turkey,Turkey,right,180,71,yes,3.72,3.37,48.28,2.79,50.0,0.0,0.0,0.0,2.09,2.78,0.93,0,0.0,0,0.0,3.72,0.0,0,0.0,0.17,0,0.0,19,2.21,31.58,0.0,0.12,1.97,35.29,1.86,31.25,0.0,0.0,0.12,4.65,50.0,11.5,40.4,3.83,0.81,0.12,15.91,1.51,1.97,21.6,76.34,3.48,63.33,6.39,87.27,6.74,67.24,18.0,81.94,1.63,64.29,16.18,28.99,0.23,1.74,0.12,0.0,0.0,0.0,0.81,1.51,76.92,2.09,38.89,0.0,0.0,1.16,0.81,2.44,76.19,0,,0,,0,0.0,0.0,0.0,,,0.23,,,0.58,0.0,0.0,0.81,0,0.0
Malcolm Carrington,Team 16,Team 16,"LB, LW",31,100000,,8,248,0,0.18,0,0.16,17.78,59.18,Wales,Wales,left,176,65,yes,6.9,6.17,70.59,2.18,33.33,0.0,0.0,0.36,2.54,4.2,0.36,0,0.0,0,0.0,4.72,0.0,0,0.0,0.06,0,0.0,2,0.73,0.0,0.0,0.0,4.35,33.33,4.35,33.33,0.0,0.0,0.73,5.08,64.29,7.62,61.9,3.27,3.27,0.73,24.68,1.45,1.81,36.29,76.0,9.8,62.96,6.53,88.89,11.98,84.85,29.76,85.37,2.54,28.57,18.24,22.78,0.06,0.36,0.0,0.0,0.0,0.0,0.73,2.9,75.0,3.27,33.33,0.0,0.0,0.36,1.09,6.17,88.24,0,,0,,0,0.0,0.0,0.0,,,0.0,,,0.0,0.0,0.0,0.0,0,0.0
Marcus Hayward,Team 16,Team 16,"CF, AMF, LCMF",25,100000,2027-11-30,9,393,1,0.83,0,0.28,15.8,37.68,Iceland,Iceland,left,181,75,yes,5.04,4.35,42.11,1.83,25.0,0.92,1.35,0.23,2.29,3.37,2.29,0,0.0,0,0.0,1.83,0.23,1,0.23,0.19,0,0.0,13,2.98,15.38,7.692,0.0,0.23,0.0,0.0,0.0,0.23,0.0,0.0,2.06,66.67,7.56,36.36,1.83,1.37,0.0,19.92,0.92,1.6,24.05,77.14,6.64,68.97,3.89,88.24,8.02,80.0,21.98,79.17,1.83,62.5,16.06,17.08,0.07,1.15,0.0,0.0,0.0,0.0,0.69,4.35,63.16,1.37,50.0,0.46,0.0,0.46,0.0,3.89,70.59,0,,0,,0,0.0,0.0,0.0,,,0.23,,,0.69,0.0,0.0,0.0,0,0.0
Quinn Valen,Team 16,Team 16,RCB,31,100000,2027-11-30,11,1086,0,0.61,0,0.06,9.61,61.21,Wales,Wales,right,187,80,yes,7.71,3.73,55.56,4.06,59.18,0.17,0.23,0.41,5.47,7.56,1.24,1,0.08,0,0.0,0.25,0.0,0,0.0,0.05,0,0.0,4,0.33,50.0,0.0,0.0,0.33,0.0,0.0,0.0,0.33,0.0,0.08,0.08,100.0,0.33,75.0,0.58,0.5,0.0,29.01,0.0,0.5,43.34,85.85,15.5,71.12,2.49,96.67,22.04,94.36,36.88,93.26,6.13,45.95,23.82,41.22,0.0,0.25,0.0,0.08,0.0,0.0,0.0,6.55,60.76,1.08,7.69,0.5,0.0,0.17,0.0,6.46,66.67,0,,0,,0,0.0,0.0,0.0,,,1.74,,,0.0,0.0,0.0,0.0,0,0.0
Isaac Holbrook,Team 16,Team 16,"AMF, CF",27,400000,2026-10-30,3,153,0,0.21,0,0.03,13.53,43.48,Argentina,Argentina,right,181,72,yes,4.71,2.35,50.0,0.59,0.0,0.59,0.97,0.0,2.94,4.84,0.59,1,0.59,0,0.0,5.29,0.0,0,0.0,0.12,0,0.0,5,2.94,40.0,0.0,0.0,4.71,12.5,3.53,16.67,1.18,0.0,0.59,5.29,66.67,9.41,50.0,3.53,2.35,0.59,52.94,1.18,1.18,61.76,77.14,16.47,57.14,8.24,92.86,21.18,86.11,53.53,83.52,3.53,66.67,15.93,20.2,0.02,0.59,0.0,0.0,0.0,0.0,0.0,7.06,75.0,5.88,20.0,0.0,0.0,1.76,0.59,3.53,66.67,0,,0,,0,0.0,0.0,0.0,,,0.0,,,1.76,0.59,0.0,4.71,0,0.0
Stefan Winterbottom,Team 16,Team 16,"DMF, LDMF, LCMF",28,200000,2026-12-31,9,635,1,0.65,0,0.05,12.76,52.22,Chile,Chile,right,181,75,yes,8.79,6.09,55.81,3.54,44.0,0.28,0.39,0.43,5.1,7.06,2.41,2,0.28,0,0.0,0.85,0.14,1,0.14,0.09,1,0.14,14,1.98,28.57,7.143,0.0,0.28,50.0,0.14,100.0,0.14,0.0,0.0,0.57,25.0,2.13,53.33,0.28,0.28,0.0,27.64,0.57,0.85,39.26,88.81,8.79,77.42,4.54,93.75,20.69,95.21,35.72,92.06,3.26,56.52,20.01,33.12,0.01,0.14,0.0,0.0,0.0,0.0,0.0,5.81,80.49,0.43,33.33,0.14,0.0,0.0,0.14,4.82,70.59,0,,0,,0,0.0,0.0,0.0,,,0.43,,,0.0,0.0,0.0,0.0,0,0.0
Stefan Fenwick,Team 16,Team 16,"LW, RAMF",29,175000,,2,61,0,0.0,0,0.2,22.13,26.67,Ukraine,"Ukraine, Italy",left,183,75,yes,5.9,5.9,50.0,4.43,0.0,0.0,0.0,0.0,2.95,8.57,4.43,0,0.0,0,0.0,4.43,0.0,0,0.0,0.0,0,0.0,2,2.95,0.0,0.0,0.0,4.43,66.67,2.95,100.0,1.48,0.0,0.0,2.95,50.0,8.85,16.67,1.48,5.9,1.48,26.56,0.0,0.0,32.46,86.36,5.9,100.0,7.38,100.0,13.28,66.67,26.56,94.44,2.95,50.0,15.73,20.89,0.3,4.43,0.0,0.0,0.0,0.0,1.48,1.48,100.0,5.9,50.0,0.0,0.0,1.48,1.48,4.43,100.0,0,,0,,0,0.0,0.0,0.0,,,0.0,,,0.0,0.0,0.0,1.48,0,0.0
Tobias Kren,Team 16,Team 16,LW,21,200000,2026-10-31,1,29,0,0.08,0,0.0,,,Portugal,"Portugal, Germany",right,174,72,yes,,,,,,,0.0,,,0.0,,0,,0,,,,0,,,0,,1,,,0.0,,,,,,,,,,,,,,,,,,,,,,,,,,,,,,,29.91,44.29,,,,,,,,,,,,,,,,,,0,,0,,0,0.0,0.0,,,,,,,,,,,0,0.0
Erik Vance,Team 16,Team 16,"CF, RAMF, RW",23,200000,2026-10-30,6,114,0,0.07,0,0.03,18.16,43.48,Argentina,Argentina,right,186,78,yes,4.74,3.95,80.0,3.16,0.0,0.0,0.0,0.0,1.58,3.33,0.79,0,0.0,0,0.0,2.37,0.0,0,0.0,0.05,0,0.0,2,1.58,50.0,0.0,0.0,0.0,0.0,0.0,0.0,0.0,0.0,0.0,3.95,40.0,9.47,41.67,0.0,0.79,0.0,20.53,0.79,1.58,26.05,87.88,3.95,80.0,0.79,100.0,14.21,94.44,25.26,90.63,0.79,0.0,14.34,6.5,0.02,0.79,0.0,0.0,0.0,0.0,0.0,2.37,100.0,1.58,0.0,0.0,0.0,0.0,0.0,2.37,66.67,0,,0,,0,0.0,0.0,0.0,,,0.0,,,0.0,0.0,0.0,3.16,0,0.0
Simon Kitteridge,Team 16,Team 16,"RB, RCB",20,125000,2027-12-31,4,164,0,0.0,0,0.0,18.11,60.61,Spain,"Spain, France",right,176,64,yes,10.98,10.98,55.0,1.1,100.0,0.55,0.65,0.0,4.39,5.22,2.74,0,0.0,0,0.0,2.2,0.0,0,0.0,0.0,0,0.0,0,0.0,0.0,0.0,0.0,1.65,33.33,0.0,0.0,1.65,33.33,0.55,2.2,75.0,4.39,62.5,0.0,1.65,0.55,15.37,1.1,2.2,28.54,80.77,10.43,73.68,6.04,100.0,11.52,76.19,24.15,88.64,2.74,40.0,17.66,18.63,0.0,0.0,0.0,0.0,0.0,0.0,0.0,2.74,60.0,2.2,50.0,0.0,0.0,0.55,0.55,7.68,71.43,0,,0,,0,0.0,0.0,0.0,,,0.55,,,0.0,0.0,0.0,0.0,0,0.0
Adrian Stansfield,Team 16,Team 16,"RCMF, LDMF, RDMF",23,150000,2027-03-31,11,693,0,0.32,0,0.41,14.55,49.11,Hungary,"Hungary, France",right,177,74,yes,7.4,5.45,52.38,3.25,64.0,0.26,0.37,0.52,4.29,6.04,1.56,4,0.52,0,0.0,1.56,0.0,0,0.0,0.04,0,0.0,6,0.78,16.67,0.0,0.0,0.52,50.0,0.0,0.0,0.52,50.0,0.0,1.82,64.29,4.16,31.25,0.39,1.04,0.26,26.75,0.26,0.52,39.22,87.75,10.39,76.25,5.58,100.0,16.75,93.8,36.23,89.61,2.47,68.42,17.86,28.01,0.05,1.04,0.13,0.0,0.0,0.0,0.0,4.29,87.88,0.78,50.0,0.0,0.0,0.39,0.13,4.68,72.22,0,,0,,0,0.0,0.0,0.0,,,0.52,,,0.39,0.0,0.0,0.65,0,0.0
Isaac Crestwood,Team 16,Team 16,LCB,23,200000,2028-05-01,9,505,1,0.57,0,0.05,12.83,59.72,Cameroon,"Cameroon, Germany",right,188,83,yes,9.8,5.17,72.41,5.35,56.67,0.18,0.23,0.89,5.88,7.73,1.6,1,0.18,0,0.0,0.36,0.18,1,0.18,0.1,1,0.18,3,0.53,66.67,33.333,0.0,0.0,0.0,0.0,0.0,0.0,0.0,0.0,0.0,0.0,0.71,50.0,1.07,1.43,0.0,32.97,0.18,0.36,48.12,89.26,21.21,81.51,2.14,91.67,22.28,97.6,41.7,94.44,6.42,55.56,21.83,27.17,0.01,0.36,0.0,0.0,0.18,0.0,0.18,6.77,78.95,0.36,0.0,0.36,0.0,0.0,0.0,8.2,71.74,0,,0,,0,0.0,0.0,0.0,,,1.78,,,0.0,0.0,0.0,0.0,0,0.0
Rowan Brecken,Team 16,Team 16,"RCB, RCMF",31,250000,,2,113,0,0.21,0,0.0,11.15,85.71,Belgium,Belgium,right,187,83,yes,8.76,7.17,88.89,3.19,75.0,0.0,0.0,0.8,2.39,3.1,0.8,0,0.0,0,0.0,0.0,0.0,0,0.0,0.17,0,0.0,1,0.8,0.0,0.0,0.0,0.0,0.0,0.0,0.0,0.0,0.0,0.0,0.0,0.0,0.0,0.0,1.59,0.8,0.0,28.67,0.0,0.0,35.04,79.55,15.13,52.63,1.59,100.0,17.52,100.0,27.88,85.71,7.17,55.56,14.46,19.72,0.0,0.0,0.0,0.0,0.0,0.0,0.0,3.19,25.0,0.0,0.0,0.0,0.0,0.0,0.0,3.98,60.0,0,,0,,0,0.0,0.0,0.0,,,0.8,,,0.0,0.0,0.0,0.0,0,0.0
Graham Radcliffe,Team 16,Team 16,"LCMF, LDMF, DMF",25,200000,2026-12-31,9,655,0,0.55,0,0.01,20.89,46.05,Norway,Norway,right,181,77,yes,10.99,7.83,47.37,5.91,51.16,0.96,1.24,0.41,6.32,8.17,3.16,2,0.27,0,0.0,1.1,0.0,0,0.0,0.08,0,0.0,5,0.69,80.0,0.0,0.0,0.0,0.0,0.0,0.0,0.0,0.0,0.0,1.24,44.44,4.4,40.63,0.55,0.27,0.14,15.94,0.0,0.27,30.64,76.68,12.92,60.64,2.47,94.44,11.82,87.21,25.69,84.49,4.95,36.11,19.89,34.41,0.0,0.14,0.0,0.0,0.0,0.0,0.0,5.22,65.79,0.69,40.0,0.41,33.33,0.27,0.0,5.77,59.52,0,,0,,0,0.0,0.0,0.0,,,0.55,,,0.0,0.0,0.0,0.0,0,0.0
Nils Arden,Team 16,Team 16,RB,26,200000,2026-10-30,11,1016,0,0.05,1,0.6,13.02,58.5,Ukraine,Ukraine,right,174,73,yes,8.15,6.02,70.59,2.39,62.96,0.09,0.13,0.44,3.81,5.44,0.97,0,0.0,0,0.0,2.39,0.0,0,0.0,0.0,0,0.0,2,0.18,50.0,0.0,0.09,4.34,42.86,0.0,0.0,4.34,42.86,0.18,0.97,45.45,1.95,31.82,0.35,0.71,0.0,28.17,2.13,0.18,40.57,78.82,16.03,76.24,5.76,90.77,11.6,75.57,32.16,87.33,4.16,48.94,20.02,39.6,0.05,1.15,0.09,0.09,0.09,0.0,0.44,6.47,67.12,4.43,54.0,0.8,44.44,0.53,1.77,10.72,79.34,0,,0,,0,0.0,0.0,0.0,,,0.71,,,0.0,0.0,0.0,0.0,0,0.0
Lucas Hayward,Team 16,Team 16,LCB,35,200000,2026-10-30,9,813,0,0.11,0,0.09,7.75,44.29,Wales,Wales,left,185,80,yes,5.65,2.66,33.33,3.65,51.52,0.0,0.0,0.77,4.76,6.65,1.22,4,0.44,0,0.0,0.0,0.0,0,0.0,0.01,0,0.0,2,0.22,0.0,0.0,0.0,0.11,0.0,0.11,0.0,0.0,0.0,0.0,0.11,0.0,0.55,20.0,0.22,2.1,0.44,29.34,0.22,0.22,42.95,87.37,14.5,69.47,1.44,92.31,22.8,97.09,37.31,91.99,5.54,58.0,21.58,36.21,0.01,0.22,0.0,0.0,0.0,0.0,0.22,5.2,70.21,0.66,33.33,0.55,40.0,0.33,0.0,7.97,65.28,0,,0,,0,0.0,0.0,0.0,,,0.89,,,0.0,0.0,0.0,0.0,0,0.0
Casper Montague,Team 16,Team 16,"RW, RAMF, LW",33,175000,2026-12-31,11,809,1,1.48,2,0.94,12.9,31.9,Wales,Wales,left,177,73,yes,4.56,2.22,40.0,2.67,25.0,0.33,0.47,0.11,3.34,4.69,0.67,2,0.22,0,0.0,2.78,0.11,1,0.11,0.17,0,0.0,20,2.22,30.0,5.0,0.22,1.78,62.5,0.56,80.0,1.22,54.55,0.44,2.0,50.0,6.01,35.19,1.78,2.11,0.44,22.81,1.67,1.22,28.81,84.56,7.56,69.12,5.56,90.0,10.23,91.3,25.7,87.01,1.45,69.23,16.74,25.98,0.1,1.33,0.0,0.0,0.0,0.0,0.56,2.45,81.82,2.0,61.11,0.33,33.33,0.56,0.89,5.01,68.89,0,,0,,0,0.0,0.0,0.0,,,0.33,,,0.0,0.0,0.0,0.0,0,0.0
Oliver Davenport,Team 16,Team 16,"RW, RAMF",33,150000,,9,492,0,0.66,1,1.3,15.37,33.33,Hungary,Hungary,right,179,70,yes,4.39,3.84,33.33,2.93,31.25,0.37,0.5,0.18,2.74,3.72,1.65,1,0.18,0,0.0,3.66,0.0,0,0.0,0.12,0,0.0,7,1.28,57.14,0.0,0.18,3.84,38.1,0.0,0.0,3.84,38.1,0.55,2.38,53.85,5.3,37.93,1.83,2.93,0.91,22.87,2.01,1.46,27.44,76.67,6.95,65.79,5.67,96.77,8.96,71.43,21.4,86.32,2.38,53.85,18.62,25.24,0.24,1.65,0.18,0.0,0.37,50.0,1.28,2.56,64.29,3.84,42.86,1.28,28.57,0.73,1.1,5.49,76.67,0,,0,,0,0.0,0.0,0.0,,,0.18,,,0.0,0.0,0.0,0.55,0,0.0
Magnus Lansbury,Team 16,Team 16,"AMF, CF, LCMF",28,175000,2027-08-30,8,465,1,0.62,1,0.71,15.29,44.3,Paraguay,Paraguay,right,182,76,yes,4.84,5.23,51.85,2.52,15.38,0.0,0.0,0.19,2.13,2.95,1.74,2,0.39,0,0.0,2.9,0.19,1,0.19,0.12,1,0.19,9,1.74,33.33,11.111,0.19,1.35,57.14,0.39,100.0,0.97,40.0,0.39,1.94,70.0,5.81,43.33,0.58,1.74,0.39,29.23,0.77,1.55,35.23,79.67,11.42,72.88,7.35,94.74,11.03,80.7,30.97,81.88,2.9,66.67,19.73,35.92,0.14,0.77,0.0,0.0,0.19,100.0,0.0,8.9,80.43,2.52,46.15,0.39,50.0,0.39,0.97,7.35,86.84,0,,0,,0,0.0,0.0,0.0,,,0.39,,,1.94,0.58,0.0,2.52,0,0.0
Alexander Vance,Team 28,Team 28,RB,25,150000,,3,69,0,0.05,0,0.0,15.65,66.67,Brazil,Brazil,right,178,75,yes,9.13,7.83,83.33,6.52,40.0,0.0,0.0,0.0,2.61,2.61,1.3,0,0.0,0,0.0,1.3,0.0,0,0.0,0.06,0,0.0,1,1.3,100.0,0.0,0.0,1.3,0.0,0.0,0.0,1.3,0.0,0.0,0.0,0.0,1.3,100.0,1.3,1.3,0.0,9.13,0.0,1.3,23.48,61.11,10.43,50.0,5.22,100.0,6.52,60.0,19.57,73.33,2.61,0.0,20.31,16.96,0.0,0.0,0.0,0.0,0.0,0.0,0.0,6.52,60.0,1.3,0.0,0.0,0.0,0.0,0.0,9.13,42.86,0,,0,,0,0.0,0.0,0.0,,,0.0,,,0.0,0.0,0.0,0.0,0,0.0
Florian Thorpe,Team 28,Team 28,"CF, LWF",32,150000,,2,63,0,0.0,0,0.0,28.57,45.0,Ghana,Ghana,right,175,72,yes,4.29,5.71,50.0,12.86,55.56,0.0,0.0,0.0,1.43,1.15,2.86,1,1.43,0,0.0,1.43,0.0,0,0.0,0.0,0,0.0,0,0.0,0.0,0.0,0.0,2.86,50.0,2.86,50.0,0.0,0.0,1.43,0.0,0.0,7.14,40.0,2.86,0.0,0.0,10.0,5.71,1.43,20.0,35.71,4.29,33.33,2.86,0.0,10.0,28.57,12.86,44.44,4.29,0.0,19.61,44.65,0.0,0.0,0.0,0.0,0.0,0.0,0.0,2.86,0.0,0.0,0.0,0.0,0.0,0.0,0.0,4.29,0.0,0,,0,,0,0.0,0.0,0.0,,,0.0,,,0.0,0.0,0.0,0.0,0,0.0
Damian Chamberlain,Team 28,Team 28,CB,34,150000,,7,629,0,0.2,0,0.07,7.3,56.86,Ukraine,"Ukraine, Germany",right,183,77,yes,5.29,2.43,88.24,2.86,55.0,0.14,0.13,0.0,3.0,2.74,0.43,0,0.0,0,0.0,0.0,0.0,0,0.0,0.03,0,0.0,1,0.14,0.0,0.0,0.0,0.0,0.0,0.0,0.0,0.0,0.0,0.0,0.0,0.0,0.0,0.0,0.14,0.0,0.14,17.46,0.14,0.29,27.33,85.86,8.44,66.1,0.43,100.0,17.6,95.12,23.04,93.17,4.29,46.67,22.99,32.45,0.01,0.14,0.0,0.0,0.0,0.0,0.0,1.72,41.67,0.0,0.0,0.0,0.0,0.0,0.0,4.01,60.71,0,,0,,0,0.0,0.0,0.0,,,0.43,,,0.0,0.0,0.0,0.0,0,0.0
Magnus Thorpe,Team 28,Team 28,"RWF, AMF, RCMF",28,100000,,13,378,0,0.15,1,1.5,19.29,43.21,Netherlands,Netherlands,left,176,69,yes,6.9,5.24,54.55,1.43,33.33,0.0,0.0,0.0,4.05,4.36,1.9,0,0.0,0,0.0,5.0,0.0,0,0.0,0.03,0,0.0,6,1.43,33.33,0.0,0.24,2.62,36.36,0.71,33.33,1.9,37.5,0.48,4.29,72.22,10.24,46.51,1.43,1.67,1.19,23.33,0.24,1.67,29.52,78.23,9.05,73.68,5.95,96.0,7.62,68.75,24.52,87.38,2.38,30.0,17.51,21.8,0.36,1.9,0.0,0.24,0.48,100.0,0.95,4.29,66.67,4.52,42.11,1.19,40.0,1.67,1.19,6.9,79.31,0,,0,,0,0.0,0.0,0.0,,,0.0,,,0.48,0.0,0.0,0.95,0,0.0
Xavier Linwood,Team 28,Team 28,"AMF, CF, RWF",21,150000,,10,452,3,0.72,1,0.61,26.68,41.04,Wales,"Wales, Portugal",right,174,73,yes,6.37,5.77,55.17,6.37,28.13,0.2,0.24,0.0,2.99,3.63,2.59,1,0.2,0,0.0,1.99,0.6,3,0.6,0.14,1,0.2,6,1.19,83.33,50.0,0.2,1.39,14.29,0.0,0.0,1.39,14.29,0.0,2.99,26.67,10.35,42.31,2.79,1.19,0.6,7.96,1.19,3.58,12.15,65.57,2.79,42.86,4.18,85.71,3.58,66.67,9.56,75.0,1.39,42.86,18.43,18.5,0.12,0.8,0.0,0.0,0.6,0.0,0.8,1.59,50.0,1.19,33.33,0.6,0.0,0.8,0.2,1.0,60.0,0,,0,,0,0.0,0.0,0.0,,,0.0,,,0.0,0.0,0.0,0.0,0,0.0
Owen Westlake,Team 28,Team 28,"LCMF, RB, RCMF",25,175000,2027-12-31,8,514,0,0.27,0,0.09,16.63,57.89,Turkey,Turkey,right,182,74,yes,11.91,9.98,63.16,1.93,45.45,0.0,0.0,0.53,5.6,5.52,2.8,3,0.53,0,0.0,1.05,0.0,0,0.0,0.05,0,0.0,7,1.23,14.29,0.0,0.0,0.35,50.0,0.0,0.0,0.35,50.0,0.0,0.88,80.0,3.85,45.45,0.53,0.35,0.0,20.84,0.35,0.18,31.87,85.16,13.48,76.62,3.15,94.44,11.38,92.31,29.42,86.31,2.1,75.0,17.97,26.12,0.02,1.05,0.0,0.0,0.0,0.0,0.35,5.78,75.76,0.35,100.0,0.0,0.0,0.18,0.0,5.95,70.59,0,,0,,0,0.0,0.0,0.0,,,0.35,,,0.0,0.0,0.0,0.0,0,0.0
Bastien Holbrook,Team 28,Team 28,CF,27,125000,,10,399,0,0.05,1,0.14,21.65,30.21,Japan,Japan,right,185,87,yes,3.38,2.03,66.67,9.02,35.0,0.0,0.0,0.0,2.03,2.05,2.26,0,0.0,0,0.0,0.9,0.0,0,0.0,0.01,0,0.0,2,0.45,50.0,0.0,0.23,0.45,50.0,0.23,100.0,0.23,0.0,0.0,1.13,40.0,6.32,21.43,1.58,0.0,0.0,7.44,1.8,1.35,9.7,79.07,2.48,72.73,2.93,100.0,1.8,50.0,8.57,81.58,0.9,50.0,12.32,15.62,0.03,0.45,0.0,0.0,0.0,0.0,0.23,1.13,40.0,0.0,0.0,0.0,0.0,0.45,0.23,0.68,33.33,0,,0,,0,0.0,0.0,0.0,,,0.0,,,0.0,0.0,0.0,0.0,0,0.0
Isaac Fairfax,Team 28,Team 28,CF,31,175000,2027-06-30,11,909,2,3.33,1,0.17,25.64,38.22,Germany,Germany,right,174,74,yes,2.67,4.06,41.46,9.9,41.0,0.1,0.11,0.0,0.89,0.98,2.08,1,0.1,0,0.0,1.09,0.2,1,0.1,0.33,0,0.0,18,1.78,44.44,11.111,0.1,0.1,0.0,0.1,0.0,0.0,0.0,0.0,0.59,50.0,9.5,35.42,1.88,0.89,0.0,6.44,0.89,2.57,12.28,77.42,2.48,60.0,4.85,83.67,2.38,87.5,11.98,78.51,0.2,50.0,14.45,8.23,0.02,0.89,0.0,0.0,0.0,0.0,0.2,1.29,69.23,0.69,14.29,0.0,0.0,0.2,0.0,0.89,66.67,0,,0,,0,0.0,0.0,0.0,,,0.0,,,0.0,0.0,0.0,0.0,2,50.0
Sean Hayward,Team 28,Team 28,"CB, LCB",24,100000,,7,630,0,0.0,0,0.0,9.29,60.0,Mexico,"Mexico, France",right,186,82,yes,7.0,2.86,70.0,4.14,58.62,0.14,0.15,1.14,4.86,5.2,0.86,1,0.14,0,0.0,0.0,0.0,0,0.0,0.0,0,0.0,0,0.0,0.0,0.0,0.0,0.0,0.0,0.0,0.0,0.0,0.0,0.0,0.0,0.0,0.57,50.0,0.0,0.14,0.0,21.29,0.0,0.57,33.14,87.07,10.29,70.83,0.86,83.33,20.43,98.6,27.29,92.15,5.86,63.41,22.82,31.89,0.0,0.0,0.0,0.0,0.0,0.0,0.0,2.57,66.67,0.43,66.67,0.0,0.0,0.29,0.0,6.57,63.04,0,,0,,0,0.0,0.0,0.0,,,0.43,,,0.0,0.0,0.0,0.0,0,0.0
Leo Mercer,Team 28,Team 28,LCB,24,150000,,14,1391,1,0.91,0,0.04,13.65,59.24,Chile,"Chile, Spain",right,189,79,yes,9.64,4.27,68.18,6.92,56.07,0.32,0.34,1.23,6.41,6.67,0.97,3,0.19,0,0.0,0.32,0.06,1,0.06,0.06,1,0.06,7,0.45,14.29,14.286,0.0,0.0,0.0,0.0,0.0,0.0,0.0,0.0,0.32,80.0,1.16,72.22,0.58,1.55,0.0,19.15,0.0,0.45,30.99,80.38,18.57,73.87,0.71,72.73,9.32,92.36,24.97,87.82,6.02,49.46,21.65,39.77,0.0,0.06,0.0,0.0,0.0,0.0,0.0,5.5,61.18,0.45,0.0,0.13,0.0,0.0,0.0,7.31,69.03,0,,0,,0,0.0,0.0,0.0,,,0.13,,,0.0,0.0,0.0,0.0,0,0.0
Leo Hayward,Team 28,Team 28,"RW, RWF, AMF",28,175000,2027-05-31,15,931,1,0.79,0,1.06,17.11,40.11,Romania,Romania,right,180,69,yes,3.67,3.38,62.86,1.93,30.0,0.29,0.29,0.0,1.26,1.24,0.48,1,0.1,0,0.0,3.09,0.1,1,0.1,0.08,0,0.0,22,2.13,31.82,4.545,0.0,1.84,26.32,0.58,33.33,1.16,25.0,0.1,3.19,60.61,8.8,38.46,2.51,2.03,0.48,23.49,3.09,0.97,32.09,78.01,7.06,68.49,7.35,94.74,8.89,78.26,29.29,82.51,1.16,33.33,16.08,28.7,0.1,1.64,0.19,0.0,0.29,0.0,0.58,2.9,63.33,1.55,56.25,0.29,0.0,1.16,0.39,3.77,76.92,0,,0,,0,0.0,0.0,0.0,,,0.0,,,0.0,0.0,0.0,0.0,0,0.0
Jasper Harrington,Team 28,Team 28,"LW, AMF, LWF",28,200000,2026-10-30,15,1148,3,2.01,1,1.13,13.41,41.52,Mexico,Mexico,right,178,72,yes,3.45,2.98,42.11,3.14,27.5,0.0,0.0,0.24,2.2,2.23,0.63,2,0.16,0,0.0,2.2,0.24,3,0.24,0.16,0,0.0,37,2.9,32.43,8.108,0.08,0.55,14.29,0.16,50.0,0.39,0.0,0.0,1.72,68.18,6.11,48.72,1.33,1.1,0.31,20.7,0.94,1.8,26.42,83.38,6.9,68.18,6.51,96.39,8.07,86.41,23.99,87.25,1.88,54.17,17.56,33.17,0.09,0.86,0.08,0.08,0.0,0.0,0.16,3.61,73.91,1.02,38.46,0.16,50.0,0.24,0.08,3.37,65.12,0,,0,,0,0.0,0.0,0.0,,,0.08,,,2.2,0.47,50.0,1.88,0,0.0
Christian Crestwood,Team 28,Team 28,"LCMF, RCMF",25,175000,,13,635,0,0.23,1,0.14,11.76,56.63,Turkey,"Turkey, Germany",right,180,71,yes,6.66,6.38,57.78,1.42,50.0,0.0,0.0,0.28,2.98,3.17,2.41,3,0.43,0,0.0,0.99,0.0,0,0.0,0.03,0,0.0,2,0.28,100.0,0.0,0.14,0.43,66.67,0.28,50.0,0.14,100.0,0.14,0.57,75.0,2.55,55.56,0.14,0.57,0.0,15.17,0.14,0.43,24.8,82.86,6.94,71.43,3.4,91.67,10.06,91.55,21.97,88.39,2.41,35.29,20.18,21.72,0.02,0.14,0.0,0.14,0.0,0.0,0.14,4.39,70.97,0.85,50.0,0.28,50.0,0.28,0.14,3.4,66.67,0,,0,,0,0.0,0.0,0.0,,,0.28,,,0.0,0.0,0.0,0.0,0,0.0
Lars Ellwood,Team 28,Team 28,"RWB, RB",27,175000,,12,966,1,1.43,1,1.44,18.07,57.73,South Korea,South Korea,right,174,70,yes,9.78,9.32,66.0,2.7,51.72,0.19,0.19,0.19,3.45,3.54,1.4,4,0.37,0,0.0,2.52,0.09,1,0.09,0.13,0,0.0,13,1.21,30.77,7.692,0.09,3.07,27.27,0.0,0.0,3.07,27.27,0.19,1.77,73.68,4.47,50.0,1.02,1.4,0.28,19.84,1.4,1.4,26.83,69.1,9.6,51.46,6.43,94.2,6.71,72.22,20.96,81.33,3.07,24.24,19.43,30.68,0.13,1.02,0.0,0.0,0.0,0.0,0.28,3.63,51.28,2.52,37.04,0.19,50.0,0.28,0.93,6.24,61.19,0,,0,,0,0.0,0.0,0.0,,,0.37,,,1.12,0.09,0.0,1.86,0,0.0
Rowan Fletcher,Team 28,Team 28,"LWB, LB",29,125000,,7,135,0,0.16,0,0.2,8.0,58.33,England,England,left,160,67,yes,7.33,6.0,66.67,0.0,0.0,0.0,0.0,0.0,3.33,4.17,0.0,0,0.0,0,0.0,2.67,0.0,0,0.0,0.1,0,0.0,1,0.67,100.0,0.0,0.0,5.33,37.5,5.33,37.5,0.0,0.0,0.0,0.0,0.0,0.67,0.0,2.0,0.0,0.0,20.0,0.67,0.0,30.67,71.74,17.33,69.23,2.0,100.0,6.67,90.0,21.33,81.25,4.67,71.43,29.32,16.43,0.13,2.0,0.0,0.0,0.0,0.0,0.67,6.0,55.56,1.33,50.0,0.0,0.0,0.67,1.33,9.33,71.43,0,,0,,0,0.0,0.0,0.0,,,0.0,,,0.0,0.0,0.0,0.67,0,0.0
Theo Kingsbury,Team 28,Team 28,"RCB, CB",29,150000,2026-10-30,11,941,1,0.94,0,0.01,11.48,68.33,Ghana,Ghana,right,184,81,yes,9.95,4.21,61.36,5.55,79.31,0.48,0.51,0.67,6.89,7.35,0.38,1,0.1,0,0.0,0.1,0.1,1,0.1,0.09,0,0.0,5,0.48,20.0,20.0,0.0,0.1,0.0,0.0,0.0,0.1,0.0,0.0,0.0,0.0,0.86,55.56,0.67,0.67,0.0,18.55,0.1,0.67,28.5,76.85,14.44,62.25,1.24,92.31,10.33,93.52,22.86,87.03,5.55,36.21,23.9,36.72,0.0,0.1,0.0,0.0,0.0,0.0,0.0,4.69,59.18,0.19,0.0,0.1,0.0,0.1,0.0,7.27,64.47,0,,0,,0,0.0,0.0,0.0,,,0.48,,,0.0,0.0,0.0,0.0,0,0.0
Erik Barton,Team 28,Team 28,CF,26,250000,,1,6,0,0.0,0,0.0,,,Norway,Norway,right,183,80,yes,,,,,,,0.0,,,0.0,,0,,0,,,,0,,,0,,0,,,0.0,,,,,,,,,,,,,,,,,,,,,,,,,,,,,,,4.41,0.0,,,,,,,,,,,,,,,,,,0,,0,,0,0.0,0.0,,,,,,,,,,,0,0.0
Henry Drayton,Team 28,Team 28,GK,37,175000,2026-10-30,15,1489,0,0.0,0,0.0,0.36,100.0,Ireland,Ireland,right,184,78,yes,0.73,0.0,0.0,0.3,100.0,0.0,0.0,0.0,0.73,0.74,0.0,1,0.06,0,0.0,0.0,0.0,0,0.0,0.0,0,0.0,0,0.0,0.0,0.0,0.0,0.0,0.0,0.0,0.0,0.0,0.0,0.0,0.0,0.0,0.06,100.0,0.0,0.06,0.0,2.42,0.0,0.18,7.62,78.57,5.5,73.63,0.0,0.0,1.81,90.0,3.57,98.31,3.99,62.12,37.97,49.56,0.0,0.0,0.0,0.0,0.0,0.0,0.0,1.87,58.06,0.24,0.0,0.12,0.0,0.0,0.0,3.08,84.31,15,0.91,63,3.81,5,76.19,16.98,1.03,1.98,0.12,0.0,1.63,0.3,,,,0.0,0,0.0
Alexander Mercer,Team 28,Team 28,"CF, LW",34,175000,,5,169,1,0.39,0,0.17,23.43,27.27,Slovenia,Slovenia,right,175,73,yes,4.79,4.26,37.5,5.86,27.27,1.07,1.03,0.0,2.13,2.07,2.13,0,0.0,0,0.0,2.13,0.53,1,0.53,0.21,0,0.0,4,2.13,25.0,25.0,0.0,0.0,0.0,0.0,0.0,0.0,0.0,0.0,3.73,42.86,10.65,25.0,2.13,1.6,1.6,9.05,0.53,1.07,12.25,78.26,3.73,71.43,2.66,40.0,2.66,100.0,12.25,78.26,0.0,0.0,11.35,0.0,0.09,1.07,0.0,0.0,0.0,0.0,0.0,1.6,66.67,0.53,100.0,0.0,0.0,1.07,0.0,1.07,100.0,0,,0,,0,0.0,0.0,0.0,,,0.0,,,0.0,0.0,0.0,0.0,0,0.0
Colin Aldridge,Team 28,Team 28,RCB,32,150000,2026-10-30,9,893,1,0.3,0,0.16,11.59,65.22,South Korea,South Korea,right,186,85,yes,8.37,5.85,72.41,3.02,76.67,0.1,0.1,0.3,4.03,3.97,0.81,3,0.3,0,0.0,0.2,0.1,1,0.1,0.03,1,0.1,3,0.3,33.33,33.333,0.0,0.0,0.0,0.0,0.0,0.0,0.0,0.0,0.3,33.33,1.41,35.71,0.4,0.4,0.0,13.71,0.1,0.71,22.58,77.68,12.4,67.48,1.61,93.75,5.95,94.92,17.84,87.01,4.74,42.55,21.03,41.07,0.02,0.1,0.0,0.0,0.0,0.0,0.1,3.33,60.61,0.5,60.0,0.2,50.0,0.4,0.0,5.34,62.26,0,,0,,0,0.0,0.0,0.0,,,0.6,,,0.0,0.0,0.0,0.0,0,0.0
Jasper Ellington,Team 28,Team 28,"LWB, LB",28,150000,2026-10-30,15,1354,1,0.57,1,0.44,7.78,49.57,Uruguay,Uruguay,left,173,70,yes,6.18,3.32,62.0,1.6,45.83,0.0,0.0,0.2,4.12,4.16,0.4,2,0.13,0,0.0,1.6,0.07,1,0.07,0.04,1,0.07,8,0.53,12.5,12.5,0.07,2.59,48.72,2.59,48.72,0.0,0.0,0.27,0.47,42.86,1.93,37.93,0.6,0.66,0.0,19.34,1.0,0.66,25.52,72.4,10.5,58.86,4.85,93.15,7.11,78.5,17.88,84.39,5.25,43.04,21.11,36.24,0.03,0.33,0.07,0.0,0.07,100.0,0.4,4.52,51.47,2.46,45.95,0.8,33.33,0.13,1.06,7.25,65.14,0,,0,,0,0.0,0.0,0.0,,,0.07,,,0.0,0.0,0.0,0.0,0,0.0
Roman Vance,Team 28,Team 28,"RCMF, RB",30,200000,,11,913,0,0.28,0,0.03,12.12,51.22,Belgium,Belgium,right,179,72,yes,6.7,4.83,61.22,2.86,48.28,0.2,0.2,0.69,3.55,3.59,0.99,2,0.2,0,0.0,0.2,0.0,0,0.0,0.03,0,0.0,4,0.39,0.0,0.0,0.0,0.49,0.0,0.1,0.0,0.39,0.0,0.0,0.2,100.0,2.46,40.0,0.49,0.2,0.0,14.49,0.39,0.99,22.67,82.61,7.69,69.23,3.55,94.44,8.28,91.67,21.0,87.79,1.18,25.0,18.49,26.63,0.0,0.2,0.0,0.0,0.0,0.0,0.2,2.66,77.78,0.99,30.0,0.0,0.0,0.3,0.0,3.45,65.71,0,,0,,0,0.0,0.0,0.0,,,0.0,,,0.0,0.0,0.0,0.0,0,0.0
Emil Kren,Team 28,Team 28,"RCMF, LCMF, DMF",29,175000,2026-10-30,13,954,1,0.39,1,0.2,15.28,57.41,Croatia,"Croatia, Portugal",right,180,84,yes,8.77,6.23,68.18,3.02,56.25,0.47,0.48,0.66,4.06,4.15,1.42,0,0.0,0,0.0,1.13,0.09,1,0.09,0.04,0,0.0,9,0.85,33.33,11.111,0.09,0.57,66.67,0.0,0.0,0.57,66.67,0.09,0.66,71.43,3.58,47.37,0.66,0.19,0.0,13.68,0.19,1.04,25.85,76.64,9.62,53.92,2.83,93.33,9.25,90.82,21.42,81.06,3.87,53.66,19.91,39.8,0.02,0.38,0.0,0.0,0.0,0.0,0.19,4.81,62.75,0.66,28.57,0.0,0.0,0.09,0.28,4.72,70.0,0,,0,,0,0.0,0.0,0.0,,,0.19,,,0.09,0.09,0.0,0.0,0,0.0
Erik Waverley,Team 28,Team 28,RWB,28,125000,,4,229,0,0.02,1,0.45,14.93,50.0,France,France,right,174,67,yes,9.04,6.68,64.71,2.36,16.67,0.39,0.41,0.79,4.32,4.52,1.57,2,0.79,0,0.0,1.57,0.0,0,0.0,0.01,0,0.0,1,0.39,0.0,0.0,0.39,2.75,28.57,0.0,0.0,2.75,28.57,0.39,2.36,33.33,3.93,40.0,0.39,0.79,0.39,18.08,3.14,1.18,23.58,73.33,7.86,60.0,3.93,100.0,7.86,85.0,19.26,81.63,1.57,50.0,15.61,22.17,0.18,1.18,0.0,0.0,0.0,0.0,0.79,3.54,66.67,2.36,33.33,0.0,0.0,0.0,0.79,4.72,75.0,0,,0,,0,0.0,0.0,0.0,,,0.0,,,0.79,0.0,0.0,0.79,0,0.0
Gabriel Northfield,Team 28,Team 28,"LCMF, RCMF",26,175000,,8,190,0,0.0,0,0.02,10.42,40.91,France,"France, Portugal",right,182,75,yes,6.16,4.26,55.56,1.42,33.33,0.95,1.09,0.47,2.84,3.27,1.42,1,0.47,0,0.0,0.0,0.0,0,0.0,0.0,0,0.0,0,0.0,0.0,0.0,0.0,0.47,0.0,0.47,0.0,0.0,0.0,0.0,0.0,0.0,2.84,16.67,0.47,1.42,0.0,31.74,0.47,0.47,43.11,89.01,12.32,80.77,8.53,94.44,16.11,97.06,40.74,91.86,1.89,50.0,18.74,13.66,0.01,0.47,0.0,0.0,0.0,0.0,0.0,7.58,93.75,0.95,100.0,0.0,0.0,0.95,0.0,5.68,83.33,0,,0,,0,0.0,0.0,0.0,,,0.0,,,0.0,0.0,0.0,0.0,0,0.0
Hugo Monroe,Team 1,Team 1,"RCB, LCB",33,800000,,9,857,1,0.11,0,0.0,10.5,51.0,Slovenia,"Slovenia, France",right,190,86,yes,6.2,4.62,56.82,3.57,44.12,0.63,1.14,0.11,2.94,5.32,1.26,4,0.42,0,0.0,0.21,0.11,1,0.11,0.01,1,0.11,2,0.21,50.0,50.0,0.0,0.0,0.0,0.0,0.0,0.0,0.0,0.0,0.21,50.0,0.84,37.5,0.32,1.37,0.11,30.98,0.63,0.32,46.73,84.27,23.21,76.02,3.47,90.91,16.38,96.15,38.65,89.95,8.09,57.14,21.33,40.03,0.0,0.11,0.0,0.21,0.0,0.0,0.0,9.14,67.82,1.26,33.33,1.05,40.0,0.32,0.0,9.98,78.95,0,,0,,0,0.0,0.0,0.0,,,1.47,,,0.0,0.0,0.0,0.0,0,0.0
Emil Valen,Team 1,Team 1,"RCMF, DMF, RDMF",26,400000,,6,366,0,0.12,0,0.0,13.03,37.74,Morocco,Morocco,right,170,71,yes,5.66,6.39,34.62,1.97,25.0,0.0,0.0,0.25,3.44,5.38,1.72,1,0.25,0,0.0,0.49,0.0,0,0.0,0.03,0,0.0,6,1.48,16.67,0.0,0.0,0.74,0.0,0.0,0.0,0.74,0.0,0.0,0.49,50.0,3.2,38.46,0.74,0.49,0.0,15.49,0.49,1.23,24.1,78.57,6.89,75.0,3.2,100.0,8.85,77.78,20.9,80.0,2.46,90.0,17.9,29.7,0.0,0.0,0.0,0.0,0.0,0.0,0.0,2.21,77.78,1.48,50.0,0.25,0.0,0.74,0.0,3.69,66.67,0,,0,,0,0.0,0.0,0.0,,,0.0,,,0.0,0.0,0.0,0.0,0,0.0
Finnegan Kensington,Team 1,Team 1,CF,35,350000,,10,594,2,2.73,0,0.25,20.45,34.07,Belgium,Belgium,right,185,80,yes,3.03,3.33,50.0,8.33,32.73,0.15,0.25,0.0,1.21,2.03,1.97,4,0.61,0,0.0,1.06,0.3,2,0.3,0.41,2,0.3,18,2.73,33.33,11.111,0.0,0.3,50.0,0.0,0.0,0.3,50.0,0.15,0.3,0.0,5.61,29.73,3.79,0.3,0.0,8.64,0.76,1.36,13.48,68.54,2.73,38.89,3.18,85.71,4.7,80.65,12.88,69.41,0.3,50.0,14.26,6.68,0.04,0.3,0.0,0.0,0.0,0.0,0.3,1.36,44.44,0.76,40.0,0.15,0.0,0.3,0.15,1.06,57.14,0,,0,,0,0.0,0.0,0.0,,,0.0,,,0.0,0.0,0.0,0.0,0,0.0
Malcolm Ellington,Team 1,Team 1,GK,37,300000,2027-12-31,9,919,0,0.0,0,0.0,0.78,75.0,Netherlands,Netherlands,right,190,87,yes,1.18,0.2,50.0,0.49,80.0,0.0,0.0,0.0,1.08,1.73,0.0,2,0.2,0,0.0,0.0,0.0,0,0.0,0.0,0,0.0,0,0.0,0.0,0.0,0.0,0.0,0.0,0.0,0.0,0.0,0.0,0.0,0.0,0.0,0.1,100.0,0.0,0.0,0.0,4.9,0.29,0.2,10.58,87.96,5.58,82.46,0.0,0.0,4.6,97.87,7.34,96.0,3.23,69.7,32.97,48.97,0.0,0.0,0.0,0.0,0.0,0.0,0.0,1.27,53.85,0.0,0.0,0.0,0.0,0.0,0.0,2.55,76.92,12,1.18,46,4.5,4,73.91,9.08,0.89,-2.92,-0.286,0.0,1.37,0.49,,,,0.0,0,0.0
Simon Stansfield,Team 1,Team 1,"RCB, LCB",33,250000,,6,457,0,0.26,0,0.0,11.62,50.85,Scotland,Scotland,right,184,83,yes,8.07,5.12,57.69,4.33,36.36,0.2,0.32,0.2,4.92,7.89,0.98,0,0.0,0,0.0,0.2,0.0,0,0.0,0.05,0,0.0,2,0.39,50.0,0.0,0.0,0.0,0.0,0.0,0.0,0.0,0.0,0.0,0.0,0.0,0.39,50.0,0.79,0.0,0.0,23.63,0.2,0.39,34.86,88.14,16.94,80.23,2.56,92.31,12.6,96.88,30.53,93.55,4.33,50.0,19.44,33.91,0.0,0.0,0.0,0.0,0.0,0.0,0.0,2.36,58.33,0.0,0.0,0.0,0.0,0.0,0.0,6.3,65.63,0,,0,,0,0.0,0.0,0.0,,,1.77,,,0.0,0.0,0.0,0.0,0,0.0
Quinn Davenport,Team 1,Team 1,"LWF, LW, LAMF",32,250000,,7,337,0,0.57,0,0.22,14.15,52.83,Cameroon,"Cameroon, Spain",right,176,67,yes,7.21,5.07,68.42,1.87,71.43,0.27,0.43,0.27,3.47,5.65,0.8,1,0.27,0,0.0,2.67,0.0,0,0.0,0.15,0,0.0,6,1.6,33.33,0.0,0.0,2.94,27.27,1.87,28.57,1.07,25.0,0.0,2.4,55.56,5.88,36.36,1.87,1.34,0.27,23.77,2.4,0.53,36.59,75.18,9.08,58.82,5.61,95.24,15.49,82.76,30.45,79.82,3.2,75.0,18.42,24.06,0.06,0.8,0.0,0.0,0.0,0.0,0.8,3.47,38.46,3.2,41.67,0.27,100.0,0.53,0.8,5.34,70.0,0,,0,,0,0.0,0.0,0.0,,,0.0,,,0.27,0.0,0.0,0.27,0,0.0
Lars Ellington,Team 1,Team 1,CF,27,250000,2026-10-31,10,598,5,3.35,1,0.29,20.17,38.06,Croatia,Croatia,right,182,73,yes,3.01,2.11,64.29,6.02,32.5,0.3,0.53,0.0,1.35,2.37,0.6,1,0.15,0,0.0,3.01,0.75,4,0.6,0.5,0,0.0,19,2.86,57.89,26.316,0.15,0.9,33.33,0.3,50.0,0.6,25.0,0.15,2.71,38.89,9.18,37.7,4.06,0.6,0.15,12.19,1.51,2.41,17.31,75.65,5.12,67.65,4.52,83.33,5.27,82.86,15.8,80.0,0.6,25.0,16.65,13.34,0.04,0.3,0.0,0.0,0.0,0.0,0.3,2.11,57.14,0.75,80.0,0.15,0.0,0.6,0.3,1.81,83.33,0,,0,,0,0.0,0.0,0.0,,,0.0,,,0.15,0.15,0.0,0.0,1,100.0
Maxim Hawthorne,Team 1,Team 1,"LCB, RCB, CB",33,200000,2027-06-30,9,889,0,0.0,0,0.0,12.25,57.85,Brazil,Brazil,right,192,78,yes,5.97,4.25,50.0,6.18,63.93,0.1,0.16,0.51,3.75,5.97,0.61,1,0.1,0,0.0,0.2,0.0,0,0.0,0.0,0,0.0,0,0.0,0.0,0.0,0.0,0.51,20.0,0.4,0.0,0.0,0.0,0.2,0.1,100.0,0.81,37.5,0.4,0.51,0.0,22.88,0.3,0.51,38.88,83.07,18.73,74.05,1.52,93.33,16.3,94.41,28.95,90.56,9.42,63.44,25.27,39.89,0.0,0.0,0.0,0.0,0.0,0.0,0.0,6.28,58.06,0.51,40.0,0.2,50.0,0.2,0.1,9.01,70.79,0,,0,,0,0.0,0.0,0.0,,,1.21,,,0.0,0.0,0.0,0.0,0,0.0
Soren Pemberton,Team 1,Team 1,"LCMF, LDMF",36,125000,,4,327,0,0.05,0,0.18,13.76,50.0,Norway,Norway,right,176,70,yes,8.26,4.68,47.06,3.3,33.33,1.93,3.23,0.0,4.13,6.92,1.93,2,0.55,0,0.0,1.1,0.0,0,0.0,0.01,0,0.0,2,0.55,0.0,0.0,0.0,0.55,50.0,0.55,50.0,0.0,0.0,0.0,0.83,100.0,2.48,88.89,0.28,0.28,0.0,33.85,0.28,1.38,45.14,84.15,16.79,67.21,4.95,94.44,17.61,95.31,39.08,88.03,5.5,60.0,18.93,33.03,0.05,0.55,0.0,0.0,0.0,0.0,0.28,7.16,57.69,1.38,40.0,0.83,0.0,0.28,0.28,6.61,75.0,0,,0,,0,0.0,0.0,0.0,,,0.55,,,0.0,0.0,0.0,0.0,0,0.0
Noah Hayward,Team 1,Team 1,"LB, LCB",36,100000,,9,871,0,0.21,0,0.01,12.19,49.15,Ukraine,"Ukraine, Spain",left,180,80,yes,6.51,5.37,53.85,2.79,37.04,0.0,0.0,0.1,3.62,5.77,1.34,1,0.1,0,0.0,0.72,0.0,0,0.0,0.02,0,0.0,4,0.41,25.0,0.0,0.0,1.24,8.33,1.24,8.33,0.0,0.0,0.21,1.14,45.45,2.69,57.69,0.41,1.45,0.41,23.04,1.34,0.83,36.27,75.78,16.02,65.81,5.27,92.16,9.61,80.65,30.28,84.64,4.86,36.17,20.08,40.43,0.0,0.21,0.1,0.0,0.31,0.0,0.0,7.13,63.77,1.55,26.67,0.72,28.57,0.21,0.1,6.82,59.09,0,,0,,0,0.0,0.0,0.0,,,0.31,,,0.0,0.0,0.0,0.0,0,0.0
Tristan Kren,Team 1,Team 1,"AMF, CF, RCMF",35,100000,2026-12-31,12,737,1,2.46,1,1.58,17.22,43.26,Greece,Greece,left,175,73,yes,5.98,4.27,51.43,2.56,14.29,0.37,0.58,0.12,3.42,5.45,1.47,2,0.24,0,0.0,3.42,0.12,1,0.12,0.3,1,0.12,22,2.69,45.45,4.545,0.12,1.47,66.67,1.1,66.67,0.37,66.67,0.0,1.47,75.0,5.74,59.57,2.44,1.59,0.12,32.12,1.34,2.93,40.54,77.41,11.72,62.5,8.3,88.24,14.04,86.96,33.09,81.18,6.11,58.0,18.88,29.44,0.19,1.22,0.12,0.0,0.24,50.0,0.24,6.84,64.29,3.66,60.0,1.1,22.22,1.1,0.98,6.35,76.92,0,,0,,0,0.0,0.0,0.0,,,0.12,,,1.59,0.49,75.0,0.37,0,0.0
Xavier Davenport,Team 1,Team 1,LCB,30,50000,2027-06-30,3,297,0,0.0,0,0.0,7.27,62.5,Ireland,Ireland,left,190,83,yes,5.76,4.55,80.0,2.12,28.57,0.3,0.47,0.0,1.82,2.81,0.61,0,0.0,0,0.0,0.0,0.0,0,0.0,0.0,0,0.0,0,0.0,0.0,0.0,0.0,0.3,0.0,0.3,0.0,0.0,0.0,0.0,0.0,0.0,0.0,0.0,0.0,0.91,0.0,17.88,0.91,0.0,27.88,89.13,12.73,85.71,0.61,100.0,12.42,90.24,24.85,92.68,2.73,66.67,20.15,30.57,0.0,0.0,0.0,0.0,0.0,0.0,0.0,3.94,76.92,0.3,0.0,0.0,0.0,0.0,0.0,5.76,73.68,0,,0,,0,0.0,0.0,0.0,,,0.61,,,0.0,0.0,0.0,0.0,0,0.0
Tristan Pemberton,Team 1,Team 1,"RAMF, RW, CF",23,100000,2027-04-30,5,186,0,0.17,0,0.83,15.97,36.36,Cameroon,Cameroon,right,165,68,yes,3.39,4.84,40.0,2.9,33.33,0.0,0.0,0.0,1.45,2.09,2.9,0,0.0,0,0.0,1.94,0.0,0,0.0,0.08,0,0.0,2,0.97,50.0,0.0,0.0,2.42,40.0,0.0,0.0,2.42,40.0,0.48,0.97,50.0,5.81,33.33,2.9,2.42,0.48,9.19,1.45,1.45,11.61,70.83,2.9,66.67,2.42,100.0,1.94,75.0,9.19,78.95,0.0,0.0,17.18,0.0,0.4,1.94,0.0,0.0,0.0,0.0,1.94,0.0,0.0,1.45,66.67,0.0,0.0,0.97,0.97,1.94,75.0,0,,0,,0,0.0,0.0,0.0,,,0.0,,,0.0,0.0,0.0,0.0,0,0.0
Lars Halston,Team 1,Team 1,"LAMF, LWF, LW",23,250000,2026-10-31,5,229,0,0.22,0,0.13,20.44,53.85,Uruguay,Uruguay,right,179,71,yes,1.57,3.14,25.0,1.57,75.0,0.0,0.0,0.0,0.79,1.4,1.18,0,0.0,0,0.0,5.5,0.0,0,0.0,0.09,0,0.0,5,1.97,0.0,0.0,0.0,5.11,30.77,4.72,33.33,0.39,0.0,1.18,7.47,52.63,12.97,54.55,1.97,1.57,0.39,17.29,1.97,3.54,25.15,71.88,5.11,69.23,5.9,100.0,9.83,64.0,19.26,81.63,0.79,100.0,16.27,17.74,0.05,0.39,0.0,0.0,0.0,0.0,0.39,1.18,33.33,5.9,46.67,0.39,100.0,0.79,1.97,3.93,80.0,0,,0,,0,0.0,0.0,0.0,,,0.0,,,0.0,0.0,0.0,0.0,0,0.0
Casper Hayward,Team 1,Team 1,"DMF, LDMF, LCMF",30,250000,,5,251,0,0.0,0,0.0,17.21,47.92,Paraguay,Paraguay,right,186,79,yes,8.96,7.89,45.45,2.87,37.5,0.72,1.07,0.0,4.66,6.96,2.51,2,0.72,0,0.0,1.08,0.0,0,0.0,0.0,0,0.0,1,0.36,0.0,0.0,0.0,0.36,0.0,0.0,0.0,0.36,0.0,0.36,1.08,100.0,3.94,63.64,0.0,0.0,0.0,31.2,0.0,0.72,42.31,88.98,10.76,83.33,3.94,100.0,21.87,93.44,39.8,90.99,2.15,66.67,18.96,35.24,0.0,0.0,0.0,0.0,0.0,0.0,0.0,8.61,79.17,0.72,50.0,0.0,0.0,0.0,0.0,5.74,81.25,0,,0,,0,0.0,0.0,0.0,,,0.0,,,0.0,0.0,0.0,0.0,0,0.0
Dorian Stansfield,Team 1,Team 1,"RB, RW",19,250000,,6,189,0,0.0,0,0.21,15.71,36.36,Iceland,"Iceland, Spain",right,178,71,yes,4.76,4.29,33.33,5.24,45.45,0.48,0.79,0.0,2.86,4.74,1.9,1,0.48,0,0.0,0.95,0.0,0,0.0,0.0,0,0.0,0,0.0,0.0,0.0,0.0,3.33,28.57,0.0,0.0,3.33,28.57,0.0,0.0,0.0,2.38,20.0,1.9,0.0,0.0,28.1,2.86,1.43,37.62,69.62,15.71,63.64,3.81,87.5,11.43,62.5,28.1,79.66,6.19,46.15,21.95,29.59,0.1,1.43,0.95,0.0,0.0,0.0,0.0,7.14,40.0,5.24,54.55,1.43,66.67,1.9,0.95,9.52,65.0,0,,0,,0,0.0,0.0,0.0,,,0.0,,,0.95,0.0,0.0,0.95,0,0.0
Graham Vance,Team 1,Team 1,"RB, RWB",33,250000,,10,884,0,0.1,1,1.18,12.83,51.59,Denmark,Denmark,right,175,68,yes,6.62,5.19,54.9,2.14,38.1,0.0,0.0,0.2,3.77,6.45,2.14,2,0.2,0,0.0,1.93,0.0,0,0.0,0.01,0,0.0,3,0.31,33.33,0.0,0.1,3.67,38.89,0.0,0.0,3.67,38.89,0.2,0.61,66.67,3.05,56.67,0.31,2.14,0.51,24.23,1.83,1.02,34.0,73.95,14.36,67.38,4.48,95.45,9.37,69.57,26.27,82.95,4.38,46.51,20.08,41.16,0.12,1.43,0.1,0.0,0.0,0.0,0.41,6.52,62.5,3.67,50.0,0.1,0.0,0.61,1.43,8.25,79.01,0,,0,,0,0.0,0.0,0.0,,,0.41,,,1.22,0.1,0.0,2.85,0,0.0
Christian Hayward,Team 1,Team 1,"LAMF, LW",16,300000,,4,96,0,0.03,0,0.36,20.63,54.55,Uruguay,Uruguay,right,174,67,yes,4.69,2.81,100.0,1.88,50.0,0.0,0.0,0.0,1.88,4.29,0.0,0,0.0,0,0.0,7.5,0.0,0,0.0,0.03,0,0.0,1,0.94,0.0,0.0,0.0,3.75,75.0,2.81,66.67,0.94,100.0,0.94,8.44,55.56,14.06,46.67,4.69,2.81,0.0,15.94,1.88,1.88,22.5,87.5,2.81,66.67,7.5,100.0,8.44,77.78,16.88,100.0,1.88,0.0,16.08,24.06,0.34,2.81,0.0,0.0,0.0,0.0,0.94,1.88,50.0,2.81,66.67,0.0,0.0,0.94,2.81,3.75,100.0,0,,0,,0,0.0,0.0,0.0,,,0.0,,,0.0,0.0,0.0,1.88,0,0.0
Casper Thorpe,Team 1,Team 1,LAMF,20,600000,,1,4,0,0.0,0,0.0,,,South Korea,South Korea,right,175,67,yes,,,,,,,0.0,,,0.0,,0,,0,,,,0,,,0,,0,,,0.0,,,,,,,,,,,,,,,,,,,,,,,,,,,,,,,0.0,0.0,,,,,,,,,,,,,,,,,,0,,0,,0,0.0,0.0,,,,,,,,,,,0,0.0
Xavier Bradford,Team 1,Team 1,RCMF,21,400000,,1,9,0,0.0,0,0.0,,,Netherlands,Netherlands,right,181,74,yes,,,,,,,0.0,,,0.0,,0,,0,,,,0,,,0,,0,,,0.0,,,,,,,,,,,,,,,,,,,,,,,,,,,,,,,0.0,0.0,,,,,,,,,,,,,,,,,,0,,0,,0,0.0,0.0,,,,,,,,,,,0,0.0
Isaac Ravensdale,Team 1,Team 1,LCB,19,300000,,1,16,0,0.0,0,0.0,,,Morocco,"Morocco, Portugal",right,185,80,yes,,,,,,,0.0,,,0.0,,0,,0,,,,0,,,0,,0,,,0.0,,,,,,,,,,,,,,,,,,,,,,,,,,,,,,,0.0,0.0,,,,,,,,,,,,,,,,,,0,,0,,0,0.0,0.0,,,,,,,,,,,0,0.0
Isaac Ellington,Team 1,Team 1,"CF, RAMF",20,350000,,3,58,0,0.09,0,0.0,20.17,53.85,Mexico,Mexico,right,186,77,yes,9.31,6.21,100.0,1.55,0.0,1.55,3.33,0.0,1.55,3.33,0.0,0,0.0,0,0.0,3.1,0.0,0,0.0,0.13,0,0.0,1,1.55,100.0,0.0,0.0,0.0,0.0,0.0,0.0,0.0,0.0,0.0,3.1,50.0,10.86,28.57,4.66,1.55,1.55,9.31,1.55,3.1,9.31,100.0,3.1,100.0,1.55,100.0,1.55,100.0,9.31,100.0,0.0,0.0,11.58,0.0,0.0,0.0,0.0,0.0,0.0,0.0,0.0,0.0,0.0,0.0,0.0,0.0,0.0,3.1,0.0,1.55,100.0,0,,0,,0,0.0,0.0,0.0,,,0.0,,,0.0,0.0,0.0,0.0,0,0.0
Caleb Northfield,Team 1,Team 1,CF,22,300000,2027-12-31,3,35,0,0.33,0,0.0,,,Uruguay,Uruguay,left,190,78,yes,,,,,,,0.0,,,45.0,,1,,0,,,,0,,,0,,1,,,0.0,,,,,,,,,,,,,,,,,,,,,,,,,,,,,,,13.6,0.0,,,,,,,,,,,,,,,,,,0,,0,,0,0.0,0.0,,,,,,,,,,,0,0.0
Nathan Vanderveer,Team 1,Team 1,"RB, RWB",20,200000,,3,208,0,0.0,0,0.32,6.49,46.67,Serbia,Serbia,right,175,74,yes,5.19,3.03,42.86,1.3,66.67,0.43,0.65,0.43,3.46,5.22,0.87,1,0.43,0,0.0,1.73,0.0,0,0.0,0.0,0,0.0,0,0.0,0.0,0.0,0.0,2.6,50.0,0.0,0.0,2.6,50.0,0.0,1.3,33.33,1.73,50.0,0.87,0.87,0.43,22.93,2.16,0.43,30.29,77.14,7.36,41.18,5.19,91.67,14.28,87.88,25.1,87.93,3.03,0.0,16.71,28.58,0.14,1.3,0.0,0.0,0.0,0.0,0.43,5.63,46.15,3.46,37.5,1.3,0.0,0.43,1.73,6.49,73.33,0,,0,,0,0.0,0.0,0.0,,,0.0,,,0.43,0.0,0.0,0.87,0,0.0
Alastair Vance,Team 1,Team 1,"RCMF, AMF",27,250000,,13,898,0,0.71,2,0.95,19.74,46.19,France,"France, Germany",right,178,73,yes,5.61,5.91,50.85,1.9,26.32,0.8,1.38,0.3,1.8,3.1,1.4,3,0.3,0,0.0,2.41,0.0,0,0.0,0.07,0,0.0,18,1.8,22.22,0.0,0.2,1.8,16.67,0.7,0.0,1.1,27.27,0.2,2.81,57.14,9.72,50.52,1.0,1.7,0.2,23.75,1.2,2.31,32.67,76.07,10.92,65.14,4.61,82.61,13.73,82.48,27.76,84.48,3.21,34.38,19.59,31.03,0.09,1.6,0.0,0.1,0.4,25.0,0.5,5.71,64.91,3.21,25.0,1.2,16.67,0.6,0.4,5.91,66.1,0,,0,,0,0.0,0.0,0.0,,,0.1,,,0.6,0.2,0.0,1.5,0,0.0
Lars Stafford,Team 1,Team 1,CB,37,200000,,2,187,0,0.31,0,0.0,12.51,57.69,Ireland,Ireland,right,188,84,yes,7.22,4.33,66.67,4.33,66.67,0.0,0.0,0.0,4.33,6.59,0.96,0,0.0,0,0.0,0.0,0.0,0,0.0,0.15,0,0.0,2,0.96,0.0,0.0,0.0,0.0,0.0,0.0,0.0,0.0,0.0,0.0,0.0,0.0,0.96,50.0,0.96,0.48,0.0,17.33,0.0,0.96,25.51,90.57,8.66,83.33,1.93,100.0,10.11,100.0,24.06,90.0,1.44,100.0,17.44,27.19,0.0,0.0,0.0,0.0,0.0,0.0,0.0,0.96,100.0,0.0,0.0,0.0,0.0,0.0,0.0,1.93,50.0,0,,0,,0,0.0,0.0,0.0,,,0.96,,,0.0,0.0,0.0,0.0,0,0.0
Hugo Barrington,Team 1,Team 1,"LAMF, LWB, LW",35,250000,,10,450,0,0.08,1,0.5,15.2,52.63,Ukraine,"Ukraine, Italy",left,169,63,yes,5.6,6.0,46.67,2.4,50.0,0.2,0.34,0.0,2.6,4.43,2.4,2,0.4,0,0.0,2.4,0.0,0,0.0,0.02,0,0.0,2,0.4,0.0,0.0,0.2,3.2,31.25,3.2,31.25,0.0,0.0,0.4,1.6,87.5,3.6,61.11,1.4,2.2,0.0,18.8,2.8,1.4,25.8,65.89,8.4,59.52,5.4,88.89,6.0,70.0,21.4,71.96,1.4,57.14,17.17,13.78,0.1,0.6,0.0,0.0,0.0,0.0,0.2,2.4,58.33,2.8,35.71,0.0,0.0,0.8,1.0,6.0,66.67,0,,0,,0,0.0,0.0,0.0,,,0.6,,,0.0,0.0,0.0,0.2,0,0.0
Viktor Chamberlain,Team 1,Team 1,"LCB, LB",31,300000,,4,328,0,0.12,0,0.56,10.98,60.0,Czech Republic,"Czech Republic, Spain",left,177,73,yes,5.49,2.47,33.33,1.92,42.86,0.55,0.9,0.55,4.12,6.72,1.1,1,0.27,0,0.0,3.57,0.0,0,0.0,0.03,0,0.0,8,2.2,12.5,0.0,0.0,3.29,58.33,3.02,54.55,0.27,100.0,0.27,1.65,83.33,4.94,83.33,0.55,1.65,0.27,29.09,1.65,2.74,39.79,86.9,12.9,80.85,3.02,90.91,16.46,90.0,31.28,92.98,5.21,68.42,21.17,32.6,0.15,1.37,0.0,0.0,0.0,0.0,0.55,6.59,79.17,3.29,75.0,0.82,100.0,0.55,1.92,9.6,77.14,0,,0,,0,0.0,0.0,0.0,,,0.27,,,1.37,0.55,0.0,2.2,0,0.0
Oscar Oakley,Team 1,Team 1,GK,30,250000,,4,387,0,0.0,0,0.0,0.23,100.0,Sweden,Sweden,right,188,83,yes,2.09,0.0,0.0,0.23,100.0,0.0,0.0,0.0,2.09,3.55,0.0,1,0.23,0,0.0,0.0,0.0,0,0.0,0.0,0,0.0,0,0.0,0.0,0.0,0.0,0.0,0.0,0.0,0.0,0.0,0.0,0.0,0.0,0.0,0.0,0.0,0.0,0.0,0.0,6.51,0.0,0.0,14.19,90.16,6.74,82.76,0.0,0.0,7.21,96.77,10.47,97.78,3.72,68.75,28.69,36.19,0.0,0.0,0.0,0.0,0.0,0.0,0.0,0.47,50.0,0.0,0.0,0.23,0.0,0.0,0.0,2.33,80.0,7,1.63,21,4.88,0,66.67,4.79,1.11,-2.21,-0.514,0.0,1.63,0.23,,,,0.0,0,0.0
Lucas Holbrook,Team 1,Team 1,"LB, LWB",30,200000,,7,322,0,0.0,0,0.75,15.37,52.73,Sweden,"Sweden, France",left,185,75,yes,8.39,6.71,62.5,2.24,62.5,0.84,1.25,0.56,3.35,5.0,3.07,2,0.56,1,0.28,1.12,0.0,0,0.0,0.0,0,0.0,1,0.28,0.0,0.0,0.0,2.52,44.44,2.52,44.44,0.0,0.0,0.0,0.28,0.0,2.8,50.0,0.84,0.56,0.0,19.84,2.24,1.68,28.23,70.3,9.22,63.64,2.52,77.78,10.06,75.0,22.92,75.61,2.8,50.0,16.86,31.4,0.21,1.68,0.0,0.0,0.0,0.0,0.84,2.24,62.5,3.07,45.45,0.28,0.0,0.84,1.12,7.27,57.69,0,,0,,0,0.0,0.0,0.0,,,0.0,,,0.0,0.0,0.0,0.28,0,0.0
Kasper Mercer,Team 26,Team 26,"RCMF, LCMF",25,1000000,,7,448,1,0.15,0,0.04,17.08,52.94,Scotland,"Scotland, Germany",right,177,77,yes,8.04,7.83,58.97,2.01,40.0,0.0,0.0,0.8,3.42,4.81,1.81,2,0.4,0,0.0,1.41,0.2,1,0.2,0.03,1,0.2,3,0.6,100.0,33.333,0.0,0.2,0.0,0.0,0.0,0.2,0.0,0.0,1.0,80.0,5.42,51.85,0.2,1.21,0.2,19.69,0.4,1.81,27.32,83.82,9.24,78.26,4.62,86.96,8.44,90.48,25.92,86.82,1.21,33.33,18.16,21.02,0.01,0.2,0.0,0.0,0.0,0.0,0.0,2.61,69.23,0.4,0.0,0.2,0.0,0.0,0.0,3.62,61.11,0,,0,,0,0.0,0.0,0.0,,,0.2,,,0.0,0.0,0.0,0.0,0,0.0
Marcus Fletcher,Team 26,Team 26,"RCMF, LCMF, LDMF",28,300000,2026-11-30,12,662,0,0.12,0,0.23,16.99,52.8,Ukraine,"Ukraine, Spain",right,176,68,yes,9.65,8.16,65.0,2.31,47.06,0.82,1.26,0.54,3.53,5.45,1.63,1,0.14,0,0.0,0.41,0.0,0,0.0,0.02,0,0.0,4,0.54,25.0,0.0,0.0,1.09,12.5,0.54,25.0,0.54,0.0,0.0,0.68,20.0,3.81,39.29,0.54,1.5,0.27,31.68,0.0,0.82,44.59,86.59,16.45,79.34,4.76,100.0,18.35,90.37,38.47,92.23,5.3,56.41,18.87,33.55,0.03,0.68,0.0,0.0,0.0,0.0,0.27,9.38,84.06,1.77,38.46,0.95,28.57,0.41,0.27,9.79,76.39,0,,0,,0,0.0,0.0,0.0,,,0.14,,,0.27,0.0,0.0,0.0,0,0.0
Quinn Montague,Team 26,Team 26,"CF, LW, LCMF",27,250000,,7,407,0,0.88,0,0.96,23.44,50.0,Netherlands,Netherlands,right,172,68,yes,6.19,4.86,68.18,3.1,50.0,0.88,1.48,0.22,1.99,3.33,0.88,1,0.22,0,0.0,3.76,0.0,0,0.0,0.19,0,0.0,10,2.21,30.0,0.0,0.0,1.55,42.86,1.11,20.0,0.22,100.0,0.0,4.64,52.38,11.94,51.85,3.1,2.65,0.44,25.21,0.66,3.32,34.72,87.9,9.29,80.95,6.19,92.86,11.72,88.68,32.06,90.34,1.11,80.0,17.68,17.99,0.21,1.99,0.0,0.0,0.22,0.0,0.22,5.09,82.61,3.1,64.29,0.22,0.0,1.99,0.66,5.31,100.0,0,,0,,0,0.0,0.0,0.0,,,0.0,,,0.22,0.0,0.0,2.21,0,0.0
Ethan Lowell,Team 26,Team 26,GK,24,200000,,10,986,0,0.0,0,0.0,0.64,100.0,Wales,"Wales, Portugal",right,190,82,yes,0.64,0.09,100.0,0.46,100.0,0.0,0.0,0.0,0.55,0.87,0.0,1,0.09,0,0.0,0.0,0.0,0,0.0,0.0,0,0.0,0,0.0,0.0,0.0,0.0,0.0,0.0,0.0,0.0,0.0,0.0,0.0,0.0,0.0,0.09,100.0,0.0,0.0,0.0,6.3,0.18,0.27,11.5,76.19,6.02,56.06,0.0,0.0,4.93,98.15,7.39,95.06,4.11,42.22,35.32,52.27,0.0,0.0,0.0,0.0,0.0,0.0,0.0,1.83,30.0,0.18,0.0,0.37,25.0,0.0,0.0,2.83,54.84,11,1.0,35,3.19,3,68.57,10.26,0.94,-0.74,-0.068,0.0,1.0,0.46,,,,0.0,0,0.0
Sebastian Redmond,Team 26,Team 26,"LDMF, RCMF",26,200000,2026-12-31,2,50,0,0.03,0,0.0,9.0,20.0,Ukraine,"Ukraine, Spain",right,180,78,yes,3.6,5.4,0.0,1.8,100.0,0.0,0.0,0.0,3.6,8.57,3.6,0,0.0,0,0.0,0.0,0.0,0,0.0,0.05,0,0.0,1,1.8,0.0,0.0,0.0,0.0,0.0,0.0,0.0,0.0,0.0,0.0,0.0,0.0,0.0,0.0,0.0,3.6,0.0,61.2,3.6,0.0,79.2,100.0,19.8,100.0,3.6,100.0,41.4,100.0,75.6,100.0,3.6,100.0,16.72,11.74,0.01,1.8,0.0,0.0,0.0,0.0,0.0,16.2,100.0,1.8,100.0,1.8,100.0,3.6,0.0,7.2,100.0,0,,0,,0,0.0,0.0,0.0,,,0.0,,,0.0,0.0,0.0,0.0,0,0.0
Alastair Mercer,Team 26,Team 26,GK,40,200000,2026-11-30,4,402,0,0.0,0,0.0,2.01,77.78,Cameroon,Cameroon,right,192,92,yes,2.01,0.45,50.0,1.34,100.0,0.0,0.0,0.0,1.79,2.7,0.0,0,0.0,0,0.0,0.0,0.0,0,0.0,0.0,0,0.0,0,0.0,0.0,0.0,0.0,0.0,0.0,0.0,0.0,0.0,0.0,0.0,0.0,0.0,0.22,0.0,0.0,0.0,0.0,9.63,0.0,0.22,17.46,80.77,9.18,63.41,0.0,0.0,7.61,100.0,9.63,95.35,7.84,62.86,33.41,46.1,0.0,0.0,0.0,0.0,0.0,0.0,0.0,1.34,16.67,0.0,0.0,0.0,0.0,0.0,0.0,4.7,66.67,4,0.9,18,4.03,2,77.78,3.35,0.75,-0.65,-0.146,0.0,2.01,1.34,,,,0.0,0,0.0
Malcolm Winslow,Team 26,Team 26,"LCB, RCB",25,100000,2026-11-30,5,420,0,0.04,0,0.0,13.07,62.3,South Korea,South Korea,left,186,84,yes,11.57,6.43,73.33,3.21,40.0,0.0,0.0,0.43,6.86,9.6,1.93,2,0.43,0,0.0,0.43,0.0,0,0.0,0.01,0,0.0,2,0.43,0.0,0.0,0.0,0.0,0.0,0.0,0.0,0.0,0.0,0.0,0.43,100.0,1.29,83.33,0.0,1.5,0.43,33.0,0.86,0.43,51.86,89.26,27.0,84.92,2.14,100.0,18.21,95.29,47.57,93.24,4.29,45.0,19.63,43.01,0.0,0.0,0.0,0.0,0.0,0.0,0.0,7.93,83.78,0.43,0.0,0.21,0.0,0.21,0.0,12.0,80.36,0,,0,,0,0.0,0.0,0.0,,,1.29,,,0.0,0.0,0.0,0.0,0,0.0
Alexander Hayward,Team 26,Team 26,"CF, AMF",24,400000,,11,687,2,4.11,0,0.39,18.34,33.57,Georgia,Georgia,right,183,77,yes,2.88,2.49,47.37,4.06,29.03,0.0,0.0,0.0,1.7,2.93,1.05,0,0.0,0,0.0,4.06,0.26,2,0.26,0.54,1,0.13,36,4.72,50.0,5.556,0.0,0.39,0.0,0.13,0.0,0.26,0.0,0.0,2.88,59.09,9.69,36.49,3.67,1.97,0.26,20.31,2.1,0.92,24.1,80.98,5.76,65.91,6.03,93.48,7.6,86.21,23.19,83.05,0.52,50.0,15.94,7.87,0.05,1.05,0.13,0.0,0.13,0.0,0.39,2.49,73.68,1.18,66.67,0.13,0.0,1.05,0.0,2.49,68.42,0,,0,,0,0.0,0.0,0.0,,,0.26,,,0.0,0.0,0.0,0.0,0,0.0
Alastair Waverley,Team 26,Team 26,"RDMF, LCMF, AMF",25,250000,2026-11-30,5,165,0,0.06,0,0.08,11.45,28.57,Italy,Italy,left,177,80,yes,1.09,2.18,0.0,2.18,25.0,0.55,1.07,0.0,0.55,1.07,1.09,0,0.0,0,0.0,1.09,0.0,0,0.0,0.03,0,0.0,8,4.36,0.0,0.0,0.0,1.64,33.33,0.0,0.0,1.64,33.33,0.0,1.64,33.33,4.91,33.33,1.09,1.64,0.0,37.64,2.18,0.55,43.09,89.87,6.55,66.67,12.0,95.45,19.64,91.67,38.73,92.96,2.73,80.0,19.6,21.24,0.05,1.64,0.0,0.0,0.0,0.0,0.55,3.27,100.0,2.73,20.0,0.0,0.0,0.0,0.55,2.73,100.0,0,,0,,0,0.0,0.0,0.0,,,0.0,,,1.09,1.09,0.0,1.09,0,0.0
Owen Barrington,Team 26,Team 26,LB,24,200000,2026-12-31,6,461,0,0.0,0,0.83,11.32,46.55,Argentina,Argentina,left,172,69,yes,6.83,4.49,56.52,2.73,50.0,0.39,0.6,0.39,3.9,6.0,0.98,1,0.2,0,0.0,2.34,0.0,0,0.0,0.0,0,0.0,1,0.2,0.0,0.0,0.0,4.69,41.67,4.69,41.67,0.0,0.0,0.39,0.98,40.0,2.34,33.33,0.2,1.17,0.59,30.26,1.17,0.2,42.56,78.9,14.06,70.83,7.61,97.44,16.2,78.31,31.82,87.73,6.64,61.76,21.26,28.15,0.16,2.15,0.0,0.0,0.0,0.0,0.78,5.86,70.0,4.49,39.13,0.78,25.0,0.39,1.37,9.96,66.67,0,,0,,0,0.0,0.0,0.0,,,0.2,,,2.54,0.2,0.0,1.76,0,0.0
Graham Ashford,Team 26,Team 26,"RW, LCMF, RAMF",26,175000,2026-11-30,5,228,0,0.02,1,0.31,20.92,41.51,Serbia,Serbia,right,178,71,yes,4.34,4.34,54.55,1.97,20.0,0.0,0.0,0.0,1.97,3.26,1.58,0,0.0,0,0.0,2.37,0.0,0,0.0,0.01,0,0.0,2,0.79,0.0,0.0,0.39,1.18,66.67,0.0,0.0,1.18,66.67,0.0,2.76,28.57,13.03,39.39,0.79,2.37,0.39,19.74,1.18,3.95,29.21,86.49,7.89,80.0,7.89,90.0,10.26,92.31,26.05,87.88,1.97,80.0,18.78,18.53,0.12,1.97,0.0,0.0,0.79,100.0,1.18,3.55,66.67,3.55,66.67,1.58,75.0,1.58,1.18,5.92,93.33,0,,0,,0,0.0,0.0,0.0,,,0.39,,,0.0,0.0,0.0,1.58,0,0.0
Henry Prescott,Team 26,Team 26,"LW, RCMF, RW",23,250000,2027-12-31,3,289,0,0.34,0,0.84,15.57,46.0,Poland,Poland,right,172,65,yes,6.85,5.29,70.59,1.56,40.0,0.62,1.0,0.62,2.49,4.0,0.62,0,0.0,0,0.0,2.8,0.0,0,0.0,0.11,0,0.0,8,2.49,12.5,0.0,0.0,1.56,40.0,0.62,50.0,0.93,33.33,0.0,3.43,54.55,7.47,33.33,3.11,0.93,0.62,23.67,1.25,0.93,28.96,81.72,7.79,68.0,7.16,86.96,9.97,84.38,26.16,86.9,1.25,25.0,16.01,15.76,0.26,1.87,0.31,0.0,0.0,0.0,0.62,4.67,80.0,3.11,50.0,0.31,0.0,0.93,0.62,4.05,92.31,0,,0,,0,0.0,0.0,0.0,,,0.0,,,1.87,0.31,0.0,4.67,0,0.0
Dorian Thornton,Team 26,Team 26,"DMF, LDMF, LW",26,250000,,4,65,0,0.0,0,0.0,12.46,66.67,Belgium,Belgium,right,184,75,yes,2.77,2.77,100.0,2.77,50.0,0.0,0.0,0.0,0.0,0.0,0.0,0,0.0,0,0.0,0.0,0.0,0,0.0,0.0,0,0.0,0,0.0,0.0,0.0,0.0,1.38,0.0,0.0,0.0,0.0,0.0,0.0,0.0,0.0,5.54,75.0,0.0,0.0,0.0,54.0,0.0,1.38,74.77,90.74,11.08,75.0,12.46,100.0,44.31,90.63,69.23,96.0,4.15,33.33,21.76,30.47,0.0,0.0,0.0,0.0,0.0,0.0,0.0,8.31,83.33,2.77,0.0,1.38,0.0,0.0,0.0,6.92,100.0,0,,0,,0,0.0,0.0,0.0,,,0.0,,,2.77,0.0,0.0,0.0,0,0.0
Nils Holbrook,Team 26,Team 26,"RCB, LCB",23,350000,,4,321,0,0.11,0,0.01,13.74,48.98,Norway,Norway,right,185,80,yes,7.85,4.77,58.82,6.73,41.67,0.0,0.0,0.84,5.05,8.57,1.12,0,0.0,0,0.0,0.28,0.0,0,0.0,0.03,0,0.0,2,0.56,0.0,0.0,0.0,0.56,50.0,0.0,0.0,0.56,50.0,0.0,0.28,0.0,1.4,40.0,0.84,1.12,0.0,37.29,0.28,0.56,49.35,87.5,21.31,77.63,1.68,100.0,23.55,96.43,44.02,94.9,4.77,23.53,22.18,36.74,0.0,0.28,0.0,0.0,0.0,0.0,0.28,6.45,82.61,0.28,100.0,0.0,0.0,0.0,0.28,8.97,68.75,0,,0,,0,0.0,0.0,0.0,,,1.12,,,0.0,0.0,0.0,0.0,0,0.0
Fabian Hensley,Team 26,Team 26,"RW, RAMF, RWF",22,200000,2026-11-30,11,604,1,3.06,0,0.49,15.05,49.5,Portugal,"Portugal, France",right,176,71,yes,3.87,2.83,52.63,1.04,28.57,0.0,0.0,0.15,2.38,3.81,0.75,1,0.15,0,0.0,3.87,0.15,1,0.15,0.46,0,0.0,15,2.24,33.33,6.667,0.0,3.58,20.83,1.34,22.22,2.24,20.0,0.45,3.58,66.67,9.39,52.38,3.58,2.68,0.15,16.84,1.34,1.94,22.35,73.33,3.87,61.54,4.77,93.75,8.64,74.14,17.73,84.03,1.19,75.0,18.49,11.45,0.07,1.49,0.0,0.0,0.0,0.0,0.45,1.19,87.5,2.68,27.78,0.0,0.0,0.75,0.89,2.98,75.0,0,,0,,0,0.0,0.0,0.0,,,0.0,,,0.15,0.0,0.0,0.0,0,0.0
Tristan Stansfield,Team 26,Team 26,CF,26,250000,2027-12-31,10,740,2,2.9,1,0.33,20.8,28.07,Greece,Greece,right,188,81,yes,2.07,1.34,54.55,8.64,28.17,0.24,0.36,0.12,1.09,1.62,1.09,2,0.24,0,0.0,0.97,0.24,1,0.12,0.35,0,0.0,11,1.34,63.64,18.182,0.12,0.12,100.0,0.0,0.0,0.12,100.0,0.12,0.12,0.0,6.81,21.43,2.68,0.12,0.0,7.05,0.97,1.58,11.68,76.04,2.68,59.09,4.01,93.94,2.55,71.43,11.31,77.42,0.24,0.0,13.92,4.97,0.04,0.36,0.0,0.0,0.12,0.0,0.24,1.22,60.0,0.97,37.5,0.12,0.0,0.49,0.12,1.22,60.0,0,,0,,0,0.0,0.0,0.0,,,0.0,,,0.0,0.0,0.0,0.0,1,100.0
Milo Blackwood,Team 26,Team 26,RB,23,200000,,14,1183,1,0.64,2,1.59,12.17,58.13,Czech Republic,Czech Republic,right,180,71,yes,4.72,4.26,66.07,2.28,60.0,0.0,0.0,0.15,1.9,2.96,0.68,1,0.08,0,0.0,2.36,0.08,1,0.08,0.05,0,0.0,8,0.61,25.0,12.5,0.15,4.11,35.19,0.0,0.0,4.03,35.85,0.15,1.45,52.63,3.5,56.52,1.07,1.98,0.15,31.72,1.9,0.68,41.08,79.07,13.54,70.79,5.63,97.3,15.75,83.09,31.57,89.88,5.63,48.65,22.22,33.87,0.12,1.45,0.0,0.0,0.08,0.0,0.53,6.16,64.2,3.58,44.68,0.23,0.0,0.61,1.45,8.22,75.0,0,,0,,0,0.0,0.0,0.0,,,0.38,,,0.08,0.0,0.0,1.29,0,0.0
Hugo Langley,Team 26,Team 26,"RW, RAMF, LAMF",26,150000,2026-11-30,9,239,0,0.36,0,0.26,22.22,37.29,South Korea,South Korea,right,180,71,yes,7.53,6.78,66.67,5.27,14.29,0.38,0.77,0.0,2.64,5.38,1.88,1,0.38,0,0.0,2.26,0.0,0,0.0,0.13,0,0.0,3,1.13,33.33,0.0,0.0,1.51,75.0,1.13,100.0,0.38,0.0,0.0,1.51,50.0,6.78,33.33,2.26,1.13,0.75,18.08,0.75,2.64,25.98,88.41,6.03,75.0,7.91,100.0,8.66,91.3,22.97,91.8,1.51,50.0,18.34,15.45,0.1,2.64,0.0,0.0,0.0,0.0,1.51,3.39,77.78,1.51,75.0,0.0,0.0,0.0,0.75,4.52,100.0,0,,0,,0,0.0,0.0,0.0,,,0.38,,,0.0,0.0,0.0,0.0,0,0.0
Colin Westlake,Team 26,Team 26,"CF, LW",25,250000,,13,974,4,1.21,0,1.23,21.44,46.12,Ghana,Ghana,right,186,79,yes,4.34,3.33,61.11,4.34,31.91,0.09,0.14,0.09,2.22,3.48,1.11,3,0.28,0,0.0,4.8,0.37,4,0.37,0.11,0,0.0,22,2.03,31.82,18.182,0.0,3.05,33.33,1.76,31.58,1.29,35.71,0.09,4.9,62.26,11.64,52.38,2.31,2.59,0.28,21.81,1.02,2.77,31.32,76.4,9.33,72.28,7.21,93.59,9.61,75.0,26.06,82.62,2.31,60.0,19.07,31.51,0.11,1.02,0.09,0.0,0.09,100.0,0.46,3.97,62.79,3.79,60.98,0.46,80.0,1.85,1.02,5.17,85.71,0,,0,,0,0.0,0.0,0.0,,,0.0,,,0.0,0.0,0.0,0.0,0,0.0
Anton Mercer,Team 26,Team 26,"RW, LW",23,250000,2027-04-30,4,143,0,0.18,0,0.04,25.8,43.9,United States,United States,right,177,67,yes,5.66,5.66,44.44,5.03,37.5,0.0,0.0,0.63,3.15,5.56,1.26,0,0.0,0,0.0,1.89,0.0,0,0.0,0.11,0,0.0,3,1.89,0.0,0.0,0.0,1.26,0.0,1.26,0.0,0.0,0.0,0.0,5.03,37.5,10.07,37.5,1.26,1.89,0.0,13.22,1.26,2.52,16.99,77.78,4.41,57.14,5.66,100.0,5.66,66.67,14.48,86.96,1.26,50.0,19.71,14.83,0.02,1.26,0.0,0.0,0.0,0.0,0.63,2.52,75.0,1.89,66.67,0.0,0.0,0.63,0.0,3.78,83.33,0,,0,,0,0.0,0.0,0.0,,,1.26,,,0.0,0.0,0.0,0.0,0,0.0
Dara Radcliffe,Team 26,Team 26,"LW, LAMF, LCMF",25,300000,2027-12-31,13,1088,0,2.02,1,0.48,20.51,48.79,Germany,Germany,right,177,71,yes,9.43,7.11,61.63,2.9,51.43,1.16,1.76,0.25,3.89,5.92,1.82,5,0.41,0,0.0,1.49,0.0,0,0.0,0.17,0,0.0,26,2.15,23.08,0.0,0.08,1.65,30.0,0.25,0.0,1.41,35.29,0.25,1.32,37.5,7.36,35.96,2.23,1.32,0.58,20.76,0.74,1.9,27.38,78.85,7.86,56.84,5.13,93.55,9.35,85.84,24.07,84.19,1.74,52.38,17.26,32.33,0.04,0.74,0.0,0.08,0.0,0.0,0.25,3.31,67.5,2.65,31.25,0.5,16.67,0.58,0.5,3.39,75.61,0,,0,,0,0.0,0.0,0.0,,,0.25,,,1.65,0.58,0.0,1.9,0,0.0
Dara Oakley,Team 26,Team 26,RB,26,200000,2026-11-30,6,230,0,0.03,1,0.63,15.26,56.41,Italy,Italy,right,178,67,yes,9.0,7.43,78.95,1.57,25.0,0.39,0.61,0.0,2.74,4.29,0.78,0,0.0,0,0.0,3.13,0.0,0,0.0,0.01,0,0.0,3,1.17,0.0,0.0,0.39,4.3,72.73,0.0,0.0,4.3,72.73,0.78,0.0,0.0,3.91,40.0,0.78,1.96,0.39,28.96,1.96,1.57,41.09,78.1,15.65,62.5,4.7,91.67,15.65,85.0,32.48,85.54,4.7,33.33,18.47,34.77,0.25,1.96,0.0,0.0,0.0,0.0,0.78,7.43,42.11,5.09,61.54,0.39,0.0,0.39,2.74,9.0,82.61,0,,0,,0,0.0,0.0,0.0,,,0.0,,,0.39,0.39,0.0,2.35,0,0.0
Dominic Aldridge,Team 26,Team 26,LCB,25,350000,2027-12-31,10,993,0,0.49,0,0.25,11.24,75.0,Albania,Albania,right,186,78,yes,7.43,3.53,84.62,4.8,73.58,0.18,0.27,0.54,4.26,6.38,0.45,2,0.18,0,0.0,0.36,0.0,0,0.0,0.04,0,0.0,8,0.73,12.5,0.0,0.0,0.27,33.33,0.18,50.0,0.09,0.0,0.09,0.27,66.67,1.27,64.29,0.63,1.81,0.18,34.98,0.54,0.27,53.56,87.48,19.21,73.58,1.72,94.74,28.55,95.24,47.67,92.59,5.71,46.03,23.25,42.38,0.02,0.18,0.0,0.0,0.0,0.0,0.09,7.98,56.82,1.27,28.57,0.82,33.33,0.54,0.18,8.7,73.96,0,,0,,0,0.0,0.0,0.0,,,1.27,,,0.0,0.0,0.0,0.0,0,0.0
Graham Prescott,Team 26,Team 26,"LCMF, LAMF, CF",36,175000,,3,73,0,0.09,0,0.0,8.63,57.14,Scotland,Scotland,right,175,72,yes,1.23,2.47,50.0,1.23,100.0,0.0,0.0,0.0,0.0,0.0,1.23,0,0.0,0,0.0,1.23,0.0,0,0.0,0.11,0,0.0,3,3.7,0.0,0.0,0.0,3.7,33.33,3.7,33.33,0.0,0.0,0.0,0.0,0.0,4.93,50.0,2.47,1.23,0.0,33.29,2.47,1.23,34.52,85.71,13.56,90.91,4.93,100.0,12.33,90.0,29.59,91.67,1.23,100.0,21.55,12.0,0.0,0.0,0.0,0.0,0.0,0.0,0.0,4.93,100.0,1.23,100.0,0.0,0.0,0.0,1.23,8.63,100.0,0,,0,,0,0.0,0.0,0.0,,,0.0,,,0.0,0.0,0.0,0.0,0,0.0
Elias Harrington,Team 26,Team 26,CF,34,500000,,8,218,1,1.76,0,0.0,23.94,31.03,Croatia,Croatia,right,186,79,yes,4.95,4.54,54.55,9.5,21.74,0.0,0.0,0.83,2.48,3.91,0.83,0,0.0,0,0.0,2.06,0.41,1,0.41,0.73,0,0.0,5,2.06,60.0,20.0,0.0,0.0,0.0,0.0,0.0,0.0,0.0,0.0,1.24,66.67,6.19,33.33,2.06,0.83,0.0,6.19,1.65,1.24,11.97,82.76,0.83,0.0,4.13,100.0,4.54,81.82,11.97,82.76,0.0,0.0,9.25,0.0,0.0,0.0,0.0,0.0,0.0,0.0,0.0,0.41,0.0,0.41,0.0,0.0,0.0,0.0,0.0,0.0,0.0,0,,0,,0,0.0,0.0,0.0,,,0.0,,,0.0,0.0,0.0,0.0,0,0.0
Xavier Hawthorne,Team 26,Team 26,LB,32,250000,,9,826,0,0.2,0,1.33,15.04,54.35,Ecuador,Ecuador,left,176,68,yes,7.95,5.99,76.36,1.2,18.18,0.0,0.0,0.33,3.38,5.5,0.98,3,0.33,0,0.0,2.51,0.0,0,0.0,0.02,0,0.0,7,0.76,14.29,0.0,0.0,3.05,28.57,2.94,29.63,0.11,0.0,0.54,2.72,56.0,5.88,40.74,0.44,3.6,0.33,37.05,1.31,0.76,48.16,88.01,14.93,85.4,7.08,100.0,17.43,86.25,41.73,95.56,3.49,46.88,19.29,31.98,0.15,1.31,0.0,0.11,0.11,0.0,0.44,8.28,84.21,3.05,39.29,0.44,0.0,0.44,0.98,9.15,86.9,0,,0,,0,0.0,0.0,0.0,,,0.22,,,1.42,0.22,50.0,0.65,0,0.0
Graham Drayton,Team 26,Team 26,"LCMF, RDMF, DMF",29,250000,,12,1020,0,0.58,0,0.0,18.18,56.31,Czech Republic,Czech Republic,right,185,71,yes,7.76,5.56,55.56,8.03,59.34,0.44,0.69,0.35,4.24,6.64,2.21,1,0.09,0,0.0,0.53,0.0,0,0.0,0.05,0,0.0,9,0.79,33.33,0.0,0.0,0.09,0.0,0.0,0.0,0.09,0.0,0.0,0.35,75.0,1.76,50.0,0.44,0.26,0.09,25.24,0.26,1.06,36.71,85.58,12.18,70.29,5.03,96.49,15.35,94.83,32.91,90.08,3.71,47.62,18.88,27.35,0.0,0.0,0.0,0.0,0.0,0.0,0.0,6.18,72.86,0.62,0.0,0.26,0.0,0.0,0.0,5.65,68.75,0,,0,,0,0.0,0.0,0.0,,,0.53,,,0.0,0.0,0.0,0.0,0,0.0
Alastair Grantham,Team 26,Team 26,"RWF, RW",29,450000,,2,55,0,0.0,0,0.0,18.0,27.27,England,England,left,182,76,yes,8.18,6.55,50.0,4.91,0.0,0.0,0.0,0.0,4.91,6.43,1.64,1,1.64,0,0.0,0.0,0.0,0,0.0,0.0,0,0.0,0,0.0,0.0,0.0,0.0,0.0,0.0,0.0,0.0,0.0,0.0,0.0,1.64,0.0,6.55,25.0,0.0,3.27,0.0,16.36,4.91,0.0,21.27,61.54,6.55,25.0,4.91,100.0,3.27,100.0,19.64,66.67,1.64,0.0,11.29,18.8,0.0,0.0,0.0,0.0,0.0,0.0,0.0,3.27,0.0,1.64,0.0,0.0,0.0,0.0,0.0,0.0,0.0,0,,0,,0,0.0,0.0,0.0,,,0.0,,,0.0,0.0,0.0,1.64,0,0.0
Dominic Fairfax,Team 26,Team 26,"RCB, CB",31,350000,2026-11-30,13,1267,0,0.93,0,0.3,12.29,56.65,Chile,Chile,right,191,82,yes,6.11,3.84,62.96,4.9,44.93,0.21,0.35,0.5,3.48,5.7,0.99,3,0.21,0,0.0,0.36,0.0,0,0.0,0.07,0,0.0,7,0.5,28.57,0.0,0.0,0.21,33.33,0.0,0.0,0.07,0.0,0.14,0.21,66.67,1.28,61.11,0.71,1.78,0.0,37.93,0.71,0.43,52.92,87.65,18.75,74.24,2.91,95.12,27.13,95.81,45.6,94.24,7.1,47.0,23.94,45.04,0.02,0.28,0.07,0.0,0.0,0.0,0.14,8.74,64.23,0.92,7.69,0.64,22.22,0.14,0.14,9.16,72.87,0,,0,,0,0.0,0.0,0.0,,,1.92,,,0.0,0.0,0.0,0.0,0,0.0
Simon Stafford,Team 38,Team 38,"RAMF, RWB, RCMF",25,250000,,12,870,1,0.89,1,1.38,13.14,42.52,Czech Republic,Czech Republic,right,170,63,yes,4.14,3.83,51.35,2.28,45.45,0.0,0.0,0.1,2.17,2.83,0.72,1,0.1,0,0.0,3.1,0.1,1,0.1,0.09,1,0.1,7,0.72,28.57,14.286,0.1,4.14,37.5,0.31,0.0,3.83,40.54,0.0,2.07,65.0,6.31,37.7,1.45,1.97,0.31,22.34,1.24,0.93,32.07,72.58,9.62,68.82,6.31,93.44,9.62,68.82,25.45,80.89,2.79,48.15,17.69,33.0,0.14,1.66,0.0,0.0,0.0,0.0,0.62,3.52,52.94,4.14,37.5,0.21,100.0,0.52,1.34,6.1,71.19,0,,0,,0,0.0,0.0,0.0,,,0.1,,,0.31,0.0,0.0,2.9,0,0.0
Cillian Thornton,Team 38,Team 38,LW,33,200000,,1,65,0,0.05,0,0.0,18.0,30.77,Paraguay,Paraguay,right,179,72,yes,19.38,4.15,66.67,8.31,33.33,0.0,0.0,1.38,16.62,17.14,1.38,0,0.0,0,0.0,0.0,0.0,0,0.0,0.07,0,0.0,1,1.38,0.0,0.0,0.0,0.0,0.0,0.0,0.0,0.0,0.0,0.0,1.38,0.0,4.15,0.0,2.77,0.0,0.0,19.38,1.38,0.0,33.23,75.0,11.08,87.5,1.38,100.0,9.69,57.14,31.85,73.91,1.38,100.0,14.0,32.66,0.0,0.0,0.0,0.0,0.0,0.0,0.0,1.38,100.0,0.0,0.0,0.0,0.0,0.0,0.0,5.54,50.0,0,,0,,0,0.0,0.0,0.0,,,0.0,,,0.0,0.0,0.0,0.0,0,0.0
Zachary Kessler,Team 38,Team 38,"LAMF, CF",38,150000,2026-12-31,10,693,2,3.24,1,1.73,18.18,42.14,Czech Republic,Czech Republic,right,170,68,yes,2.6,1.82,64.29,1.56,33.33,0.0,0.0,0.0,1.43,1.83,0.65,3,0.39,1,0.13,7.14,0.26,2,0.26,0.42,0,0.0,25,3.25,44.0,8.0,0.13,2.73,42.86,1.56,41.67,1.04,37.5,0.26,6.62,62.75,12.6,42.27,3.51,3.12,0.26,24.03,3.64,2.34,27.66,72.3,7.92,73.77,5.71,90.91,9.22,66.2,23.64,76.92,1.3,50.0,17.31,23.57,0.23,2.21,0.0,0.0,0.78,50.0,1.56,3.51,74.07,4.81,59.46,0.78,33.33,2.34,1.17,4.94,92.11,0,,0,,0,0.0,0.0,0.0,,,0.0,,,0.0,0.0,0.0,0.26,1,0.0
Bastien Mercer,Team 38,Team 38,"RAMF, LW, RW",33,100000,,6,154,0,0.05,0,0.06,25.13,46.51,Turkey,"Turkey, Italy",right,179,78,yes,2.92,2.92,80.0,3.51,16.67,0.0,0.0,0.0,0.58,0.77,1.17,1,0.58,0,0.0,4.09,0.0,0,0.0,0.03,0,0.0,4,2.34,0.0,0.0,0.0,4.09,14.29,0.58,0.0,3.51,16.67,0.0,5.84,60.0,17.53,43.33,0.0,1.17,0.0,23.38,2.92,3.51,30.39,73.08,5.26,44.44,5.26,100.0,15.19,73.08,24.55,88.1,2.34,0.0,18.67,24.55,0.03,0.58,0.0,0.0,0.0,0.0,0.0,4.09,57.14,4.68,12.5,1.17,0.0,0.0,1.17,4.09,42.86,0,,0,,0,0.0,0.0,0.0,,,0.0,,,1.17,0.0,0.0,2.34,0,0.0
Jonas Ellwood,Team 38,Team 38,AMF,31,100000,,12,976,2,1.6,1,2.29,12.63,38.69,Albania,Albania,left,170,73,yes,2.58,3.87,33.33,1.94,23.81,0.0,0.0,0.09,1.29,1.65,1.57,1,0.09,0,0.0,2.58,0.18,2,0.18,0.15,0,0.0,31,2.86,32.26,6.452,0.09,2.4,50.0,1.01,45.45,1.29,57.14,0.09,0.65,71.43,4.89,49.06,1.84,1.66,0.18,28.4,0.83,2.12,38.45,82.25,13.28,70.14,5.9,92.19,14.02,89.47,30.8,89.22,5.35,56.9,20.06,38.96,0.21,1.75,0.0,0.0,0.0,0.0,0.28,8.39,67.03,3.32,55.56,0.18,0.0,1.11,1.01,8.76,84.21,0,,0,,0,0.0,0.0,0.0,,,0.18,,,2.67,0.55,33.33,3.41,0,0.0
Nils Vance,Team 38,Team 38,GK,31,100000,,8,794,0,0.0,0,0.0,0.11,0.0,Denmark,Denmark,right,191,85,yes,0.57,0.0,0.0,0.11,0.0,0.0,0.0,0.0,0.57,0.72,0.0,0,0.0,0,0.0,0.0,0.0,0,0.0,0.0,0,0.0,0,0.0,0.0,0.0,0.0,0.0,0.0,0.0,0.0,0.0,0.0,0.0,0.0,0.0,0.0,0.0,0.0,0.0,0.0,2.61,0.0,0.0,7.71,88.24,4.19,83.78,0.0,0.0,3.06,92.59,5.33,97.87,2.27,70.0,32.14,58.21,0.0,0.0,0.0,0.0,0.0,0.0,0.0,0.79,85.71,0.0,0.0,0.0,0.0,0.0,0.0,1.81,93.75,9,1.02,29,3.29,3,68.97,8.16,0.93,-0.84,-0.095,0.0,1.47,0.11,,,,0.0,0,0.0
Xavier Prescott,Team 38,Team 38,GK,24,50000,2026-12-31,5,500,0,0.0,0,0.0,0.18,100.0,United States,United States,right,189,80,yes,0.54,0.0,0.0,0.18,100.0,0.0,0.0,0.0,0.54,0.67,0.0,1,0.18,0,0.0,0.0,0.0,0,0.0,0.0,0,0.0,0,0.0,0.0,0.0,0.0,0.0,0.0,0.0,0.0,0.0,0.0,0.0,0.0,0.0,0.0,0.0,0.0,0.0,0.0,0.72,0.0,0.0,5.94,72.73,3.6,60.0,0.0,0.0,2.16,91.67,3.78,95.24,2.16,33.33,34.04,52.12,0.0,0.0,0.0,0.0,0.0,0.0,0.0,0.54,0.0,0.0,0.0,0.0,0.0,0.0,0.0,1.08,66.67,7,1.26,24,4.32,1,70.83,5.73,1.03,-1.27,-0.229,0.0,1.62,0.18,,,,0.0,0,0.0
Theo Redmond,Team 38,Team 38,GK,27,50000,,3,198,0,0.0,0,0.0,0.0,0.0,Spain,Spain,left,200,96,yes,2.27,0.0,0.0,0.0,0.0,0.0,0.0,0.0,2.27,3.0,0.0,0,0.0,0,0.0,0.0,0.0,0,0.0,0.0,0,0.0,0,0.0,0.0,0.0,0.0,0.0,0.0,0.0,0.0,0.0,0.0,0.0,0.0,0.0,0.0,0.0,0.0,0.0,0.0,0.91,0.0,0.0,5.45,75.0,1.82,50.0,0.45,100.0,3.18,85.71,4.55,80.0,0.91,50.0,25.45,17.98,0.0,0.0,0.0,0.0,0.0,0.0,0.0,0.91,50.0,0.0,0.0,0.0,0.0,0.0,0.0,0.91,50.0,1,0.45,5,2.27,1,80.0,0.86,0.39,-0.14,-0.064,0.0,1.36,0.0,,,,0.0,0,0.0
Milo Thorpe,Team 38,Team 38,RW,19,175000,,1,26,0,0.0,0,0.0,,,Serbia,Serbia,right,176,71,yes,,,,,,,0.0,,,10.0,,0,,0,,,,0,,,0,,0,,,0.0,,,,,,,,,,,,,,,,,,,,,,,,,,,,,,,13.33,0.0,,,,,,,,,,,,,,,,,,0,,0,,0,0.0,0.0,,,,,,,,,,,0,0.0
Damian Fletcher,Team 38,Team 38,"LW, LAMF",21,150000,,2,57,0,0.0,0,0.0,22.11,35.71,Denmark,"Denmark, Germany",left,177,68,yes,4.74,4.74,66.67,0.0,0.0,0.0,0.0,0.0,1.58,2.5,1.58,0,0.0,0,0.0,4.74,0.0,0,0.0,0.0,0,0.0,0,0.0,0.0,0.0,0.0,3.16,50.0,3.16,50.0,0.0,0.0,0.0,3.16,100.0,15.79,30.0,0.0,0.0,0.0,18.95,1.58,1.58,25.26,68.75,4.74,66.67,4.74,100.0,9.47,83.33,22.11,71.43,1.58,100.0,21.27,24.51,0.0,0.0,0.0,0.0,0.0,0.0,0.0,3.16,50.0,3.16,0.0,0.0,0.0,0.0,0.0,4.74,33.33,0,,0,,0,0.0,0.0,0.0,,,0.0,,,0.0,0.0,0.0,0.0,0,0.0
Ethan Abernathy,Team 38,Team 38,RCB,25,150000,,4,312,0,0.24,0,0.06,11.83,73.17,Croatia,Croatia,right,189,86,yes,8.65,4.33,86.67,3.75,69.23,0.29,0.41,1.15,4.62,6.58,0.58,1,0.29,0,0.0,0.58,0.0,0,0.0,0.07,0,0.0,3,0.87,33.33,0.0,0.0,0.29,100.0,0.0,0.0,0.29,100.0,0.0,0.0,0.0,1.44,40.0,1.73,0.58,0.0,21.06,0.29,0.87,36.63,86.61,15.58,77.78,2.02,85.71,17.02,94.92,33.17,88.7,3.17,63.64,20.3,36.36,0.02,0.29,0.0,0.0,0.0,0.0,0.0,2.6,66.67,0.29,100.0,0.0,0.0,0.0,0.29,7.21,76.0,0,,0,,0,0.0,0.0,0.0,,,0.87,,,0.0,0.0,0.0,0.0,0,0.0
Rowan Yardley,Team 38,Team 38,"CF, AMF, LCMF",21,175000,,7,252,1,0.77,0,0.59,16.43,41.3,Cameroon,Cameroon,right,182,81,yes,3.21,3.57,70.0,2.14,16.67,0.0,0.0,0.0,0.71,0.95,0.36,0,0.0,0,0.0,5.36,0.36,1,0.36,0.28,0,0.0,4,1.43,50.0,25.0,0.0,5.0,42.86,2.14,33.33,2.86,50.0,0.36,5.0,50.0,10.36,37.93,1.07,2.5,0.36,22.86,1.43,1.79,30.36,76.47,7.5,71.43,5.0,100.0,10.71,80.0,24.29,85.29,1.43,25.0,20.09,21.37,0.21,2.86,0.0,0.0,0.0,0.0,1.07,3.21,88.89,4.64,53.85,0.36,0.0,1.07,2.14,6.43,83.33,0,,0,,0,0.0,0.0,0.0,,,0.0,,,1.07,0.36,0.0,1.79,0,0.0
Jasper Radcliffe,Team 38,Team 38,"LB, LWB",25,175000,,10,874,1,0.17,0,0.66,20.49,56.28,Hungary,Hungary,left,176,76,yes,9.27,8.34,62.96,1.96,47.37,0.41,0.51,0.0,3.6,4.47,1.34,3,0.31,0,0.0,4.12,0.1,1,0.1,0.02,0,0.0,5,0.51,20.0,20.0,0.0,4.12,40.0,4.12,40.0,0.0,0.0,0.31,3.71,63.89,8.44,57.32,0.82,2.68,0.0,26.77,0.82,1.54,38.82,77.72,14.62,74.65,3.91,78.95,12.97,78.57,31.0,87.38,4.02,41.03,19.25,34.04,0.07,1.03,0.0,0.0,0.0,0.0,0.31,7.11,72.46,4.32,40.48,0.31,33.33,0.41,1.54,11.02,79.44,0,,0,,0,0.0,0.0,0.0,,,0.1,,,0.1,0.0,0.0,0.1,0,0.0
Malcolm Stansfield,Team 38,Team 38,CF,37,175000,,11,366,1,1.66,0,0.07,20.66,33.33,Switzerland,Switzerland,left,185,78,yes,2.46,1.72,42.86,14.02,36.84,0.25,0.34,0.0,1.48,2.07,0.74,0,0.0,0,0.0,1.48,0.25,1,0.25,0.41,1,0.25,19,4.67,26.32,5.263,0.0,0.49,0.0,0.49,0.0,0.0,0.0,0.0,0.25,100.0,3.2,15.38,4.92,0.49,0.0,10.33,2.46,0.25,12.3,68.0,2.95,66.67,1.97,87.5,4.43,72.22,11.07,68.89,0.74,100.0,14.19,10.51,0.02,0.49,0.0,0.0,0.0,0.0,0.0,1.48,66.67,0.98,25.0,0.0,0.0,0.74,0.0,1.97,75.0,0,,0,,0,0.0,0.0,0.0,,,0.0,,,0.25,0.25,0.0,0.0,0,0.0
Roman Hawthorne,Team 38,Team 38,"RCB, CB",27,125000,2026-10-31,3,296,0,0.02,0,0.0,10.64,68.57,Belgium,"Belgium, France",right,194,92,yes,8.51,4.86,81.25,3.95,61.54,0.0,0.0,1.82,4.56,5.29,0.0,0,0.0,0,0.0,0.0,0.0,0,0.0,0.0,0,0.0,1,0.3,0.0,0.0,0.0,0.0,0.0,0.0,0.0,0.0,0.0,0.0,0.0,0.0,1.22,25.0,0.0,0.3,0.0,10.34,0.3,0.3,23.11,76.32,10.64,62.86,0.0,0.0,11.55,92.11,17.94,88.14,5.17,35.29,26.45,46.77,0.0,0.0,0.0,0.3,0.0,0.0,0.0,3.04,20.0,0.3,0.0,0.0,0.0,0.0,0.0,4.26,57.14,0,,0,,0,0.0,0.0,0.0,,,0.0,,,0.0,0.0,0.0,0.0,0,0.0
Casper Kensington,Team 38,Team 38,"RCMF, LCMF, LW",21,100000,,2,74,0,0.0,0,0.11,20.68,64.71,Greece,"Greece, Italy",right,186,73,yes,13.38,14.59,75.0,4.86,25.0,0.0,0.0,0.0,2.43,2.5,1.22,0,0.0,0,0.0,0.0,0.0,0,0.0,0.0,0,0.0,1,1.22,0.0,0.0,0.0,0.0,0.0,0.0,0.0,0.0,0.0,0.0,0.0,0.0,0.0,0.0,0.0,0.0,0.0,14.59,0.0,1.22,23.11,89.47,10.95,88.89,2.43,100.0,7.3,83.33,17.03,92.86,6.08,80.0,19.89,14.8,0.14,1.22,0.0,0.0,0.0,0.0,0.0,6.08,60.0,0.0,0.0,0.0,0.0,1.22,0.0,4.86,100.0,0,,0,,0,0.0,0.0,0.0,,,0.0,,,0.0,0.0,0.0,0.0,0,0.0
Jonas Irvine,Team 38,Team 38,"RW, LCMF",25,175000,,6,318,0,0.26,0,0.51,20.09,42.25,Germany,"Germany, Portugal",left,180,73,yes,7.36,6.23,50.0,2.55,33.33,0.85,1.11,0.0,3.4,4.44,0.85,1,0.28,0,0.0,3.4,0.0,0,0.0,0.07,0,0.0,7,1.98,57.14,0.0,0.0,0.85,33.33,0.28,100.0,0.57,0.0,0.0,3.4,58.33,9.34,42.42,0.85,1.98,0.85,30.28,0.28,2.26,41.89,77.03,13.58,66.67,5.09,88.89,17.83,82.54,34.25,84.3,6.79,45.83,21.09,35.58,0.14,1.42,0.0,0.0,0.0,0.0,0.28,12.17,74.42,3.4,33.33,0.85,0.0,0.85,0.28,8.77,80.65,0,,0,,0,0.0,0.0,0.0,,,0.0,,,1.13,0.0,0.0,1.13,0,0.0
Arthur Redmond,Team 38,Team 38,"RB, RCMF, RWB",22,100000,,7,322,0,0.0,0,0.0,18.17,46.15,Croatia,"Croatia, Italy",right,179,75,yes,7.27,7.83,50.0,1.68,50.0,1.12,1.32,0.0,2.24,2.64,1.96,2,0.56,0,0.0,0.84,0.0,0,0.0,0.0,0,0.0,0,0.0,0.0,0.0,0.0,0.84,0.0,0.0,0.0,0.84,0.0,0.0,1.4,60.0,6.43,39.13,0.0,0.84,0.28,19.01,1.12,0.84,27.67,78.79,8.66,74.19,3.07,90.91,9.5,85.29,25.99,81.72,0.84,66.67,15.7,11.73,0.0,0.0,0.0,0.0,0.28,0.0,0.0,1.12,100.0,1.12,25.0,0.0,0.0,0.0,0.0,3.91,50.0,0,,0,,0,0.0,0.0,0.0,,,0.0,,,0.0,0.0,0.0,0.0,0,0.0
Finn Yardley,Team 38,Team 38,"RDMF, DMF, LCMF",19,100000,,12,1010,1,1.8,1,0.58,19.43,45.87,Spain,Spain,right,180,78,yes,9.36,8.55,55.21,4.99,48.21,0.18,0.24,0.36,4.46,5.95,3.03,6,0.53,0,0.0,1.25,0.09,1,0.09,0.16,1,0.09,9,0.8,33.33,11.111,0.09,1.16,53.85,0.36,100.0,0.8,33.33,0.0,0.71,50.0,4.54,29.41,1.43,1.34,0.45,20.14,0.36,1.16,34.31,75.84,15.33,66.86,1.34,100.0,13.63,83.66,29.58,80.72,3.56,42.5,20.0,21.92,0.05,0.62,0.0,0.0,0.0,0.0,0.27,7.49,69.05,1.69,42.11,0.27,0.0,0.36,0.53,7.13,67.5,0,,0,,0,0.0,0.0,0.0,,,0.0,,,0.0,0.0,0.0,0.0,0,0.0
Leon Vance,Team 38,Team 38,"LDMF, LCMF",21,125000,2027-11-30,12,1021,0,0.07,0,0.06,16.48,50.8,Georgia,Georgia,left,175,71,yes,10.05,8.81,63.0,2.12,33.33,0.35,0.43,0.53,4.14,5.05,1.76,7,0.62,1,0.09,0.62,0.0,0,0.0,0.01,0,0.0,5,0.44,0.0,0.0,0.0,0.53,50.0,0.44,40.0,0.09,100.0,0.0,0.62,57.14,4.23,39.58,0.35,0.71,0.0,21.16,0.35,1.06,33.32,84.92,13.57,78.57,2.56,93.1,11.9,87.41,29.88,88.79,2.91,51.52,18.4,37.51,0.01,0.26,0.09,0.0,0.0,0.0,0.09,6.43,72.6,1.59,38.89,0.0,0.0,0.26,0.26,6.08,82.61,0,,0,,0,0.0,0.0,0.0,,,0.09,,,0.0,0.0,0.0,0.0,0,0.0
Noah Hawthorne,Team 38,Team 38,AMF,22,200000,2027-12-31,1,11,0,0.0,0,0.0,,,Scotland,Scotland,right,179,72,yes,,,,,,,0.0,,,0.0,,0,,0,,,,0,,,0,,0,,,0.0,,,,,,,,,,,,,,,,,,,,,,,,,,,,,,,14.73,0.0,,,,,,,,,,,,,,,,,,0,,0,,0,0.0,0.0,,,,,,,,,,,0,0.0
Maxim Thornton,Team 38,Team 38,CF,22,100000,,14,824,2,3.36,0,0.44,20.53,27.66,Paraguay,Paraguay,right,185,81,yes,1.97,1.97,38.89,7.43,25.0,0.0,0.0,0.0,1.2,1.6,1.31,2,0.22,0,0.0,1.2,0.22,2,0.22,0.37,1,0.11,27,2.95,25.93,7.407,0.0,0.11,0.0,0.0,0.0,0.11,0.0,0.0,1.31,33.33,8.41,31.17,3.71,0.33,0.0,8.96,1.42,1.42,10.27,67.02,2.4,45.45,2.18,75.0,2.73,76.0,9.83,68.89,0.33,33.33,14.0,3.84,0.05,0.55,0.0,0.0,0.0,0.0,0.22,0.87,87.5,0.33,33.33,0.0,0.0,0.44,0.0,1.09,50.0,0,,0,,0,0.0,0.0,0.0,,,0.0,,,0.0,0.0,0.0,0.0,0,0.0
Dominic Sterling,Team 38,Team 38,"LB, LWB",27,150000,,10,657,0,0.14,3,0.93,10.14,47.3,Romania,"Romania, Spain",left,170,63,yes,4.66,2.88,47.62,1.64,50.0,0.0,0.0,0.41,3.29,4.36,0.0,0,0.0,0,0.0,2.74,0.0,0,0.0,0.02,0,0.0,9,1.23,11.11,0.0,0.41,3.42,44.0,3.42,44.0,0.0,0.0,0.82,1.92,57.14,5.07,45.95,0.27,0.96,0.14,21.92,0.96,0.82,32.88,76.25,14.52,72.64,3.42,96.0,9.18,79.1,26.3,82.81,3.15,56.52,17.51,21.24,0.13,1.1,0.0,0.0,0.0,0.0,0.68,5.07,70.27,3.56,46.15,0.14,0.0,0.27,1.51,8.77,73.44,0,,0,,0,0.0,0.0,0.0,,,0.0,,,1.23,0.55,25.0,0.55,0,0.0
Viktor Underwood,Team 38,Team 38,"LW, RAMF, LWF",27,125000,,10,469,1,0.25,1,0.33,30.13,40.76,Germany,"Germany, Italy",left,173,74,yes,6.91,7.48,58.97,2.11,27.27,0.77,1.04,0.19,1.73,2.35,2.69,2,0.38,0,0.0,4.03,0.19,1,0.19,0.05,0,0.0,5,0.96,20.0,20.0,0.19,2.88,33.33,1.54,50.0,1.34,14.29,0.58,5.18,55.56,17.46,36.26,3.26,3.07,0.77,16.12,2.69,3.65,23.99,68.0,5.76,73.33,5.57,72.41,7.68,62.5,20.15,72.38,1.15,66.67,18.63,24.81,0.06,0.77,0.0,0.0,0.19,0.0,0.96,2.88,73.33,2.69,57.14,0.19,0.0,0.77,1.15,5.18,77.78,0,,0,,0,0.0,0.0,0.0,,,0.19,,,0.0,0.0,0.0,0.0,0,0.0
Dominic Oakley,Team 38,Team 38,"RDMF, RCMF, LDMF",29,125000,,7,323,0,0.0,0,0.0,17.28,53.23,Switzerland,Switzerland,right,181,69,yes,10.87,11.15,52.5,2.23,62.5,1.67,1.8,1.11,3.34,3.6,3.34,2,0.56,0,0.0,0.0,0.0,0,0.0,0.0,0,0.0,0,0.0,0.0,0.0,0.0,0.28,0.0,0.0,0.0,0.28,0.0,0.0,0.28,0.0,1.67,33.33,0.0,0.28,0.0,13.65,0.0,1.11,28.7,80.58,9.75,68.57,3.34,100.0,12.54,86.67,24.24,82.76,4.18,73.33,22.04,37.58,0.0,0.0,0.0,0.0,0.0,0.0,0.0,5.85,71.43,0.56,0.0,0.0,0.0,0.0,0.0,4.74,58.82,0,,0,,0,0.0,0.0,0.0,,,0.28,,,0.0,0.0,0.0,0.0,0,0.0
Nathan Mercer,Team 38,Team 38,"AMF, CF, LW",34,175000,,4,172,1,0.11,0,0.04,17.27,42.42,Hungary,Hungary,right,174,68,yes,5.76,4.19,50.0,3.14,33.33,2.62,3.57,0.0,1.05,1.43,0.52,0,0.0,0,0.0,2.09,0.52,1,0.52,0.06,0,0.0,1,0.52,100.0,100.0,0.0,1.05,0.0,0.52,0.0,0.52,0.0,0.0,2.09,75.0,7.85,33.33,0.52,0.52,0.0,14.13,0.0,1.05,21.45,70.73,6.8,61.54,3.66,100.0,4.71,66.67,19.36,72.97,1.05,100.0,14.2,19.26,0.02,1.05,0.52,0.0,0.0,0.0,0.52,3.14,83.33,2.62,20.0,0.0,0.0,0.52,0.0,2.09,100.0,0,,0,,0,0.0,0.0,0.0,,,0.0,,,0.52,0.0,0.0,0.52,0,0.0
Lucas Blackwood,Team 38,Team 38,"LCB, RCB, CB",31,100000,,11,1085,1,1.66,0,0.55,13.11,62.66,Italy,Italy,left,190,75,yes,7.96,5.97,65.28,5.31,59.38,0.0,0.0,0.33,4.06,5.1,0.91,2,0.17,0,0.0,0.5,0.08,1,0.08,0.14,1,0.08,14,1.16,28.57,7.143,0.0,0.17,50.0,0.17,50.0,0.0,0.0,0.08,0.08,100.0,0.66,37.5,1.41,0.25,0.0,15.1,0.17,0.33,28.53,80.81,14.18,69.59,1.0,91.67,11.86,93.01,22.23,88.81,6.14,52.7,25.25,44.48,0.05,0.25,0.0,0.0,0.0,0.0,0.0,4.65,55.36,0.33,50.0,0.17,0.0,0.08,0.17,7.05,70.59,0,,0,,0,0.0,0.0,0.0,,,0.91,,,0.0,0.0,0.0,0.0,0,0.0
Stefan Carrington,Team 38,Team 38,"RB, RCB",31,150000,2026-10-31,13,1270,0,0.51,0,0.4,16.65,54.47,Croatia,"Croatia, France",right,184,79,yes,10.42,8.01,67.26,3.76,39.62,0.57,0.71,0.21,4.46,5.56,1.28,3,0.21,0,0.0,1.56,0.0,0,0.0,0.04,0,0.0,8,0.57,25.0,0.0,0.0,1.77,56.0,0.07,0.0,1.7,58.33,0.07,0.78,54.55,3.05,37.21,0.92,1.91,0.07,20.62,1.35,0.43,34.8,79.02,17.72,74.0,2.62,94.59,10.63,85.33,27.85,86.01,5.31,48.0,20.33,35.67,0.03,0.64,0.0,0.0,0.0,0.0,0.35,5.88,71.08,1.84,69.23,0.14,50.0,0.35,0.92,10.35,70.55,0,,0,,0,0.0,0.0,0.0,,,0.0,,,0.07,0.0,0.0,0.0,0,0.0
Elias Davenport,Team 38,Team 38,"RCMF, RW",32,150000,,5,286,1,0.44,0,0.04,17.94,52.63,Uruguay,Uruguay,right,178,71,yes,8.18,10.07,53.13,0.63,100.0,0.63,0.86,0.31,2.2,3.0,2.83,2,0.63,0,0.0,1.26,0.31,1,0.31,0.14,0,0.0,4,1.26,50.0,25.0,0.0,0.0,0.0,0.0,0.0,0.0,0.0,0.0,0.94,66.67,5.35,52.94,0.63,1.26,0.0,22.03,0.0,1.26,35.24,76.79,14.79,59.57,2.83,88.89,14.16,91.11,30.52,83.51,4.72,33.33,19.39,32.04,0.01,0.31,0.0,0.31,0.0,0.0,0.0,7.87,72.0,0.31,0.0,0.31,100.0,0.0,0.0,7.24,52.17,0,,0,,0,0.0,0.0,0.0,,,0.0,,,0.0,0.0,0.0,0.0,0,0.0
Soren Halloway,Team 38,Team 38,CF,27,150000,2026-10-31,12,700,1,1.06,0,0.23,24.43,37.37,Nigeria,Nigeria,right,183,78,yes,4.76,5.14,50.0,7.84,40.98,0.0,0.0,0.26,2.19,2.8,1.93,1,0.13,0,0.0,2.19,0.13,1,0.13,0.14,1,0.13,10,1.29,40.0,10.0,0.0,0.64,0.0,0.13,0.0,0.51,0.0,0.0,2.7,57.14,9.13,33.8,1.8,1.03,0.13,9.64,1.16,1.8,12.73,76.77,3.34,73.08,2.83,90.91,4.11,75.0,11.19,81.61,0.9,71.43,18.6,18.88,0.03,0.64,0.0,0.0,0.26,50.0,0.51,2.44,89.47,1.03,12.5,0.26,50.0,0.39,0.26,1.8,64.29,0,,0,,0,0.0,0.0,0.0,,,0.13,,,0.0,0.0,0.0,0.0,0,0.0
Marcus Halloway,Team 38,Team 38,"LCB, RCB",27,100000,,12,1196,0,1.17,0,0.35,9.71,61.24,Belgium,Belgium,right,190,83,yes,7.98,4.67,67.74,2.78,59.46,0.3,0.38,0.9,4.52,5.73,0.9,1,0.08,0,0.0,0.23,0.0,0,0.0,0.09,0,0.0,6,0.45,33.33,0.0,0.0,0.0,0.0,0.0,0.0,0.0,0.0,0.0,0.08,100.0,0.75,40.0,0.68,0.53,0.08,15.13,0.23,0.15,29.27,78.92,16.56,70.0,0.75,90.0,8.95,90.76,23.03,87.91,6.25,45.78,21.74,35.65,0.03,0.08,0.08,0.0,0.0,0.0,0.08,4.44,55.93,0.53,14.29,0.38,20.0,0.23,0.0,6.92,69.57,0,,0,,0,0.0,0.0,0.0,,,0.38,,,0.0,0.0,0.0,0.0,0,0.0
Adrian Underwood,Team 58,Team 58,"CB, LCMF, RCMF",34,400000,2026-08-30,9,638,0,0.62,0,0.14,12.27,58.62,England,England,right,188,78,yes,6.77,4.66,54.55,3.39,87.5,0.0,0.0,0.14,4.23,5.52,1.69,2,0.28,0,0.0,0.85,0.0,0,0.0,0.09,0,0.0,11,1.55,27.27,0.0,0.0,0.42,33.33,0.28,50.0,0.14,0.0,0.14,0.56,50.0,2.26,31.25,1.13,0.85,0.0,25.67,0.14,0.42,41.19,84.93,16.22,73.04,4.66,96.97,14.39,95.1,36.96,90.46,3.81,37.04,17.78,27.3,0.02,0.42,0.0,0.0,0.0,0.0,0.14,6.21,75.0,0.71,60.0,0.14,0.0,0.28,0.14,6.21,72.73,0,,0,,0,0.0,0.0,0.0,,,0.56,,,0.0,0.0,0.0,0.0,0,0.0
Damian Harrington,Team 58,Team 58,RCB,31,300000,2026-10-30,8,729,1,0.26,0,0.0,9.26,61.33,Japan,Japan,right,185,79,yes,9.88,3.58,68.97,3.7,56.67,0.37,0.49,1.11,7.04,9.29,0.74,4,0.49,0,0.0,0.12,0.12,1,0.12,0.03,0,0.0,2,0.25,50.0,50.0,0.0,0.0,0.0,0.0,0.0,0.0,0.0,0.0,0.0,0.0,0.37,66.67,0.25,0.49,0.0,27.41,0.25,0.49,41.48,84.52,17.04,69.57,2.1,100.0,19.63,96.23,34.57,91.43,6.91,50.0,23.86,37.59,0.0,0.0,0.0,0.0,0.0,0.0,0.0,4.81,66.67,0.62,20.0,0.0,0.0,0.12,0.0,9.51,55.84,0,,0,,0,0.0,0.0,0.0,,,1.98,,,0.0,0.0,0.0,0.0,0,0.0
Nathan Davenport,Team 58,Team 58,"LCMF, CF, LAMF",28,150000,2026-10-30,3,69,0,0.1,0,0.0,15.65,41.67,Sweden,Sweden,right,180,61,yes,2.61,3.91,33.33,2.61,50.0,0.0,0.0,0.0,1.3,3.33,2.61,0,0.0,0,0.0,1.3,0.0,0,0.0,0.13,0,0.0,1,1.3,0.0,0.0,0.0,3.91,33.33,2.61,0.0,1.3,100.0,0.0,0.0,0.0,6.52,60.0,5.22,0.0,0.0,41.74,1.3,2.61,45.65,77.14,6.52,80.0,7.83,100.0,19.57,73.33,36.52,89.29,5.22,25.0,17.9,37.91,0.0,0.0,0.0,0.0,0.0,0.0,0.0,6.52,60.0,1.3,100.0,1.3,100.0,2.61,1.3,2.61,100.0,0,,0,,0,0.0,0.0,0.0,,,0.0,,,0.0,0.0,0.0,0.0,0,0.0
Caleb Kensington,Team 58,Team 58,"CF, LWF, LAMF",34,150000,2026-11-30,14,817,0,1.4,2,1.08,16.52,49.33,Ukraine,"Ukraine, France",right,172,68,yes,3.75,4.41,50.0,0.55,60.0,0.0,0.0,0.0,1.54,2.18,1.1,0,0.0,0,0.0,3.64,0.0,0,0.0,0.15,0,0.0,21,2.31,14.29,0.0,0.22,1.21,18.18,0.88,25.0,0.33,0.0,0.11,3.97,72.22,9.58,49.43,2.09,1.1,0.11,26.0,0.66,1.43,36.02,76.15,12.67,66.96,4.41,90.0,12.23,81.98,31.4,82.11,3.41,41.94,18.42,29.35,0.12,1.43,0.0,0.0,0.33,66.67,0.44,7.93,73.61,2.75,32.0,1.32,33.33,1.65,0.22,5.73,80.77,0,,0,,0,0.0,0.0,0.0,,,0.22,,,0.66,0.11,100.0,0.44,1,0.0
Damian Mercer,Team 58,Team 58,CF,26,100000,2026-10-30,6,182,0,0.68,0,0.02,22.25,51.11,Senegal,Senegal,right,180,76,yes,3.96,2.97,50.0,10.38,57.14,0.0,0.0,0.99,2.47,3.33,1.98,0,0.0,0,0.0,1.98,0.0,0,0.0,0.34,0,0.0,5,2.47,40.0,0.0,0.0,0.0,0.0,0.0,0.0,0.0,0.0,0.0,0.99,100.0,6.92,35.71,2.97,0.99,0.0,6.43,0.99,2.47,9.4,78.95,0.99,50.0,3.96,75.0,1.98,100.0,8.9,77.78,0.49,100.0,12.74,4.66,0.01,0.49,0.0,0.0,0.0,0.0,0.49,0.49,100.0,0.49,100.0,0.49,100.0,0.49,0.0,0.99,100.0,0,,0,,0,0.0,0.0,0.0,,,0.0,,,0.0,0.0,0.0,0.0,0,0.0
Cillian Arden,Team 58,Team 58,LB,32,50000,2026-10-30,12,1110,1,0.61,0,0.47,9.57,52.54,Paraguay,Paraguay,left,181,72,yes,7.95,4.95,57.38,1.95,54.17,0.24,0.32,0.32,4.86,6.47,0.89,2,0.16,0,0.0,1.22,0.08,1,0.08,0.05,0,0.0,11,0.89,63.64,9.091,0.0,1.3,31.25,1.22,33.33,0.08,0.0,0.24,0.41,60.0,0.97,41.67,0.49,0.89,0.0,22.62,1.14,0.16,32.35,79.2,14.35,67.23,6.16,96.05,7.46,82.61,25.46,86.62,5.68,55.71,19.59,34.79,0.04,0.65,0.0,0.0,0.08,0.0,0.16,3.24,62.5,2.11,42.31,0.24,33.33,0.32,0.49,7.14,71.59,0,,0,,0,0.0,0.0,0.0,,,0.24,,,1.14,0.49,66.67,0.81,0,0.0
Elias Monroe,Team 58,Team 58,"RCMF, LCMF, LCB",21,250000,,3,64,0,0.02,0,0.0,16.88,41.67,Netherlands,Netherlands,left,181,74,yes,2.81,5.63,25.0,1.41,0.0,0.0,0.0,0.0,1.41,2.5,2.81,1,1.41,0,0.0,1.41,0.0,0,0.0,0.02,0,0.0,2,2.81,0.0,0.0,0.0,0.0,0.0,0.0,0.0,0.0,0.0,0.0,1.41,100.0,7.03,80.0,0.0,0.0,0.0,29.53,1.41,2.81,42.19,80.0,9.84,42.86,7.03,100.0,16.88,91.67,36.56,84.62,5.63,50.0,16.13,22.26,0.0,0.0,0.0,0.0,0.0,0.0,0.0,7.03,60.0,1.41,0.0,1.41,0.0,0.0,0.0,1.41,100.0,0,,0,,0,0.0,0.0,0.0,,,0.0,,,0.0,0.0,0.0,0.0,0,0.0
Matthias Whitmore,Team 58,Team 58,"RWF, LCMF, LW",27,175000,2027-12-31,4,298,0,0.66,0,0.23,12.08,37.5,Sweden,"Sweden, France",right,172,68,yes,2.42,3.32,27.27,1.21,25.0,0.0,0.0,0.0,1.51,2.03,1.81,2,0.6,0,0.0,1.81,0.0,0,0.0,0.2,0,0.0,6,1.81,33.33,0.0,0.0,0.0,0.0,0.0,0.0,0.0,0.0,0.0,3.02,40.0,6.64,45.45,0.6,1.21,0.0,16.91,1.51,2.11,21.44,87.32,2.42,37.5,6.64,100.0,8.46,92.86,19.63,86.15,1.81,100.0,17.22,46.9,0.07,1.81,0.0,0.0,0.0,0.0,0.0,2.42,87.5,0.6,50.0,0.0,0.0,0.0,0.0,2.11,71.43,0,,0,,0,0.0,0.0,0.0,,,0.6,,,1.21,0.3,100.0,1.81,0,0.0
Sebastian Kitteridge,Team 58,Team 58,"RW, RWF, RAMF",22,175000,2026-10-30,10,609,0,0.73,0,0.2,19.51,40.91,Senegal,"Senegal, Italy",right,177,74,yes,5.02,5.02,55.88,0.3,0.0,0.15,0.22,0.15,2.07,3.02,0.44,0,0.0,0,0.0,3.4,0.0,0,0.0,0.11,0,0.0,8,1.18,62.5,0.0,0.0,1.33,33.33,0.0,0.0,1.33,33.33,0.15,5.32,41.67,12.56,35.29,1.63,2.66,0.44,24.38,1.03,1.63,29.85,84.65,5.47,70.27,7.83,96.23,10.05,83.82,27.64,88.24,0.89,50.0,15.73,14.3,0.03,0.59,0.15,0.0,0.0,0.0,0.15,2.07,92.86,1.77,41.67,0.3,0.0,0.74,0.44,3.4,73.91,0,,0,,0,0.0,0.0,0.0,,,0.3,,,0.0,0.0,0.0,0.0,0,0.0
Erik Somerset,Team 58,Team 58,"LWB, LB",27,150000,2026-11-30,5,286,0,0.06,0,0.06,16.36,46.15,Turkey,Turkey,left,179,72,yes,5.66,5.98,63.16,4.72,13.33,0.31,0.53,0.0,1.57,2.63,1.26,1,0.31,0,0.0,1.89,0.0,0,0.0,0.02,0,0.0,4,1.26,25.0,0.0,0.0,3.46,18.18,3.46,18.18,0.0,0.0,0.31,1.26,75.0,4.09,53.85,0.31,2.52,0.31,22.03,0.63,1.89,32.73,75.96,10.07,68.75,6.92,95.45,10.07,78.13,27.69,86.36,1.57,20.0,14.24,11.67,0.02,0.31,0.0,0.0,0.0,0.0,0.0,5.03,81.25,3.15,40.0,0.0,0.0,0.63,0.63,4.72,66.67,0,,0,,0,0.0,0.0,0.0,,,0.63,,,0.31,0.0,0.0,0.94,0,0.0
Graham Monroe,Team 58,Team 58,"RCB, LCB",30,250000,2026-10-30,3,159,0,0.0,0,0.0,10.75,73.68,Mexico,Mexico,right,187,75,yes,7.36,4.53,75.0,5.09,77.78,0.0,0.0,0.57,3.96,6.36,0.0,0,0.0,0,0.0,0.0,0.0,0,0.0,0.0,0,0.0,0,0.0,0.0,0.0,0.0,0.0,0.0,0.0,0.0,0.0,0.0,0.0,0.0,0.0,0.57,100.0,0.0,0.57,0.0,37.36,0.0,0.0,48.11,95.29,17.55,90.32,1.7,100.0,23.77,97.62,45.85,98.77,2.26,25.0,19.42,20.17,0.0,0.0,0.0,0.0,0.0,0.0,0.0,5.09,88.89,0.0,0.0,0.0,0.0,0.0,0.0,3.96,71.43,0,,0,,0,0.0,0.0,0.0,,,1.13,,,0.0,0.0,0.0,0.0,0,0.0
Zachary Ellington,Team 58,Team 58,RDMF,30,350000,,1,63,0,0.13,0,0.0,20.0,28.57,France,France,right,180,74,yes,8.57,11.43,37.5,4.29,33.33,0.0,0.0,0.0,4.29,6.92,4.29,0,0.0,0,0.0,1.43,0.0,0,0.0,0.19,0,0.0,1,1.43,100.0,0.0,0.0,0.0,0.0,0.0,0.0,0.0,0.0,0.0,0.0,0.0,2.86,0.0,1.43,0.0,0.0,35.71,0.0,0.0,52.86,97.3,12.86,88.89,5.71,100.0,28.57,100.0,48.57,100.0,4.29,66.67,17.98,38.81,0.0,1.43,0.0,0.0,0.0,0.0,0.0,7.14,100.0,0.0,0.0,0.0,0.0,0.0,0.0,5.71,100.0,0,,0,,0,0.0,0.0,0.0,,,1.43,,,0.0,0.0,0.0,0.0,0,0.0
Ethan Winslow,Team 58,Team 58,"LCMF, RCMF, RDMF",21,200000,,6,280,0,0.05,0,0.0,18.0,46.43,Iceland,"Iceland, Spain",right,182,73,yes,3.54,4.82,53.33,2.57,25.0,0.32,0.42,0.0,0.64,0.85,0.96,2,0.64,0,0.0,0.32,0.0,0,0.0,0.02,0,0.0,3,0.96,33.33,0.0,0.0,0.32,0.0,0.32,0.0,0.0,0.0,0.0,1.29,0.0,8.36,50.0,0.96,0.0,0.0,16.71,0.32,4.18,25.39,79.75,7.71,62.5,5.79,88.89,7.39,91.3,22.18,85.51,3.21,40.0,18.22,26.39,0.0,0.0,0.32,0.0,0.0,0.0,0.0,4.5,78.57,0.32,0.0,0.32,100.0,0.0,0.0,3.86,75.0,0,,0,,0,0.0,0.0,0.0,,,0.64,,,0.0,0.0,0.0,0.0,0,0.0
Alastair Hayward,Team 58,Team 58,"LCB, CB",36,200000,2026-11-30,3,117,0,0.26,0,0.0,3.08,50.0,Greece,Greece,left,188,96,yes,2.31,0.77,0.0,0.77,100.0,0.0,0.0,0.0,2.31,4.09,0.77,0,0.0,0,0.0,0.0,0.0,0,0.0,0.2,0,0.0,2,1.54,0.0,0.0,0.0,0.0,0.0,0.0,0.0,0.0,0.0,0.0,0.0,0.0,0.77,100.0,0.77,4.62,0.0,51.54,0.0,0.77,70.0,91.21,28.46,83.78,0.77,0.0,36.15,97.87,60.0,93.59,10.0,76.92,21.7,40.72,0.0,0.77,0.0,0.0,0.0,0.0,0.0,11.54,93.33,0.0,0.0,0.0,0.0,0.0,0.0,14.62,84.21,0,,0,,0,0.0,0.0,0.0,,,0.0,,,0.77,0.77,0.0,0.0,0,0.0
Oscar Clairmont,Team 58,Team 58,"RWF, RW, RAMF",20,150000,,3,83,0,0.0,0,0.04,16.27,33.33,Nigeria,"Nigeria, Italy",right,178,75,yes,5.42,4.34,50.0,1.08,0.0,0.0,0.0,1.08,3.25,6.43,0.0,0,0.0,0,0.0,3.25,0.0,0,0.0,0.0,0,0.0,0,0.0,0.0,0.0,0.0,2.17,50.0,0.0,0.0,2.17,50.0,0.0,4.34,50.0,10.84,30.0,1.08,1.08,0.0,24.94,2.17,1.08,28.19,76.92,6.51,66.67,4.34,75.0,10.84,90.0,26.02,79.17,0.0,0.0,21.93,0.0,0.05,2.17,0.0,0.0,0.0,0.0,0.0,4.34,100.0,2.17,100.0,0.0,0.0,1.08,1.08,6.51,50.0,0,,0,,0,0.0,0.0,0.0,,,0.0,,,0.0,0.0,0.0,1.08,0,0.0
Gabriel Thorpe,Team 58,Team 58,"LWF, LW, LAMF",28,150000,2027-10-23,14,813,1,0.28,0,0.1,22.36,38.12,Slovenia,Slovenia,right,177,78,yes,3.76,4.65,57.14,1.33,8.33,0.0,0.0,0.11,1.11,1.5,0.89,2,0.22,0,0.0,2.66,0.11,1,0.11,0.03,0,0.0,5,0.55,80.0,20.0,0.0,1.0,11.11,0.77,14.29,0.22,0.0,0.22,5.09,41.3,14.06,36.22,1.22,1.88,0.33,7.97,1.22,3.87,9.52,67.44,1.99,55.56,2.55,91.3,2.1,63.16,8.08,76.71,0.55,40.0,18.79,11.81,0.01,0.22,0.0,0.0,0.0,0.0,0.0,0.66,66.67,0.55,0.0,0.11,0.0,0.11,0.0,1.33,33.33,0,,0,,0,0.0,0.0,0.0,,,0.0,,,0.0,0.0,0.0,0.0,0,0.0
Oscar Fairfax,Team 58,Team 58,"RCMF, AMF",23,150000,2026-11-05,8,361,0,0.02,0,0.02,11.97,52.08,Norway,Norway,right,177,74,yes,7.48,5.48,54.55,1.5,16.67,1.0,1.43,0.25,3.49,5.0,1.0,0,0.0,0,0.0,0.0,0.0,0,0.0,0.0,0,0.0,2,0.5,0.0,0.0,0.0,1.0,0.0,0.25,0.0,0.75,0.0,0.0,0.25,0.0,3.24,53.85,0.25,0.5,0.25,20.94,1.0,1.0,32.66,74.81,9.22,43.24,7.48,100.0,10.97,88.64,28.42,82.46,3.24,30.77,20.12,25.39,0.0,0.25,0.0,0.0,0.25,0.0,0.0,3.24,61.54,1.25,0.0,0.75,33.33,0.0,0.25,4.24,35.29,0,,0,,0,0.0,0.0,0.0,,,0.0,,,0.0,0.0,0.0,0.0,0,0.0
Milo Somerset,Team 58,Team 58,"LDMF, LWF",23,150000,,2,136,0,0.07,0,0.34,17.87,37.04,South Korea,"South Korea, Germany",right,179,78,yes,4.63,4.63,42.86,3.97,33.33,0.0,0.0,0.0,2.65,3.43,1.32,0,0.0,0,0.0,3.31,0.0,0,0.0,0.05,0,0.0,3,1.99,33.33,0.0,0.0,3.31,60.0,0.66,0.0,2.65,75.0,1.32,0.66,100.0,9.26,35.71,1.99,3.31,1.32,15.22,1.99,0.66,22.5,58.82,7.28,27.27,3.97,66.67,4.63,71.43,18.53,57.14,0.66,100.0,13.74,22.26,0.22,1.32,0.0,0.0,0.0,0.0,0.0,3.31,40.0,3.97,66.67,0.0,0.0,1.32,1.99,6.62,60.0,0,,0,,0,0.0,0.0,0.0,,,0.0,,,0.0,0.0,0.0,0.0,0,0.0
Damian Halloway,Team 58,Team 58,LCB,26,250000,2026-11-30,6,590,0,0.13,0,0.0,10.07,62.12,Germany,Germany,left,188,70,yes,5.95,2.59,70.59,4.27,60.71,0.31,0.41,0.61,3.81,5.17,0.15,0,0.0,0,0.0,0.76,0.0,0,0.0,0.02,0,0.0,3,0.46,0.0,0.0,0.0,0.31,50.0,0.31,50.0,0.0,0.0,0.0,0.92,66.67,1.22,75.0,0.46,1.07,0.0,37.07,0.46,0.76,52.17,89.47,19.98,80.92,1.68,100.0,24.41,94.38,45.76,94.67,6.25,53.66,21.65,43.38,0.0,0.15,0.0,0.0,0.0,0.0,0.15,7.93,69.23,0.76,20.0,0.0,0.0,0.15,0.0,9.92,72.31,0,,0,,0,0.0,0.0,0.0,,,0.15,,,0.0,0.0,0.0,0.0,0,0.0
Caleb Hayward,Team 58,Team 58,"RW, RAMF, LWF",30,200000,2026-10-30,10,402,0,1.0,1,0.13,16.79,46.67,Italy,Italy,right,170,68,yes,8.73,5.6,72.0,2.46,9.09,0.22,0.31,0.45,4.48,6.25,1.34,2,0.45,0,0.0,1.57,0.0,0,0.0,0.22,0,0.0,10,2.24,30.0,0.0,0.22,1.57,0.0,0.67,0.0,0.9,0.0,0.0,2.24,40.0,6.94,41.94,2.46,1.79,0.22,12.76,2.24,2.91,20.15,70.0,4.03,66.67,6.27,89.29,6.49,51.72,17.69,78.48,0.9,25.0,15.21,8.8,0.03,0.45,0.0,0.0,0.0,0.0,0.22,1.79,62.5,2.01,11.11,0.22,0.0,0.45,0.45,2.01,44.44,0,,0,,0,0.0,0.0,0.0,,,0.0,,,0.0,0.0,0.0,0.0,0,0.0
Callum Dunmore,Team 58,Team 58,"LCB, RCB",25,125000,2027-10-23,11,1001,0,0.22,0,0.0,14.48,62.73,Japan,Japan,left,187,82,yes,8.0,5.39,68.33,5.57,66.13,0.09,0.12,0.81,4.23,5.83,0.99,3,0.27,0,0.0,0.18,0.0,0,0.0,0.02,0,0.0,4,0.36,0.0,0.0,0.0,0.09,0.0,0.09,0.0,0.0,0.0,0.0,0.63,28.57,1.62,38.89,0.45,1.26,0.09,26.34,0.18,0.45,37.94,86.73,13.4,73.15,2.34,92.31,18.88,96.67,33.27,91.89,4.68,50.0,20.71,34.56,0.0,0.0,0.0,0.0,0.0,0.0,0.0,4.41,67.35,0.45,40.0,0.27,0.0,0.18,0.0,6.2,63.77,0,,0,,0,0.0,0.0,0.0,,,1.35,,,0.0,0.0,0.0,0.0,0,0.0
Leo Ellwood,Team 58,Team 58,"RAMF, LAMF, RWF",24,150000,2027-02-28,2,114,0,0.0,1,0.21,19.74,32.0,Argentina,Argentina,right,177,70,yes,3.16,7.11,33.33,2.37,33.33,0.0,0.0,0.0,0.79,1.25,0.79,0,0.0,0,0.0,0.79,0.0,0,0.0,0.0,0,0.0,1,0.79,0.0,0.0,0.79,1.58,0.0,0.79,0.0,0.79,0.0,0.0,0.79,100.0,10.26,30.77,0.0,0.79,0.0,13.42,1.58,1.58,28.42,77.78,4.74,83.33,6.32,100.0,10.26,76.92,25.26,84.38,1.58,50.0,21.07,32.35,0.17,1.58,0.0,0.0,0.0,0.0,0.79,3.16,25.0,2.37,66.67,0.0,0.0,1.58,0.0,3.95,60.0,0,,0,,0,0.0,0.0,0.0,,,0.0,,,0.0,0.0,0.0,0.0,0,0.0
Liam Ellwood,Team 58,Team 58,GK,27,125000,2026-11-30,14,1396,0,0.0,0,0.0,0.64,70.0,Colombia,Colombia,right,192,84,yes,1.61,0.19,33.33,0.26,100.0,0.0,0.0,0.0,1.55,2.14,0.0,1,0.06,0,0.0,0.0,0.0,0,0.0,0.0,0,0.0,0,0.0,0.0,0.0,0.0,0.0,0.0,0.0,0.0,0.0,0.0,0.0,0.0,0.0,0.13,100.0,0.0,0.0,0.0,7.48,0.39,0.19,14.63,83.26,6.77,68.57,0.0,0.0,6.83,98.11,10.19,98.1,4.26,51.52,30.5,51.47,0.0,0.0,0.0,0.06,0.0,0.0,0.0,1.61,48.0,0.13,0.0,0.39,16.67,0.0,0.0,3.29,64.71,19,1.22,77,4.96,5,75.32,18.97,1.22,-0.03,-0.002,0.0,1.55,0.26,,,,0.0,0,0.0
Anton Pendleton,Team 58,Team 58,"DMF, RCMF, LCMF",26,175000,2027-11-30,13,1194,0,0.34,0,0.32,17.56,55.36,Wales,Wales,right,186,77,yes,8.44,7.31,65.98,4.37,44.83,0.23,0.31,0.15,3.39,4.72,2.11,6,0.45,0,0.0,1.28,0.0,0,0.0,0.03,0,0.0,14,1.06,21.43,0.0,0.0,0.68,11.11,0.15,0.0,0.53,14.29,0.08,1.43,63.16,3.84,50.98,0.3,0.9,0.08,27.06,0.23,0.75,40.03,82.67,12.66,72.02,5.35,91.55,17.34,87.83,35.5,87.47,4.07,48.15,19.92,33.94,0.02,0.45,0.0,0.0,0.15,50.0,0.0,5.8,77.92,0.9,41.67,0.6,50.0,0.38,0.08,7.54,66.0,0,,0,,0,0.0,0.0,0.0,,,0.75,,,0.15,0.15,0.0,0.0,0,0.0
Ethan Vanderveer,Team 58,Team 58,"RCB, RCMF, DMF",40,125000,2026-11-20,10,595,1,0.29,0,0.03,12.86,54.12,Netherlands,Netherlands,right,179,67,yes,6.2,6.05,57.5,3.93,53.85,0.15,0.23,0.0,2.57,3.83,1.97,2,0.3,1,0.15,0.61,0.15,1,0.15,0.04,0,0.0,8,1.21,37.5,12.5,0.0,0.15,0.0,0.0,0.0,0.15,0.0,0.0,0.3,50.0,1.66,36.36,0.61,0.91,0.0,26.17,0.0,0.61,39.03,84.88,14.07,69.89,3.33,100.0,17.55,95.69,33.58,90.09,5.29,54.29,20.6,34.77,0.0,0.76,0.0,0.0,0.0,0.0,0.0,5.9,66.67,1.51,40.0,0.45,33.33,0.61,0.0,6.66,77.27,0,,0,,0,0.0,0.0,0.0,,,0.61,,,0.0,0.0,0.0,0.0,0,0.0
Tobias Zimmerman,Team 58,Team 58,RB,38,125000,2026-08-30,5,252,0,0.08,0,0.08,12.5,51.43,Morocco,"Morocco, Portugal",right,177,78,yes,5.36,3.21,77.78,1.79,20.0,0.0,0.0,0.0,2.86,4.36,0.0,0,0.0,0,0.0,1.07,0.0,0,0.0,0.03,0,0.0,2,0.71,0.0,0.0,0.0,2.14,33.33,0.0,0.0,2.14,33.33,0.36,1.43,25.0,5.0,57.14,0.36,1.79,0.0,29.29,1.43,1.79,38.57,85.19,12.14,76.47,7.86,95.45,13.21,86.49,33.93,93.68,2.5,14.29,18.42,19.29,0.03,0.36,0.0,0.0,0.0,0.0,0.0,4.29,75.0,2.5,42.86,0.0,0.0,0.36,0.71,5.71,81.25,0,,0,,0,0.0,0.0,0.0,,,0.71,,,0.0,0.0,0.0,0.36,0,0.0
Roman Norwood,Team 58,Team 58,"RB, RWB",32,150000,2026-10-31,12,1114,1,0.19,1,1.02,13.33,47.27,Finland,"Finland, Spain",right,184,80,yes,7.59,5.49,63.24,1.78,63.64,0.32,0.44,0.32,3.8,5.2,0.73,0,0.0,0,0.0,1.29,0.08,1,0.08,0.02,0,0.0,8,0.65,25.0,12.5,0.08,2.18,29.63,0.08,0.0,2.1,30.77,0.08,0.81,60.0,4.69,31.03,0.32,3.47,0.57,24.88,1.37,0.89,33.53,78.07,14.46,75.98,3.72,95.65,11.15,76.09,26.82,85.84,4.52,55.36,21.0,36.6,0.08,1.62,0.0,0.0,0.0,0.0,0.16,4.93,75.41,2.59,46.88,0.08,0.0,0.32,0.65,8.64,75.7,0,,0,,0,0.0,0.0,0.0,,,0.32,,,2.1,0.32,25.0,2.5,0,0.0
Milo Dunmore,Team 58,Team 58,CF,31,175000,2026-11-30,10,841,3,1.66,0,0.18,26.97,42.46,Sweden,Sweden,right,184,79,yes,2.14,2.46,39.13,8.67,39.51,0.0,0.0,0.21,1.18,1.65,1.71,1,0.11,0,0.0,2.25,0.32,3,0.32,0.18,1,0.11,17,1.82,41.18,17.647,0.0,0.43,25.0,0.21,0.0,0.21,50.0,0.0,2.57,54.17,12.31,40.87,1.18,0.86,0.21,10.06,2.03,3.96,15.41,71.53,4.17,56.41,5.35,86.0,2.78,61.54,14.34,75.37,0.75,14.29,15.08,11.33,0.02,0.43,0.11,0.0,0.11,0.0,0.32,1.61,60.0,1.07,40.0,0.11,0.0,0.21,0.11,1.82,64.71,0,,0,,0,0.0,0.0,0.0,,,0.0,,,0.0,0.0,0.0,0.0,0,0.0
Christian Huntington,Team 58,Team 58,"LCMF, CF",27,150000,2026-10-30,11,542,1,0.48,0,0.43,11.13,38.81,England,England,right,181,72,yes,3.99,2.66,43.75,2.49,26.67,0.0,0.0,0.5,2.82,4.02,1.33,1,0.17,0,0.0,1.99,0.17,1,0.17,0.08,0,0.0,12,1.99,33.33,8.333,0.0,0.5,0.0,0.33,0.0,0.17,0.0,0.17,2.32,57.14,5.48,42.42,0.33,0.66,0.0,16.44,0.33,1.49,20.59,75.81,5.81,71.43,4.32,92.31,5.48,75.76,18.93,78.07,1.16,71.43,17.82,14.5,0.07,0.5,0.0,0.0,0.0,0.0,0.0,2.99,83.33,1.0,50.0,0.17,100.0,0.33,0.0,2.49,86.67,0,,0,,0,0.0,0.0,0.0,,,0.0,,,1.99,0.83,60.0,1.66,0,0.0
Owen Fairfax,Team 58,Team 58,CF,36,150000,2026-12-31,7,431,0,0.34,0,0.04,20.05,34.38,Portugal,Portugal,right,184,85,yes,2.71,3.76,38.89,6.06,24.14,0.21,0.32,0.0,1.04,1.6,2.3,0,0.0,0,0.0,1.46,0.0,0,0.0,0.07,0,0.0,4,0.84,25.0,0.0,0.0,0.21,100.0,0.0,0.0,0.0,0.0,0.0,1.25,83.33,7.31,42.86,1.25,0.21,0.21,5.64,0.63,2.51,8.56,80.49,1.67,50.0,2.3,90.91,2.51,100.0,8.35,80.0,0.0,0.0,14.4,0.0,0.01,0.63,0.0,0.0,0.0,0.0,0.0,0.63,66.67,0.42,0.0,0.0,0.0,0.21,0.0,0.42,100.0,0,,0,,0,0.0,0.0,0.0,,,0.0,,,0.0,0.0,0.0,0.0,0,0.0
Theo Sinclair,Team 41,Team 41,RDMF,32,50000,2026-10-30,5,240,0,0.0,0,0.0,11.25,60.0,Romania,Romania,right,176,70,yes,6.38,7.5,60.0,2.63,57.14,0.38,0.57,0.38,1.5,2.26,2.25,1,0.38,0,0.0,0.0,0.0,0,0.0,0.0,0,0.0,0,0.0,0.0,0.0,0.0,0.0,0.0,0.0,0.0,0.0,0.0,0.0,0.0,0.0,0.0,0.0,0.0,0.0,0.0,10.88,0.38,0.38,19.88,83.02,4.88,61.54,3.75,100.0,7.13,84.21,19.5,82.69,0.38,100.0,13.7,11.52,0.0,0.0,0.0,0.0,0.0,0.0,0.0,1.13,66.67,0.38,0.0,0.0,0.0,0.0,0.0,2.63,57.14,0,,0,,0,0.0,0.0,0.0,,,1.13,,,0.0,0.0,0.0,0.0,0,0.0
Rowan Mercer,Team 41,Team 41,LCB,30,75000,,9,857,0,0.17,0,0.09,12.18,61.21,United States,United States,right,187,78,yes,6.62,3.99,73.68,5.36,58.82,0.21,0.32,0.63,3.47,5.24,0.95,2,0.21,0,0.0,0.42,0.0,0,0.0,0.02,0,0.0,5,0.53,20.0,0.0,0.0,0.0,0.0,0.0,0.0,0.0,0.0,0.0,0.32,100.0,2.0,47.37,0.53,0.53,0.0,24.05,0.84,0.53,36.97,81.82,18.9,70.56,1.26,100.0,14.39,95.62,29.09,90.25,7.88,50.67,24.32,41.94,0.01,0.32,0.0,0.0,0.0,0.0,0.0,6.09,56.9,0.74,28.57,0.21,50.0,0.21,0.0,9.35,74.16,0,,0,,0,0.0,0.0,0.0,,,1.05,,,0.0,0.0,0.0,0.0,0,0.0
Tristan Vanderveer,Team 41,Team 41,"RW, CF",38,125000,,6,224,0,0.37,1,0.18,21.7,44.44,Denmark,Denmark,left,165,62,yes,1.61,1.61,75.0,2.01,20.0,0.0,0.0,0.0,0.4,0.86,0.4,1,0.4,0,0.0,7.23,0.0,0,0.0,0.15,0,0.0,5,2.01,40.0,0.0,0.4,4.42,18.18,0.0,0.0,4.42,18.18,0.4,9.24,60.87,16.88,45.24,7.63,6.03,0.8,22.1,4.42,2.81,26.52,71.21,1.21,66.67,6.83,94.12,11.65,58.62,22.1,81.82,0.8,0.0,17.89,17.02,0.07,1.61,0.0,0.0,0.0,0.0,0.4,1.21,33.33,3.21,37.5,0.0,0.0,1.21,0.8,2.01,100.0,0,,0,,0,0.0,0.0,0.0,,,0.4,,,0.0,0.0,0.0,0.4,0,0.0
Lars Radcliffe,Team 41,Team 41,"RB, RW",27,100000,2026-10-30,9,762,0,0.03,0,0.21,16.65,46.81,England,"England, France",right,176,74,yes,7.44,6.73,56.14,4.37,40.54,0.35,0.55,0.24,3.31,5.12,2.13,3,0.35,0,0.0,1.77,0.0,0,0.0,0.0,0,0.0,4,0.47,0.0,0.0,0.0,2.6,40.91,0.12,0.0,2.48,42.86,0.12,1.77,40.0,3.9,36.36,0.35,1.54,0.12,22.68,1.65,0.94,30.71,80.0,9.92,78.57,5.55,97.87,9.8,80.72,25.75,88.99,2.72,30.43,19.74,33.41,0.02,0.24,0.0,0.0,0.0,0.0,0.24,5.67,75.0,1.89,31.25,0.0,0.0,0.0,0.71,6.5,74.55,0,,0,,0,0.0,0.0,0.0,,,0.35,,,0.0,0.0,0.0,0.0,0,0.0
Ethan Fairchild,Team 41,Team 41,RB,28,75000,2026-10-30,4,246,0,0.07,0,0.01,13.54,59.46,Croatia,Croatia,right,178,75,yes,9.15,5.49,53.33,1.83,80.0,1.1,1.55,0.73,5.12,7.24,0.73,0,0.0,0,0.0,1.83,0.0,0,0.0,0.03,0,0.0,2,0.73,50.0,0.0,0.0,0.73,50.0,0.0,0.0,0.73,50.0,0.0,1.46,75.0,4.39,58.33,0.0,1.1,0.37,14.63,1.83,1.83,21.22,77.59,10.61,68.97,1.1,100.0,5.49,86.67,17.93,81.63,2.56,57.14,20.01,28.03,0.0,0.37,0.0,0.0,0.0,0.0,0.0,4.39,66.67,0.73,50.0,0.0,0.0,0.0,0.37,6.95,78.95,0,,0,,0,0.0,0.0,0.0,,,0.37,,,0.0,0.0,0.0,0.0,0,0.0
Casper Ravensdale,Team 41,Team 41,"LW, LAMF, RAMF",25,100000,2026-12-31,7,163,0,0.17,0,0.06,12.7,26.09,Serbia,Serbia,right,180,72,yes,7.18,4.97,55.56,0.55,100.0,0.0,0.0,0.0,4.42,8.28,1.1,0,0.0,0,0.0,0.55,0.0,0,0.0,0.09,0,0.0,5,2.76,0.0,0.0,0.0,2.76,20.0,1.66,33.33,1.1,0.0,0.55,1.66,0.0,6.63,0.0,2.76,2.76,0.55,15.46,2.76,0.0,20.98,71.05,4.42,37.5,3.31,83.33,8.28,80.0,16.56,83.33,1.66,33.33,24.14,13.23,0.03,1.1,0.0,0.0,0.0,0.0,0.0,1.1,50.0,1.1,0.0,0.0,0.0,0.0,0.55,1.1,50.0,0,,0,,0,0.0,0.0,0.0,,,0.0,,,0.0,0.0,0.0,0.0,0,0.0
Dara Monroe,Team 41,Team 41,CF,27,75000,,8,193,0,0.01,0,0.0,23.78,17.65,Mexico,"Mexico, Portugal",right,183,79,yes,3.26,5.13,27.27,13.52,13.79,0.93,1.4,0.0,0.93,1.4,2.33,2,0.93,0,0.0,0.47,0.0,0,0.0,0.0,0,0.0,1,0.47,0.0,0.0,0.0,0.47,100.0,0.0,0.0,0.47,100.0,0.0,0.0,0.0,2.33,40.0,2.33,1.4,0.47,11.66,2.8,0.93,15.85,76.47,2.33,60.0,5.6,91.67,3.26,57.14,14.92,75.0,0.47,100.0,11.77,2.94,0.0,0.0,0.0,0.0,0.0,0.0,0.0,0.93,50.0,0.93,50.0,0.0,0.0,0.47,0.47,1.87,75.0,0,,0,,0,0.0,0.0,0.0,,,0.0,,,0.0,0.0,0.0,0.0,0,0.0
Leo Zimmerman,Team 41,Team 41,"AMF, LCMF, RCMF",28,100000,,11,528,0,0.83,0,0.95,12.61,52.7,Ghana,"Ghana, Italy",right,178,73,yes,5.8,4.09,75.0,1.53,55.56,0.51,0.75,0.0,2.22,3.25,0.34,2,0.34,0,0.0,1.36,0.0,0,0.0,0.14,0,0.0,15,2.56,6.67,0.0,0.0,1.53,0.0,0.17,0.0,1.36,0.0,0.0,1.53,66.67,5.8,44.12,1.02,1.19,0.34,24.55,0.34,0.85,32.56,83.77,8.18,72.92,5.45,96.88,11.93,87.14,29.66,89.66,1.36,50.0,15.55,16.58,0.16,1.88,0.0,0.0,0.17,100.0,0.17,4.94,75.86,1.53,33.33,0.17,100.0,0.34,0.0,3.92,86.96,0,,0,,0,0.0,0.0,0.0,,,0.0,,,2.39,0.51,0.0,3.07,0,0.0
Magnus Fletcher,Team 41,Team 41,AMF,23,125000,2028-12-31,1,29,0,0.04,0,0.0,,,Paraguay,Paraguay,right,177,72,yes,,,,,,,0.0,,,0.0,,1,,0,,,,0,,,0,,1,,,0.0,,,,,,,,,,,,,,,,,,,,,,,,,,,,,,,28.32,0.0,,,,,,,,,,,,,,,,,,0,,0,,0,0.0,0.0,,,,,,,,,,,0,0.0
Ruben Ingram,Team 41,Team 41,RAMF,22,125000,,1,28,0,0.0,0,0.0,,,Chile,Chile,right,176,67,yes,,,,,,,0.0,,,10.0,,0,,0,,,,0,,,0,,0,,,0.0,,,,,,,,,,,,,,,,,,,,,,,,,,,,,,,17.91,0.0,,,,,,,,,,,,,,,,,,0,,0,,0,0.0,0.0,,,,,,,,,,,0,0.0
Rowan Blackwood,Team 41,Team 41,"RCMF, CF, AMF",22,100000,,2,46,0,0.01,0,0.0,15.65,37.5,Finland,Finland,right,182,73,yes,5.87,3.91,100.0,7.83,0.0,0.0,0.0,0.0,1.96,2.5,0.0,0,0.0,0,0.0,0.0,0.0,0,0.0,0.03,0,0.0,1,1.96,0.0,0.0,0.0,3.91,0.0,1.96,0.0,1.96,0.0,0.0,0.0,0.0,1.96,0.0,1.96,3.91,1.96,11.74,0.0,1.96,15.65,62.5,3.91,50.0,1.96,100.0,3.91,100.0,11.74,83.33,0.0,0.0,20.04,0.0,0.0,0.0,0.0,0.0,0.0,0.0,0.0,0.0,0.0,0.0,0.0,0.0,0.0,0.0,0.0,1.96,100.0,0,,0,,0,0.0,0.0,0.0,,,0.0,,,0.0,0.0,0.0,0.0,0,0.0
Dara Vanderveer,Team 41,Team 41,"RDMF, RCMF, LCMF",26,100000,,12,1181,1,1.24,0,0.19,17.68,61.64,Romania,"Romania, Italy",right,179,73,yes,9.53,6.55,74.42,3.73,63.27,0.23,0.33,0.23,4.42,6.47,1.37,3,0.23,1,0.08,1.07,0.08,1,0.08,0.09,0,0.0,14,1.07,21.43,7.143,0.0,0.91,25.0,0.15,0.0,0.69,22.22,0.15,1.3,47.06,5.72,44.0,1.91,0.99,0.15,22.4,0.3,2.36,34.98,79.96,12.42,68.1,4.8,90.48,12.27,86.96,31.55,82.85,2.51,63.64,18.28,39.39,0.01,0.53,0.0,0.08,0.08,0.0,0.15,6.78,67.42,1.22,37.5,0.15,0.0,0.3,0.23,5.64,74.32,0,,0,,0,0.0,0.0,0.0,,,0.61,,,0.0,0.0,0.0,0.0,0,0.0
Casper Fletcher,Team 41,Team 41,RCB,26,100000,,13,1225,0,0.92,1,0.39,12.93,71.59,Brazil,"Brazil, Portugal",right,190,82,yes,8.67,4.63,74.6,6.98,74.74,0.29,0.44,1.32,4.92,7.36,0.88,3,0.22,1,0.07,0.22,0.0,0,0.0,0.07,0,0.0,10,0.73,20.0,0.0,0.07,0.07,0.0,0.0,0.0,0.07,0.0,0.0,0.15,50.0,0.44,50.0,0.96,0.81,0.0,23.22,0.29,0.37,36.29,83.81,14.99,72.06,3.23,97.73,15.8,93.95,30.49,90.6,5.73,48.72,21.88,36.36,0.03,0.07,0.0,0.0,0.0,0.0,0.07,3.89,54.72,0.15,0.0,0.37,40.0,0.0,0.0,7.42,61.39,0,,0,,0,0.0,0.0,0.0,,,3.09,,,0.0,0.0,0.0,0.0,0,0.0
Nikolai Mercer,Team 41,Team 41,RB,25,100000,,6,277,0,0.14,0,0.0,15.6,50.0,United States,United States,right,177,70,yes,9.1,6.5,65.0,8.45,38.46,0.32,0.42,0.97,4.55,5.83,0.65,0,0.0,0,0.0,0.65,0.0,0,0.0,0.05,0,0.0,2,0.65,100.0,0.0,0.0,0.0,0.0,0.0,0.0,0.0,0.0,0.0,0.0,0.0,0.32,0.0,0.65,0.0,0.0,11.37,0.65,0.32,19.49,68.33,9.75,43.33,3.25,100.0,4.55,85.71,13.97,86.05,5.52,23.53,30.58,41.99,0.0,0.0,0.0,0.0,0.0,0.0,0.0,3.57,63.64,0.97,33.33,0.32,100.0,0.32,0.0,5.52,35.29,0,,0,,0,0.0,0.0,0.0,,,0.97,,,0.0,0.0,0.0,0.0,0,0.0
Leon Barton,Team 41,Team 41,"DMF, RDMF, RB",26,100000,,6,187,0,0.0,0,0.02,15.88,54.55,Nigeria,Nigeria,right,182,74,yes,8.66,10.11,61.9,2.41,40.0,0.0,0.0,0.0,2.41,3.57,3.37,1,0.48,0,0.0,0.0,0.0,0,0.0,0.0,0,0.0,0,0.0,0.0,0.0,0.0,0.0,0.0,0.0,0.0,0.0,0.0,0.0,0.48,0.0,2.41,40.0,0.0,0.0,0.0,18.29,0.48,1.44,24.55,86.27,9.63,80.0,1.44,100.0,9.63,95.0,19.73,90.24,4.81,70.0,17.4,29.3,0.01,0.48,0.0,0.0,0.0,0.0,0.0,4.33,77.78,1.44,33.33,0.48,0.0,0.48,0.0,3.85,87.5,0,,0,,0,0.0,0.0,0.0,,,0.0,,,0.0,0.0,0.0,0.0,0,0.0
Leon Mercer,Team 41,Team 41,"LAMF, LW, LWF",25,100000,2026-12-31,11,685,1,0.27,1,0.35,20.76,39.24,Slovakia,"Slovakia, France",right,178,71,yes,6.04,7.09,53.7,2.23,29.41,0.53,0.84,0.13,1.71,2.73,2.23,2,0.26,0,0.0,1.18,0.13,1,0.13,0.04,0,0.0,9,1.18,22.22,11.111,0.13,0.53,0.0,0.39,0.0,0.13,0.0,0.0,2.76,33.33,9.59,30.14,0.79,0.66,0.0,13.93,0.66,2.1,21.02,75.0,4.86,59.46,5.26,87.5,6.04,69.57,18.79,79.72,1.71,46.15,15.9,21.7,0.05,0.66,0.0,0.0,0.0,0.0,0.26,2.36,72.22,0.53,25.0,0.0,0.0,0.26,0.0,3.15,54.17,0,,0,,0,0.0,0.0,0.0,,,0.0,,,0.0,0.0,0.0,0.0,0,0.0
Isaac Calder,Team 41,Team 41,GK,26,75000,,1,98,0,0.0,0,0.0,1.84,100.0,Norway,Norway,right,188,83,yes,0.92,0.92,100.0,0.0,0.0,0.0,0.0,0.0,0.0,0.0,0.0,0,0.0,0,0.0,0.0,0.0,0,0.0,0.0,0,0.0,0,0.0,0.0,0.0,0.0,0.0,0.0,0.0,0.0,0.0,0.0,0.0,0.0,0.0,0.92,100.0,0.0,0.0,0.0,22.96,0.0,0.92,30.31,81.82,21.12,73.91,0.0,0.0,8.27,100.0,18.37,95.0,11.94,61.54,31.18,49.63,0.0,0.0,0.0,0.0,0.0,0.0,0.0,4.59,60.0,0.0,0.0,0.0,0.0,0.0,0.0,11.02,66.67,1,0.92,8,7.35,0,87.5,1.96,1.8,0.96,0.882,0.0,2.76,0.0,,,,0.0,0,0.0
Fabian Pendleton,Team 41,Team 41,"LCB, RCB, RB",26,75000,2026-10-30,11,896,0,0.52,0,0.07,12.86,64.06,Senegal,Senegal,right,189,80,yes,7.73,3.92,66.67,6.73,68.66,0.2,0.27,0.7,4.92,6.71,0.6,2,0.2,0,0.0,0.2,0.0,0,0.0,0.05,0,0.0,6,0.6,16.67,0.0,0.0,0.0,0.0,0.0,0.0,0.0,0.0,0.0,0.1,100.0,1.0,40.0,0.8,0.3,0.0,22.7,0.2,0.5,33.85,85.76,13.96,74.82,2.61,100.0,14.16,94.33,29.73,91.22,4.12,46.34,21.4,34.54,0.01,0.2,0.0,0.0,0.0,0.0,0.0,3.11,74.19,0.2,50.0,0.0,0.0,0.2,0.0,7.63,63.16,0,,0,,0,0.0,0.0,0.0,,,2.41,,,0.0,0.0,0.0,0.0,0,0.0
Malcolm Thorne,Team 41,Team 41,"AMF, CF",27,150000,,12,1036,3,4.35,0,0.7,16.68,47.4,United States,United States,right,177,74,yes,4.78,3.91,42.22,2.61,33.33,0.09,0.13,0.17,3.04,4.45,1.91,6,0.52,0,0.0,2.61,0.26,0,0.0,0.38,0,0.0,31,2.69,22.58,9.677,0.0,1.22,42.86,0.17,100.0,1.04,33.33,0.09,2.26,57.69,8.17,52.13,0.96,1.56,0.26,23.11,0.96,2.52,30.67,83.57,8.25,68.42,5.39,95.16,11.29,87.69,26.58,86.93,2.95,70.59,19.9,43.85,0.06,1.22,0.0,0.0,0.35,50.0,0.26,5.65,76.92,2.87,60.61,0.61,57.14,1.04,0.61,5.82,79.1,0,,0,,0,0.0,0.0,0.0,,,0.17,,,1.74,0.78,22.22,1.39,3,100.0
Zachary Huntington,Team 41,Team 41,CF,26,125000,2026-12-31,14,919,2,1.95,0,0.0,17.04,27.59,Colombia,Colombia,right,185,74,yes,1.57,2.06,52.38,5.39,18.18,0.0,0.0,0.1,0.49,0.71,0.98,1,0.1,0,0.0,0.88,0.2,2,0.2,0.19,0,0.0,14,1.37,42.86,14.286,0.0,0.78,12.5,0.49,20.0,0.29,0.0,0.2,0.39,50.0,6.66,33.82,3.04,0.1,0.0,7.25,1.86,2.06,9.99,72.55,1.57,37.5,3.33,94.12,1.86,73.68,9.21,77.66,0.0,0.0,14.77,0.0,0.0,0.1,0.1,0.0,0.1,0.0,0.0,0.39,25.0,0.49,0.0,0.1,0.0,0.1,0.2,0.59,50.0,0,,0,,0,0.0,0.0,0.0,,,0.0,,,0.0,0.0,0.0,0.0,0,0.0
Henry Norwood,Team 41,Team 41,"LAMF, CF, LW",25,125000,,12,547,0,0.37,0,0.28,25.83,40.76,Netherlands,Netherlands,right,175,75,yes,6.09,4.44,62.96,5.76,20.0,0.66,1.03,0.0,2.63,4.1,1.48,0,0.0,0,0.0,2.14,0.0,0,0.0,0.06,0,0.0,7,1.15,42.86,0.0,0.0,0.33,0.0,0.33,0.0,0.0,0.0,0.0,2.8,52.94,11.52,44.29,1.48,1.48,0.49,4.44,0.66,3.95,9.05,76.36,1.81,63.64,3.29,90.0,1.81,81.82,8.72,79.25,0.0,0.0,11.75,0.0,0.05,0.82,0.0,0.0,0.16,100.0,0.49,0.49,33.33,0.66,50.0,0.16,100.0,0.66,0.0,0.66,75.0,0,,0,,0,0.0,0.0,0.0,,,0.0,,,0.0,0.0,0.0,0.0,0,0.0
Cillian Ashford,Team 41,Team 41,CF,28,100000,2026-09-30,2,118,0,0.05,0,0.0,12.97,58.82,Ireland,Ireland,left,186,82,yes,3.05,3.81,40.0,3.81,60.0,0.0,0.0,0.0,1.53,2.0,2.29,1,0.76,0,0.0,2.29,0.0,0,0.0,0.04,0,0.0,2,1.53,50.0,0.0,0.0,0.76,0.0,0.76,0.0,0.0,0.0,0.0,1.53,100.0,3.81,80.0,0.76,0.0,0.0,0.76,0.0,1.53,3.05,75.0,0.0,0.0,1.53,100.0,1.53,50.0,2.29,100.0,0.0,0.0,20.97,0.0,0.0,0.0,0.0,0.0,0.0,0.0,0.0,0.0,0.0,0.76,0.0,0.0,0.0,0.0,0.0,0.0,0.0,0,,0,,0,0.0,0.0,0.0,,,0.0,,,0.76,0.76,0.0,0.0,0,0.0
Lucas Thorpe,Team 41,Team 41,"RAMF, RW",27,125000,,13,1164,0,0.81,0,1.03,19.72,49.41,Belgium,Belgium,right,184,73,yes,6.03,4.87,61.9,2.47,37.5,0.23,0.35,0.23,2.78,4.15,0.85,4,0.31,0,0.0,4.02,0.0,0,0.0,0.06,0,0.0,20,1.55,30.0,0.0,0.0,2.55,21.21,0.31,25.0,2.24,20.69,0.31,4.95,60.94,11.52,49.66,1.62,2.71,0.23,16.31,1.93,2.32,22.35,77.51,5.57,68.06,6.34,93.9,5.8,65.33,19.18,86.29,1.01,38.46,17.49,29.92,0.08,0.77,0.0,0.0,0.0,0.0,0.46,2.4,70.97,2.16,35.71,0.08,0.0,0.39,0.46,3.32,79.07,0,,0,,0,0.0,0.0,0.0,,,0.31,,,0.0,0.0,0.0,0.0,0,0.0
Soren Hensley,Team 41,Team 41,GK,34,100000,,13,1323,0,0.0,0,0.0,0.54,87.5,South Korea,"South Korea, Italy",right,194,94,yes,0.75,0.0,0.0,0.41,83.33,0.0,0.0,0.0,0.75,1.1,0.0,4,0.27,0,0.0,0.0,0.0,0,0.0,0.0,0,0.0,0,0.0,0.0,0.0,0.0,0.0,0.0,0.0,0.0,0.0,0.0,0.0,0.0,0.0,0.07,100.0,0.0,0.2,0.0,16.46,0.41,0.2,23.4,82.56,12.04,67.8,0.0,0.0,11.02,98.15,13.67,100.0,9.73,58.04,37.7,53.53,0.0,0.0,0.0,0.0,0.0,0.0,0.0,4.63,52.94,0.41,16.67,0.48,0.0,0.0,0.0,6.73,80.81,10,0.68,48,3.27,5,79.17,14.4,0.98,4.4,0.299,0.0,1.22,0.41,,,,0.0,0,0.0
Alexander Thorpe,Team 41,Team 41,LB,28,100000,,7,221,0,0.0,0,0.05,16.29,52.5,South Korea,South Korea,left,176,70,yes,11.4,9.77,66.67,2.85,57.14,0.41,0.64,0.41,4.48,7.02,2.44,1,0.41,0,0.0,0.81,0.0,0,0.0,0.0,0,0.0,0,0.0,0.0,0.0,0.0,1.22,33.33,1.22,33.33,0.0,0.0,0.0,0.41,100.0,1.22,33.33,0.0,0.0,0.0,17.92,1.63,0.0,27.29,61.19,12.62,45.16,4.89,91.67,5.29,69.23,21.18,71.15,4.89,25.0,20.66,29.01,0.02,0.81,0.0,0.0,0.0,0.0,0.0,6.11,33.33,1.22,33.33,0.0,0.0,0.41,0.41,8.14,60.0,0,,0,,0,0.0,0.0,0.0,,,1.22,,,0.41,0.0,0.0,0.41,0,0.0
Graham Waverley,Team 41,Team 41,LB,31,125000,,13,1198,3,2.45,0,1.58,11.19,57.72,Chile,Chile,left,175,76,yes,6.91,4.96,68.18,2.48,39.39,0.3,0.44,0.15,3.23,4.74,1.2,2,0.15,0,0.0,1.58,0.23,1,0.08,0.18,0,0.0,10,0.75,40.0,30.0,0.0,3.08,29.27,3.08,29.27,0.0,0.0,0.53,0.6,62.5,2.93,51.28,0.38,0.83,0.0,21.49,2.18,1.2,30.95,76.7,12.32,68.29,4.43,96.61,9.17,77.05,23.81,88.01,4.21,44.64,20.68,39.84,0.12,1.35,0.0,0.0,0.0,0.0,0.23,4.28,59.65,2.78,43.24,0.15,50.0,0.38,0.98,7.66,81.37,0,,0,,0,0.0,0.0,0.0,,,0.3,,,1.28,0.23,0.0,2.18,2,100.0
Dominic Carrington,Team 41,Team 41,"LDMF, DMF, LCMF",27,125000,,13,1232,1,0.44,0,0.23,8.91,54.92,Iceland,"Iceland, Portugal",right,176,67,yes,7.09,4.82,68.18,0.51,28.57,0.15,0.21,0.44,3.65,5.34,0.8,2,0.15,0,0.0,0.66,0.07,1,0.07,0.03,0,0.0,14,1.02,21.43,7.143,0.0,0.29,50.0,0.15,50.0,0.07,100.0,0.0,0.51,57.14,2.48,41.18,0.07,0.29,0.07,26.15,0.15,0.8,42.22,85.81,11.98,71.34,6.43,93.18,18.99,92.31,35.65,89.55,6.28,66.28,21.57,38.09,0.02,0.22,0.0,0.0,0.0,0.0,0.15,7.09,70.1,0.51,85.71,0.07,100.0,0.15,0.07,6.14,70.24,0,,0,,0,0.0,0.0,0.0,,,1.24,,,0.07,0.07,0.0,0.0,0,0.0
Nikolai Kessler,Team 37,Team 37,LB,29,400000,2026-10-30,1,13,0,0.0,0,0.0,,,Czech Republic,Czech Republic,right,180,71,yes,,,,,,,0.0,,,0.0,,0,,0,,,,0,,,0,,0,,,0.0,,,,,,,,,,,,,,,,,,,,,,,,,,,,,,,10.3,0.0,,,,,,,,,,,,,,,,,,0,,0,,0,0.0,0.0,,,,,,,,,,,0,0.0
Marcus Halston,Team 37,Team 37,RCB,28,225000,,6,323,0,0.01,0,0.43,11.15,67.5,Colombia,"Colombia, Italy",right,188,76,yes,9.75,3.62,76.92,4.18,66.67,0.0,0.0,0.84,6.97,11.72,0.56,2,0.56,0,0.0,0.84,0.0,0,0.0,0.0,0,0.0,1,0.28,100.0,0.0,0.0,0.0,0.0,0.0,0.0,0.0,0.0,0.0,0.84,66.67,1.95,57.14,0.56,0.56,0.0,15.88,0.28,0.84,31.21,79.46,15.33,74.55,2.23,100.0,10.87,84.62,24.52,88.64,6.69,45.83,18.9,22.64,0.12,0.56,0.0,0.0,0.0,0.0,0.28,5.29,47.37,1.11,0.0,0.28,100.0,0.28,0.0,7.52,70.37,0,,0,,0,0.0,0.0,0.0,,,1.95,,,0.0,0.0,0.0,0.0,0,0.0
Nathan Hayward,Team 37,Team 37,"CF, RAMF",33,150000,,8,394,0,0.53,0,0.0,23.3,34.31,Sweden,"Sweden, Portugal",right,184,80,yes,4.11,2.74,50.0,8.45,29.73,0.0,0.0,0.23,2.74,4.24,1.83,0,0.0,0,0.0,0.69,0.0,0,0.0,0.12,0,0.0,7,1.6,14.29,0.0,0.0,0.23,0.0,0.0,0.0,0.23,0.0,0.0,1.14,40.0,9.82,30.23,1.14,0.69,0.0,9.14,2.06,1.6,14.39,66.67,4.8,57.14,2.51,81.82,5.03,72.73,13.02,68.42,1.37,50.0,17.04,16.63,0.0,0.0,0.0,0.0,0.0,0.0,0.0,1.14,40.0,1.37,16.67,0.0,0.0,0.23,0.0,1.83,37.5,0,,0,,0,0.0,0.0,0.0,,,0.0,,,0.0,0.0,0.0,0.0,0,0.0
Zachary Brecken,Team 37,Team 37,"RCMF, AMF",32,250000,,2,57,0,0.0,0,0.0,12.63,25.0,Turkey,Turkey,left,170,64,yes,1.58,1.58,0.0,4.74,66.67,0.0,0.0,0.0,1.58,2.5,1.58,1,1.58,0,0.0,0.0,0.0,0,0.0,0.0,0,0.0,2,3.16,0.0,0.0,0.0,0.0,0.0,0.0,0.0,0.0,0.0,0.0,0.0,0.0,4.74,0.0,0.0,0.0,0.0,17.37,0.0,0.0,30.0,57.89,14.21,44.44,0.0,0.0,11.05,71.43,28.42,55.56,1.58,100.0,18.14,13.32,0.0,0.0,0.0,0.0,0.0,0.0,0.0,6.32,75.0,1.58,0.0,0.0,0.0,0.0,0.0,4.74,100.0,0,,0,,0,0.0,0.0,0.0,,,0.0,,,6.32,3.16,0.0,0.0,0,0.0
Florian Kren,Team 37,Team 37,"LCMF, RCMF",22,200000,,13,736,1,0.09,0,0.52,18.59,50.66,Uruguay,Uruguay,right,182,75,yes,9.05,8.68,52.11,2.08,47.06,0.61,0.75,0.12,3.91,4.78,1.47,3,0.37,0,0.0,1.47,0.12,1,0.12,0.01,0,0.0,4,0.49,50.0,25.0,0.0,0.98,50.0,0.37,66.67,0.61,40.0,0.12,0.86,85.71,5.99,44.9,0.37,0.98,0.12,22.01,0.37,1.47,37.05,76.9,14.31,64.1,3.42,100.0,15.29,82.4,28.25,85.71,7.83,48.44,24.04,30.64,0.06,0.61,0.0,0.0,0.0,0.0,0.12,8.93,65.75,2.32,42.11,0.73,50.0,0.73,0.49,8.07,78.79,0,,0,,0,0.0,0.0,0.0,,,0.0,,,0.12,0.0,0.0,0.0,0,0.0
Bastien Drayton,Team 37,Team 37,"CF, RCMF, AMF",33,250000,,11,889,1,1.8,0,0.17,15.89,41.4,Albania,Albania,right,182,74,yes,5.97,4.35,55.81,4.05,32.5,0.1,0.14,0.1,3.44,4.9,1.42,2,0.2,1,0.1,1.92,0.1,1,0.1,0.18,0,0.0,18,1.82,27.78,5.556,0.0,1.92,36.84,0.0,0.0,1.92,36.84,0.4,1.11,63.64,6.28,41.94,1.92,0.2,0.0,19.44,0.81,1.32,28.04,76.53,9.62,69.47,4.56,91.11,8.71,77.91,24.3,81.25,1.92,57.89,16.69,29.16,0.02,0.51,0.0,0.0,0.1,0.0,0.4,4.66,78.26,2.33,34.78,0.2,0.0,0.3,0.71,5.47,66.67,0,,0,,0,0.0,0.0,0.0,,,0.0,,,0.0,0.0,0.0,0.0,0,0.0
Casper Prescott,Team 37,Team 37,GK,37,150000,2026-10-31,3,226,0,0.0,0,0.31,1.99,100.0,Norway,"Norway, Italy",right,185,80,yes,1.19,0.0,0.0,1.19,100.0,0.0,0.0,0.0,1.19,1.36,0.0,1,0.4,0,0.0,0.0,0.0,0,0.0,0.0,0,0.0,0,0.0,0.0,0.0,0.0,0.0,0.0,0.0,0.0,0.0,0.0,0.0,0.0,0.0,0.8,100.0,0.0,0.0,0.0,6.77,0.4,1.19,15.93,67.5,12.74,62.5,0.0,0.0,3.19,87.5,6.37,93.75,9.56,50.0,43.0,55.86,0.12,0.4,0.0,0.0,0.0,0.0,0.0,4.78,58.33,0.8,0.0,0.8,50.0,0.4,0.0,7.17,66.67,0,0.0,11,4.38,2,100.0,0.86,0.34,0.86,0.342,0.0,4.38,1.19,,,,0.0,0,0.0
Gabriel Kensington,Team 37,Team 37,"RCB, LCB",34,200000,,8,647,0,0.23,0,0.32,12.94,70.97,Argentina,Argentina,right,188,85,yes,8.07,4.31,70.97,6.12,77.27,0.42,0.56,0.14,4.59,6.19,0.97,0,0.0,0,0.0,0.0,0.0,0,0.0,0.03,0,0.0,2,0.28,0.0,0.0,0.0,0.28,0.0,0.14,0.0,0.14,0.0,0.0,0.28,0.0,1.11,62.5,0.56,0.14,0.0,16.83,0.0,1.11,30.32,80.28,11.55,61.45,1.81,100.0,14.74,91.51,25.87,86.56,4.17,46.67,21.26,29.04,0.04,0.28,0.0,0.0,0.0,0.0,0.28,2.78,35.0,0.7,20.0,0.14,0.0,0.14,0.0,5.7,51.22,0,,0,,0,0.0,0.0,0.0,,,1.67,,,0.0,0.0,0.0,0.0,0,0.0
Simon Pendleton,Team 37,Team 37,"LCMF, LDMF",26,300000,2026-10-30,7,594,0,0.04,0,0.0,8.18,44.44,Uruguay,Uruguay,right,184,79,yes,5.15,3.48,65.22,2.12,21.43,0.3,0.45,0.0,2.58,3.86,0.91,1,0.15,0,0.0,0.15,0.0,0,0.0,0.01,0,0.0,4,0.61,0.0,0.0,0.0,0.15,0.0,0.15,0.0,0.0,0.0,0.0,0.15,100.0,1.52,30.0,0.15,0.91,0.0,28.94,0.0,0.3,46.52,91.53,13.03,83.72,8.33,98.18,20.76,94.16,41.82,94.93,4.55,63.33,20.86,40.83,0.0,0.15,0.0,0.0,0.0,0.0,0.0,7.88,82.69,1.06,57.14,0.61,25.0,0.3,0.0,7.12,82.98,0,,0,,0,0.0,0.0,0.0,,,1.52,,,0.15,0.0,0.0,0.0,0,0.0
Rowan Carrington,Team 37,Team 37,"LW, RW, RB",28,250000,,8,162,0,0.01,0,0.32,25.0,28.89,Iceland,Iceland,right,175,74,yes,4.44,5.56,60.0,6.11,0.0,0.0,0.0,0.0,1.11,1.3,1.11,0,0.0,0,0.0,4.44,0.0,0,0.0,0.01,0,0.0,1,0.56,100.0,0.0,0.0,2.78,40.0,1.11,0.0,1.67,66.67,0.0,4.44,62.5,10.56,31.58,2.22,1.67,0.0,11.67,1.67,1.11,21.67,74.36,5.56,60.0,5.56,90.0,6.11,72.73,17.22,80.65,1.67,66.67,16.27,12.98,0.18,1.11,0.0,0.0,0.0,0.0,0.56,2.78,80.0,2.22,50.0,0.0,0.0,0.56,1.67,4.44,50.0,0,,0,,0,0.0,0.0,0.0,,,0.0,,,0.0,0.0,0.0,0.0,0,0.0
Felix Ravensdale,Team 37,Team 37,LCB,20,250000,,3,269,0,0.27,0,0.0,9.03,66.67,Netherlands,Netherlands,right,184,77,yes,13.72,5.69,76.47,2.68,50.0,0.33,0.41,1.0,9.03,10.95,1.34,1,0.33,0,0.0,0.33,0.0,0,0.0,0.09,0,0.0,2,0.67,50.0,0.0,0.0,0.0,0.0,0.0,0.0,0.0,0.0,0.0,0.0,0.0,0.33,100.0,0.67,0.67,0.0,12.71,1.0,0.33,26.1,73.08,15.39,63.04,1.0,100.0,6.69,85.0,21.08,76.19,5.02,60.0,20.24,33.39,0.0,0.0,0.0,0.0,0.0,0.0,0.0,2.34,28.57,0.33,0.0,0.33,0.0,0.0,0.0,7.7,47.83,0,,0,,0,0.0,0.0,0.0,,,0.33,,,0.0,0.0,0.0,0.0,0,0.0
Christian Winterbottom,Team 37,Team 37,"LCMF, AMF",23,450000,,2,133,0,0.09,0,0.0,20.98,41.94,Romania,Romania,right,175,70,yes,10.15,8.8,53.85,0.68,0.0,1.35,1.4,0.0,4.06,4.19,2.71,0,0.0,0,0.0,0.0,0.0,0,0.0,0.06,0,0.0,2,1.35,0.0,0.0,0.0,0.0,0.0,0.0,0.0,0.0,0.0,0.0,0.0,0.0,5.41,37.5,0.68,0.68,0.68,3.38,0.0,2.03,9.47,57.14,2.71,25.0,0.0,0.0,3.38,100.0,8.12,66.67,1.35,0.0,15.9,31.38,0.0,0.0,0.0,0.68,0.0,0.0,0.0,0.0,0.0,0.0,0.0,0.0,0.0,0.0,0.0,0.0,0.0,0,,0,,0,0.0,0.0,0.0,,,0.0,,,0.0,0.0,0.0,0.0,0,0.0
Dominic Davenport,Team 37,Team 37,RCB,24,200000,,7,575,0,0.17,0,0.12,14.24,54.95,Colombia,Colombia,right,190,81,yes,7.36,6.73,65.12,4.23,48.15,0.16,0.18,0.78,2.82,3.31,1.25,0,0.0,0,0.0,0.31,0.0,0,0.0,0.03,0,0.0,1,0.16,100.0,0.0,0.0,0.16,0.0,0.0,0.0,0.16,0.0,0.0,0.16,100.0,1.41,55.56,0.16,0.16,0.0,13.3,0.78,0.78,22.54,79.86,11.58,70.27,0.47,100.0,9.7,88.71,17.69,88.5,4.7,50.0,25.57,44.98,0.02,0.16,0.0,0.0,0.0,0.0,0.16,3.13,50.0,0.78,20.0,0.31,50.0,0.16,0.0,4.7,70.0,0,,0,,0,0.0,0.0,0.0,,,0.47,,,0.0,0.0,0.0,0.0,0,0.0
Florian Kensington,Team 37,Team 37,"LW, AMF, LCMF",28,300000,2026-11-30,7,383,1,0.74,0,0.25,19.5,46.99,Romania,Romania,right,177,74,yes,7.75,4.23,66.67,1.64,14.29,0.0,0.0,0.0,4.93,6.24,1.41,0,0.0,0,0.0,4.46,0.23,1,0.23,0.17,0,0.0,5,1.17,40.0,20.0,0.0,2.58,27.27,2.11,33.33,0.47,0.0,0.23,5.17,54.55,12.22,44.23,2.35,1.41,0.0,11.04,0.47,2.11,26.08,76.58,7.75,75.76,3.99,94.12,8.46,69.44,19.74,84.52,3.99,70.59,24.69,38.51,0.06,1.41,0.23,0.0,0.47,100.0,0.47,3.05,69.23,2.35,40.0,0.7,66.67,0.94,0.47,4.93,61.9,0,,0,,0,0.0,0.0,0.0,,,0.23,,,0.23,0.0,0.0,0.0,0,0.0
Emil Carrington,Team 37,Team 37,RW,26,200000,,2,49,0,0.0,0,0.15,22.04,41.67,Greece,Greece,right,174,73,yes,11.02,11.02,66.67,1.84,0.0,1.84,2.0,0.0,1.84,2.0,0.0,0,0.0,0,0.0,0.0,0.0,0,0.0,0.0,0,0.0,0,0.0,0.0,0.0,0.0,0.0,0.0,0.0,0.0,0.0,0.0,0.0,1.84,0.0,5.51,0.0,0.0,0.0,0.0,0.0,0.0,0.0,5.51,33.33,5.51,33.33,0.0,0.0,0.0,0.0,5.51,33.33,0.0,0.0,3.6,0.0,0.27,1.84,0.0,0.0,0.0,0.0,0.0,3.67,50.0,0.0,0.0,0.0,0.0,0.0,0.0,0.0,0.0,0,,0,,0,0.0,0.0,0.0,,,0.0,,,0.0,0.0,0.0,3.67,0,0.0
Leon Waverley,Team 37,Team 37,RB,23,250000,2027-12-31,13,901,0,0.67,0,0.21,18.18,58.24,Hungary,"Hungary, Italy",right,184,80,yes,13.39,7.69,67.53,4.2,54.76,0.6,0.76,0.4,7.59,9.58,1.5,0,0.0,0,0.0,1.2,0.0,0,0.0,0.07,0,0.0,5,0.5,20.0,0.0,0.0,1.5,26.67,0.0,0.0,1.5,26.67,0.1,1.3,53.85,3.8,42.11,0.6,1.7,0.2,18.48,1.3,0.9,33.96,69.41,17.68,62.71,2.9,96.55,8.69,71.26,26.97,77.41,5.59,41.07,19.87,32.86,0.02,0.4,0.0,0.0,0.0,0.0,0.1,8.09,69.14,1.7,29.41,0.4,50.0,0.1,0.5,10.59,65.09,0,,0,,0,0.0,0.0,0.0,,,0.5,,,0.1,0.0,0.0,0.0,0,0.0
Hugo Wellington,Team 37,Team 37,RB,24,250000,,11,582,1,1.02,0,0.06,16.86,44.04,Ukraine,Ukraine,right,177,70,yes,8.04,6.8,72.73,2.01,38.46,0.0,0.0,0.15,3.09,4.62,1.55,1,0.15,0,0.0,2.16,0.15,1,0.15,0.16,0,0.0,4,0.62,75.0,25.0,0.0,3.09,30.0,0.31,0.0,2.78,33.33,0.15,1.7,45.45,5.1,21.21,1.39,2.16,0.77,25.52,1.55,0.46,34.33,73.42,15.15,64.29,4.95,96.88,8.51,72.73,27.68,82.12,3.87,44.0,19.53,27.28,0.01,0.46,0.0,0.0,0.0,0.0,0.15,6.34,70.73,2.16,35.71,0.31,0.0,0.31,0.93,8.81,66.67,0,,0,,0,0.0,0.0,0.0,,,0.46,,,0.0,0.0,0.0,0.0,0,0.0
Alastair Blackwood,Team 37,Team 37,CF,30,250000,2026-10-30,11,861,3,3.23,0,0.07,27.18,27.69,Denmark,Denmark,right,191,79,yes,2.93,2.61,56.0,8.68,26.51,0.21,0.29,0.1,1.25,1.71,1.88,2,0.21,0,0.0,2.09,0.31,3,0.31,0.34,0,0.0,24,2.51,50.0,12.5,0.0,0.63,16.67,0.21,0.0,0.42,25.0,0.0,1.15,63.64,11.39,26.61,2.4,0.31,0.0,5.75,2.3,1.78,9.09,65.52,1.99,47.37,2.61,96.0,2.4,56.52,8.26,69.62,0.31,66.67,18.57,12.71,0.01,0.1,0.0,0.0,0.0,0.0,0.1,0.73,14.29,0.63,16.67,0.1,0.0,0.42,0.0,0.52,60.0,0,,0,,0,0.0,0.0,0.0,,,0.0,,,0.0,0.0,0.0,0.0,0,0.0
Florian Talbot,Team 37,Team 37,"LCB, CB",38,150000,2026-10-30,15,1512,0,0.86,1,0.25,11.31,66.84,Wales,Wales,left,186,73,yes,7.2,3.99,79.1,4.88,65.85,0.18,0.24,0.36,3.87,5.15,0.65,1,0.06,0,0.0,0.36,0.0,0,0.0,0.05,0,0.0,7,0.42,42.86,0.0,0.06,0.06,0.0,0.06,0.0,0.0,0.0,0.0,0.3,60.0,1.07,61.11,0.54,0.95,0.0,16.85,0.3,0.36,30.24,81.5,17.02,74.13,1.96,90.91,9.29,94.23,23.1,86.86,7.08,64.71,22.81,36.52,0.02,0.06,0.0,0.0,0.0,0.0,0.06,6.25,69.52,0.6,40.0,0.71,58.33,0.36,0.0,9.17,74.03,0,,0,,0,0.0,0.0,0.0,,,1.43,,,0.0,0.0,0.0,0.0,0,0.0
Dylan Monroe,Team 37,Team 37,"CF, AMF, LAMF",34,250000,2026-10-30,11,471,1,0.06,0,0.93,13.76,34.72,Japan,Japan,right,172,68,yes,3.82,2.29,66.67,3.06,25.0,0.0,0.0,0.0,2.29,3.24,0.57,1,0.19,0,0.0,1.15,0.19,1,0.19,0.01,0,0.0,6,1.15,16.67,16.667,0.0,0.96,40.0,0.38,50.0,0.57,33.33,0.19,1.91,30.0,6.11,34.38,1.34,0.76,0.0,17.01,1.53,1.34,24.84,73.85,8.22,58.14,5.16,81.48,7.45,82.05,20.64,77.78,3.25,58.82,17.69,22.3,0.18,1.15,0.0,0.0,0.0,0.0,0.0,4.39,73.91,2.1,54.55,0.96,40.0,1.15,0.38,5.35,71.43,0,,0,,0,0.0,0.0,0.0,,,0.19,,,4.2,0.57,0.0,5.35,0,0.0
Matthias Hawthorne,Team 37,Team 37,LB,33,200000,,14,958,0,0.03,0,0.67,14.37,59.48,England,England,left,171,68,yes,7.05,4.89,69.23,3.29,54.29,0.38,0.51,0.28,3.29,4.43,1.22,2,0.19,0,0.0,1.32,0.0,0,0.0,0.0,0,0.0,4,0.38,0.0,0.0,0.0,1.5,37.5,1.5,37.5,0.0,0.0,0.19,0.94,80.0,5.17,56.36,0.56,1.41,0.09,20.95,1.5,1.5,28.75,80.72,12.4,78.03,4.42,91.49,8.08,81.4,24.8,85.23,2.54,59.26,18.66,25.35,0.06,0.66,0.0,0.0,0.0,0.0,0.19,3.95,80.95,1.41,46.67,0.09,0.0,0.38,0.66,6.86,75.34,0,,0,,0,0.0,0.0,0.0,,,0.0,,,0.09,0.0,0.0,0.09,0,0.0
Anton Fenwick,Team 37,Team 37,"RCMF, DMF, RDMF",31,300000,,14,1360,0,0.11,0,0.03,17.8,49.44,Portugal,"Portugal, Germany",right,180,77,yes,11.38,8.8,62.41,3.57,33.33,0.93,1.22,0.26,4.96,6.54,1.65,5,0.33,0,0.0,0.07,0.0,0,0.0,0.01,0,0.0,9,0.6,0.0,0.0,0.0,0.13,0.0,0.0,0.0,0.13,0.0,0.0,0.46,14.29,3.51,32.08,0.2,0.13,0.0,12.97,0.2,1.06,25.01,78.57,7.81,61.02,4.1,93.55,8.74,85.61,22.24,84.52,2.71,31.71,18.1,32.38,0.0,0.2,0.0,0.0,0.0,0.0,0.07,3.77,59.65,0.2,33.33,0.2,33.33,0.07,0.0,3.97,40.0,0,,0,,0,0.0,0.0,0.0,,,0.2,,,0.0,0.0,0.0,0.0,0,0.0
Elias Sinclair,Team 37,Team 37,"RW, RAMF",33,250000,2026-12-31,12,1017,1,0.73,1,1.26,13.27,48.67,Portugal,"Portugal, Spain",right,162,62,yes,4.6,3.54,70.0,2.83,25.0,0.18,0.24,0.0,1.95,2.67,0.53,0,0.0,0,0.0,2.39,0.09,1,0.09,0.06,0,0.0,16,1.42,25.0,6.25,0.09,3.63,34.15,0.09,0.0,3.54,35.0,0.53,1.59,50.0,5.04,50.88,1.86,1.15,0.27,17.26,2.92,2.21,24.78,67.14,6.64,50.67,5.58,93.65,6.81,63.64,19.38,76.71,1.95,31.82,17.26,40.97,0.11,1.24,0.0,0.0,0.09,0.0,0.44,1.59,38.89,3.36,55.26,0.18,0.0,0.97,1.33,5.22,64.41,0,,0,,0,0.0,0.0,0.0,,,0.18,,,0.27,0.09,0.0,1.24,0,0.0
Kasper Fenwick,Team 37,Team 37,GK,32,250000,2026-10-30,1,100,0,0.0,0,0.0,0.0,0.0,Portugal,Portugal,right,191,89,yes,0.9,0.0,0.0,0.0,0.0,0.0,0.0,0.0,0.9,2.31,0.0,0,0.0,0,0.0,0.0,0.0,0,0.0,0.0,0,0.0,0,0.0,0.0,0.0,0.0,0.0,0.0,0.0,0.0,0.0,0.0,0.0,0.0,0.0,0.0,0.0,0.0,0.0,0.0,6.3,1.8,0.0,12.6,71.43,9.0,60.0,0.0,0.0,3.6,100.0,6.3,100.0,6.3,42.86,39.69,53.15,0.0,0.0,0.0,0.0,0.0,0.0,0.0,1.8,50.0,0.0,0.0,0.0,0.0,0.0,0.0,3.6,75.0,1,0.9,2,1.8,0,50.0,0.83,0.75,-0.17,-0.153,0.0,0.0,0.0,,,,0.0,0,0.0
Alexander Kensington,Team 37,Team 37,LB,29,250000,2027-03-31,11,528,0,0.04,0,0.46,13.47,53.16,Colombia,Colombia,left,179,67,yes,10.23,7.5,61.36,2.73,62.5,1.02,1.42,0.0,4.6,6.38,1.02,2,0.34,0,0.0,2.22,0.0,0,0.0,0.01,0,0.0,1,0.17,100.0,0.0,0.0,4.26,40.0,4.26,40.0,0.0,0.0,0.34,0.85,40.0,2.39,21.43,0.51,1.19,0.51,15.68,1.36,0.17,26.25,61.04,11.08,49.23,3.58,85.71,9.2,68.52,16.36,72.92,6.31,40.54,24.16,34.79,0.08,0.68,0.0,0.0,0.0,0.0,0.34,3.58,33.33,2.9,47.06,0.68,0.0,0.51,1.02,7.84,50.0,0,,0,,0,0.0,0.0,0.0,,,0.34,,,0.0,0.0,0.0,0.0,0,0.0
Xavier Irvine,Team 37,Team 37,"CF, LW, LAMF",30,300000,2026-10-30,15,1378,3,2.73,0,1.54,24.23,38.54,Netherlands,"Netherlands, France",right,171,71,yes,2.61,2.87,56.82,2.68,24.39,0.13,0.18,0.0,0.85,1.16,0.85,1,0.07,0,0.0,3.85,0.2,2,0.13,0.18,0,0.0,42,2.74,35.71,7.143,0.0,1.31,35.0,0.98,40.0,0.33,20.0,0.33,4.51,53.62,15.67,39.58,1.63,1.24,0.52,11.1,1.04,3.53,17.31,72.08,3.92,58.33,4.38,86.57,4.7,68.06,13.98,78.04,2.22,52.94,18.0,33.87,0.1,1.44,0.07,0.0,0.0,0.0,0.13,2.02,64.52,1.7,50.0,0.2,0.0,0.78,0.46,2.74,71.43,0,,0,,0,0.0,0.0,0.0,,,0.39,,,2.02,0.65,40.0,1.96,1,100.0
Erik Ravensdale,Team 37,Team 37,"LCMF, RCMF",27,300000,,7,150,0,0.0,0,0.0,19.8,48.48,Ukraine,"Ukraine, France",right,177,69,yes,9.0,11.4,47.37,2.4,50.0,0.0,0.0,0.0,3.6,4.19,3.6,1,0.6,0,0.0,0.6,0.0,0,0.0,0.0,0,0.0,0,0.0,0.0,0.0,0.0,0.0,0.0,0.0,0.0,0.0,0.0,0.0,2.4,25.0,4.8,37.5,0.0,0.0,0.0,7.8,1.2,0.6,22.8,63.16,12.6,47.62,4.2,71.43,4.8,87.5,19.2,68.75,3.6,33.33,25.01,23.0,0.0,0.6,0.0,0.0,0.0,0.0,0.0,2.4,50.0,0.0,0.0,0.6,0.0,0.0,0.0,4.2,42.86,0,,0,,0,0.0,0.0,0.0,,,0.0,,,0.0,0.0,0.0,0.0,0,0.0
Simon Mercer,Team 37,Team 37,GK,33,250000,2026-12-31,12,1186,0,0.0,0,0.0,1.06,85.71,Croatia,"Croatia, Spain",left,189,77,yes,1.44,0.15,50.0,0.61,87.5,0.08,0.1,0.0,1.29,1.7,0.0,0,0.0,0,0.0,0.0,0.0,0,0.0,0.0,0,0.0,0,0.0,0.0,0.0,0.0,0.0,0.0,0.0,0.0,0.0,0.0,0.0,0.0,0.0,0.23,100.0,0.0,0.0,0.0,6.83,0.3,0.38,13.36,71.59,9.49,61.6,0.0,0.0,3.57,97.87,5.84,100.0,7.44,50.0,39.36,52.04,0.0,0.0,0.0,0.0,0.0,0.0,0.0,2.43,31.25,0.15,0.0,0.38,0.0,0.0,0.0,4.93,72.31,17,1.29,44,3.34,3,61.36,14.38,1.09,-2.62,-0.199,0.0,1.44,0.61,,,,0.0,0,0.0
Finn Northfield,Team 10,Team 10,"RCMF, RDMF, LCMF",31,700000,2026-10-31,9,489,1,1.15,0,0.01,11.04,40.0,Chile,Chile,right,184,75,yes,7.55,4.6,52.0,2.58,14.29,0.74,0.9,0.74,4.42,5.41,0.92,2,0.37,0,0.0,0.74,0.18,1,0.18,0.21,1,0.18,5,0.92,20.0,20.0,0.0,0.92,20.0,0.18,0.0,0.74,25.0,0.0,0.55,66.67,1.84,50.0,1.1,0.55,0.0,32.39,0.74,0.74,43.07,79.06,16.56,68.89,7.55,90.24,12.88,84.29,38.83,85.31,3.31,22.22,18.28,34.28,0.0,0.18,0.0,0.0,0.18,0.0,0.18,6.99,63.16,2.76,33.33,1.1,0.0,0.74,0.18,6.81,70.27,0,,0,,0,0.0,0.0,0.0,,,0.55,,,0.0,0.0,0.0,0.0,0,0.0
Tristan Hayward,Team 10,Team 10,AMF,24,400000,2028-06-30,1,99,0,0.01,0,0.0,10.0,27.27,Italy,Italy,left,181,68,yes,0.91,0.0,0.0,2.73,0.0,0.0,0.0,0.0,0.91,1.58,0.91,0,0.0,0,0.0,0.91,0.0,0,0.0,0.01,0,0.0,1,0.91,0.0,0.0,0.0,1.82,0.0,0.0,0.0,0.0,0.0,0.91,1.82,50.0,6.36,42.86,0.91,1.82,0.91,28.18,0.91,0.91,40.91,82.22,9.09,80.0,10.0,81.82,18.18,80.0,31.82,94.29,7.27,50.0,18.57,29.66,0.0,0.0,0.0,0.0,0.0,0.0,0.0,9.09,70.0,3.64,25.0,0.0,0.0,1.82,1.82,7.27,62.5,0,,0,,0,0.0,0.0,0.0,,,0.0,,,3.64,0.0,0.0,0.0,0,0.0
Finn Irvine,Team 10,Team 10,RWB,27,200000,,1,73,0,0.0,0,0.03,24.66,40.0,Paraguay,Paraguay,right,175,67,yes,11.1,14.79,41.67,2.47,50.0,1.23,1.43,1.23,3.7,4.29,6.16,1,1.23,0,0.0,2.47,0.0,0,0.0,0.0,0,0.0,0,0.0,0.0,0.0,0.0,3.7,66.67,0.0,0.0,3.7,66.67,2.47,2.47,0.0,6.16,20.0,0.0,1.23,0.0,19.73,2.47,0.0,30.82,60.0,9.86,50.0,6.16,80.0,11.1,66.67,24.66,65.0,2.47,0.0,20.13,37.38,0.03,1.23,0.0,0.0,0.0,0.0,0.0,3.7,0.0,4.93,50.0,1.23,0.0,0.0,2.47,7.4,50.0,0,,0,,0,0.0,0.0,0.0,,,0.0,,,0.0,0.0,0.0,0.0,0,0.0
Nikolai Fenwick,Team 10,Team 10,RCB,33,100000,,13,1281,3,0.74,0,0.0,10.54,59.33,Chile,Chile,right,185,80,yes,7.45,4.22,61.67,4.0,54.39,0.21,0.27,0.98,4.64,5.84,1.19,2,0.14,0,0.0,0.28,0.21,3,0.21,0.05,1,0.07,7,0.49,42.86,42.857,0.0,0.21,33.33,0.07,100.0,0.14,0.0,0.0,0.0,0.0,0.49,57.14,0.91,0.98,0.0,24.38,0.42,0.28,37.66,86.38,17.7,77.38,2.88,97.56,14.82,95.26,32.11,94.09,5.34,42.11,22.01,38.32,0.0,0.0,0.07,0.0,0.0,0.0,0.0,4.99,67.61,0.49,28.57,0.21,33.33,0.14,0.07,7.45,73.58,0,,0,,0,0.0,0.0,0.0,,,2.11,,,0.07,0.0,0.0,0.0,0,0.0
Finn Carrington,Team 10,Team 10,"LW, RAMF, RW",27,100000,,8,528,0,0.61,0,0.82,19.09,37.5,Chile,"Chile, France",right,177,72,yes,3.41,4.09,45.83,3.41,15.0,0.34,0.42,0.0,1.19,1.48,1.19,1,0.17,0,0.0,2.39,0.0,0,0.0,0.1,0,0.0,12,2.05,33.33,0.0,0.0,1.53,44.44,0.51,33.33,1.02,50.0,0.17,2.56,40.0,8.69,45.1,1.53,2.73,0.68,20.28,0.85,2.73,25.23,77.03,8.69,56.86,4.43,92.31,8.01,85.11,20.8,82.79,2.9,52.94,18.78,18.83,0.14,1.53,0.0,0.0,0.17,0.0,0.51,5.63,66.67,1.7,60.0,0.34,50.0,0.51,0.68,4.77,85.71,0,,0,,0,0.0,0.0,0.0,,,0.17,,,0.34,0.17,0.0,0.68,0,0.0
Stefan Ashford,Team 10,Team 10,LWB,33,50000,,1,48,0,0.0,0,0.0,11.25,50.0,Albania,Albania,left,182,80,yes,5.63,5.63,100.0,0.0,0.0,0.0,0.0,0.0,0.0,0.0,0.0,0,0.0,0,0.0,0.0,0.0,0,0.0,0.0,0,0.0,0,0.0,0.0,0.0,0.0,1.88,0.0,1.88,0.0,0.0,0.0,0.0,0.0,0.0,5.63,0.0,0.0,0.0,0.0,15.0,0.0,0.0,28.13,40.0,11.25,16.67,1.88,100.0,7.5,50.0,24.38,38.46,1.88,100.0,20.18,46.2,0.0,0.0,0.0,0.0,0.0,0.0,0.0,11.25,33.33,0.0,0.0,0.0,0.0,0.0,0.0,9.38,40.0,0,,0,,0,0.0,0.0,0.0,,,0.0,,,0.0,0.0,0.0,0.0,0,0.0
Cillian Harrington,Team 10,Team 10,"AMF, RCMF, LCMF",27,175000,2026-10-30,5,273,0,0.09,0,0.05,20.11,44.26,Greece,Greece,right,176,73,yes,6.92,6.26,57.89,2.97,22.22,0.66,0.76,0.66,2.64,3.04,1.65,1,0.33,0,0.0,0.99,0.0,0,0.0,0.03,0,0.0,4,1.32,25.0,0.0,0.0,1.32,25.0,0.33,100.0,0.99,0.0,0.0,0.99,33.33,6.92,33.33,0.66,2.31,0.33,13.52,0.33,1.32,18.46,85.71,5.27,81.25,3.96,83.33,4.29,76.92,16.81,90.2,0.33,100.0,15.07,5.42,0.02,0.66,0.0,0.33,0.0,0.0,0.0,3.63,90.91,1.32,50.0,0.0,0.0,0.66,0.66,3.63,81.82,0,,0,,0,0.0,0.0,0.0,,,0.0,,,0.0,0.0,0.0,0.0,0,0.0
Gabriel Faulkner,Team 10,Team 10,"CF, LCMF, LWF",34,175000,,2,137,0,0.24,0,0.26,15.77,45.83,Belgium,Belgium,right,165,61,yes,1.31,2.63,25.0,0.66,0.0,0.0,0.0,0.0,0.66,1.0,0.0,0,0.0,0,0.0,4.6,0.0,0,0.0,0.16,0,0.0,1,0.66,100.0,0.0,0.0,2.63,75.0,1.97,100.0,0.66,0.0,0.0,2.63,75.0,11.82,55.56,2.63,5.26,0.0,31.53,0.66,3.94,44.01,92.54,9.2,85.71,8.54,92.31,19.05,93.1,40.07,95.08,1.31,50.0,15.62,24.0,0.17,1.97,0.0,0.0,0.0,0.0,0.66,2.63,75.0,1.97,66.67,0.0,0.0,0.0,1.97,3.94,66.67,0,,0,,0,0.0,0.0,0.0,,,0.0,,,1.31,0.0,0.0,1.31,0,0.0
Kasper Hayward,Team 10,Team 10,"LAMF, LW, LB",19,175000,,6,146,0,0.26,0,0.12,25.27,53.66,Uruguay,Uruguay,left,173,67,yes,7.4,6.78,72.73,0.62,0.0,0.0,0.0,0.0,2.47,4.14,1.85,0,0.0,0,0.0,7.4,0.0,0,0.0,0.16,0,0.0,3,1.85,33.33,0.0,0.0,4.32,28.57,3.7,16.67,0.62,100.0,0.0,8.63,57.14,16.64,48.15,3.08,4.32,0.0,20.96,3.08,1.85,24.04,71.79,4.32,85.71,5.55,100.0,8.01,61.54,18.49,86.67,2.47,25.0,22.53,19.44,0.08,1.23,0.62,0.0,0.62,100.0,0.62,1.85,66.67,2.47,50.0,0.62,100.0,0.62,1.23,3.7,66.67,0,,0,,0,0.0,0.0,0.0,,,0.0,,,0.0,0.0,0.0,0.0,0,0.0
Stefan Kitteridge,Team 10,Team 10,LB,21,150000,,11,861,0,0.16,1,0.61,14.53,63.31,Georgia,Georgia,left,185,70,yes,11.71,8.26,65.82,3.34,68.75,0.21,0.25,0.52,6.06,7.16,1.67,3,0.31,0,0.0,1.25,0.0,0,0.0,0.02,0,0.0,4,0.42,50.0,0.0,0.1,1.88,50.0,1.88,50.0,0.0,0.0,0.21,0.21,50.0,1.46,42.86,0.31,1.25,0.1,24.56,1.05,0.42,37.0,80.51,17.46,73.05,4.91,97.87,10.87,82.69,30.21,87.54,4.91,48.94,19.7,31.66,0.06,1.15,0.0,0.1,0.0,0.0,0.42,3.87,78.38,1.78,58.82,0.0,0.0,0.31,0.94,8.99,69.77,0,,0,,0,0.0,0.0,0.0,,,0.21,,,0.0,0.0,0.0,0.31,0,0.0
Emil Vance,Team 10,Team 10,"RB, RWB",24,175000,,10,995,0,0.11,1,1.96,13.48,46.98,Greece,"Greece, Germany",right,177,72,yes,8.14,6.24,60.87,2.44,29.63,0.0,0.0,0.36,4.34,5.35,1.18,3,0.27,0,0.0,2.35,0.0,0,0.0,0.01,0,0.0,6,0.54,16.67,0.0,0.09,4.52,42.0,0.0,0.0,4.52,42.0,0.18,0.72,50.0,2.98,36.36,0.72,1.18,0.09,26.77,2.17,0.72,34.37,74.74,13.93,68.18,5.34,94.92,10.31,82.46,25.33,84.29,4.61,52.94,22.23,36.85,0.18,1.18,0.0,0.0,0.09,0.0,0.45,5.97,69.7,3.98,52.27,0.45,20.0,0.27,1.99,8.77,75.26,0,,0,,0,0.0,0.0,0.0,,,0.54,,,0.0,0.0,0.0,0.0,0,0.0
Soren Hayward,Team 10,Team 10,"CF, DMF",25,200000,,2,46,0,0.0,0,0.0,23.48,50.0,Colombia,Colombia,right,180,71,yes,7.83,5.87,33.33,3.91,50.0,0.0,0.0,0.0,5.87,10.0,1.96,0,0.0,0,0.0,1.96,0.0,0,0.0,0.0,0,0.0,0,0.0,0.0,0.0,0.0,1.96,0.0,0.0,0.0,1.96,0.0,0.0,1.96,100.0,11.74,50.0,3.91,3.91,0.0,23.48,7.83,1.96,31.3,62.5,7.83,75.0,5.87,66.67,9.78,80.0,29.35,66.67,0.0,0.0,15.62,0.0,0.0,0.0,0.0,0.0,0.0,0.0,0.0,5.87,66.67,1.96,100.0,0.0,0.0,0.0,0.0,0.0,0.0,0,,0,,0,0.0,0.0,0.0,,,0.0,,,0.0,0.0,0.0,0.0,0,0.0
Fabian Yardley,Team 10,Team 10,"LAMF, RW, RAMF",36,175000,,12,705,1,0.84,0,0.56,16.85,39.39,Iceland,Iceland,right,173,65,yes,3.45,4.98,48.72,2.81,27.27,0.0,0.0,0.0,1.02,1.26,1.28,1,0.13,0,0.0,2.17,0.13,1,0.13,0.11,0,0.0,7,0.89,42.86,14.286,0.0,1.53,50.0,0.64,60.0,0.89,42.86,0.26,1.91,53.33,7.15,39.29,1.66,1.4,0.51,17.87,1.28,0.64,25.02,76.53,6.64,67.31,5.62,90.91,7.91,72.58,21.7,81.18,1.91,40.0,16.76,23.51,0.07,0.38,0.13,0.0,0.0,0.0,0.13,3.96,54.84,1.91,46.67,0.26,50.0,0.26,0.77,3.96,80.65,0,,0,,0,0.0,0.0,0.0,,,0.0,,,0.13,0.0,0.0,0.13,0,0.0
Oliver Pendleton,Team 10,Team 10,"LCB, LB",32,175000,2026-10-30,7,517,0,0.0,0,0.04,15.32,52.27,Italy,"Italy, Portugal",left,188,83,yes,7.83,6.62,42.11,5.57,59.38,0.35,0.43,0.7,4.7,5.83,1.57,1,0.17,0,0.0,0.52,0.0,0,0.0,0.0,0,0.0,0,0.0,0.0,0.0,0.0,1.39,25.0,1.39,25.0,0.0,0.0,0.17,0.35,50.0,1.22,57.14,0.35,0.7,0.0,30.64,0.17,0.17,43.69,82.07,26.46,76.32,1.74,90.0,13.06,93.33,35.86,90.29,6.44,48.65,21.68,34.52,0.01,0.17,0.0,0.0,0.0,0.0,0.0,12.01,72.46,2.09,33.33,0.17,0.0,0.17,0.52,12.36,81.69,0,,0,,0,0.0,0.0,0.0,,,0.7,,,0.0,0.0,0.0,0.0,0,0.0
Leo Brecken,Team 10,Team 10,GK,28,125000,2026-12-31,12,1182,0,0.0,0,0.0,0.53,71.43,Slovakia,"Slovakia, Germany",right,190,80,yes,0.84,0.0,0.0,0.3,50.0,0.08,0.09,0.0,0.76,0.94,0.0,2,0.15,0,0.0,0.0,0.0,0,0.0,0.0,0,0.0,0,0.0,0.0,0.0,0.0,0.0,0.0,0.0,0.0,0.0,0.0,0.0,0.0,0.0,0.08,100.0,0.0,0.0,0.0,8.83,0.3,0.08,17.06,80.8,10.51,71.01,0.0,0.0,6.24,97.56,9.06,98.32,7.99,60.95,37.83,53.48,0.0,0.0,0.0,0.0,0.0,0.0,0.0,3.05,32.5,0.3,0.0,0.38,20.0,0.0,0.0,5.1,82.09,15,1.14,55,4.19,2,72.73,14.85,1.13,-0.15,-0.011,0.0,1.98,0.3,,,,0.0,0,0.0
Zachary Whitmore,Team 10,Team 10,AMF,19,200000,,1,49,0,0.35,1,0.02,18.37,50.0,United States,United States,left,178,74,yes,3.67,5.51,66.67,1.84,0.0,0.0,0.0,0.0,0.0,0.0,0.0,0,0.0,0,0.0,1.84,0.0,0,0.0,0.64,0,0.0,1,1.84,100.0,0.0,1.84,0.0,0.0,0.0,0.0,0.0,0.0,0.0,0.0,0.0,9.18,40.0,0.0,0.0,0.0,14.69,0.0,0.0,23.88,84.62,3.67,50.0,1.84,100.0,5.51,100.0,22.04,83.33,1.84,100.0,12.51,23.19,0.04,1.84,0.0,0.0,0.0,0.0,1.84,1.84,100.0,0.0,0.0,0.0,0.0,0.0,0.0,0.0,0.0,0,,0,,0,0.0,0.0,0.0,,,0.0,,,0.0,0.0,0.0,0.0,0,0.0
Alastair Sterling,Team 10,Team 10,CF,21,125000,,7,254,0,0.3,0,0.12,26.22,33.78,Slovenia,Slovenia,right,182,77,yes,2.48,4.96,42.86,8.5,25.0,0.0,0.0,0.0,0.35,0.48,3.19,1,0.35,0,0.0,1.42,0.0,0,0.0,0.11,0,0.0,3,1.06,33.33,0.0,0.0,0.71,0.0,0.0,0.0,0.71,0.0,0.35,1.42,75.0,8.15,34.78,1.06,1.06,0.0,8.15,1.06,0.71,10.98,74.19,1.42,75.0,3.19,66.67,2.83,87.5,10.28,79.31,0.0,0.0,13.86,0.0,0.04,0.35,0.0,0.0,0.0,0.0,0.35,0.71,100.0,1.06,33.33,0.0,0.0,0.71,0.0,0.71,100.0,0,,0,,0,0.0,0.0,0.0,,,0.0,,,0.0,0.0,0.0,0.0,0,0.0
Ruben Whitmore,Team 10,Team 10,"LAMF, LW",23,100000,2026-09-30,2,74,0,0.0,0,0.0,21.89,16.67,Georgia,"Georgia, Italy",right,174,72,yes,3.65,2.43,50.0,2.43,50.0,1.22,2.5,0.0,1.22,2.5,0.0,0,0.0,0,0.0,1.22,0.0,0,0.0,0.01,0,0.0,1,1.22,0.0,0.0,0.0,0.0,0.0,0.0,0.0,0.0,0.0,0.0,7.3,16.67,17.03,7.14,1.22,2.43,0.0,17.03,2.43,1.22,24.32,50.0,10.95,22.22,3.65,100.0,3.65,33.33,18.24,60.0,6.08,20.0,19.92,32.54,0.0,0.0,0.0,0.0,0.0,0.0,0.0,6.08,20.0,4.86,50.0,2.43,0.0,3.65,0.0,4.86,50.0,0,,0,,0,0.0,0.0,0.0,,,0.0,,,0.0,0.0,0.0,1.22,0,0.0
Liam Kren,Team 10,Team 10,CF,22,75000,,12,625,1,1.15,1,0.34,22.46,23.72,Netherlands,Netherlands,right,188,74,yes,2.88,2.45,35.29,8.06,28.57,0.0,0.0,0.14,2.02,2.63,1.44,0,0.0,0,0.0,0.86,0.14,1,0.14,0.17,1,0.14,9,1.3,55.56,11.111,0.14,0.14,0.0,0.0,0.0,0.14,0.0,0.0,0.29,50.0,8.21,17.54,2.74,0.58,0.0,6.05,0.86,1.3,9.65,79.1,1.15,87.5,4.03,89.29,0.86,50.0,9.5,80.3,0.0,0.0,14.63,0.0,0.05,0.29,0.14,0.0,0.0,0.0,0.29,0.29,100.0,0.29,100.0,0.0,0.0,0.58,0.0,0.43,100.0,0,,0,,0,0.0,0.0,0.0,,,0.0,,,0.0,0.0,0.0,0.0,0,0.0
Isaac Stafford,Team 10,Team 10,"RAMF, CF",22,100000,,10,362,1,1.57,1,0.07,18.65,45.33,Ecuador,"Ecuador, Portugal",right,174,69,yes,6.46,6.71,51.85,3.23,23.08,0.5,0.69,0.25,2.49,3.45,3.23,1,0.25,1,0.25,4.48,0.25,1,0.25,0.39,1,0.25,16,3.98,37.5,6.25,0.25,1.74,28.57,0.99,25.0,0.75,33.33,0.0,3.98,62.5,6.71,59.26,3.73,1.24,0.5,14.92,0.75,1.24,17.15,73.91,4.48,72.22,4.23,94.12,6.96,64.29,14.17,80.7,1.24,60.0,19.25,12.26,0.02,0.5,0.0,0.25,0.25,0.0,0.25,0.5,100.0,3.48,35.71,0.25,0.0,0.99,0.5,3.98,75.0,0,,0,,0,0.0,0.0,0.0,,,0.75,,,0.0,0.0,0.0,0.0,0,0.0
Kasper Faulkner,Team 10,Team 10,LB,21,200000,,1,14,0,0.0,0,0.0,,,Senegal,Senegal,left,179,74,yes,,,,,,,0.0,,,0.0,,0,,0,,,,0,,,0,,0,,,0.0,,,,,,,,,,,,,,,,,,,,,,,,,,,,,,,19.46,45.62,,,,,,,,,,,,,,,,,,0,,0,,0,0.0,0.0,,,,,,,,,,,0,0.0
Zachary Talbot,Team 10,Team 10,"LDMF, RDMF",24,150000,2027-03-30,1,99,0,0.0,0,0.0,20.0,40.91,Czech Republic,Czech Republic,right,183,75,yes,7.27,9.09,40.0,4.55,40.0,0.91,1.58,0.0,2.73,4.74,4.55,0,0.0,0,0.0,0.0,0.0,0,0.0,0.0,0,0.0,0,0.0,0.0,0.0,0.0,0.0,0.0,0.0,0.0,0.0,0.0,0.0,0.0,0.0,2.73,0.0,0.0,0.91,0.0,18.18,1.82,0.0,28.18,74.19,11.82,61.54,3.64,100.0,10.91,75.0,23.64,80.77,4.55,40.0,18.66,33.72,0.0,0.0,0.0,0.0,0.0,0.0,0.0,4.55,80.0,2.73,66.67,0.91,100.0,1.82,0.0,4.55,80.0,0,,0,,0,0.0,0.0,0.0,,,0.91,,,0.0,0.0,0.0,0.0,0,0.0
Damian Lansbury,Team 10,Team 10,CF,25,150000,2028-01-05,5,324,0,1.26,0,0.0,19.44,28.57,Denmark,Denmark,right,179,76,yes,3.61,2.22,62.5,6.94,40.0,0.28,0.34,0.0,1.94,2.41,0.83,0,0.0,0,0.0,0.56,0.0,0,0.0,0.35,0,0.0,8,2.22,12.5,0.0,0.0,0.0,0.0,0.0,0.0,0.0,0.0,0.0,0.56,50.0,6.94,16.0,1.94,0.28,0.0,8.06,1.11,0.83,12.5,82.22,1.67,83.33,4.17,86.67,3.61,84.62,12.5,82.22,0.0,0.0,13.18,0.0,0.0,0.0,0.0,0.28,0.0,0.0,0.0,1.11,100.0,0.0,0.0,0.0,0.0,0.0,0.0,1.39,80.0,0,,0,,0,0.0,0.0,0.0,,,0.0,,,0.0,0.0,0.0,0.0,0,0.0
Bastien Ellington,Team 10,Team 10,"AMF, LCMF",26,150000,,11,680,2,0.43,0,0.69,20.51,52.9,Greece,Greece,right,180,80,yes,4.5,3.44,57.69,3.71,28.57,0.4,0.51,0.0,2.12,2.74,0.93,1,0.13,0,0.0,1.99,0.26,2,0.26,0.06,0,0.0,14,1.85,35.71,14.286,0.0,1.19,11.11,0.4,0.0,0.66,20.0,0.13,1.72,69.23,10.72,59.26,0.53,0.66,0.0,29.12,0.53,4.76,38.51,80.41,10.85,64.63,7.54,98.25,15.09,84.21,33.35,86.11,3.97,53.33,18.74,37.05,0.09,1.46,0.13,0.0,0.0,0.0,0.13,9.53,65.28,1.59,25.0,0.26,0.0,0.26,0.26,5.96,73.33,0,,0,,0,0.0,0.0,0.0,,,0.26,,,2.65,0.4,66.67,1.72,0,0.0
Simon Talbot,Team 10,Team 10,"LCB, CB",32,175000,,13,1281,0,0.15,0,0.13,10.89,67.74,Japan,Japan,right,184,76,yes,7.87,4.5,70.31,3.72,67.92,0.07,0.09,0.35,4.64,5.84,1.05,2,0.14,0,0.0,0.07,0.0,0,0.0,0.01,0,0.0,3,0.21,33.33,0.0,0.0,0.07,0.0,0.07,0.0,0.0,0.0,0.0,0.0,0.0,0.77,54.55,0.28,0.07,0.07,26.35,0.21,0.7,40.12,89.14,11.66,74.1,1.55,95.45,24.31,95.95,36.81,93.51,3.23,41.3,21.19,34.52,0.01,0.07,0.0,0.0,0.0,0.0,0.07,2.6,67.57,0.21,33.33,0.07,0.0,0.07,0.0,4.71,65.67,0,,0,,0,0.0,0.0,0.0,,,1.19,,,0.0,0.0,0.0,0.0,0,0.0
Magnus Kensington,Team 10,Team 10,"LDMF, DMF, LCMF",35,175000,2026-10-30,12,1019,2,1.22,0,0.07,12.81,53.79,Turkey,Turkey,right,183,77,yes,6.01,4.15,55.32,4.95,50.0,0.09,0.11,0.26,3.62,4.49,1.59,4,0.35,0,0.0,0.62,0.18,2,0.18,0.11,0,0.0,9,0.79,55.56,22.222,0.0,0.09,0.0,0.0,0.0,0.0,0.0,0.0,0.26,66.67,2.3,50.0,0.97,0.35,0.09,19.34,0.09,1.06,32.24,84.38,10.78,72.13,3.62,100.0,11.48,90.77,28.44,88.51,3.71,54.76,17.99,29.47,0.01,0.44,0.0,0.0,0.0,0.0,0.0,5.65,78.13,0.35,50.0,0.09,100.0,0.35,0.0,5.12,75.86,0,,0,,0,0.0,0.0,0.0,,,0.35,,,0.0,0.0,0.0,0.0,0,0.0
Malcolm Dunmore,Team 10,Team 10,RB,30,150000,2026-09-30,2,185,0,0.02,1,0.54,13.62,57.14,Netherlands,Netherlands,right,169,69,yes,6.32,4.86,70.0,2.92,50.0,0.0,0.0,0.97,2.92,4.62,0.0,1,0.49,0,0.0,3.41,0.0,0,0.0,0.01,0,0.0,3,1.46,0.0,0.0,0.49,4.38,55.56,0.0,0.0,4.38,55.56,0.97,2.43,40.0,5.84,50.0,0.0,0.97,0.0,32.11,0.49,1.95,39.41,81.48,12.65,57.69,8.76,100.0,12.65,84.62,31.14,90.63,4.38,44.44,19.03,39.71,0.26,1.95,0.0,0.0,0.0,0.0,0.97,4.86,70.0,4.38,55.56,0.0,0.0,0.49,1.95,9.24,78.95,0,,0,,0,0.0,0.0,0.0,,,0.0,,,1.95,0.97,0.0,2.43,0,0.0
Jonas Winslow,Team 10,Team 10,"RCMF, RDMF",31,175000,,7,344,0,0.1,0,0.14,17.01,41.54,Georgia,"Georgia, France",right,185,78,yes,9.16,7.85,43.33,4.97,36.84,0.26,0.33,0.78,5.49,7.0,2.09,0,0.0,0,0.0,0.78,0.0,0,0.0,0.03,0,0.0,5,1.31,0.0,0.0,0.0,0.26,100.0,0.0,0.0,0.26,100.0,0.0,0.78,66.67,2.88,36.36,0.52,0.52,0.0,14.13,0.78,0.78,21.72,81.93,7.33,67.86,3.4,92.31,8.11,90.32,19.36,85.14,2.09,50.0,20.23,34.33,0.04,0.52,0.0,0.0,0.0,0.0,0.0,3.14,83.33,0.52,50.0,0.26,0.0,0.0,0.26,4.19,62.5,0,,0,,0,0.0,0.0,0.0,,,0.26,,,0.0,0.0,0.0,0.0,0,0.0
Ethan Thorne,Team 10,Team 10,GK,29,125000,,1,99,0,0.0,0,0.0,0.0,0.0,Chile,"Chile, Germany",right,186,80,yes,0.0,0.0,0.0,0.0,0.0,0.0,0.0,0.0,0.0,0.0,0.0,0,0.0,0,0.0,0.0,0.0,0,0.0,0.0,0,0.0,0,0.0,0.0,0.0,0.0,0.0,0.0,0.0,0.0,0.0,0.0,0.0,0.0,0.0,0.0,0.0,0.0,0.0,0.0,2.73,0.0,0.0,13.64,86.67,10.91,83.33,0.0,0.0,2.73,100.0,6.36,100.0,7.27,75.0,40.44,51.76,0.0,0.0,0.0,0.0,0.0,0.0,0.0,2.73,66.67,0.91,0.0,0.0,0.0,0.0,0.0,7.27,100.0,1,0.91,7,6.36,0,85.71,1.86,1.69,0.86,0.782,0.0,0.0,0.0,,,,0.0,0,0.0
Nils Mercer,Team 10,Team 10,"LAMF, RW, LW",27,175000,2026-10-30,12,732,2,1.63,0,0.92,18.07,42.86,Ukraine,Ukraine,right,179,73,yes,5.41,5.29,53.49,3.07,12.0,0.61,0.77,0.0,1.97,2.45,0.86,3,0.37,0,0.0,2.58,0.25,2,0.25,0.2,0,0.0,19,2.34,42.11,10.526,0.0,1.23,30.0,0.98,25.0,0.25,50.0,0.0,2.09,58.82,8.61,47.14,1.72,1.11,0.37,17.83,1.23,2.95,21.02,75.44,4.67,57.89,5.29,95.35,6.76,65.45,18.69,81.58,1.11,22.22,17.78,17.45,0.11,0.86,0.12,0.12,0.0,0.0,0.25,1.72,57.14,1.6,30.77,0.0,0.0,0.25,0.49,2.46,55.0,0,,0,,0,0.0,0.0,0.0,,,0.0,,,1.35,0.37,33.33,1.84,0,0.0
Dorian Hayward,Team 10,Team 10,"RDMF, RCMF, DMF",29,200000,,11,546,0,0.22,1,0.3,20.93,54.33,Belgium,Belgium,right,181,81,yes,10.38,6.76,63.41,6.43,64.1,0.82,1.09,0.0,5.27,7.01,2.97,1,0.16,1,0.16,1.15,0.0,0,0.0,0.04,0,0.0,12,1.98,25.0,0.0,0.16,0.33,50.0,0.0,0.0,0.33,50.0,0.0,0.99,50.0,5.11,35.48,0.66,0.49,0.0,28.85,0.33,1.98,39.89,86.36,12.2,79.73,4.95,100.0,16.98,88.35,36.26,88.18,3.46,66.67,17.96,31.58,0.05,0.33,0.0,0.0,0.0,0.0,0.16,9.07,83.64,0.82,20.0,0.33,50.0,0.33,0.16,5.93,75.0,0,,0,,0,0.0,0.0,0.0,,,0.33,,,0.49,0.49,33.33,0.0,0,0.0
Declan Kensington,Team 3,Team 3,"CF, LAMF, LWB",27,300000,,9,645,0,2.05,0,0.08,22.88,42.68,Serbia,Serbia,right,176,69,yes,5.58,5.02,66.67,5.58,32.5,0.14,0.2,0.28,2.09,3.04,1.4,1,0.14,0,0.0,1.67,0.0,0,0.0,0.29,0,0.0,11,1.53,36.36,0.0,0.0,1.67,16.67,0.98,0.0,0.7,40.0,0.14,1.53,54.55,9.35,37.31,3.21,1.53,0.0,15.21,1.67,2.37,19.53,73.57,5.16,64.86,3.91,92.86,5.44,71.79,17.16,81.3,0.84,33.33,15.63,17.72,0.01,0.56,0.0,0.0,0.0,0.0,0.14,1.12,87.5,1.81,23.08,0.14,0.0,0.42,0.14,2.09,60.0,0,,0,,0,0.0,0.0,0.0,,,0.14,,,0.0,0.0,0.0,0.0,0,0.0
Caleb Blackwood,Team 3,Team 3,"RCB, LCB",25,200000,,8,797,0,0.39,0,0.24,11.29,62.0,Ecuador,Ecuador,right,187,81,yes,7.79,4.63,60.98,4.4,64.1,0.11,0.15,0.9,4.86,6.48,1.02,3,0.34,0,0.0,0.23,0.0,0,0.0,0.04,0,0.0,3,0.34,33.33,0.0,0.0,0.11,0.0,0.0,0.0,0.11,0.0,0.0,0.11,100.0,0.56,80.0,0.56,0.23,0.11,23.15,0.45,0.34,35.8,85.17,17.39,76.62,2.03,100.0,13.78,95.08,30.6,90.41,5.08,55.56,22.15,38.76,0.03,0.11,0.0,0.0,0.0,0.0,0.11,4.29,60.53,0.45,0.0,0.0,0.0,0.11,0.0,7.79,73.91,0,,0,,0,0.0,0.0,0.0,,,1.69,,,0.0,0.0,0.0,0.0,0,0.0
Kasper Sterling,Team 3,Team 3,CF,34,150000,2026-09-30,5,375,1,0.83,0,0.75,20.88,29.89,Turkey,Turkey,right,178,75,yes,3.84,3.36,50.0,7.92,30.3,0.24,0.38,0.24,1.92,3.08,1.68,1,0.24,0,0.0,1.2,0.24,1,0.24,0.2,0,0.0,8,1.92,50.0,12.5,0.0,1.2,20.0,0.48,0.0,0.72,33.33,0.0,0.0,0.0,7.44,29.03,3.84,0.24,0.0,8.88,1.68,1.68,14.64,63.93,3.36,42.86,5.28,77.27,1.92,75.0,13.2,67.27,0.24,100.0,16.26,9.23,0.18,0.72,0.0,0.0,0.0,0.0,0.96,0.96,50.0,1.44,50.0,0.0,0.0,0.72,0.48,1.68,42.86,0,,0,,0,0.0,0.0,0.0,,,0.0,,,0.0,0.0,0.0,0.0,0,0.0
Florian Holbrook,Team 3,Team 3,"AMF, LDMF, RDMF",27,100000,,2,44,0,0.0,0,0.0,,,Colombia,"Colombia, France",right,180,79,yes,,,,,,,0.0,,,0.0,,0,,0,,,,0,,,0,,0,,,0.0,,,,,,,,,,,,,,,,,,,,,,,,,,,,,,,19.6,31.35,,,,,,,,,,,,,,,,,,0,,0,,0,0.0,0.0,,,,,,,,,,,0,0.0
Leo Thorpe,Team 3,Team 3,"AMF, RW",33,100000,,3,276,1,0.19,0,0.67,13.7,50.0,Chile,Chile,right,175,70,yes,4.24,3.26,60.0,2.61,37.5,0.0,0.0,0.0,2.28,3.13,0.65,0,0.0,0,0.0,1.96,0.33,1,0.33,0.06,0,0.0,7,2.28,14.29,14.286,0.0,0.65,50.0,0.0,0.0,0.65,50.0,0.0,2.93,44.44,7.17,50.0,1.3,0.33,0.0,20.54,1.96,1.63,29.67,87.91,10.43,78.13,5.22,100.0,7.83,87.5,26.74,90.24,2.28,71.43,17.28,27.66,0.22,2.28,0.0,0.0,0.0,0.0,0.65,4.24,84.62,0.98,66.67,0.98,66.67,0.98,0.33,6.85,95.24,0,,0,,0,0.0,0.0,0.0,,,0.0,,,2.93,0.65,0.0,2.28,0,0.0
Simon Waverley,Team 3,Team 3,RAMF,19,175000,,1,16,0,0.0,0,0.0,,,Mexico,Mexico,right,178,72,yes,,,,,,,0.0,,,0.0,,0,,0,,,,0,,,0,,0,,,0.0,,,,,,,,,,,,,,,,,,,,,,,,,,,,,,,14.55,38.89,,,,,,,,,,,,,,,,,,0,,0,,0,0.0,0.0,,,,,,,,,,,0,0.0
Florian Stratford,Team 3,Team 3,"LDMF, LCMF",22,150000,2026-10-31,3,170,0,0.05,0,0.02,10.06,63.16,Mexico,"Mexico, Portugal",right,171,68,yes,9.0,5.82,72.73,1.59,100.0,0.53,0.81,0.0,4.24,6.49,1.59,1,0.53,0,0.0,0.0,0.0,0,0.0,0.02,0,0.0,2,1.06,0.0,0.0,0.0,0.0,0.0,0.0,0.0,0.0,0.0,0.0,0.0,0.0,1.59,0.0,0.0,0.53,0.0,18.53,0.0,1.59,30.18,77.19,14.29,62.96,1.59,66.67,11.65,90.91,28.06,77.36,2.12,75.0,20.41,16.17,0.01,1.06,0.0,0.0,0.0,0.0,0.0,7.94,60.0,1.59,0.0,0.0,0.0,0.0,0.0,5.82,72.73,0,,0,,0,0.0,0.0,0.0,,,0.0,,,0.53,0.53,0.0,0.0,0,0.0
Maxim Radcliffe,Team 3,Team 3,LCB,22,125000,,2,87,0,0.0,0,0.0,11.38,45.45,Wales,Wales,left,189,80,yes,5.17,3.1,66.67,4.14,25.0,0.0,0.0,0.0,3.1,3.91,3.1,0,0.0,0,0.0,1.03,0.0,0,0.0,0.0,0,0.0,0,0.0,0.0,0.0,0.0,0.0,0.0,0.0,0.0,0.0,0.0,0.0,1.03,100.0,1.03,100.0,0.0,0.0,0.0,24.83,0.0,0.0,35.17,79.41,16.55,75.0,3.1,66.67,12.41,83.33,32.07,80.65,3.1,66.67,19.77,20.45,0.0,0.0,0.0,0.0,0.0,0.0,0.0,6.21,50.0,1.03,0.0,1.03,0.0,0.0,0.0,8.28,62.5,0,,0,,0,0.0,0.0,0.0,,,1.03,,,0.0,0.0,0.0,0.0,0,0.0
Emil Winterbottom,Team 3,Team 3,"LAMF, LCB, LB",21,150000,,6,438,0,0.1,0,0.42,17.05,46.99,South Korea,South Korea,left,175,73,yes,7.19,6.58,65.63,2.67,23.08,0.0,0.0,0.0,2.88,4.33,0.82,0,0.0,0,0.0,2.67,0.0,0,0.0,0.02,0,0.0,2,0.41,50.0,0.0,0.0,5.75,28.57,5.55,25.93,0.21,100.0,0.62,1.44,57.14,5.75,46.43,1.44,0.82,0.0,22.4,1.64,1.64,34.93,67.65,14.38,64.29,7.4,86.11,6.78,45.45,24.25,85.59,5.75,28.57,24.23,43.26,0.09,1.03,0.0,0.0,0.0,0.0,0.41,5.14,60.0,4.93,37.5,0.21,0.0,0.41,1.64,8.63,66.67,0,,0,,0,0.0,0.0,0.0,,,0.21,,,0.62,0.0,0.0,1.44,0,0.0
Adrian Hensley,Team 3,Team 3,"LB, LCB",26,125000,,2,200,0,0.0,0,0.0,14.85,57.58,Chile,Chile,left,192,76,yes,11.25,5.4,75.0,4.5,60.0,0.45,0.55,1.35,6.75,8.18,0.45,0,0.0,0,0.0,0.0,0.0,0,0.0,0.0,0,0.0,0,0.0,0.0,0.0,0.0,0.0,0.0,0.0,0.0,0.0,0.0,0.0,0.45,0.0,1.35,33.33,0.0,0.9,0.0,20.25,0.0,1.35,34.65,90.91,15.75,85.71,1.35,100.0,15.3,97.06,30.15,92.54,4.5,80.0,22.04,40.08,0.0,0.0,0.0,0.0,0.0,0.0,0.0,4.05,77.78,0.0,0.0,0.0,0.0,0.0,0.0,6.75,86.67,0,,0,,0,0.0,0.0,0.0,,,1.35,,,0.0,0.0,0.0,0.0,0,0.0
Roman Mercer,Team 3,Team 3,"RDMF, LCMF, AMF",21,200000,,9,448,0,0.44,1,0.65,20.29,52.48,Germany,Germany,right,178,74,yes,6.03,7.43,59.46,2.21,45.45,0.0,0.0,0.4,1.61,2.29,2.21,2,0.4,0,0.0,1.41,0.0,0,0.0,0.09,0,0.0,9,1.81,11.11,0.0,0.2,0.4,0.0,0.2,0.0,0.2,0.0,0.0,2.21,45.45,9.44,46.81,1.41,0.4,0.0,21.9,0.2,2.41,34.15,82.94,13.26,74.24,6.23,96.77,9.84,79.59,30.13,90.0,3.82,31.58,18.67,31.69,0.13,1.21,0.0,0.0,0.4,50.0,0.6,4.22,61.9,2.01,60.0,0.4,0.0,1.21,0.0,6.43,84.38,0,,0,,0,0.0,0.0,0.0,,,0.0,,,0.2,0.0,0.0,0.6,0,0.0
Caleb Lowell,Team 3,Team 3,"RCB, RDMF, CB",22,150000,,6,554,0,0.22,0,0.06,15.6,61.46,United States,United States,right,184,77,yes,7.96,5.36,66.67,4.87,56.67,0.16,0.26,0.16,4.22,6.78,1.46,2,0.32,0,0.0,0.32,0.0,0,0.0,0.04,0,0.0,2,0.32,0.0,0.0,0.0,0.0,0.0,0.0,0.0,0.0,0.0,0.0,0.32,100.0,3.09,52.63,1.14,0.97,0.0,15.43,0.32,1.62,26.81,80.0,11.37,67.14,2.11,92.31,9.26,92.98,22.91,84.4,3.9,54.17,20.38,36.24,0.01,0.32,0.0,0.0,0.0,0.0,0.0,4.71,82.76,0.16,100.0,0.0,0.0,0.16,0.0,6.34,64.1,0,,0,,0,0.0,0.0,0.0,,,0.81,,,0.0,0.0,0.0,0.0,0,0.0
Theo Somerset,Team 3,Team 3,"RB, RAMF",22,125000,2027-07-31,6,360,0,0.0,0,0.1,14.5,62.07,Greece,"Greece, Portugal",right,179,71,yes,11.0,8.75,77.14,1.0,25.0,0.75,0.91,0.25,3.5,4.24,0.5,0,0.0,0,0.0,0.25,0.0,0,0.0,0.0,0,0.0,0,0.0,0.0,0.0,0.0,0.75,0.0,0.0,0.0,0.75,0.0,0.0,0.25,100.0,3.75,40.0,0.25,0.75,0.0,19.25,1.75,1.0,27.5,74.55,10.5,54.76,5.5,100.0,7.25,75.86,23.75,81.05,3.0,41.67,20.47,27.87,0.03,0.75,0.0,0.0,0.0,0.0,0.0,3.5,57.14,1.5,16.67,0.5,50.0,0.5,0.0,6.75,48.15,0,,0,,0,0.0,0.0,0.0,,,0.25,,,0.0,0.0,0.0,0.0,0,0.0
Marcus Thorpe,Team 3,Team 3,LWF,23,150000,,1,76,0,0.0,0,0.11,24.87,52.38,Ireland,Ireland,right,184,77,yes,7.11,7.11,83.33,4.74,0.0,0.0,0.0,0.0,1.18,1.36,0.0,0,0.0,0,0.0,1.18,0.0,0,0.0,0.01,0,0.0,2,2.37,0.0,0.0,0.0,1.18,0.0,1.18,0.0,0.0,0.0,0.0,1.18,100.0,10.66,66.67,2.37,3.55,0.0,14.21,1.18,1.18,22.5,78.95,3.55,100.0,9.47,87.5,1.18,0.0,20.13,82.35,1.18,100.0,13.5,45.62,0.13,2.37,0.0,0.0,0.0,0.0,0.0,1.18,100.0,1.18,100.0,0.0,0.0,0.0,0.0,2.37,100.0,0,,0,,0,0.0,0.0,0.0,,,0.0,,,0.0,0.0,0.0,0.0,0,0.0
Erik Mercer,Team 3,Team 3,"AMF, LW, LAMF",23,150000,,9,285,1,0.25,0,0.19,14.21,44.44,Serbia,Serbia,right,171,63,yes,3.79,4.11,46.15,0.95,0.0,0.0,0.0,0.0,1.89,3.33,0.0,1,0.32,0,0.0,3.47,0.32,1,0.32,0.08,0,0.0,7,2.21,28.57,14.286,0.0,2.53,25.0,2.21,28.57,0.32,0.0,0.63,3.79,58.33,9.16,48.28,0.95,0.32,0.0,23.05,1.26,2.53,30.32,80.21,5.37,76.47,12.0,92.11,8.53,62.96,24.95,89.87,2.84,44.44,20.54,27.56,0.06,0.63,0.0,0.0,0.0,0.0,0.32,2.21,85.71,3.16,20.0,0.32,0.0,0.0,0.63,2.53,87.5,0,,0,,0,0.0,0.0,0.0,,,0.0,,,0.0,0.0,0.0,0.32,0,0.0
Milo Kingsbury,Team 3,Team 3,"LDMF, RCMF, RB",23,125000,,8,536,0,0.0,0,0.26,15.62,55.91,Germany,Germany,right,176,68,yes,10.41,8.4,70.0,1.51,44.44,0.5,0.66,0.67,4.03,5.26,1.34,2,0.34,0,0.0,0.67,0.0,0,0.0,0.0,0,0.0,1,0.17,0.0,0.0,0.0,0.67,25.0,0.17,100.0,0.5,0.0,0.0,1.01,50.0,4.37,34.62,0.0,0.67,0.0,21.32,0.5,1.18,33.08,85.28,11.59,75.36,5.21,96.77,11.59,88.41,29.38,90.29,3.02,50.0,19.33,42.63,0.04,0.5,0.0,0.0,0.0,0.0,0.17,6.38,73.68,0.84,40.0,0.34,50.0,0.17,0.17,5.37,62.5,0,,0,,0,0.0,0.0,0.0,,,0.34,,,0.0,0.0,0.0,0.0,0,0.0
Milo Prescott,Team 3,Team 3,"LCMF, RDMF, RCMF",24,175000,2027-03-30,9,405,0,0.15,0,0.04,13.33,56.67,Switzerland,Switzerland,right,183,75,yes,8.0,4.89,59.09,2.22,60.0,0.22,0.31,0.22,4.89,6.8,0.89,0,0.0,0,0.0,0.44,0.0,0,0.0,0.03,0,0.0,8,1.78,12.5,0.0,0.0,0.67,0.0,0.0,0.0,0.67,0.0,0.0,0.22,100.0,4.67,52.38,0.22,0.44,0.22,22.44,0.0,1.56,34.44,76.77,12.89,60.34,5.56,100.0,12.44,83.93,30.22,84.56,3.78,23.53,19.83,33.98,0.01,0.22,0.0,0.0,0.0,0.0,0.0,8.44,57.89,1.33,0.0,0.22,0.0,0.0,0.0,5.11,56.52,0,,0,,0,0.0,0.0,0.0,,,0.22,,,2.67,0.89,25.0,1.56,0,0.0
Ruben Thorpe,Team 3,Team 3,RCMF,27,175000,,1,32,1,0.23,0,0.0,,,Serbia,Serbia,right,177,72,yes,,,,,,,0.0,,,6.0,,1,,0,,,,1,,,0,,2,,,50.0,,,,,,,,,,,,,,,,,,,,,,,,,,,,,,,18.21,23.07,,,,,,,,,,,,,,,,,,0,,0,,0,0.0,0.0,,,,,,,,,,,0,0.0
Sebastian Hayward,Team 3,Team 3,GK,25,125000,2026-10-31,6,596,0,0.0,0,0.0,0.15,100.0,Ireland,Ireland,right,186,79,yes,0.6,0.0,0.0,0.15,100.0,0.0,0.0,0.0,0.6,0.86,0.0,1,0.15,0,0.0,0.0,0.0,0,0.0,0.0,0,0.0,0,0.0,0.0,0.0,0.0,0.0,0.0,0.0,0.0,0.0,0.0,0.0,0.0,0.0,0.0,0.0,0.0,0.0,0.0,6.8,0.15,0.0,13.89,75.0,7.85,57.69,0.0,0.0,5.29,97.14,7.4,100.0,6.49,46.51,42.07,59.78,0.0,0.0,0.0,0.0,0.0,0.0,0.0,3.62,41.67,0.15,0.0,0.15,0.0,0.0,0.0,4.08,70.37,9,1.36,28,4.23,1,67.86,8.12,1.23,-0.88,-0.133,0.0,2.11,0.15,,,,0.0,0,0.0
Noah Kessler,Team 3,Team 3,"LCB, LB",25,150000,,6,556,0,0.02,0,0.0,13.6,66.67,Slovenia,"Slovenia, Spain",left,185,77,yes,10.36,7.28,75.56,4.69,58.62,0.0,0.0,0.97,4.86,6.92,0.81,1,0.16,0,0.0,0.0,0.0,0,0.0,0.0,0,0.0,1,0.16,0.0,0.0,0.0,0.0,0.0,0.0,0.0,0.0,0.0,0.0,0.0,0.0,0.81,80.0,0.49,0.49,0.0,21.37,0.32,0.32,33.83,83.25,18.94,78.63,2.75,88.24,10.04,93.55,27.68,93.57,6.15,36.84,22.11,37.88,0.0,0.0,0.0,0.0,0.0,0.0,0.0,5.67,71.43,0.32,50.0,0.16,0.0,0.16,0.0,8.74,70.37,0,,0,,0,0.0,0.0,0.0,,,1.46,,,0.0,0.0,0.0,0.0,0,0.0
Milo Kitteridge,Team 3,Team 3,"LDMF, DMF, LCMF",27,175000,,5,169,0,0.0,0,0.27,15.98,56.67,Albania,Albania,right,178,75,yes,6.92,5.86,72.73,2.66,60.0,0.0,0.0,0.53,2.66,4.29,0.53,0,0.0,0,0.0,2.13,0.0,0,0.0,0.0,0,0.0,0,0.0,0.0,0.0,0.0,2.66,40.0,1.6,0.0,0.53,100.0,0.0,2.13,50.0,5.33,40.0,0.0,2.13,0.53,45.8,0.53,2.13,61.78,90.52,23.96,91.11,5.86,100.0,24.5,86.96,56.45,94.34,3.2,50.0,19.3,27.86,0.15,1.6,0.0,0.0,0.0,0.0,0.0,9.59,88.89,3.2,33.33,0.53,0.0,0.0,1.07,10.12,84.21,0,,0,,0,0.0,0.0,0.0,,,0.0,,,3.2,0.0,0.0,0.53,0,0.0
Stefan Linwood,Team 3,Team 3,LB,30,150000,,8,721,1,0.38,0,0.53,11.11,59.55,Georgia,Georgia,both,174,64,yes,8.99,6.12,63.27,1.75,57.14,0.0,0.0,0.62,5.12,6.95,1.0,2,0.25,0,0.0,1.12,0.12,1,0.12,0.05,0,0.0,9,1.12,22.22,11.111,0.0,2.62,19.05,2.62,19.05,0.0,0.0,0.37,1.12,33.33,2.37,52.63,0.62,2.0,0.25,22.59,0.87,0.87,32.21,75.19,13.48,68.52,4.24,94.12,8.11,72.31,26.46,83.49,3.25,53.85,17.19,25.68,0.07,1.37,0.0,0.0,0.0,0.0,0.25,4.74,68.42,2.87,34.78,0.12,100.0,0.87,0.75,6.99,69.64,0,,0,,0,0.0,0.0,0.0,,,0.12,,,1.12,0.37,0.0,1.37,0,0.0
Theo Clairmont,Team 3,Team 3,"RWF, CF",31,175000,,1,32,0,0.0,1,0.0,,,Spain,Spain,right,172,67,yes,,,,,,,0.0,,,3.0,,0,,0,,,,0,,,0,,0,,,0.0,,,,,,,,,,,,,,,,,,,,,,,,,,,,,,,24.22,54.53,,,,,,,,,,,,,,,,,,0,,0,,0,0.0,0.0,,,,,,,,,,,0,0.0
Aaron Montague,Team 3,Team 3,GK,30,150000,2027-03-31,5,502,0,0.0,0,0.0,0.36,100.0,Switzerland,Switzerland,right,191,85,yes,1.79,0.18,100.0,0.18,100.0,0.0,0.0,0.0,1.61,2.25,0.0,0,0.0,0,0.0,0.0,0.0,0,0.0,0.0,0,0.0,0,0.0,0.0,0.0,0.0,0.0,0.0,0.0,0.0,0.0,0.0,0.0,0.0,0.0,0.0,0.0,0.0,0.0,0.0,8.78,0.18,0.18,17.21,86.46,10.04,78.57,0.0,0.0,6.27,97.14,11.65,98.46,5.56,61.29,33.9,59.09,0.0,0.0,0.0,0.0,0.0,0.0,0.0,2.33,38.46,0.54,0.0,0.18,0.0,0.0,0.0,3.59,90.0,5,0.9,22,3.94,1,77.27,5.37,0.96,0.37,0.066,0.0,0.9,0.18,,,,0.0,0,0.0
Milo Chamberlain,Team 3,Team 3,"RAMF, RWF, RW",30,200000,2027-03-30,8,471,2,2.56,0,0.49,22.17,45.69,Denmark,Denmark,right,175,72,yes,5.54,5.16,70.37,2.29,8.33,0.0,0.0,0.0,1.91,2.78,0.96,1,0.19,0,0.0,4.01,0.38,2,0.38,0.49,0,0.0,15,2.87,33.33,13.333,0.0,2.87,33.33,0.76,50.0,2.1,27.27,0.38,4.39,47.83,13.18,40.58,3.63,2.29,0.0,13.76,1.91,2.68,19.87,60.58,6.11,46.88,2.48,84.62,6.5,61.76,15.29,70.0,1.72,22.22,17.36,27.39,0.09,0.96,0.0,0.0,0.0,0.0,0.19,2.68,28.57,2.87,46.67,0.0,0.0,0.76,1.15,4.39,56.52,0,,0,,0,0.0,0.0,0.0,,,0.19,,,0.57,0.38,0.0,0.96,0,0.0
Jasper Holbrook,Team 3,Team 3,"RCB, LCB",29,175000,,6,517,0,0.26,0,0.02,9.75,76.79,Ecuador,"Ecuador, Spain",right,184,81,yes,8.18,4.35,80.0,2.96,88.24,0.0,0.0,0.87,4.7,6.75,0.52,0,0.0,0,0.0,0.17,0.0,0,0.0,0.04,0,0.0,2,0.35,0.0,0.0,0.0,0.17,100.0,0.0,0.0,0.17,100.0,0.0,0.35,0.0,0.7,50.0,0.17,1.04,0.0,23.15,0.17,0.7,35.16,87.62,13.58,75.64,1.57,100.0,16.71,93.75,28.72,93.33,6.27,61.11,23.15,42.29,0.0,0.17,0.0,0.0,0.0,0.0,0.0,4.87,67.86,0.52,66.67,0.0,0.0,0.17,0.17,7.49,74.42,0,,0,,0,0.0,0.0,0.0,,,1.39,,,0.0,0.0,0.0,0.0,0,0.0
Ethan Blackwood,Team 3,Team 3,"AMF, LW, LAMF",27,175000,2026-09-30,10,778,1,1.41,1,1.17,18.97,45.12,Greece,"Greece, Germany",right,168,62,yes,5.67,4.28,67.57,1.97,35.29,0.0,0.0,0.12,2.78,3.89,0.93,2,0.23,0,0.0,3.82,0.12,1,0.12,0.16,0,0.0,15,1.74,53.33,6.667,0.12,2.08,50.0,0.93,50.0,1.16,50.0,0.23,3.35,51.72,10.87,35.11,2.2,2.43,0.69,22.9,0.81,1.62,34.24,76.69,10.41,64.44,6.13,100.0,9.83,75.29,30.19,79.69,2.2,57.89,17.36,37.59,0.14,1.16,0.0,0.0,0.46,25.0,0.58,6.02,69.23,3.01,46.15,0.58,20.0,0.93,0.81,6.59,82.46,0,,0,,0,0.0,0.0,0.0,,,0.0,,,0.69,0.0,0.0,0.93,0,0.0
Arthur Thorpe,Team 3,Team 3,CF,28,200000,,1,50,0,0.47,0,0.0,12.6,57.14,Argentina,Argentina,right,185,76,yes,1.8,1.8,100.0,9.0,40.0,0.0,0.0,0.0,0.0,0.0,1.8,0,0.0,0,0.0,3.6,0.0,0,0.0,0.84,0,0.0,2,3.6,100.0,0.0,0.0,1.8,0.0,0.0,0.0,1.8,0.0,0.0,0.0,0.0,1.8,100.0,3.6,0.0,0.0,10.8,3.6,0.0,12.6,71.43,0.0,0.0,3.6,50.0,7.2,100.0,10.8,83.33,0.0,0.0,30.37,0.0,0.0,0.0,0.0,0.0,0.0,0.0,0.0,0.0,0.0,0.0,0.0,0.0,0.0,0.0,0.0,0.0,0.0,0,,0,,0,0.0,0.0,0.0,,,0.0,,,0.0,0.0,0.0,0.0,0,0.0
Alexander Sterling,Team 3,Team 3,"RB, RDMF, LDMF",21,175000,,3,252,0,0.02,0,0.0,15.36,53.49,England,England,right,178,71,yes,12.14,11.43,65.63,1.43,50.0,2.5,3.5,0.71,2.14,3.0,1.79,2,0.71,0,0.0,0.0,0.0,0,0.0,0.01,0,0.0,1,0.36,0.0,0.0,0.0,1.07,0.0,0.0,0.0,1.07,0.0,0.36,0.0,0.0,1.43,0.0,0.36,0.0,0.0,18.57,0.71,0.0,31.07,74.71,10.0,64.29,7.5,80.95,9.29,80.77,26.07,83.56,4.29,33.33,20.52,48.71,0.0,0.0,0.0,0.0,0.0,0.0,0.0,4.64,61.54,1.79,0.0,0.36,0.0,0.0,0.0,6.07,52.94,0,,0,,0,0.0,0.0,0.0,,,0.71,,,0.0,0.0,0.0,0.0,0,0.0
Elias Huntington,Team 3,Team 3,"RB, RWB",23,125000,,7,585,0,0.02,0,0.49,15.85,60.19,Denmark,Denmark,right,178,71,yes,9.85,8.46,65.45,3.23,61.9,0.15,0.23,0.15,4.15,6.09,1.85,2,0.31,0,0.0,2.31,0.0,0,0.0,0.0,0,0.0,3,0.46,33.33,0.0,0.0,3.38,31.82,0.0,0.0,3.38,31.82,0.31,1.85,58.33,2.77,44.44,0.31,0.31,0.0,24.31,0.77,0.15,34.77,72.12,16.46,66.36,2.31,86.67,11.69,72.37,26.15,82.35,5.54,44.44,21.99,37.22,0.08,0.77,0.0,0.0,0.0,0.0,0.46,5.38,57.14,3.85,40.0,0.31,100.0,0.46,1.08,8.46,67.27,0,,0,,0,0.0,0.0,0.0,,,0.31,,,0.0,0.0,0.0,0.0,0,0.0
Lars Langley,Team 3,Team 3,"RW, RAMF, LAMF",21,175000,2026-10-31,6,261,0,0.5,0,0.09,16.55,43.75,Ghana,Ghana,right,176,69,yes,5.86,7.59,50.0,3.1,11.11,0.34,0.48,0.0,1.72,2.42,1.72,1,0.34,0,0.0,1.72,0.0,0,0.0,0.17,0,0.0,7,2.41,28.57,0.0,0.0,0.69,50.0,0.34,0.0,0.34,100.0,0.0,1.72,40.0,5.52,56.25,2.41,1.38,0.34,17.59,1.38,2.07,18.62,75.93,5.17,60.0,5.17,86.67,3.45,70.0,17.24,76.0,0.69,100.0,14.77,7.0,0.03,0.34,0.0,0.0,0.0,0.0,0.34,1.72,40.0,1.38,50.0,0.0,0.0,0.69,0.34,2.07,83.33,0,,0,,0,0.0,0.0,0.0,,,0.0,,,0.0,0.0,0.0,0.0,0,0.0
Marcus Redmond,Team 3,Team 3,"RCMF, LCMF, RDMF",21,300000,,4,243,0,0.02,0,0.04,15.93,48.84,Germany,"Germany, Spain",right,179,74,yes,10.37,10.0,59.26,2.59,0.0,1.48,2.31,0.0,2.96,4.62,2.96,1,0.37,0,0.0,1.85,0.0,0,0.0,0.01,0,0.0,2,0.74,50.0,0.0,0.0,1.11,66.67,0.0,0.0,1.11,66.67,0.0,0.74,100.0,1.48,50.0,0.0,1.11,0.0,44.07,0.0,1.11,59.63,93.17,16.67,88.89,8.52,95.65,25.19,94.12,52.22,97.16,6.3,64.71,20.31,43.84,0.01,1.11,0.0,0.0,0.0,0.0,0.37,11.85,90.63,2.22,50.0,0.0,0.0,0.37,0.74,12.22,81.82,0,,0,,0,0.0,0.0,0.0,,,1.48,,,0.0,0.0,0.0,0.37,0,0.0
Nils Grantham,Team 3,Team 3,CF,26,175000,,10,603,0,1.9,0,0.14,30.75,50.0,Portugal,Portugal,right,197,90,yes,4.03,2.84,52.63,16.12,62.96,0.0,0.0,0.45,2.54,3.64,2.39,1,0.15,0,0.0,2.09,0.0,0,0.0,0.28,0,0.0,18,2.69,44.44,0.0,0.0,0.45,0.0,0.15,0.0,0.3,0.0,0.15,1.34,66.67,8.66,32.76,2.54,0.9,0.0,8.81,1.79,1.64,16.12,71.3,5.07,58.82,2.69,83.33,4.63,77.42,15.22,73.53,0.45,66.67,15.36,9.49,0.02,0.6,0.0,0.0,0.0,0.0,0.0,2.54,58.82,0.9,16.67,0.0,0.0,0.3,0.0,1.34,55.56,0,,0,,0,0.0,0.0,0.0,,,0.0,,,0.15,0.15,0.0,0.0,0,0.0
Dara Kessler,Team 19,Team 19,CF,32,500000,,7,236,0,0.05,0,0.0,17.16,28.89,Nigeria,"Nigeria, France",right,174,73,yes,1.91,2.29,50.0,6.1,18.75,0.0,0.0,0.38,0.76,1.2,1.14,0,0.0,0,0.0,0.76,0.0,0,0.0,0.02,0,0.0,3,1.14,33.33,0.0,0.0,0.0,0.0,0.0,0.0,0.0,0.0,0.0,0.76,50.0,6.48,29.41,1.91,0.38,0.0,6.48,1.91,1.91,9.15,87.5,0.38,100.0,4.58,91.67,3.05,75.0,9.15,87.5,0.0,0.0,13.54,0.0,0.0,0.0,0.0,0.0,0.0,0.0,0.0,0.0,0.0,0.38,100.0,0.0,0.0,0.0,0.0,0.0,0.0,0,,0,,0,0.0,0.0,0.0,,,0.0,,,0.0,0.0,0.0,0.0,0,0.0
Emil Harrington,Team 19,Team 19,LB,27,400000,,12,1125,0,0.24,1,1.55,7.84,44.9,Czech Republic,"Czech Republic, Portugal",left,175,70,yes,5.52,3.92,46.94,1.52,47.37,0.0,0.0,0.4,3.68,5.35,0.56,0,0.0,0,0.0,1.84,0.0,0,0.0,0.02,0,0.0,3,0.24,0.0,0.0,0.08,2.56,65.63,2.48,64.52,0.08,100.0,0.16,0.16,100.0,0.96,33.33,0.4,1.36,0.16,37.92,1.28,0.32,49.28,87.01,23.84,83.22,6.08,100.0,12.4,89.68,41.36,91.68,5.44,61.76,18.92,33.78,0.12,1.68,0.08,0.0,0.0,0.0,0.4,7.52,87.23,2.64,78.79,0.08,100.0,0.48,1.68,12.72,81.13,0,,0,,0,0.0,0.0,0.0,,,1.2,,,0.88,0.08,0.0,1.28,0,0.0
Anton Crestwood,Team 19,Team 19,CF,31,250000,,1,25,0,0.0,0,0.0,,,Brazil,Brazil,right,182,78,yes,,,,,,,0.0,,,7.5,,0,,0,,,,0,,,0,,0,,,0.0,,,,,,,,,,,,,,,,,,,,,,,,,,,,,,,8.91,0.0,,,,,,,,,,,,,,,,,,0,,0,,0,0.0,0.0,,,,,,,,,,,0,0.0
Colin Hawthorne,Team 19,Team 19,RB,26,225000,2027-12-31,11,667,0,0.16,0,0.98,14.98,54.05,Uruguay,Uruguay,right,185,81,yes,6.88,6.34,46.81,2.29,52.94,0.0,0.0,0.4,3.91,6.44,1.48,0,0.0,0,0.0,3.24,0.0,0,0.0,0.02,0,0.0,5,0.67,40.0,0.0,0.0,4.45,30.3,0.0,0.0,4.32,28.13,0.4,1.48,100.0,4.05,63.33,1.21,1.35,0.0,34.81,1.75,1.21,45.88,79.71,16.46,70.49,6.34,97.87,16.06,87.39,35.76,90.94,5.8,46.51,21.93,40.03,0.13,1.21,0.0,0.0,0.13,100.0,0.27,6.48,72.92,3.37,48.0,0.13,100.0,0.13,1.62,10.25,72.37,0,,0,,0,0.0,0.0,0.0,,,1.08,,,2.16,0.0,0.0,2.16,0,0.0
Dylan Ingram,Team 19,Team 19,"LW, LAMF, CF",25,100000,2026-10-30,8,417,0,0.85,0,0.19,23.53,51.38,Norway,Norway,right,174,69,yes,7.77,7.12,60.61,1.08,20.0,0.0,0.0,0.0,3.45,6.23,1.51,0,0.0,0,0.0,4.1,0.0,0,0.0,0.18,0,0.0,13,2.81,38.46,0.0,0.0,3.24,26.67,2.81,15.38,0.43,100.0,0.86,3.24,66.67,13.38,51.61,3.24,2.59,0.0,22.01,2.59,2.37,34.75,76.4,7.99,70.27,12.09,89.29,9.28,65.12,30.65,83.1,0.86,25.0,15.08,14.42,0.04,0.86,0.0,0.0,0.22,0.0,0.22,1.29,66.67,3.67,35.29,0.22,0.0,0.22,1.08,4.53,80.95,0,,0,,0,0.0,0.0,0.0,,,0.0,,,0.0,0.0,0.0,0.22,0,0.0
Theo Blackwood,Team 19,Team 19,GK,25,100000,,1,98,0,0.0,0,0.0,1.84,100.0,Albania,Albania,right,188,81,yes,0.92,0.0,0.0,1.84,100.0,0.0,0.0,0.0,0.92,2.14,0.0,0,0.0,0,0.0,0.0,0.0,0,0.0,0.0,0,0.0,0,0.0,0.0,0.0,0.0,0.0,0.0,0.0,0.0,0.0,0.0,0.0,0.0,0.0,0.0,0.0,0.0,0.0,0.0,10.1,0.92,0.92,14.69,87.5,6.43,71.43,0.0,0.0,6.43,100.0,10.1,100.0,4.59,60.0,30.1,52.94,0.0,0.0,0.0,0.0,0.0,0.0,0.0,0.92,0.0,0.92,0.0,0.0,0.0,0.0,0.0,2.76,66.67,1,0.92,2,1.84,0,50.0,1.37,1.26,0.37,0.34,0.0,2.76,1.84,,,,0.0,0,0.0
Lars Stratford,Team 19,Team 19,"RAMF, RDMF",28,100000,2026-12-31,2,76,0,0.0,0,0.0,15.39,46.15,Austria,Austria,right,178,68,yes,3.55,7.11,50.0,1.18,100.0,0.0,0.0,0.0,0.0,0.0,2.37,1,1.18,0,0.0,0.0,0.0,0,0.0,0.0,0,0.0,0,0.0,0.0,0.0,0.0,0.0,0.0,0.0,0.0,0.0,0.0,0.0,0.0,0.0,1.18,0.0,0.0,1.18,0.0,34.34,0.0,0.0,45.0,86.84,10.66,77.78,9.47,100.0,18.95,87.5,42.63,86.11,2.37,100.0,15.81,19.41,0.0,0.0,0.0,0.0,0.0,0.0,0.0,3.55,100.0,0.0,0.0,0.0,0.0,0.0,0.0,5.92,60.0,0,,0,,0,0.0,0.0,0.0,,,0.0,,,0.0,0.0,0.0,0.0,0,0.0
Nathan Thorpe,Team 19,Team 19,"AMF, CF",27,100000,2029-03-15,13,1100,2,1.95,3,1.95,20.7,48.22,Ukraine,"Ukraine, Italy",left,175,62,yes,3.19,3.52,55.81,1.64,30.0,0.08,0.13,0.16,1.15,1.77,0.9,1,0.08,0,0.0,4.17,0.16,2,0.16,0.16,0,0.0,29,2.37,31.03,6.897,0.25,1.64,40.0,0.65,37.5,0.82,40.0,0.33,3.6,72.73,13.99,49.12,1.31,2.13,0.33,18.57,0.49,3.11,24.05,80.61,9.65,74.58,4.01,93.88,6.55,82.5,20.37,87.15,2.21,44.44,17.68,31.88,0.16,1.64,0.08,0.0,0.25,66.67,0.25,5.32,69.23,3.85,57.45,0.82,40.0,1.55,0.82,5.32,81.54,0,,0,,0,0.0,0.0,0.0,,,0.0,,,1.72,0.16,0.0,1.39,0,0.0
Tristan Thorpe,Team 19,Team 19,LB,27,50000,,3,139,0,0.0,0,0.0,12.95,65.0,Slovenia,"Slovenia, France",left,176,70,yes,6.47,7.12,54.55,2.59,75.0,0.0,0.0,0.0,2.59,6.0,1.94,0,0.0,0,0.0,3.24,0.0,0,0.0,0.0,0,0.0,0,0.0,0.0,0.0,0.0,3.88,50.0,3.24,40.0,0.0,0.0,0.0,1.29,100.0,1.94,100.0,0.0,0.65,0.0,25.9,0.65,1.94,36.91,82.46,11.01,88.24,9.06,92.86,11.65,77.78,31.08,89.58,1.94,33.33,10.81,10.77,0.0,0.65,0.0,0.0,0.0,0.0,0.0,4.53,85.71,3.24,40.0,0.65,0.0,0.0,1.29,6.47,80.0,0,,0,,0,0.0,0.0,0.0,,,0.0,,,0.0,0.0,0.0,0.0,0,0.0
Milo Radcliffe,Team 19,Team 19,"LW, RAMF, RW",26,150000,,9,432,0,0.16,0,0.05,13.13,50.79,Iceland,Iceland,right,173,62,yes,2.92,3.13,60.0,1.25,33.33,0.21,0.34,0.0,0.83,1.38,0.42,1,0.21,1,0.21,1.46,0.0,0,0.0,0.03,0,0.0,6,1.25,0.0,0.0,0.0,2.29,9.09,1.25,16.67,1.04,0.0,0.42,2.5,41.67,7.29,45.71,1.88,0.83,0.21,18.54,1.67,1.67,24.17,71.55,5.42,69.23,7.29,88.57,6.88,54.55,20.42,79.59,1.67,50.0,15.67,18.93,0.01,0.83,0.0,0.0,0.21,100.0,0.0,2.08,60.0,2.5,25.0,0.42,100.0,0.83,0.63,2.92,57.14,0,,0,,0,0.0,0.0,0.0,,,0.0,,,0.0,0.0,0.0,0.0,0,0.0
Magnus Hensley,Team 19,Team 19,"RB, RWB",34,175000,,8,373,0,0.02,0,0.0,14.48,53.33,Romania,"Romania, France",right,170,60,yes,4.83,4.83,65.0,2.17,44.44,0.0,0.0,0.24,1.69,2.59,0.48,0,0.0,0,0.0,3.14,0.0,0,0.0,0.01,0,0.0,2,0.48,50.0,0.0,0.0,3.14,53.85,0.0,0.0,3.14,53.85,0.48,1.45,83.33,6.76,50.0,0.72,1.45,0.0,29.44,0.72,1.93,39.09,87.04,13.27,74.55,6.03,100.0,13.75,91.23,32.09,96.99,4.1,35.29,18.97,33.68,0.0,0.48,0.0,0.0,0.0,0.0,0.0,5.79,66.67,2.65,45.45,0.48,50.0,0.48,1.21,7.0,86.21,0,,0,,0,0.0,0.0,0.0,,,0.72,,,0.72,0.0,0.0,0.97,0,0.0
Elias Vance,Team 19,Team 19,RCB,32,150000,2026-11-30,12,1192,0,0.27,0,0.06,8.98,61.34,Ecuador,Ecuador,right,190,86,yes,6.49,4.23,67.86,2.27,46.67,0.23,0.33,0.45,3.4,5.0,1.21,1,0.08,0,0.0,0.38,0.0,0,0.0,0.02,0,0.0,5,0.38,0.0,0.0,0.0,0.23,66.67,0.0,0.0,0.23,66.67,0.0,0.23,100.0,0.91,58.33,0.53,0.6,0.08,29.75,0.53,0.45,42.89,87.5,19.71,78.16,2.49,100.0,17.89,94.51,36.69,93.62,5.96,50.63,21.92,42.03,0.0,0.15,0.0,0.0,0.0,0.0,0.08,6.57,65.52,0.98,30.77,0.3,0.0,0.15,0.15,8.38,73.87,0,,0,,0,0.0,0.0,0.0,,,2.11,,,0.0,0.0,0.0,0.0,0,0.0
Florian Dunmore,Team 19,Team 19,GK,35,125000,,13,1295,0,0.0,0,0.0,1.18,94.12,United States,United States,right,189,74,yes,1.32,0.07,100.0,0.83,91.67,0.0,0.0,0.0,1.25,1.88,0.0,1,0.07,0,0.0,0.0,0.0,0,0.0,0.0,0,0.0,0,0.0,0.0,0.0,0.0,0.0,0.0,0.0,0.0,0.0,0.0,0.0,0.0,0.0,0.21,100.0,0.0,0.0,0.0,10.22,0.07,0.28,18.14,84.67,9.24,70.68,0.0,0.0,8.41,99.17,12.37,98.88,5.77,54.22,32.68,52.39,0.0,0.0,0.0,0.0,0.0,0.0,0.0,2.99,46.51,0.14,0.0,0.0,0.0,0.0,0.0,4.03,79.31,13,0.9,62,4.31,3,79.03,15.56,1.08,2.56,0.178,0.0,1.25,0.83,,,,0.0,0,0.0
Milo Kensington,Team 19,Team 19,CF,28,150000,,2,61,0,0.77,0,0.04,30.98,28.57,Portugal,"Portugal, France",right,179,75,yes,1.48,4.43,33.33,11.8,25.0,0.0,0.0,0.0,0.0,0.0,2.95,0,0.0,0,0.0,5.9,0.0,0,0.0,1.13,0,0.0,5,7.38,60.0,0.0,0.0,0.0,0.0,0.0,0.0,0.0,0.0,0.0,2.95,50.0,10.33,14.29,8.85,1.48,0.0,10.33,1.48,0.0,19.18,84.62,1.48,100.0,7.38,80.0,2.95,100.0,19.18,84.62,0.0,0.0,12.61,0.0,0.06,1.48,0.0,0.0,0.0,0.0,0.0,1.48,100.0,0.0,0.0,0.0,0.0,1.48,0.0,1.48,100.0,0,,0,,0,0.0,0.0,0.0,,,0.0,,,0.0,0.0,0.0,0.0,0,0.0
Adrian Grantham,Team 19,Team 19,"LCMF, RCMF",27,250000,,3,196,0,0.1,0,0.03,20.2,56.82,Italy,Italy,right,177,65,yes,12.86,10.56,65.22,3.21,14.29,1.84,3.24,0.92,4.13,7.3,2.76,1,0.46,0,0.0,0.46,0.0,0,0.0,0.05,0,0.0,4,1.84,25.0,0.0,0.0,0.92,0.0,0.46,0.0,0.46,0.0,0.0,0.0,0.0,5.51,66.67,1.38,0.0,0.0,32.14,0.0,1.38,49.59,83.33,20.66,71.11,6.89,100.0,16.07,91.43,45.46,88.89,3.21,28.57,18.07,29.71,0.01,1.38,0.0,0.0,0.0,0.0,0.0,13.32,68.97,2.3,40.0,0.0,0.0,0.46,0.0,7.81,76.47,0,,0,,0,0.0,0.0,0.0,,,0.46,,,0.0,0.0,0.0,0.0,0,0.0
Milo Yardley,Team 19,Team 19,"LAMF, LW, LWF",23,150000,,4,87,0,0.06,0,0.11,21.72,28.57,Denmark,Denmark,right,176,69,yes,4.14,3.1,66.67,1.03,100.0,0.0,0.0,0.0,2.07,3.16,1.03,0,0.0,0,0.0,3.1,0.0,0,0.0,0.06,0,0.0,1,1.03,0.0,0.0,0.0,3.1,33.33,2.07,50.0,1.03,0.0,0.0,4.14,50.0,15.52,20.0,2.07,3.1,1.03,15.52,2.07,0.0,21.72,76.19,5.17,80.0,4.14,100.0,5.17,40.0,18.62,83.33,0.0,0.0,16.68,0.0,0.11,1.03,0.0,0.0,0.0,0.0,0.0,1.03,100.0,3.1,66.67,0.0,0.0,2.07,1.03,3.1,100.0,0,,0,,0,0.0,0.0,0.0,,,0.0,,,0.0,0.0,0.0,0.0,0,0.0
Nils Kitteridge,Team 19,Team 19,"RCMF, LDMF, RDMF",30,150000,,4,167,0,0.01,0,0.01,16.17,66.67,Austria,Austria,right,179,73,yes,5.39,7.01,61.54,3.77,85.71,0.0,0.0,0.0,1.08,1.67,1.62,0,0.0,0,0.0,2.16,0.0,0,0.0,0.0,0,0.0,2,1.08,0.0,0.0,0.0,1.08,0.0,0.0,0.0,1.08,0.0,0.0,2.16,100.0,3.77,71.43,0.54,1.08,0.0,28.02,0.54,1.62,37.72,80.0,10.24,57.89,7.54,100.0,14.01,88.46,34.49,82.81,2.69,60.0,19.43,33.18,0.01,0.54,0.0,0.0,0.54,0.0,0.0,4.85,55.56,0.54,0.0,0.54,0.0,0.54,0.0,5.93,90.91,0,,0,,0,0.0,0.0,0.0,,,0.0,,,0.0,0.0,0.0,0.0,0,0.0
Tobias Kensington,Team 19,Team 19,"LCMF, RCMF, RDMF",21,175000,2026-12-31,7,190,0,0.01,0,0.09,18.0,44.74,Mexico,Mexico,right,182,75,yes,10.89,6.63,50.0,6.63,35.71,1.89,2.86,0.47,5.68,8.57,3.32,1,0.47,0,0.0,0.95,0.0,0,0.0,0.0,0,0.0,2,0.95,0.0,0.0,0.0,1.89,25.0,0.47,100.0,1.42,0.0,0.0,0.95,50.0,3.79,37.5,0.95,0.95,0.0,19.42,1.42,1.42,30.32,81.25,9.47,85.0,4.26,77.78,9.47,80.0,26.05,87.27,2.37,60.0,15.09,23.04,0.04,1.42,0.0,0.0,0.0,0.0,0.47,3.79,100.0,1.42,33.33,0.0,0.0,0.0,1.42,6.63,71.43,0,,0,,0,0.0,0.0,0.0,,,0.0,,,0.0,0.0,0.0,0.0,0,0.0
Nils Ellwood,Team 19,Team 19,RCB,21,200000,,1,74,0,0.0,0,0.0,9.73,37.5,Italy,"Italy, Portugal",right,187,80,yes,7.3,7.3,50.0,1.22,0.0,0.0,0.0,0.0,3.65,6.43,2.43,1,1.22,0,0.0,0.0,0.0,0,0.0,0.0,0,0.0,0,0.0,0.0,0.0,0.0,0.0,0.0,0.0,0.0,0.0,0.0,0.0,0.0,0.0,0.0,0.0,0.0,1.22,0.0,10.95,0.0,0.0,20.68,82.35,12.16,70.0,1.22,100.0,7.3,100.0,19.46,81.25,1.22,100.0,20.9,33.72,0.0,1.22,0.0,0.0,0.0,0.0,1.22,2.43,100.0,0.0,0.0,0.0,0.0,0.0,0.0,3.65,100.0,0,,0,,0,0.0,0.0,0.0,,,1.22,,,0.0,0.0,0.0,0.0,0,0.0
Milo Barrington,Team 19,Team 19,"RW, RAMF",23,75000,2027-12-31,14,1086,2,2.63,0,0.89,14.5,43.43,Wales,Wales,right,178,70,yes,3.48,2.98,50.0,3.98,33.33,0.0,0.0,0.08,1.99,2.95,0.66,0,0.0,0,0.0,3.31,0.17,2,0.17,0.22,0,0.0,25,2.07,36.0,8.0,0.0,2.65,46.88,0.08,100.0,2.57,45.16,0.33,2.24,59.26,6.38,46.75,3.07,1.91,0.41,16.91,1.41,1.74,22.71,76.64,4.89,74.58,6.96,91.67,5.8,67.14,19.23,81.03,1.08,69.23,16.39,16.08,0.07,0.83,0.0,0.0,0.08,0.0,0.25,1.99,70.83,2.07,60.0,0.08,0.0,0.41,1.24,3.9,68.09,0,,0,,0,0.0,0.0,0.0,,,0.08,,,0.0,0.0,0.0,0.0,0,0.0
Christian Callow,Team 19,Team 19,LB,23,175000,2027-10-13,2,136,0,0.0,0,0.0,11.25,58.82,Portugal,Portugal,left,178,69,yes,8.6,5.96,66.67,1.32,100.0,0.66,1.25,0.0,3.97,7.5,0.66,0,0.0,0,0.0,1.32,0.0,0,0.0,0.0,0,0.0,0,0.0,0.0,0.0,0.0,3.31,40.0,3.31,40.0,0.0,0.0,0.0,0.0,0.0,1.32,0.0,0.0,0.0,0.0,37.72,0.0,0.0,45.66,76.81,21.18,62.5,1.99,100.0,19.19,86.21,35.07,92.45,7.28,18.18,21.7,39.98,0.0,0.0,0.0,0.0,0.0,0.0,0.0,6.62,50.0,3.97,33.33,0.0,0.0,0.66,1.32,9.93,80.0,0,,0,,0,0.0,0.0,0.0,,,0.0,,,0.0,0.0,0.0,0.0,0,0.0
Matthias Clairmont,Team 19,Team 19,"RCMF, LDMF, RDMF",27,125000,,14,1245,0,0.26,0,0.11,10.84,53.33,Serbia,Serbia,right,182,74,yes,8.02,4.7,60.0,4.05,51.79,0.22,0.32,0.51,4.99,7.42,1.01,1,0.07,0,0.0,0.14,0.0,0,0.0,0.02,0,0.0,8,0.58,0.0,0.0,0.0,0.0,0.0,0.0,0.0,0.0,0.0,0.0,0.14,100.0,0.87,58.33,0.29,0.36,0.0,21.25,0.14,0.14,35.57,84.35,12.0,69.88,3.76,98.08,13.37,89.19,33.04,88.4,2.53,31.43,18.44,34.97,0.01,0.07,0.0,0.07,0.07,0.0,0.07,5.42,68.0,0.51,0.0,0.22,0.0,0.07,0.0,5.2,63.89,0,,0,,0,0.0,0.0,0.0,,,0.51,,,0.0,0.0,0.0,0.0,0,0.0
Julian Hayward,Team 19,Team 19,"LDMF, RCMF, RDMF",24,150000,,12,1054,0,2.72,2,0.14,24.59,48.61,Sweden,Sweden,right,185,78,yes,8.97,7.51,55.68,9.05,55.66,1.28,1.97,0.6,3.5,5.37,2.65,3,0.26,0,0.0,0.68,0.0,0,0.0,0.23,0,0.0,23,1.96,17.39,0.0,0.17,0.85,30.0,0.68,37.5,0.09,0.0,0.0,0.77,11.11,5.38,31.75,3.24,0.34,0.0,23.23,0.68,1.71,32.36,82.32,8.97,66.67,5.81,88.24,11.7,91.24,28.61,86.87,2.9,52.94,18.3,35.32,0.01,0.43,0.0,0.0,0.0,0.0,0.26,4.95,72.41,0.94,54.55,0.34,50.0,0.85,0.26,4.35,60.78,0,,0,,0,0.0,0.0,0.0,,,0.17,,,0.09,0.0,0.0,0.0,0,0.0
Jonas Stratford,Team 19,Team 19,RB,25,125000,,9,516,0,0.18,1,0.33,13.26,50.0,Greece,Greece,right,176,72,yes,6.63,5.23,43.33,2.44,64.29,0.17,0.24,1.05,4.19,5.85,1.92,0,0.0,0,0.0,1.74,0.0,0,0.0,0.03,0,0.0,1,0.17,100.0,0.0,0.17,3.31,31.58,0.35,0.0,2.97,35.29,0.35,0.7,75.0,4.19,45.83,1.4,1.74,0.17,26.34,1.74,1.22,35.76,78.54,14.13,70.37,5.93,100.0,11.69,80.6,28.26,86.42,4.53,65.38,21.74,24.6,0.06,1.22,0.0,0.17,0.0,0.0,0.17,5.58,65.63,2.79,31.25,0.0,0.0,0.52,0.7,8.02,82.61,0,,0,,0,0.0,0.0,0.0,,,0.7,,,0.35,0.0,0.0,2.79,0,0.0
Leon Irvine,Team 19,Team 19,LCB,33,200000,,2,150,0,0.16,0,0.0,15.6,53.85,Colombia,"Colombia, Italy",left,191,91,yes,8.4,5.4,55.56,3.6,50.0,1.2,2.14,0.0,4.2,7.5,2.4,0,0.0,0,0.0,0.6,0.0,0,0.0,0.1,0,0.0,1,0.6,100.0,0.0,0.0,0.0,0.0,0.0,0.0,0.0,0.0,0.0,0.0,0.0,3.0,40.0,0.6,0.0,0.0,25.8,0.6,3.0,45.0,86.67,17.4,72.41,2.4,75.0,20.4,100.0,39.6,89.39,5.4,66.67,23.33,39.11,0.0,0.0,0.0,0.0,0.0,0.0,0.0,6.6,63.64,0.0,0.0,0.0,0.0,0.0,0.0,8.4,64.29,0,,0,,0,0.0,0.0,0.0,,,1.8,,,0.0,0.0,0.0,0.0,0,0.0
Oliver Hayward,Team 19,Team 19,RCB,31,175000,,1,98,1,0.12,0,0.0,8.27,66.67,Morocco,Morocco,right,188,85,yes,4.59,0.92,100.0,4.59,60.0,0.0,0.0,0.92,3.67,8.57,0.0,0,0.0,0,0.0,0.92,0.92,1,0.92,0.11,1,0.92,1,0.92,100.0,100.0,0.0,0.0,0.0,0.0,0.0,0.0,0.0,0.0,0.0,0.0,0.92,100.0,0.92,1.84,0.0,38.57,1.84,1.84,45.92,94.0,13.78,86.67,0.0,0.0,28.47,96.77,45.0,95.92,0.92,0.0,18.83,30.5,0.0,0.0,0.0,0.0,0.0,0.0,0.0,4.59,80.0,0.92,0.0,0.0,0.0,0.0,0.0,5.51,83.33,0,,0,,0,0.0,0.0,0.0,,,0.0,,,0.0,0.0,0.0,0.0,0,0.0
Dylan Norwood,Team 19,Team 19,LCB,32,150000,,13,1294,1,0.51,0,0.25,9.04,60.77,United States,"United States, Spain",right,183,68,yes,7.65,3.69,75.47,3.89,53.57,0.28,0.42,0.7,4.59,7.0,0.9,2,0.14,0,0.0,0.42,0.07,1,0.07,0.04,1,0.07,8,0.56,50.0,12.5,0.0,0.14,50.0,0.14,50.0,0.0,0.0,0.0,0.07,100.0,0.28,100.0,0.7,0.83,0.0,30.19,0.21,0.28,45.83,88.62,17.11,75.61,1.95,92.86,22.95,97.27,39.51,92.43,6.19,65.17,23.2,39.38,0.02,0.28,0.0,0.0,0.0,0.0,0.07,6.47,79.57,0.35,40.0,0.28,50.0,0.21,0.07,8.62,73.39,0,,0,,0,0.0,0.0,0.0,,,1.25,,,0.21,0.14,100.0,0.0,0,0.0
Theo Dunmore,Team 19,Team 19,CF,33,150000,,10,569,3,0.84,0,0.15,22.3,36.17,Sweden,Sweden,right,180,77,yes,2.53,4.27,29.63,10.12,40.63,0.32,0.55,0.0,0.95,1.65,3.01,2,0.32,0,0.0,1.27,0.47,3,0.47,0.13,3,0.47,4,0.63,75.0,75.0,0.0,0.32,50.0,0.0,0.0,0.32,50.0,0.0,0.79,80.0,4.43,39.29,2.53,0.16,0.0,4.9,1.11,1.74,7.28,63.04,1.58,30.0,1.74,90.91,1.42,66.67,6.8,62.79,0.16,100.0,11.43,3.23,0.02,0.32,0.0,0.0,0.0,0.0,0.32,0.47,66.67,0.63,25.0,0.16,100.0,0.32,0.16,1.11,57.14,0,,0,,0,0.0,0.0,0.0,,,0.0,,,0.0,0.0,0.0,0.0,0,0.0
Hugo Kingsley,Team 19,Team 19,"CF, LAMF, LW",30,175000,,14,963,0,1.06,0,1.08,18.6,32.66,Uruguay,"Uruguay, Portugal",right,177,77,yes,3.27,2.62,67.86,2.06,4.55,0.0,0.0,0.0,1.5,2.32,0.84,2,0.19,0,0.0,3.08,0.0,0,0.0,0.1,0,0.0,21,1.96,23.81,0.0,0.0,3.46,32.43,2.71,34.48,0.75,25.0,0.19,3.36,41.67,11.68,32.0,1.68,2.52,0.19,24.95,2.24,1.68,33.18,72.96,8.79,64.89,7.76,91.57,8.79,68.09,27.66,80.07,2.24,45.83,17.16,19.59,0.1,0.93,0.0,0.0,0.19,50.0,0.56,3.83,63.41,3.83,46.34,0.47,20.0,0.75,1.4,4.95,88.68,0,,0,,0,0.0,0.0,0.0,,,0.0,,,0.09,0.09,0.0,1.12,0,0.0
Leon Halloway,Team 19,Team 19,LCMF,28,150000,,1,42,0,0.0,0,0.0,,,Serbia,Serbia,left,180,71,yes,,,,,,,0.0,,,3.75,,0,,0,,,,0,,,0,,0,,,0.0,,,,,,,,,,,,,,,,,,,,,,,,,,,,,,,15.57,20.0,,,,,,,,,,,,,,,,,,0,,0,,0,0.0,0.0,,,,,,,,,,,0,0.0
Dara Prescott,Team 19,Team 19,"CF, AMF, LWB",27,150000,,5,154,0,0.27,0,0.25,18.7,28.13,Czech Republic,Czech Republic,right,174,70,yes,5.26,4.68,50.0,3.51,16.67,1.17,1.76,0.0,1.75,2.65,1.75,0,0.0,0,0.0,2.92,0.0,0,0.0,0.16,0,0.0,6,3.51,50.0,0.0,0.0,2.92,20.0,1.75,33.33,1.17,0.0,0.0,1.17,50.0,7.01,33.33,0.58,1.17,0.0,26.3,0.58,1.75,35.06,78.33,8.77,66.67,9.35,87.5,12.86,81.82,30.39,86.54,1.75,33.33,20.59,13.5,0.15,2.92,0.0,0.0,0.0,0.0,0.0,9.94,70.59,2.34,50.0,0.0,0.0,0.58,1.17,8.77,73.33,0,,0,,0,0.0,0.0,0.0,,,0.0,,,2.92,0.58,100.0,3.51,0,0.0
